customer_id,customer_name,email,city,state_or_region,country,signup_date,membership_tier,email_missing
TES-C4356,David Patel,,Shanghai,Cn,De,2022-08-25,Insider,True
TES-C10082,James Anderson,james.anderson842@example.com,Los Angeles,Ca,Us,2022-08-12,Referral Program,False
TES-C10444,Wei Smith,wei.smith692@example.com,Austin,Tx,Uk,2022-05-02,Standard,False
TES-C9616,Sara Anderson,sara.anderson543@example.com,Berlin,De,Ca,2022-10-02,Insider,False
TES-C5362,Ava Davis,ava.davis946@example.com,Austin,Tx,De,2024-04-30,Standard,False
TES-C9917,Maria Johnson,maria.johnson406@example.com,Austin,Tx,Ca,2025-10-11,Referral Program,False
TES-C7680,Zoe Wang,zoe.wang24@example.com,Austin,Tx,De,2022-02-09,Insider,False
TES-C4021,Vivaan Sharma,vivaan.sharma15@example.com,Los Angeles,Ca,Uk,2022-07-06,Referral Program,False
TES-C6342,YUKI YAMADA,yuki.yamada430@example.com,Los Angeles,Ca,Cn,2024-08-14,Unknown,False
TES-C1734,Anna Patel,anna.patel461@example.com,New York,Ny,Us,2023-03-13,Standard,False
TES-C5771,LI YAMADA,li.yamada643@example.com,Chicago,Il,Us,2025-09-24,Standard,False
TES-C5569,BEN SINGH,ben.singh417@example.com,New York,Ny,Jp,2023-02-09,Insider,False
TES-C1603,noah smith,noah.smith763@example.com,Chicago,Il,De,2022-07-17,Referral Program,False
TES-C8385,Olivia Sharma,olivia.sharma328@example.com,Miami,Fl,Cn,2023-11-09,Standard,False
TES-C3048,Vivaan Khan,vivaan.khan678@example.com,Miami,Fl,Ca,2024-03-06,Insider,False
TES-C2081,Wei Chen,wei.chen908@example.com,Berlin,De,Ca,2022-01-08,Standard,False
TES-C10405,mohammed chen,mohammed.chen735@example.com,Austin,Tx,Ca,2023-03-20,Standard,False
TES-C1368,Aditya Lee,aditya.lee899@example.com,Austin,Tx,Cn,2021-06-25,Standard,False
TES-C8051,AVA YAMADA,ava.yamada768@example.com,Miami,Fl,Us,2025-04-11,Standard,False
TES-C8440,ANNA ANDERSON,anna.anderson370@example.com,San Francisco,Ca,Uk,2021-03-28,Referral Program,False
TES-C10694,Aarav Yamada,aarav.yamada660@example.com,Berlin,De,Cn,2023-12-10,Standard,False
TES-C8814,Priya Singh,priya.singh869@example.com,New York,Ny,Ca,2023-11-18,Insider,False
TES-C4308,li garcia,li.garcia811@example.com,Austin,Tx,Ca,2023-11-20,Standard,False
TES-C4550,Noah Tanaka,,Los Angeles,Ca,Jp,2024-06-21,Insider,True
TES-C10782,Michael Martin,michael.martin871@example.com,Los Angeles,Ca,Uk,2022-01-11,Insider,False
TES-C8774,SOFIA KUMAR,sofia.kumar909@example.com,San Francisco,Ca,Ca,2025-08-06,Standard,False
TES-C3009, Aditya Lee ,aditya.lee780@example.com,Fremont,Ca,Jp,2023-06-02,Insider,False
TES-C7391,James Kim,james.kim973@example.com,San Francisco,Ca,Jp,2022-05-16,Insider,False
TES-C2068,emma brown,emma.brown468@example.com,Fremont,Ca,De,2022-02-12,Standard,False
TES-C1986,Anna Wilson,anna.wilson844@example.com,Austin,Tx,Us,2022-09-20,Standard,False
TES-C8861,Aarav Wilson,aarav.wilson143@example.com,Miami,Fl,Us,2025-04-16,Unknown,False
TES-C5943,Wei Johnson,,San Francisco,Ca,Ca,2023-06-30,Insider,True
TES-C10666,David Sharma,david.sharma862@example.com,Chicago,Il,Us,2022-10-17,Standard,False
TES-C1159,Ben Khan,ben.khan308@example.com,Fremont,Ca,Cn,2023-01-29,Insider,False
TES-C8464,Zoe Chen,zoe.chen518@example.com,Seattle,Wa,Ca,2022-04-12,Insider,False
TES-C1934,MICHAEL SUZUKI,michael.suzuki169@example.com,Chicago,Il,De,2021-02-13,Insider,False
TES-C9053, Aarav Lee ,aarav.lee709@example.com,Los Angeles,Ca,Ca,2023-01-13,Standard,False
TES-C9502,Ken Sharma,ken.sharma572@example.com,Miami,Fl,Ca,2022-08-04,Standard,False
TES-C4920,Mohammed Yamada,mohammed.yamada131@example.com,Los Angeles,Ca,Ca,2021-11-14,Referral Program,False
TES-C4265,Anna Khan,anna.khan835@example.com,Chicago,Il,Ca,2022-03-21,Referral Program,False
TES-C5298,Emma Rossi,emma.rossi219@example.com,Berlin,De,Uk,2022-08-10,Unknown,False
TES-C8066,Wei Sharma,wei.sharma737@example.com,Chicago,Il,Ca,2022-08-29,Insider,False
TES-C9549,Emma Brown,emma.brown344@example.com,Chicago,Il,Jp,2022-03-11,Standard,False
TES-C3285,Olivia Davis,olivia.davis412@example.com,Fremont,Ca,Ca,2022-12-20,Referral Program,False
TES-C5481,Rahul Müller,rahul.müller650@example.com,Shanghai,Cn,Jp,2022-12-25,Standard,False
TES-C6121,Aditya Lee,aditya.lee734@example.com,Los Angeles,Ca,Us,2025-02-17,Insider,False
TES-C5001,James Lee,james.lee299@example.com,Austin,Tx,Ca,2025-05-01,Referral Program,False
TES-C8957,David Müller,david.müller756@example.com,Seattle,Wa,Jp,2024-10-03,Standard,False
TES-C3074,Aarav Singh,aarav.singh374@example.com,New York,Ny,Jp,2022-07-16,Referral Program,False
TES-C2792,michael smith,michael.smith317@example.com,Los Angeles,Ca,De,2022-12-05,Standard,False
TES-C7505,James Rossi,james.rossi434@example.com,Berlin,De,Uk,2025-03-28,Referral Program,False
TES-C7115,Aditya Martin,aditya.martin955@example.com,Los Angeles,Ca,Uk,2022-06-12,Insider,False
TES-C3050,Anna Chen,anna.chen305@example.com,New York,Ny,Jp,2023-09-22,Standard,False
TES-C3298,Carlos Wilson,carlos.wilson108@example.com,New York,Ny,Jp,2025-06-10,Standard,False
TES-C5854,David Johnson,david.johnson883@example.com,Miami,Fl,Uk,2025-03-10,Standard,False
TES-C10866,Li Patel,li.patel332@example.com,Berlin,De,Jp,2022-12-21,Referral Program,False
TES-C5668,sara wang,sara.wang269@example.com,Berlin,De,De,2025-11-03,Insider,False
TES-C5242, Carlos Davis ,carlos.davis124@example.com,Miami,Fl,Uk,2022-06-03,Referral Program,False
TES-C5498,olivia suzuki,olivia.suzuki273@example.com,Fremont,Ca,Jp,2022-01-15,Referral Program,False
TES-C5316,Carlos Kim,carlos.kim830@example.com,San Francisco,Ca,Uk,2022-10-16,Unknown,False
TES-C4609,Vivaan Rossi,vivaan.rossi868@example.com,Fremont,Ca,Uk,2024-09-08,Insider,False
TES-C9971,Emma Johnson,,Berlin,De,Cn,2024-02-10,Standard,True
TES-C9725,Vivaan Sharma,vivaan.sharma645@example.com,New York,Ny,Cn,2022-10-06,Standard,False
TES-C6277,Maria Martin,maria.martin100@example.com,New York,Ny,Jp,2021-02-12,Standard,False
TES-C5346,Vivaan Kumar,vivaan.kumar674@example.com,Seattle,Wa,Ca,2022-01-29,Insider,False
TES-C7351,Michael Yamada,michael.yamada991@example.com,Berlin,De,De,2021-11-12,Standard,False
TES-C5334,Maria Patel,,Seattle,Wa,Jp,2025-11-04,Referral Program,True
TES-C8489,Vivaan Chen,vivaan.chen923@example.com,Berlin,De,De,2024-06-03,Standard,False
TES-C5582,Ben Smith,ben.smith542@example.com,San Francisco,Ca,De,2025-12-14,Referral Program,False
TES-C5716,Ava Müller,ava.müller673@example.com,Austin,Tx,Uk,2024-04-19,Insider,False
TES-C8533,Aarav Lee,aarav.lee325@example.com,Berlin,De,Cn,2024-07-30,Unknown,False
TES-C8072,SARA SINGH,sara.singh133@example.com,Chicago,Il,Jp,2025-11-04,Standard,False
TES-C8737,Vivaan Müller,vivaan.müller446@example.com,Seattle,Wa,Us,2022-05-26,Insider,False
TES-C2593,Noah Tanaka,noah.tanaka127@example.com,San Francisco,Ca,Cn,2025-03-13,Standard,False
TES-C5851,Zoe Kim,zoe.kim408@example.com,New York,Ny,Uk,2024-07-02,Insider,False
TES-C3585,Wei Wang,wei.wang233@example.com,Shanghai,Cn,Us,2025-06-08,Insider,False
TES-C1664,Yuki Davis,yuki.davis105@example.com,Seattle,Wa,Cn,2022-05-25,Standard,False
TES-C5786,Aditya Wang,aditya.wang265@example.com,New York,Ny,Ca,2022-06-17,Referral Program,False
TES-C9466,Liam Wilson,liam.wilson216@example.com,Berlin,De,Uk,2025-08-02,Referral Program,False
TES-C6314,Ken Davis,ken.davis534@example.com,Shanghai,Cn,Jp,2025-11-25,Unknown,False
TES-C2222, Zoe Müller ,zoe.müller898@example.com,Shanghai,Cn,Us,2024-05-27,Unknown,False
TES-C8958,Sara Suzuki,sara.suzuki428@example.com,Fremont,Ca,Ca,2022-08-05,Referral Program,False
TES-C9052,Vivaan Khan,,Berlin,De,Jp,2025-12-11,Insider,True
TES-C10217,Carlos Martin,carlos.martin68@example.com,Shanghai,Cn,Jp,2022-06-14,Referral Program,False
TES-C4590,Sofia Brown,sofia.brown576@example.com,Berlin,De,Jp,2024-04-22,Referral Program,False
TES-C3514,Ava Khan,,Fremont,Ca,Ca,2023-07-24,Referral Program,True
TES-C10318,Vivaan Patel,vivaan.patel510@example.com,Los Angeles,Ca,Jp,2023-08-23,Unknown,False
TES-C3929,Sofia Khan,sofia.khan323@example.com,Austin,Tx,De,2025-08-15,Referral Program,False
TES-C1183,Sofia Davis,sofia.davis476@example.com,Miami,Fl,Cn,2021-09-09,Standard,False
TES-C8693, Emma Rossi ,,Miami,Fl,Ca,2024-11-10,Standard,True
TES-C3138,sofia patel,sofia.patel644@example.com,Chicago,Il,Cn,2024-09-17,Referral Program,False
TES-C8229,Wei Chen,wei.chen42@example.com,Shanghai,Cn,Ca,2021-08-03,Insider,False
TES-C10149,ZOE WILSON,zoe.wilson257@example.com,Miami,Fl,Jp,2024-11-10,Referral Program,False
TES-C3102,Aditya Wang,aditya.wang9@example.com,Los Angeles,Ca,De,2024-09-06,Unknown,False
TES-C4849,Noah Yamada,noah.yamada326@example.com,Austin,Tx,Us,2025-06-22,Standard,False
TES-C10253,rahul singh,rahul.singh303@example.com,Chicago,Il,Jp,2023-04-15,Standard,False
TES-C4031,Emma Wilson,emma.wilson667@example.com,New York,Ny,Uk,2024-02-28,Standard,False
TES-C10650, David Lee ,david.lee620@example.com,Fremont,Ca,Jp,2022-02-10,Referral Program,False
TES-C4000,Olivia Khan,olivia.khan472@example.com,Shanghai,Cn,Us,2024-10-30,Standard,False
TES-C1482,Noah Wang,noah.wang686@example.com,Shanghai,Cn,Ca,2025-05-25,Referral Program,False
TES-C2230,Zoe Martin,zoe.martin576@example.com,Los Angeles,Ca,Us,2023-03-04,Insider,False
TES-C3556,Maria Davis,maria.davis893@example.com,Austin,Tx,Jp,2023-08-08,Insider,False
TES-C5116,Sofia Khan,,San Francisco,Ca,Ca,2023-12-05,Insider,True
TES-C6990,Rahul Kim,,San Francisco,Ca,Cn,2021-07-28,Insider,True
TES-C6362,Emma Tanaka,,Shanghai,Cn,De,2022-02-05,Referral Program,True
TES-C3252,Aarav Kim,aarav.kim908@example.com,San Francisco,Ca,Uk,2025-04-05,Standard,False
TES-C4779,Ken Anderson,ken.anderson373@example.com,Chicago,Il,Jp,2024-08-26,Insider,False
TES-C5017,Anna Wang,anna.wang994@example.com,San Francisco,Ca,Cn,2025-06-04,Referral Program,False
TES-C6869,Maria Singh,maria.singh977@example.com,Seattle,Wa,Us,2021-10-16,Referral Program,False
TES-C8196,Sara Martin,sara.martin424@example.com,New York,Ny,Us,2022-06-14,Referral Program,False
TES-C4829,James Wang,james.wang376@example.com,Austin,Tx,Jp,2022-03-08,Insider,False
TES-C1650,Liam Tanaka,liam.tanaka851@example.com,Los Angeles,Ca,Cn,2024-06-24,Standard,False
TES-C3733,Maria Rossi,maria.rossi671@example.com,San Francisco,Ca,Uk,2024-02-10,Standard,False
TES-C3761,Fatima Rossi,fatima.rossi252@example.com,Miami,Fl,Us,2023-04-17,Standard,False
TES-C2582,Zoe Kumar,zoe.kumar176@example.com,Berlin,De,Jp,2025-11-12,Unknown,False
TES-C2655,Carlos Rossi,carlos.rossi816@example.com,New York,Ny,Jp,2024-08-31,Referral Program,False
TES-C1822,Aditya Yamada,,Chicago,Il,Jp,2023-03-18,Insider,True
TES-C5940,Chen Brown,chen.brown309@example.com,Austin,Tx,De,2021-10-06,Referral Program,False
TES-C10350,Emma Garcia,emma.garcia305@example.com,Austin,Tx,Jp,2022-02-06,Standard,False
TES-C3198,James Lee,james.lee701@example.com,Berlin,De,Ca,2024-06-23,Standard,False
TES-C5868,Vivaan Tanaka,vivaan.tanaka464@example.com,Seattle,Wa,De,2023-12-13,Referral Program,False
TES-C3269, Zoe Kumar ,,Berlin,De,Uk,2025-11-21,Insider,True
TES-C7441,Ken Smith,ken.smith750@example.com,San Francisco,Ca,De,2024-11-20,Referral Program,False
TES-C3650,Vivaan Tanaka,,Chicago,Il,Cn,2023-12-22,Referral Program,True
TES-C6160,Noah Yamada,,New York,Ny,Ca,2021-09-21,Standard,True
TES-C8540,Carlos Kumar,carlos.kumar800@example.com,Seattle,Wa,Ca,2025-12-15,Insider,False
TES-C9862, Chen Smith ,chen.smith845@example.com,Fremont,Ca,Uk,2025-03-25,Referral Program,False
TES-C4811,RAHUL ROSSI,rahul.rossi776@example.com,Los Angeles,Ca,Cn,2021-08-24,Insider,False
TES-C3971,Carlos Singh,carlos.singh964@example.com,Berlin,De,Jp,2022-10-06,Referral Program,False
TES-C9251, Ben Martin ,ben.martin481@example.com,Miami,Fl,Ca,2025-06-29,Referral Program,False
TES-C10047,Liam Tanaka,liam.tanaka322@example.com,Seattle,Wa,Cn,2025-03-11,Standard,False
TES-C7605,Anna Kim,anna.kim735@example.com,Austin,Tx,De,2021-09-04,Standard,False
TES-C1843,Ken Wang,ken.wang246@example.com,Chicago,Il,De,2025-11-28,Standard,False
TES-C6543,ava kim,ava.kim954@example.com,Fremont,Ca,Uk,2022-12-06,Referral Program,False
TES-C5589,Fatima Kim,fatima.kim147@example.com,Seattle,Wa,Cn,2025-02-12,Insider,False
TES-C3372,Liam Singh,liam.singh318@example.com,Seattle,Wa,Cn,2022-01-26,Referral Program,False
TES-C9861,James Tanaka,james.tanaka782@example.com,Chicago,Il,De,2022-07-28,Standard,False
TES-C4832,Maria Rossi,maria.rossi383@example.com,Berlin,De,De,2023-07-15,Insider,False
TES-C8009,Aarav Sharma,aarav.sharma17@example.com,Los Angeles,Ca,De,2025-04-20,Referral Program,False
TES-C4717,vivaan singh,vivaan.singh817@example.com,Miami,Fl,Us,2022-11-09,Standard,False
TES-C10372,Ben Suzuki,ben.suzuki717@example.com,Los Angeles,Ca,Uk,2021-09-01,Insider,False
TES-C9320,Carlos Singh,carlos.singh371@example.com,Seattle,Wa,Cn,2021-03-22,Referral Program,False
TES-C1433,Ben Garcia,ben.garcia938@example.com,Miami,Fl,Uk,2022-06-06,Standard,False
TES-C4765,SOFIA TANAKA,sofia.tanaka648@example.com,Chicago,Il,Us,2022-03-04,Insider,False
TES-C3396,Olivia Patel,olivia.patel151@example.com,New York,Ny,Us,2022-04-28,Referral Program,False
TES-C4101,Wei Smith,wei.smith107@example.com,Berlin,De,De,2024-07-16,Insider,False
TES-C1576,Sofia Singh,sofia.singh993@example.com,Chicago,Il,Ca,2024-08-03,Insider,False
TES-C8604,David Anderson,david.anderson830@example.com,Los Angeles,Ca,Jp,2024-02-28,Insider,False
TES-C3319,James Sharma,james.sharma953@example.com,New York,Ny,Uk,2021-10-13,Referral Program,False
TES-C5273,Michael Müller,michael.müller628@example.com,Miami,Fl,Us,2023-04-18,Referral Program,False
TES-C10332,OLIVIA KIM,olivia.kim606@example.com,Fremont,Ca,Ca,2024-07-05,Referral Program,False
TES-C3974,Wei Kim,wei.kim191@example.com,Austin,Tx,Cn,2021-11-22,Insider,False
TES-C5417,Sofia Johnson,sofia.johnson483@example.com,Fremont,Ca,Us,2021-09-22,Insider,False
TES-C6189,Aditya Lee,aditya.lee309@example.com,Shanghai,Cn,Us,2021-11-15,Standard,False
TES-C7661,Vivaan Lee,vivaan.lee859@example.com,Los Angeles,Ca,Uk,2022-05-29,Unknown,False
TES-C5092,WEI CHEN,wei.chen200@example.com,Chicago,Il,Us,2025-04-03,Insider,False
TES-C8896,Emma Khan,emma.khan912@example.com,Miami,Fl,De,2024-05-16,Standard,False
TES-C5203,DAVID SMITH,,Austin,Tx,Ca,2024-07-06,Insider,True
TES-C5049,rahul wang,rahul.wang476@example.com,Shanghai,Cn,Ca,2021-06-20,Standard,False
TES-C10967,Anna Suzuki,anna.suzuki126@example.com,Chicago,Il,Cn,2021-12-12,Referral Program,False
TES-C4525,RAHUL MARTIN,rahul.martin402@example.com,Seattle,Wa,Jp,2025-09-02,Insider,False
TES-C10789,Maria Rossi,maria.rossi710@example.com,Miami,Fl,De,2021-09-02,Referral Program,False
TES-C8278,Anna Rossi,anna.rossi689@example.com,Miami,Fl,Uk,2024-09-14,Referral Program,False
TES-C4165,Aarav Davis,aarav.davis791@example.com,Austin,Tx,Jp,2025-07-30,Insider,False
TES-C3914,Priya Garcia,priya.garcia895@example.com,Austin,Tx,Jp,2023-04-09,Insider,False
TES-C2249,VIVAAN KUMAR,vivaan.kumar911@example.com,Seattle,Wa,Us,2025-07-20,Referral Program,False
TES-C8320, Ken Suzuki ,ken.suzuki269@example.com,Shanghai,Cn,Cn,2021-05-23,Referral Program,False
TES-C6187,MOHAMMED SMITH,mohammed.smith8@example.com,Berlin,De,De,2025-08-08,Referral Program,False
TES-C1538,OLIVIA SINGH,olivia.singh590@example.com,Austin,Tx,Uk,2025-02-02,Referral Program,False
TES-C3662,zoe sharma,zoe.sharma420@example.com,Shanghai,Cn,Cn,2025-09-29,Standard,False
TES-C5849,vivaan khan,vivaan.khan766@example.com,Miami,Fl,Jp,2024-12-08,Referral Program,False
TES-C8247,james yamada,james.yamada92@example.com,Chicago,Il,Us,2021-08-21,Referral Program,False
TES-C6299,Li Sharma,li.sharma722@example.com,Fremont,Ca,Cn,2024-05-02,Unknown,False
TES-C2122,Wei Smith,wei.smith963@example.com,Miami,Fl,De,2025-05-05,Insider,False
TES-C2323,Vivaan Anderson,vivaan.anderson493@example.com,San Francisco,Ca,Us,2021-02-23,Standard,False
TES-C2464,David Tanaka,david.tanaka359@example.com,San Francisco,Ca,De,2023-01-18,Standard,False
TES-C5764,John Patel,john.patel992@example.com,Miami,Fl,De,2022-05-01,Referral Program,False
TES-C10387,Sara Rossi,sara.rossi598@example.com,Austin,Tx,Us,2024-07-14,Standard,False
TES-C3159,Sofia Singh,sofia.singh777@example.com,Seattle,Wa,Cn,2024-09-09,Referral Program,False
TES-C1068,Maria Kim,maria.kim647@example.com,San Francisco,Ca,Uk,2025-11-14,Standard,False
TES-C3455, Sara Smith ,sara.smith21@example.com,Los Angeles,Ca,Uk,2024-05-15,Referral Program,False
TES-C9803,Aarav Wilson,aarav.wilson8@example.com,San Francisco,Ca,Ca,2022-10-12,Unknown,False
TES-C7640,Maria Lee,maria.lee737@example.com,Austin,Tx,De,2025-08-03,Referral Program,False
TES-C9418,David Martin,david.martin393@example.com,Los Angeles,Ca,Cn,2024-10-26,Standard,False
TES-C4962,emma wang,emma.wang312@example.com,Los Angeles,Ca,De,2024-11-01,Insider,False
TES-C6431,RAHUL BROWN,rahul.brown466@example.com,Berlin,De,Cn,2022-12-29,Referral Program,False
TES-C9812,James Singh,james.singh875@example.com,Berlin,De,De,2023-01-21,Referral Program,False
TES-C4448,Rahul Wilson,rahul.wilson644@example.com,Miami,Fl,Jp,2024-05-20,Insider,False
TES-C1341,Fatima Tanaka,fatima.tanaka110@example.com,Miami,Fl,De,2022-06-12,Insider,False
TES-C6441,David Müller,david.müller477@example.com,Austin,Tx,Cn,2023-10-29,Standard,False
TES-C5207,Aditya Sharma,aditya.sharma30@example.com,San Francisco,Ca,Ca,2022-05-09,Insider,False
TES-C7566,Noah Anderson,noah.anderson832@example.com,Shanghai,Cn,Cn,2024-06-16,Insider,False
TES-C2622,OLIVIA YAMADA,olivia.yamada108@example.com,Shanghai,Cn,Uk,2023-03-31,Standard,False
TES-C7903,Maria Khan,maria.khan364@example.com,Berlin,De,Jp,2023-12-08,Insider,False
TES-C4852,Priya Wilson,priya.wilson115@example.com,Berlin,De,Ca,2025-02-17,Insider,False
TES-C10972, Maria Johnson ,maria.johnson645@example.com,New York,Ny,Uk,2022-01-28,Referral Program,False
TES-C2365,Noah Suzuki,noah.suzuki580@example.com,Miami,Fl,Jp,2021-03-10,Insider,False
TES-C7725,Liam Yamada,liam.yamada329@example.com,Berlin,De,Us,2024-07-02,Standard,False
TES-C3905,Priya Lee,priya.lee527@example.com,Seattle,Wa,Uk,2025-06-01,Standard,False
TES-C3608,Wei Kumar,wei.kumar906@example.com,Fremont,Ca,Uk,2025-07-10,Standard,False
TES-C7848,mohammed lee,mohammed.lee779@example.com,Shanghai,Cn,De,2025-06-13,Insider,False
TES-C5149, Rahul Wilson ,rahul.wilson964@example.com,Fremont,Ca,Uk,2025-01-26,Insider,False
TES-C6123,Vivaan Rossi,vivaan.rossi92@example.com,Berlin,De,Cn,2025-06-04,Insider,False
TES-C5027,Sofia Khan,sofia.khan794@example.com,Shanghai,Cn,Uk,2023-02-12,Referral Program,False
TES-C3507,Zoe Brown,zoe.brown787@example.com,Fremont,Ca,Uk,2021-04-05,Referral Program,False
TES-C8279,Liam Singh,,Los Angeles,Ca,Ca,2025-09-20,Insider,True
TES-C8563,John Müller,john.müller14@example.com,Seattle,Wa,Uk,2025-05-05,Insider,False
TES-C3546,JOHN BROWN,john.brown709@example.com,Seattle,Wa,Ca,2021-02-16,Referral Program,False
TES-C4878,Mohammed Tanaka,mohammed.tanaka640@example.com,Los Angeles,Ca,Ca,2021-05-19,Standard,False
TES-C5656,Ken Garcia,ken.garcia553@example.com,New York,Ny,Us,2021-04-02,Standard,False
TES-C4989,maria sharma,maria.sharma439@example.com,Miami,Fl,De,2022-03-14,Standard,False
TES-C5368,Ben Patel,,Fremont,Ca,De,2023-11-17,Standard,True
TES-C1677, Aarav Rossi ,aarav.rossi69@example.com,Los Angeles,Ca,De,2024-05-11,Standard,False
TES-C1483,Sofia Patel,sofia.patel898@example.com,Los Angeles,Ca,De,2025-08-13,Insider,False
TES-C1812,ZOE KIM,zoe.kim825@example.com,Austin,Tx,Cn,2025-10-26,Insider,False
TES-C1335,Yuki Wang,yuki.wang820@example.com,San Francisco,Ca,Ca,2022-12-18,Referral Program,False
TES-C6920,Li Suzuki,li.suzuki117@example.com,Seattle,Wa,Cn,2021-06-01,Insider,False
TES-C8937, Olivia Chen ,olivia.chen868@example.com,San Francisco,Ca,Cn,2025-10-30,Standard,False
TES-C3869,Ken Patel,ken.patel661@example.com,Chicago,Il,Jp,2021-02-26,Standard,False
TES-C5398,Ava Kim,ava.kim828@example.com,Shanghai,Cn,Uk,2022-11-16,Insider,False
TES-C9250, Michael Brown ,michael.brown786@example.com,San Francisco,Ca,Ca,2025-04-20,Insider,False
TES-C3032,vivaan khan,vivaan.khan884@example.com,Austin,Tx,Us,2021-07-01,Standard,False
TES-C1695,Priya Garcia,priya.garcia773@example.com,Berlin,De,Cn,2021-08-21,Standard,False
TES-C8321,Chen Chen,chen.chen972@example.com,New York,Ny,Uk,2024-07-16,Insider,False
TES-C4206,Vivaan Rossi,vivaan.rossi570@example.com,New York,Ny,Us,2023-10-16,Standard,False
TES-C5908,Li Sharma,li.sharma907@example.com,Fremont,Ca,Us,2023-08-11,Standard,False
TES-C9218,Chen Kumar,chen.kumar925@example.com,Berlin,De,Cn,2023-06-05,Insider,False
TES-C1204,james suzuki,james.suzuki772@example.com,Miami,Fl,Cn,2021-12-07,Standard,False
TES-C4780,Anna Johnson,,Austin,Tx,Uk,2025-03-15,Referral Program,True
TES-C7938,michael suzuki,michael.suzuki703@example.com,Austin,Tx,Ca,2021-09-13,Referral Program,False
TES-C3385,Vivaan Wang,vivaan.wang397@example.com,Berlin,De,Uk,2023-08-24,Standard,False
TES-C5278,Li Wang,li.wang446@example.com,Fremont,Ca,Uk,2021-08-07,Referral Program,False
TES-C10489,Maria Brown,maria.brown86@example.com,Seattle,Wa,De,2023-06-24,Referral Program,False
TES-C8995,MARIA MARTIN,maria.martin901@example.com,Austin,Tx,Uk,2024-09-05,Referral Program,False
TES-C6837,Noah Kumar,noah.kumar698@example.com,Seattle,Wa,De,2021-01-30,Insider,False
TES-C4616,Aarav Suzuki,aarav.suzuki28@example.com,Fremont,Ca,Cn,2025-10-08,Standard,False
TES-C9545,OLIVIA TANAKA,olivia.tanaka614@example.com,Los Angeles,Ca,De,2023-07-27,Insider,False
TES-C3657,Emma Yamada,emma.yamada654@example.com,Los Angeles,Ca,Us,2021-03-10,Referral Program,False
TES-C3139,Emma Müller,,Miami,Fl,Us,2022-11-03,Referral Program,True
TES-C4299,Zoe Rossi,zoe.rossi694@example.com,Berlin,De,Cn,2021-08-14,Standard,False
TES-C1510,Ava Rossi,ava.rossi357@example.com,Berlin,De,Ca,2022-09-28,Standard,False
TES-C1484,Maria Martin,,Berlin,De,Us,2024-08-07,Referral Program,True
TES-C2132,Yuki Patel,yuki.patel521@example.com,Los Angeles,Ca,Cn,2025-04-24,Standard,False
TES-C10258,Maria Wilson,maria.wilson720@example.com,Miami,Fl,De,2025-08-14,Insider,False
TES-C8249,ben wilson,ben.wilson923@example.com,New York,Ny,De,2023-10-17,Referral Program,False
TES-C2304,Li Kim,li.kim381@example.com,San Francisco,Ca,Ca,2025-05-25,Standard,False
TES-C1364, Vivaan Tanaka ,vivaan.tanaka641@example.com,Seattle,Wa,Ca,2022-11-03,Standard,False
TES-C8007,Noah Sharma,noah.sharma420@example.com,Chicago,Il,Jp,2021-01-13,Standard,False
TES-C8689,Aditya Wilson,aditya.wilson798@example.com,San Francisco,Ca,Ca,2025-11-22,Standard,False
TES-C2460,Priya Yamada,,Miami,Fl,Ca,2024-09-23,Standard,True
TES-C9922,Maria Smith,,Los Angeles,Ca,Uk,2021-05-19,Referral Program,True
TES-C1520,Carlos Tanaka,carlos.tanaka978@example.com,Fremont,Ca,Ca,2021-03-23,Referral Program,False
TES-C3049,david chen,david.chen785@example.com,Berlin,De,Ca,2025-01-10,Insider,False
TES-C6761,li martin,li.martin428@example.com,New York,Ny,De,2024-08-29,Referral Program,False
TES-C2657,Yuki Anderson,yuki.anderson525@example.com,Berlin,De,Ca,2025-03-29,Referral Program,False
TES-C7157,david müller,david.müller587@example.com,Seattle,Wa,Uk,2023-05-30,Insider,False
TES-C9194,Zoe Khan,zoe.khan80@example.com,Chicago,Il,De,2022-09-25,Referral Program,False
TES-C8703,Vivaan Smith,vivaan.smith911@example.com,Fremont,Ca,De,2022-06-01,Referral Program,False
TES-C5901,Olivia Chen,olivia.chen466@example.com,Miami,Fl,Us,2025-08-07,Referral Program,False
TES-C3805,Fatima Davis,fatima.davis696@example.com,Shanghai,Cn,Us,2021-02-14,Insider,False
TES-C3814,Mohammed Davis,mohammed.davis745@example.com,Chicago,Il,Us,2025-01-11,Insider,False
TES-C2184,Yuki Davis,yuki.davis101@example.com,Berlin,De,De,2021-07-22,Referral Program,False
TES-C6084, David Smith ,david.smith183@example.com,Shanghai,Cn,Uk,2022-01-15,Referral Program,False
TES-C2484,Carlos Johnson,carlos.johnson1@example.com,Chicago,Il,Jp,2024-08-04,Referral Program,False
TES-C1784,Sofia Müller,sofia.müller555@example.com,Chicago,Il,Us,2022-03-22,Referral Program,False
TES-C9372,Anna Anderson,anna.anderson447@example.com,Shanghai,Cn,Cn,2022-11-10,Standard,False
TES-C2648,Emma Tanaka,emma.tanaka888@example.com,Chicago,Il,Cn,2021-02-10,Insider,False
TES-C8118,Aditya Singh,aditya.singh711@example.com,Chicago,Il,Ca,2023-10-23,Referral Program,False
TES-C8179,Olivia Martin,olivia.martin747@example.com,New York,Ny,Cn,2022-09-04,Insider,False
TES-C5739,Aarav Brown,aarav.brown541@example.com,San Francisco,Ca,Uk,2021-04-02,Standard,False
TES-C3961,Anna Rossi,anna.rossi615@example.com,Berlin,De,Cn,2025-01-01,Referral Program,False
TES-C2631,Michael Yamada,michael.yamada920@example.com,Miami,Fl,Jp,2023-12-07,Insider,False
TES-C7426, Wei Yamada ,wei.yamada53@example.com,Seattle,Wa,Jp,2021-10-30,Insider,False
TES-C8817, Mohammed Singh ,mohammed.singh456@example.com,Shanghai,Cn,De,2021-01-19,Referral Program,False
TES-C10864,Mohammed Chen,mohammed.chen245@example.com,New York,Ny,Cn,2025-07-10,Standard,False
TES-C1608,PRIYA SMITH,priya.smith443@example.com,Seattle,Wa,Jp,2021-09-28,Referral Program,False
TES-C7217,Noah Lee,noah.lee244@example.com,Berlin,De,Uk,2025-07-15,Insider,False
TES-C6273,Priya Yamada,priya.yamada889@example.com,Austin,Tx,Cn,2025-06-30,Standard,False
TES-C1598,chen wang,chen.wang330@example.com,Seattle,Wa,Cn,2025-02-23,Referral Program,False
TES-C8863,Ken Wilson,ken.wilson434@example.com,San Francisco,Ca,Uk,2021-07-06,Referral Program,False
TES-C9559,Mohammed Suzuki,,New York,Ny,Cn,2023-05-01,Insider,True
TES-C6437,James Kim,james.kim501@example.com,Berlin,De,Cn,2022-03-03,Standard,False
TES-C10054,Emma Davis,emma.davis854@example.com,Fremont,Ca,Jp,2022-04-25,Insider,False
TES-C4072,Ben Tanaka,ben.tanaka294@example.com,Los Angeles,Ca,Jp,2021-09-11,Insider,False
TES-C3444,Michael Anderson,michael.anderson188@example.com,Seattle,Wa,Uk,2024-11-24,Insider,False
TES-C9106,Ken Kumar,ken.kumar920@example.com,Berlin,De,Uk,2024-10-03,Standard,False
TES-C1512,Liam Rossi,,Austin,Tx,De,2023-08-18,Insider,True
TES-C9102,Anna Kumar,anna.kumar782@example.com,Chicago,Il,De,2021-09-05,Insider,False
TES-C9553,Liam Anderson,liam.anderson801@example.com,Austin,Tx,Cn,2024-05-26,Referral Program,False
TES-C8255,Ken Lee,ken.lee969@example.com,Fremont,Ca,Uk,2023-06-05,Standard,False
TES-C5356, Sara Johnson ,sara.johnson293@example.com,Los Angeles,Ca,Jp,2024-07-02,Insider,False
TES-C4110,Priya Kumar,priya.kumar706@example.com,Austin,Tx,Cn,2022-05-24,Referral Program,False
TES-C9990,Maria Lee,maria.lee565@example.com,Chicago,Il,Jp,2024-03-22,Insider,False
TES-C10044,carlos wang,carlos.wang477@example.com,Shanghai,Cn,Us,2022-04-25,Referral Program,False
TES-C6931,carlos patel,carlos.patel553@example.com,Miami,Fl,Uk,2024-04-23,Standard,False
TES-C5402,Wei Smith,wei.smith583@example.com,San Francisco,Ca,De,2023-02-20,Referral Program,False
TES-C1759,JAMES DAVIS,james.davis340@example.com,New York,Ny,Uk,2024-08-12,Insider,False
TES-C1186,Rahul Patel,rahul.patel996@example.com,Chicago,Il,Ca,2025-10-23,Referral Program,False
TES-C4532, Vivaan Wang ,vivaan.wang700@example.com,Fremont,Ca,Us,2021-09-15,Unknown,False
TES-C6021,Sofia Müller,sofia.müller104@example.com,Berlin,De,Ca,2025-08-10,Referral Program,False
TES-C7687,Sofia Wilson,sofia.wilson81@example.com,San Francisco,Ca,Ca,2022-06-18,Insider,False
TES-C6256,Sofia Wang,sofia.wang958@example.com,San Francisco,Ca,Jp,2024-06-13,Insider,False
TES-C9238,Olivia Johnson,olivia.johnson421@example.com,Fremont,Ca,Us,2024-01-12,Standard,False
TES-C3970,James Johnson,james.johnson113@example.com,Fremont,Ca,Us,2024-11-25,Referral Program,False
TES-C9955,Noah Lee,noah.lee786@example.com,Los Angeles,Ca,Uk,2021-09-29,Insider,False
TES-C6815,Wei Lee,wei.lee255@example.com,San Francisco,Ca,Jp,2024-04-09,Referral Program,False
TES-C8328, Sofia Kumar ,sofia.kumar976@example.com,San Francisco,Ca,De,2025-08-05,Referral Program,False
TES-C4366,Vivaan Sharma,vivaan.sharma46@example.com,San Francisco,Ca,Us,2021-04-19,Standard,False
TES-C10903,Vivaan Chen,,San Francisco,Ca,Us,2025-02-17,Standard,True
TES-C7699,Rahul Suzuki,rahul.suzuki39@example.com,Miami,Fl,De,2023-01-20,Standard,False
TES-C9367,Vivaan Brown,vivaan.brown481@example.com,Austin,Tx,De,2024-08-17,Insider,False
TES-C7226,DAVID PATEL,david.patel716@example.com,Austin,Tx,Ca,2023-08-27,Referral Program,False
TES-C9161,Chen Martin,chen.martin60@example.com,Fremont,Ca,Jp,2021-01-02,Insider,False
TES-C10385,Vivaan Brown,vivaan.brown443@example.com,Shanghai,Cn,Us,2022-10-11,Referral Program,False
TES-C5061,ANNA KHAN,anna.khan290@example.com,Chicago,Il,De,2024-10-23,Referral Program,False
TES-C1078,DAVID LEE,david.lee801@example.com,Chicago,Il,Ca,2021-01-05,Insider,False
TES-C8573,emma wang,emma.wang552@example.com,Miami,Fl,De,2025-01-18,Unknown,False
TES-C6630,FATIMA LEE,fatima.lee217@example.com,Miami,Fl,De,2024-10-21,Referral Program,False
TES-C3765,Maria Suzuki,maria.suzuki867@example.com,Miami,Fl,Us,2023-04-05,Standard,False
TES-C5960,Wei Yamada,wei.yamada328@example.com,Miami,Fl,Cn,2022-12-05,Insider,False
TES-C7367,zoe yamada,zoe.yamada26@example.com,Shanghai,Cn,Us,2025-08-05,Standard,False
TES-C7739,Aditya Müller,aditya.müller117@example.com,Los Angeles,Ca,Uk,2025-12-19,Referral Program,False
TES-C3941,Sofia Rossi,sofia.rossi166@example.com,Fremont,Ca,Us,2022-03-21,Insider,False
TES-C7596,Anna Rossi,anna.rossi418@example.com,San Francisco,Ca,Jp,2024-05-05,Referral Program,False
TES-C2435,Aditya Suzuki,aditya.suzuki802@example.com,Los Angeles,Ca,Jp,2022-12-15,Referral Program,False
TES-C5794,noah khan,noah.khan12@example.com,Fremont,Ca,De,2025-12-19,Referral Program,False
TES-C3219,aditya müller,aditya.müller713@example.com,Seattle,Wa,Ca,2021-07-22,Insider,False
TES-C8721,Emma Garcia,emma.garcia730@example.com,Seattle,Wa,Cn,2021-09-22,Insider,False
TES-C5970,Rahul Patel,rahul.patel356@example.com,Berlin,De,Cn,2023-02-05,Standard,False
TES-C10137,CARLOS YAMADA,carlos.yamada228@example.com,Fremont,Ca,Us,2023-07-25,Insider,False
TES-C6111,ZOE YAMADA,zoe.yamada543@example.com,Berlin,De,Cn,2022-09-23,Referral Program,False
TES-C5096,Liam Wang,liam.wang758@example.com,Seattle,Wa,Ca,2025-10-11,Referral Program,False
TES-C3393,Chen Suzuki,chen.suzuki12@example.com,Chicago,Il,De,2022-04-26,Referral Program,False
TES-C3723,maria tanaka,maria.tanaka598@example.com,Seattle,Wa,Uk,2022-11-28,Insider,False
TES-C2830,Aditya Martin,aditya.martin462@example.com,Fremont,Ca,Uk,2021-06-26,Referral Program,False
TES-C8605,LIAM JOHNSON,liam.johnson860@example.com,Austin,Tx,Jp,2021-01-01,Insider,False
TES-C10785,Wei Khan,wei.khan9@example.com,Austin,Tx,Ca,2022-07-22,Insider,False
TES-C8005,WEI GARCIA,wei.garcia532@example.com,San Francisco,Ca,Us,2021-02-20,Referral Program,False
TES-C9919,rahul tanaka,rahul.tanaka252@example.com,New York,Ny,De,2025-03-21,Unknown,False
TES-C8221,anna suzuki,anna.suzuki54@example.com,Fremont,Ca,Uk,2021-07-05,Insider,False
TES-C4948,Li Smith,li.smith394@example.com,Los Angeles,Ca,Jp,2025-10-04,Referral Program,False
TES-C2069,Liam Kumar,liam.kumar494@example.com,Miami,Fl,Us,2023-10-14,Referral Program,False
TES-C4937,BEN WANG,,Austin,Tx,Uk,2022-06-15,Unknown,True
TES-C3909,AVA WANG,ava.wang108@example.com,Berlin,De,Cn,2022-05-31,Unknown,False
TES-C3699,PRIYA MÜLLER,priya.müller736@example.com,San Francisco,Ca,De,2025-09-12,Standard,False
TES-C7347,Anna Rossi,,Los Angeles,Ca,Uk,2021-11-29,Standard,True
TES-C8085,David Smith,david.smith426@example.com,San Francisco,Ca,De,2022-08-08,Standard,False
TES-C9623,James Johnson,james.johnson431@example.com,Berlin,De,Jp,2024-02-27,Standard,False
TES-C9155,Sara Sharma,sara.sharma84@example.com,San Francisco,Ca,Jp,2023-10-06,Referral Program,False
TES-C6179,Mohammed Kim,mohammed.kim261@example.com,Austin,Tx,Jp,2021-03-14,Standard,False
TES-C3760,John Chen,john.chen787@example.com,Seattle,Wa,Cn,2025-09-25,Insider,False
TES-C6580,Sofia Kumar,sofia.kumar921@example.com,Austin,Tx,De,2024-05-17,Standard,False
TES-C8338,Rahul Singh,rahul.singh662@example.com,Austin,Tx,Uk,2021-11-15,Referral Program,False
TES-C7864,Mohammed Patel,mohammed.patel751@example.com,Shanghai,Cn,Us,2023-09-22,Insider,False
TES-C5958,Sofia Kumar,sofia.kumar591@example.com,New York,Ny,Ca,2021-12-22,Insider,False
TES-C2047,Carlos Rossi,carlos.rossi895@example.com,Seattle,Wa,Jp,2025-04-01,Insider,False
TES-C9972,AARAV CHEN,aarav.chen340@example.com,Seattle,Wa,Cn,2021-02-12,Insider,False
TES-C7654,Li Yamada,li.yamada52@example.com,San Francisco,Ca,Uk,2021-08-29,Standard,False
TES-C1228,priya smith,,Austin,Tx,Jp,2024-09-11,Unknown,True
TES-C9465,Emma Suzuki,emma.suzuki767@example.com,Miami,Fl,Ca,2025-06-29,Referral Program,False
TES-C9614,Sofia Tanaka,sofia.tanaka39@example.com,Austin,Tx,Us,2022-01-23,Insider,False
TES-C1065,Sara Wang,sara.wang649@example.com,Austin,Tx,Uk,2025-08-22,Referral Program,False
TES-C9655,Carlos Kim,carlos.kim546@example.com,San Francisco,Ca,Uk,2022-12-13,Unknown,False
TES-C9121,Aarav Garcia,aarav.garcia509@example.com,Los Angeles,Ca,Uk,2021-11-24,Standard,False
TES-C3100,Li Garcia,li.garcia752@example.com,Shanghai,Cn,Us,2022-01-25,Insider,False
TES-C1037,Sofia Suzuki,sofia.suzuki447@example.com,Los Angeles,Ca,Jp,2025-11-11,Referral Program,False
TES-C8623, Ben Brown ,ben.brown75@example.com,New York,Ny,Jp,2021-06-15,Standard,False
TES-C1207,Wei Müller,wei.müller692@example.com,New York,Ny,Us,2024-01-27,Referral Program,False
TES-C10348,Sara Smith,sara.smith987@example.com,Chicago,Il,Uk,2025-06-05,Referral Program,False
TES-C8102,SARA DAVIS,sara.davis482@example.com,Chicago,Il,Ca,2025-06-11,Referral Program,False
TES-C6142,Chen Müller,chen.müller233@example.com,Chicago,Il,Uk,2023-07-10,Standard,False
TES-C8581,Ken Tanaka,ken.tanaka530@example.com,Los Angeles,Ca,De,2021-03-11,Insider,False
TES-C5325,Wei Rossi,wei.rossi334@example.com,Seattle,Wa,Ca,2022-01-29,Standard,False
TES-C4129,Noah Patel,noah.patel539@example.com,Seattle,Wa,Ca,2022-02-25,Unknown,False
TES-C10379,Zoe Lee,zoe.lee782@example.com,Los Angeles,Ca,Uk,2025-11-15,Standard,False
TES-C7008,Maria Johnson,maria.johnson969@example.com,New York,Ny,Us,2021-02-27,Referral Program,False
TES-C8323,Sofia Yamada,,Fremont,Ca,Jp,2024-07-29,Insider,True
TES-C10664,vivaan tanaka,,Miami,Fl,Us,2025-09-03,Standard,True
TES-C5544,Sofia Khan,sofia.khan857@example.com,Chicago,Il,Uk,2024-05-28,Insider,False
TES-C8298,Aarav Lee,aarav.lee882@example.com,Chicago,Il,Jp,2025-02-23,Insider,False
TES-C1408,Carlos Martin,carlos.martin763@example.com,Shanghai,Cn,Ca,2021-02-11,Standard,False
TES-C7533,Aarav Kim,aarav.kim957@example.com,San Francisco,Ca,Cn,2021-07-02,Insider,False
TES-C4756,Fatima Brown,fatima.brown969@example.com,San Francisco,Ca,Uk,2021-10-24,Referral Program,False
TES-C5608,Carlos Chen,carlos.chen402@example.com,Shanghai,Cn,Uk,2025-11-24,Referral Program,False
TES-C4656,john sharma,john.sharma171@example.com,Berlin,De,Us,2025-01-10,Insider,False
TES-C7018,John Patel,john.patel420@example.com,Fremont,Ca,Uk,2025-10-18,Standard,False
TES-C8988,James Wang,james.wang976@example.com,Seattle,Wa,Jp,2021-03-05,Insider,False
TES-C7312,Ben Johnson,ben.johnson457@example.com,Seattle,Wa,Us,2021-11-18,Insider,False
TES-C9688,Sara Anderson,sara.anderson705@example.com,San Francisco,Ca,Ca,2023-07-26,Standard,False
TES-C1937,Ken Müller,ken.müller654@example.com,Seattle,Wa,Cn,2022-07-01,Insider,False
TES-C1478,Yuki Khan,yuki.khan68@example.com,Austin,Tx,Ca,2024-11-15,Insider,False
TES-C1196,Michael Wang,michael.wang340@example.com,Chicago,Il,Jp,2024-06-01,Standard,False
TES-C6467,Sara Sharma,,Seattle,Wa,Ca,2022-05-05,Standard,True
TES-C5265,Li Smith,li.smith202@example.com,San Francisco,Ca,Uk,2025-08-19,Insider,False
TES-C1578,Anna Müller,anna.müller637@example.com,Austin,Tx,Jp,2025-07-10,Insider,False
TES-C1056,David Rossi,david.rossi913@example.com,New York,Ny,Jp,2023-03-05,Standard,False
TES-C9966,Aarav Brown,aarav.brown330@example.com,Berlin,De,Jp,2025-04-26,Standard,False
TES-C5902,Noah Müller,noah.müller272@example.com,Shanghai,Cn,De,2023-09-23,Referral Program,False
TES-C5347,Sofia Kumar,sofia.kumar100@example.com,Berlin,De,Us,2025-04-28,Standard,False
TES-C10388,Wei Brown,wei.brown14@example.com,Miami,Fl,Jp,2025-09-05,Insider,False
TES-C7703,Chen Davis,chen.davis788@example.com,Chicago,Il,Cn,2022-12-20,Insider,False
TES-C9874,olivia suzuki,olivia.suzuki709@example.com,New York,Ny,De,2022-03-21,Insider,False
TES-C1328,MARIA YAMADA,maria.yamada409@example.com,Fremont,Ca,Jp,2025-11-28,Referral Program,False
TES-C6113,Liam Tanaka,liam.tanaka188@example.com,Seattle,Wa,Us,2024-09-12,Standard,False
TES-C6547,Michael Khan,michael.khan305@example.com,Chicago,Il,Us,2024-11-02,Standard,False
TES-C4633,Mohammed Rossi,mohammed.rossi529@example.com,New York,Ny,Jp,2025-11-18,Referral Program,False
TES-C1156,wei kim,wei.kim56@example.com,Miami,Fl,De,2024-01-27,Referral Program,False
TES-C9171,Maria Johnson,maria.johnson681@example.com,Chicago,Il,Jp,2022-03-31,Referral Program,False
TES-C9774,Wei Davis,wei.davis159@example.com,Miami,Fl,Ca,2021-12-19,Referral Program,False
TES-C9935,Yuki Brown,yuki.brown112@example.com,New York,Ny,Ca,2025-10-05,Insider,False
TES-C5563,Sofia Patel,sofia.patel301@example.com,Seattle,Wa,De,2024-01-26,Referral Program,False
TES-C9582,Rahul Kumar,rahul.kumar42@example.com,Seattle,Wa,Us,2024-09-04,Standard,False
TES-C10715,Rahul Kim,rahul.kim768@example.com,Seattle,Wa,Uk,2023-04-17,Standard,False
TES-C4463, Sara Garcia ,sara.garcia196@example.com,Fremont,Ca,Us,2025-07-25,Unknown,False
TES-C3746,Carlos Kim,carlos.kim839@example.com,Miami,Fl,De,2025-05-27,Standard,False
TES-C6488,Emma Davis,emma.davis387@example.com,Austin,Tx,De,2022-05-12,Standard,False
TES-C9145,vivaan lee,vivaan.lee211@example.com,Chicago,Il,Uk,2021-10-30,Referral Program,False
TES-C4446,Ken Müller,ken.müller469@example.com,San Francisco,Ca,De,2023-09-03,Insider,False
TES-C3624,Maria Sharma,maria.sharma81@example.com,Seattle,Wa,Uk,2025-01-27,Unknown,False
TES-C7382,Mohammed Wang,mohammed.wang891@example.com,Miami,Fl,De,2023-04-12,Insider,False
TES-C10283,LI SUZUKI,li.suzuki342@example.com,Fremont,Ca,Uk,2024-11-24,Standard,False
TES-C2370,David Yamada,david.yamada745@example.com,Austin,Tx,De,2024-08-02,Referral Program,False
TES-C7094,Michael Singh,michael.singh921@example.com,New York,Ny,Uk,2023-04-22,Insider,False
TES-C6018,rahul smith,rahul.smith181@example.com,Los Angeles,Ca,Us,2022-06-26,Standard,False
TES-C2084,Carlos Singh,carlos.singh259@example.com,Los Angeles,Ca,Jp,2025-09-01,Insider,False
TES-C4273,Noah Müller,noah.müller839@example.com,Miami,Fl,Ca,2023-02-21,Referral Program,False
TES-C3120,MOHAMMED GARCIA,mohammed.garcia366@example.com,Fremont,Ca,Us,2021-07-30,Standard,False
TES-C4147, Mohammed Wang ,mohammed.wang885@example.com,Miami,Fl,Ca,2022-02-28,Standard,False
TES-C1622,Rahul Garcia,rahul.garcia520@example.com,Seattle,Wa,Uk,2022-08-22,Insider,False
TES-C2607,Vivaan Kim,vivaan.kim943@example.com,Berlin,De,Jp,2021-01-02,Standard,False
TES-C5064,Emma Yamada,emma.yamada84@example.com,Austin,Tx,De,2022-01-29,Insider,False
TES-C4395,YUKI SMITH,yuki.smith132@example.com,Seattle,Wa,Cn,2025-04-22,Insider,False
TES-C6921,Chen Rossi,chen.rossi971@example.com,Austin,Tx,De,2024-07-26,Referral Program,False
TES-C9322,Maria Khan,maria.khan407@example.com,Los Angeles,Ca,Uk,2022-01-23,Standard,False
TES-C2542,Michael Kim,michael.kim106@example.com,Fremont,Ca,Us,2021-02-19,Standard,False
TES-C9585,mohammed müller,mohammed.müller520@example.com,Chicago,Il,De,2022-04-09,Referral Program,False
TES-C9687,Sara Kim,sara.kim107@example.com,Chicago,Il,Ca,2022-02-04,Standard,False
TES-C3299,John Sharma,john.sharma14@example.com,Miami,Fl,Ca,2024-09-15,Insider,False
TES-C3005,Mohammed Suzuki,mohammed.suzuki367@example.com,Chicago,Il,Cn,2021-08-02,Insider,False
TES-C3777,Maria Wang,maria.wang327@example.com,Chicago,Il,Cn,2022-12-11,Referral Program,False
TES-C1560,Emma Sharma,emma.sharma299@example.com,Fremont,Ca,Us,2024-05-08,Insider,False
TES-C1714,Zoe Davis,zoe.davis308@example.com,San Francisco,Ca,De,2021-07-17,Standard,False
TES-C8936,Ben Singh,,Seattle,Wa,Jp,2021-08-05,Referral Program,True
TES-C5190,Maria Lee,maria.lee310@example.com,San Francisco,Ca,De,2024-08-03,Insider,False
TES-C2447,JAMES SINGH,james.singh573@example.com,Miami,Fl,Uk,2022-02-16,Standard,False
TES-C1330,James Garcia,james.garcia144@example.com,Los Angeles,Ca,De,2025-08-10,Insider,False
TES-C5747,MARIA SHARMA,maria.sharma338@example.com,Austin,Tx,Cn,2022-10-22,Insider,False
TES-C7037,Fatima Wang,fatima.wang900@example.com,Miami,Fl,De,2022-03-11,Insider,False
TES-C5612,Mohammed Wang,mohammed.wang823@example.com,Austin,Tx,Us,2022-04-12,Insider,False
TES-C8997,Rahul Müller,rahul.müller442@example.com,Chicago,Il,Uk,2023-06-12,Insider,False
TES-C2733,Maria Wang,maria.wang189@example.com,Chicago,Il,Us,2021-07-09,Unknown,False
TES-C4630,PRIYA DAVIS,priya.davis603@example.com,New York,Ny,Cn,2022-01-10,Unknown,False
TES-C1846,Sara Rossi,sara.rossi724@example.com,Shanghai,Cn,Cn,2024-05-10,Standard,False
TES-C7695,Ben Brown,ben.brown664@example.com,Los Angeles,Ca,Jp,2022-05-31,Standard,False
TES-C1399,Yuki Singh,yuki.singh537@example.com,Seattle,Wa,Us,2024-10-16,Referral Program,False
TES-C4111,PRIYA MARTIN,priya.martin621@example.com,Fremont,Ca,Jp,2022-11-30,Insider,False
TES-C5674,Sofia Müller,sofia.müller449@example.com,Berlin,De,Ca,2021-12-06,Insider,False
TES-C5839,Rahul Yamada,rahul.yamada115@example.com,Berlin,De,Cn,2021-10-09,Referral Program,False
TES-C2253,Rahul Suzuki,rahul.suzuki302@example.com,Fremont,Ca,De,2023-07-21,Standard,False
TES-C6036,Emma Davis,emma.davis128@example.com,Los Angeles,Ca,Us,2022-03-16,Referral Program,False
TES-C4867,Vivaan Brown,vivaan.brown39@example.com,Chicago,Il,Us,2022-12-05,Referral Program,False
TES-C10986,li kumar,,Los Angeles,Ca,De,2025-07-03,Insider,True
TES-C9430,Maria Rossi,maria.rossi576@example.com,Berlin,De,Uk,2025-01-26,Insider,False
TES-C2892, Sara Patel ,sara.patel494@example.com,Austin,Tx,Us,2025-01-26,Referral Program,False
TES-C4618,Liam Lee,liam.lee588@example.com,Los Angeles,Ca,Ca,2022-05-16,Referral Program,False
TES-C3178,Vivaan Anderson,vivaan.anderson526@example.com,Austin,Tx,Us,2025-05-31,Standard,False
TES-C2348,Aditya Chen,aditya.chen485@example.com,San Francisco,Ca,Uk,2024-02-13,Insider,False
TES-C3833,zoe wang,zoe.wang465@example.com,Berlin,De,Ca,2025-08-06,Referral Program,False
TES-C3225,Aarav Khan,aarav.khan866@example.com,San Francisco,Ca,De,2024-06-17,Referral Program,False
TES-C4425,Priya Kim,priya.kim775@example.com,Berlin,De,Jp,2025-12-20,Insider,False
TES-C1161,Vivaan Kim,vivaan.kim112@example.com,Austin,Tx,Jp,2022-02-02,Referral Program,False
TES-C1432,Olivia Kim,olivia.kim595@example.com,Shanghai,Cn,De,2022-04-17,Standard,False
TES-C7001,Liam Chen,liam.chen726@example.com,Fremont,Ca,Uk,2025-01-25,Standard,False
TES-C9363,Mohammed Kumar,mohammed.kumar185@example.com,Austin,Tx,Cn,2025-09-09,Insider,False
TES-C1062,Sofia Kumar,sofia.kumar126@example.com,New York,Ny,Uk,2021-04-28,Referral Program,False
TES-C10162,Zoe Khan,zoe.khan431@example.com,Miami,Fl,De,2022-07-16,Standard,False
TES-C6776,sofia chen,sofia.chen820@example.com,Los Angeles,Ca,De,2023-01-12,Insider,False
TES-C3811,Li Davis,li.davis590@example.com,San Francisco,Ca,Cn,2022-11-24,Referral Program,False
TES-C8423,Liam Davis,liam.davis447@example.com,Seattle,Wa,Ca,2023-01-07,Referral Program,False
TES-C10534,Carlos Kim,carlos.kim865@example.com,New York,Ny,Uk,2024-07-19,Unknown,False
TES-C2152,Olivia Müller,olivia.müller562@example.com,New York,Ny,Uk,2023-05-10,Referral Program,False
TES-C10396,Vivaan Singh,vivaan.singh847@example.com,Miami,Fl,Cn,2022-01-01,Insider,False
TES-C8706,Yuki Yamada,yuki.yamada164@example.com,New York,Ny,Ca,2022-03-14,Referral Program,False
TES-C2727,Chen Sharma,chen.sharma3@example.com,Miami,Fl,Ca,2024-03-23,Standard,False
TES-C10810,Fatima Suzuki,fatima.suzuki863@example.com,New York,Ny,Ca,2021-12-08,Referral Program,False
TES-C4340,Rahul Brown,,Chicago,Il,Cn,2024-12-01,Standard,True
TES-C6004,Mohammed Khan,mohammed.khan963@example.com,Berlin,De,Jp,2025-11-27,Referral Program,False
TES-C2175,Ben Suzuki,ben.suzuki84@example.com,Los Angeles,Ca,Jp,2023-02-27,Unknown,False
TES-C2364,MOHAMMED PATEL,mohammed.patel981@example.com,Austin,Tx,Jp,2025-04-11,Referral Program,False
TES-C5889,Carlos Anderson,carlos.anderson359@example.com,Miami,Fl,Uk,2022-11-04,Referral Program,False
TES-C10483,Aarav Smith,aarav.smith269@example.com,Shanghai,Cn,De,2023-10-11,Standard,False
TES-C1418,Li Sharma,li.sharma317@example.com,Los Angeles,Ca,Jp,2025-01-09,Insider,False
TES-C2878,ken wilson,ken.wilson882@example.com,Los Angeles,Ca,Us,2021-11-28,Standard,False
TES-C5648,michael khan,michael.khan825@example.com,Chicago,Il,De,2021-01-19,Insider,False
TES-C7022,david wang,david.wang583@example.com,Seattle,Wa,Us,2023-03-10,Referral Program,False
TES-C2092,Ava Chen,ava.chen340@example.com,Miami,Fl,Ca,2025-05-16,Referral Program,False
TES-C7164,Vivaan Lee,vivaan.lee970@example.com,New York,Ny,Jp,2022-06-13,Insider,False
TES-C2036,Rahul Singh,rahul.singh746@example.com,Fremont,Ca,De,2022-09-12,Standard,False
TES-C7431,SARA YAMADA,sara.yamada611@example.com,San Francisco,Ca,Jp,2021-12-27,Referral Program,False
TES-C6090,aarav yamada,aarav.yamada659@example.com,Miami,Fl,Jp,2021-03-04,Standard,False
TES-C2684,Priya Yamada,priya.yamada366@example.com,Shanghai,Cn,Ca,2025-02-06,Standard,False
TES-C2001,Aarav Suzuki,aarav.suzuki562@example.com,Chicago,Il,Ca,2025-05-20,Standard,False
TES-C1462,David Kumar,david.kumar927@example.com,Austin,Tx,Uk,2022-02-25,Insider,False
TES-C8071,Zoe Wilson,zoe.wilson402@example.com,Fremont,Ca,Uk,2022-10-09,Referral Program,False
TES-C10944,Ava Patel,ava.patel546@example.com,Shanghai,Cn,Uk,2023-02-17,Insider,False
TES-C8702,Ken Davis,,Miami,Fl,Ca,2023-11-29,Unknown,True
TES-C8773,Li Yamada,li.yamada896@example.com,New York,Ny,Ca,2021-05-29,Insider,False
TES-C9681,Ken Patel,ken.patel582@example.com,Shanghai,Cn,Cn,2023-09-08,Referral Program,False
TES-C4324,David Rossi,david.rossi990@example.com,Miami,Fl,Cn,2021-01-30,Insider,False
TES-C8059,Ava Wang,ava.wang663@example.com,Fremont,Ca,Jp,2022-01-06,Standard,False
TES-C9226,MICHAEL WANG,michael.wang672@example.com,Chicago,Il,Jp,2023-06-30,Insider,False
TES-C10935,EMMA SINGH,emma.singh688@example.com,San Francisco,Ca,Cn,2025-09-27,Unknown,False
TES-C1112,Emma Smith,emma.smith239@example.com,New York,Ny,Ca,2024-10-10,Referral Program,False
TES-C3373,Wei Johnson,wei.johnson83@example.com,Austin,Tx,De,2024-06-08,Insider,False
TES-C3815,Zoe Garcia,zoe.garcia701@example.com,Los Angeles,Ca,Jp,2021-07-22,Insider,False
TES-C10598,Li Davis,li.davis966@example.com,Berlin,De,Jp,2021-12-25,Insider,False
TES-C5860, Olivia Sharma ,olivia.sharma283@example.com,Shanghai,Cn,Jp,2022-05-01,Referral Program,False
TES-C1405,aditya johnson,aditya.johnson379@example.com,Austin,Tx,Us,2022-01-15,Referral Program,False
TES-C10001,Priya Sharma,,Los Angeles,Ca,De,2023-02-11,Insider,True
TES-C6750,Priya Singh,priya.singh535@example.com,Fremont,Ca,Ca,2024-07-24,Insider,False
TES-C2006,Ken Yamada,ken.yamada185@example.com,San Francisco,Ca,Cn,2024-02-14,Standard,False
TES-C2537,Ken Müller,ken.müller602@example.com,San Francisco,Ca,Uk,2024-12-02,Insider,False
TES-C3311, Olivia Brown ,olivia.brown208@example.com,Austin,Tx,Uk,2022-12-18,Standard,False
TES-C7231,Vivaan Wilson,,San Francisco,Ca,Ca,2021-01-03,Insider,True
TES-C2041,Li Anderson,li.anderson876@example.com,Berlin,De,Us,2025-11-19,Standard,False
TES-C6507,Fatima Lee,fatima.lee289@example.com,Miami,Fl,Uk,2022-02-19,Referral Program,False
TES-C2941,Sara Brown,sara.brown18@example.com,Seattle,Wa,Uk,2022-09-02,Unknown,False
TES-C9602,Ben Smith,ben.smith299@example.com,Shanghai,Cn,Ca,2021-01-03,Referral Program,False
TES-C2795,Yuki Singh,,Miami,Fl,Us,2023-08-29,Standard,True
TES-C2055,James Garcia,james.garcia289@example.com,Fremont,Ca,De,2025-09-16,Referral Program,False
TES-C10841,aditya suzuki,aditya.suzuki951@example.com,Miami,Fl,Ca,2023-08-24,Standard,False
TES-C7282,LI CHEN,li.chen78@example.com,New York,Ny,Cn,2025-03-14,Unknown,False
TES-C3306,Aditya Wilson,aditya.wilson870@example.com,Austin,Tx,Jp,2024-10-03,Standard,False
TES-C5848,David Davis,david.davis513@example.com,Fremont,Ca,Us,2024-02-27,Insider,False
TES-C3893,maria müller,maria.müller273@example.com,Miami,Fl,Ca,2023-03-25,Standard,False
TES-C7490,Rahul Chen,rahul.chen99@example.com,San Francisco,Ca,Cn,2025-05-26,Standard,False
TES-C4204,Ken Müller,ken.müller197@example.com,Shanghai,Cn,De,2023-03-08,Referral Program,False
TES-C3578,Li Patel,li.patel85@example.com,Seattle,Wa,Uk,2021-10-20,Standard,False
TES-C9594,Sofia Martin,sofia.martin765@example.com,New York,Ny,Uk,2022-10-08,Insider,False
TES-C2867,david müller,david.müller895@example.com,Austin,Tx,Us,2023-04-11,Referral Program,False
TES-C8146,Wei Garcia,wei.garcia464@example.com,Shanghai,Cn,Us,2024-02-28,Standard,False
TES-C7905,Zoe Rossi,zoe.rossi392@example.com,San Francisco,Ca,Cn,2021-05-25,Insider,False
TES-C3033,Li Yamada,li.yamada783@example.com,Fremont,Ca,Uk,2023-08-20,Insider,False
TES-C9158,Wei Brown,wei.brown923@example.com,Austin,Tx,Ca,2023-01-26,Unknown,False
TES-C9228,Sofia Khan,sofia.khan597@example.com,Berlin,De,Us,2022-05-12,Standard,False
TES-C2477, Michael Kim ,michael.kim679@example.com,New York,Ny,Ca,2024-05-05,Standard,False
TES-C2511,Zoe Chen,zoe.chen143@example.com,Miami,Fl,Jp,2024-10-11,Insider,False
TES-C2763, Zoe Tanaka ,zoe.tanaka660@example.com,Fremont,Ca,Ca,2024-12-22,Referral Program,False
TES-C4527,Wei Chen,wei.chen533@example.com,New York,Ny,Uk,2024-06-24,Referral Program,False
TES-C6865,Yuki Garcia,yuki.garcia686@example.com,Fremont,Ca,De,2022-11-16,Standard,False
TES-C9048,Emma Johnson,emma.johnson945@example.com,Miami,Fl,Us,2025-04-16,Insider,False
TES-C6473,ZOE DAVIS,zoe.davis529@example.com,Seattle,Wa,Us,2023-03-27,Referral Program,False
TES-C1942,Ava Rossi,ava.rossi256@example.com,Miami,Fl,Ca,2022-04-24,Referral Program,False
TES-C3839,Aarav Anderson,aarav.anderson44@example.com,Los Angeles,Ca,Uk,2022-02-26,Standard,False
TES-C1545,Noah Wang,noah.wang305@example.com,Chicago,Il,Jp,2021-07-05,Insider,False
TES-C3324,Sara Davis,sara.davis707@example.com,San Francisco,Ca,Uk,2025-07-12,Standard,False
TES-C8993,Yuki Brown,yuki.brown350@example.com,Austin,Tx,De,2025-08-04,Referral Program,False
TES-C7996,Aarav Smith,aarav.smith109@example.com,Fremont,Ca,Cn,2025-11-27,Referral Program,False
TES-C2415,Aarav Rossi,aarav.rossi460@example.com,Miami,Fl,Us,2022-02-23,Insider,False
TES-C5252,Aarav Anderson,aarav.anderson676@example.com,Austin,Tx,De,2024-02-17,Referral Program,False
TES-C10275,Wei Wang,,Chicago,Il,Uk,2023-01-13,Standard,True
TES-C3437,emma rossi,,Los Angeles,Ca,Ca,2025-03-26,Referral Program,True
TES-C7215,Sara Wilson,sara.wilson9@example.com,Los Angeles,Ca,Uk,2022-05-28,Standard,False
TES-C4667,Vivaan Smith,vivaan.smith570@example.com,Seattle,Wa,Cn,2023-08-28,Referral Program,False
TES-C9314,Zoe Wang,,Berlin,De,De,2022-11-11,Insider,True
TES-C2499,Mohammed Garcia,mohammed.garcia734@example.com,Seattle,Wa,Ca,2021-01-07,Insider,False
TES-C10048,Chen Sharma,chen.sharma577@example.com,Miami,Fl,Us,2025-03-22,Standard,False
TES-C1485,Noah Sharma,noah.sharma131@example.com,Chicago,Il,Uk,2025-12-21,Insider,False
TES-C9134, Ken Smith ,ken.smith571@example.com,Seattle,Wa,Uk,2025-03-13,Referral Program,False
TES-C1098, Sofia Müller ,sofia.müller518@example.com,New York,Ny,Uk,2022-02-21,Insider,False
TES-C10817,Rahul Sharma,rahul.sharma523@example.com,New York,Ny,Uk,2024-05-18,Insider,False
TES-C7757,Aarav Garcia,aarav.garcia759@example.com,San Francisco,Ca,Cn,2025-05-16,Insider,False
TES-C5140,John Chen,john.chen505@example.com,Los Angeles,Ca,Ca,2023-03-11,Standard,False
TES-C3565,Liam Patel,liam.patel636@example.com,Austin,Tx,Cn,2024-09-23,Referral Program,False
TES-C4828,Rahul Brown,rahul.brown817@example.com,Berlin,De,Jp,2023-10-13,Insider,False
TES-C8161,Olivia Müller,olivia.müller880@example.com,New York,Ny,Cn,2021-10-08,Insider,False
TES-C3789,Wei Anderson,wei.anderson651@example.com,Miami,Fl,Cn,2023-01-07,Referral Program,False
TES-C2544,David Patel,david.patel882@example.com,Seattle,Wa,Cn,2023-01-26,Referral Program,False
TES-C6900,Rahul Davis,rahul.davis397@example.com,Shanghai,Cn,Jp,2023-12-25,Insider,False
TES-C1272, Anna Rossi ,anna.rossi33@example.com,New York,Ny,Jp,2024-06-07,Referral Program,False
TES-C1172,sofia suzuki,sofia.suzuki884@example.com,Austin,Tx,De,2022-10-04,Referral Program,False
TES-C5468,emma müller,emma.müller382@example.com,Austin,Tx,De,2021-09-24,Referral Program,False
TES-C9219,Priya Brown,priya.brown567@example.com,Berlin,De,De,2024-11-27,Referral Program,False
TES-C4741,Anna Kumar,anna.kumar52@example.com,Austin,Tx,Ca,2021-09-09,Insider,False
TES-C8439,Carlos Anderson,carlos.anderson956@example.com,San Francisco,Ca,Uk,2024-08-30,Standard,False
TES-C9310,Li Rossi,li.rossi681@example.com,Chicago,Il,Jp,2024-05-04,Referral Program,False
TES-C3410,wei khan,,Los Angeles,Ca,De,2023-01-08,Insider,True
TES-C2687, Anna Patel ,anna.patel365@example.com,Miami,Fl,Uk,2025-12-25,Insider,False
TES-C1329, Carlos Tanaka ,carlos.tanaka696@example.com,Miami,Fl,Uk,2023-11-14,Referral Program,False
TES-C7697,Ben Khan,ben.khan605@example.com,Chicago,Il,Ca,2022-06-24,Standard,False
TES-C7624,Zoe Patel,zoe.patel619@example.com,Seattle,Wa,Ca,2022-07-29,Standard,False
TES-C10581,Priya Singh,priya.singh624@example.com,Miami,Fl,Jp,2025-02-16,Referral Program,False
TES-C3263,NOAH JOHNSON,noah.johnson742@example.com,Fremont,Ca,Cn,2022-12-17,Insider,False
TES-C8351,Liam Kim,liam.kim180@example.com,Shanghai,Cn,Cn,2025-04-29,Standard,False
TES-C4056,Emma Smith,emma.smith902@example.com,San Francisco,Ca,Cn,2021-12-29,Standard,False
TES-C2843,Noah Kim,noah.kim437@example.com,Berlin,De,Ca,2022-12-07,Referral Program,False
TES-C2366,Fatima Yamada,fatima.yamada724@example.com,San Francisco,Ca,Cn,2025-08-08,Standard,False
TES-C2851,Chen Davis,chen.davis848@example.com,Berlin,De,Uk,2023-05-28,Insider,False
TES-C3682,Sara Kim,sara.kim115@example.com,New York,Ny,Ca,2022-03-16,Standard,False
TES-C8128,Sara Yamada,sara.yamada61@example.com,Chicago,Il,De,2021-09-30,Referral Program,False
TES-C6987,Liam Anderson,liam.anderson377@example.com,Shanghai,Cn,Uk,2021-12-08,Standard,False
TES-C1064,Anna Tanaka,anna.tanaka646@example.com,Chicago,Il,Ca,2025-08-27,Insider,False
TES-C6080,Vivaan Brown,vivaan.brown626@example.com,Los Angeles,Ca,De,2023-08-22,Referral Program,False
TES-C9439,Emma Lee,emma.lee866@example.com,Miami,Fl,Cn,2022-07-31,Referral Program,False
TES-C9625,John Davis,john.davis505@example.com,Berlin,De,Ca,2024-07-09,Referral Program,False
TES-C4432,Liam Johnson,liam.johnson898@example.com,Los Angeles,Ca,Uk,2023-03-05,Referral Program,False
TES-C5097,Zoe Kim,zoe.kim267@example.com,Berlin,De,Ca,2022-11-28,Insider,False
TES-C2642,Mohammed Khan,mohammed.khan429@example.com,Fremont,Ca,Uk,2021-07-23,Standard,False
TES-C5615,David Singh,david.singh952@example.com,New York,Ny,Ca,2021-10-23,Standard,False
TES-C8357,Ava Garcia,ava.garcia722@example.com,San Francisco,Ca,Cn,2022-01-22,Standard,False
TES-C9662,Chen Anderson,chen.anderson897@example.com,Shanghai,Cn,Ca,2025-12-14,Unknown,False
TES-C2997,John Anderson,john.anderson571@example.com,Chicago,Il,Ca,2024-03-22,Insider,False
TES-C5994,Aditya Anderson,,Chicago,Il,Uk,2025-11-26,Referral Program,True
TES-C4227,Sofia Garcia,sofia.garcia309@example.com,Los Angeles,Ca,Ca,2022-05-09,Unknown,False
TES-C5255,MICHAEL KUMAR,,Shanghai,Cn,Ca,2021-08-06,Standard,True
TES-C9227,SOFIA ROSSI,sofia.rossi51@example.com,Seattle,Wa,Jp,2022-09-16,Referral Program,False
TES-C7620,Chen Chen,chen.chen870@example.com,Chicago,Il,Cn,2024-08-22,Referral Program,False
TES-C1700,Maria Johnson,,San Francisco,Ca,Us,2024-01-29,Insider,True
TES-C6777,Sara Khan,sara.khan573@example.com,San Francisco,Ca,Cn,2025-02-09,Unknown,False
TES-C3325,Michael Yamada,michael.yamada37@example.com,Austin,Tx,Uk,2025-02-20,Standard,False
TES-C1039,James Tanaka,james.tanaka517@example.com,Shanghai,Cn,Jp,2024-08-01,Insider,False
TES-C7677,Noah Anderson,noah.anderson921@example.com,Chicago,Il,Ca,2021-11-22,Standard,False
TES-C3602,michael müller,michael.müller750@example.com,Shanghai,Cn,Uk,2024-04-18,Insider,False
TES-C6829,ANNA JOHNSON,anna.johnson25@example.com,Austin,Tx,Uk,2021-07-07,Standard,False
TES-C7598,Rahul Suzuki,rahul.suzuki268@example.com,San Francisco,Ca,Ca,2023-02-12,Referral Program,False
TES-C10439,Mohammed Davis,mohammed.davis818@example.com,Berlin,De,Ca,2025-03-21,Referral Program,False
TES-C9757,zoe johnson,zoe.johnson190@example.com,Miami,Fl,Cn,2022-05-25,Referral Program,False
TES-C7565,Ben Brown,ben.brown931@example.com,Austin,Tx,Ca,2021-11-21,Standard,False
TES-C9672,Anna Khan,anna.khan836@example.com,Fremont,Ca,De,2021-05-25,Referral Program,False
TES-C10544,Emma Rossi,emma.rossi468@example.com,Berlin,De,Us,2023-06-16,Unknown,False
TES-C4180,Priya Lee,priya.lee681@example.com,Shanghai,Cn,Us,2021-06-22,Referral Program,False
TES-C8687,Maria Anderson,maria.anderson937@example.com,Miami,Fl,Jp,2022-08-11,Referral Program,False
TES-C2052,Carlos Patel,carlos.patel427@example.com,Chicago,Il,Ca,2021-05-31,Insider,False
TES-C3392,Ken Wilson,ken.wilson338@example.com,Fremont,Ca,Cn,2023-06-27,Insider,False
TES-C6570,Fatima Sharma,,New York,Ny,Cn,2023-11-21,Standard,True
TES-C1801,Maria Garcia,maria.garcia600@example.com,Berlin,De,Uk,2023-07-16,Referral Program,False
TES-C5424,Maria Kumar,maria.kumar353@example.com,New York,Ny,Cn,2025-08-26,Referral Program,False
TES-C10025,Emma Chen,emma.chen972@example.com,San Francisco,Ca,Ca,2024-07-13,Insider,False
TES-C4985,Aarav Johnson,aarav.johnson215@example.com,San Francisco,Ca,Uk,2022-10-20,Insider,False
TES-C10838,Ben Khan,ben.khan407@example.com,Los Angeles,Ca,De,2024-11-20,Insider,False
TES-C4149,Fatima Sharma,fatima.sharma72@example.com,San Francisco,Ca,De,2023-01-29,Standard,False
TES-C8962,Aditya Martin,aditya.martin679@example.com,Shanghai,Cn,Us,2023-06-03,Insider,False
TES-C6270,Sofia Smith,sofia.smith517@example.com,Berlin,De,Ca,2022-12-05,Unknown,False
TES-C7297,James Chen,james.chen966@example.com,Miami,Fl,De,2023-09-01,Referral Program,False
TES-C4378,Wei Patel,wei.patel701@example.com,New York,Ny,Cn,2025-08-23,Standard,False
TES-C2723,priya yamada,priya.yamada159@example.com,Austin,Tx,Uk,2024-03-14,Standard,False
TES-C1588,OLIVIA BROWN,olivia.brown190@example.com,Shanghai,Cn,De,2025-11-29,Insider,False
TES-C9436,Aditya Khan,aditya.khan983@example.com,Los Angeles,Ca,Uk,2025-06-26,Referral Program,False
TES-C7170,Aarav Yamada,aarav.yamada596@example.com,Seattle,Wa,Cn,2025-04-20,Standard,False
TES-C3181,Rahul Smith,rahul.smith893@example.com,Seattle,Wa,Cn,2021-08-28,Referral Program,False
TES-C6301,RAHUL BROWN,rahul.brown856@example.com,Los Angeles,Ca,Uk,2022-07-01,Standard,False
TES-C8858,wei garcia,wei.garcia283@example.com,Miami,Fl,Uk,2021-11-22,Insider,False
TES-C7187,John Yamada,john.yamada654@example.com,Shanghai,Cn,Ca,2021-09-15,Insider,False
TES-C2702,Ken Khan,ken.khan332@example.com,Seattle,Wa,De,2021-06-23,Referral Program,False
TES-C7741,john kumar,,Austin,Tx,Uk,2023-04-14,Insider,True
TES-C6060,Ken Yamada,,Shanghai,Cn,Us,2023-07-10,Insider,True
TES-C6903,Maria Davis,maria.davis2@example.com,Miami,Fl,Cn,2022-02-08,Standard,False
TES-C5662,Ava Johnson,ava.johnson237@example.com,Austin,Tx,Uk,2022-12-26,Referral Program,False
TES-C5837,carlos khan,carlos.khan664@example.com,Los Angeles,Ca,Uk,2025-04-05,Referral Program,False
TES-C2188,Sofia Singh,sofia.singh212@example.com,San Francisco,Ca,De,2022-11-16,Standard,False
TES-C3960,James Wang,james.wang372@example.com,Los Angeles,Ca,Cn,2021-10-05,Standard,False
TES-C7135,Vivaan Garcia,,Berlin,De,Us,2024-12-01,Insider,True
TES-C8539,Wei Garcia,,Miami,Fl,Cn,2024-03-26,Insider,True
TES-C6539,AARAV KUMAR,aarav.kumar56@example.com,Chicago,Il,Jp,2023-01-30,Insider,False
TES-C6980,Fatima Müller,fatima.müller145@example.com,Los Angeles,Ca,De,2022-05-06,Standard,False
TES-C2859,Anna Wilson,anna.wilson138@example.com,Austin,Tx,Us,2024-02-21,Insider,False
TES-C5479,olivia wang,olivia.wang728@example.com,Austin,Tx,Uk,2023-06-22,Referral Program,False
TES-C9887,Ava Brown,ava.brown790@example.com,Chicago,Il,De,2022-01-06,Insider,False
TES-C3112,John Tanaka,john.tanaka34@example.com,Los Angeles,Ca,Cn,2021-04-11,Insider,False
TES-C2139,AARAV ANDERSON,aarav.anderson589@example.com,Fremont,Ca,Jp,2021-10-24,Standard,False
TES-C4449,Chen Johnson,chen.johnson464@example.com,San Francisco,Ca,Us,2021-09-05,Referral Program,False
TES-C8190,Aarav Wilson,aarav.wilson173@example.com,Austin,Tx,Us,2022-01-21,Standard,False
TES-C4329,James Wilson,james.wilson466@example.com,New York,Ny,De,2021-07-16,Standard,False
TES-C7929,Michael Kumar,michael.kumar561@example.com,Berlin,De,Cn,2023-08-25,Standard,False
TES-C1881,Yuki Yamada,yuki.yamada897@example.com,San Francisco,Ca,Us,2022-11-05,Insider,False
TES-C4622,mohammed wang,mohammed.wang953@example.com,Austin,Tx,Ca,2022-02-08,Referral Program,False
TES-C6629,Olivia Kumar,olivia.kumar982@example.com,Berlin,De,Us,2021-09-10,Insider,False
TES-C4407,Ken Martin,ken.martin557@example.com,Chicago,Il,Jp,2022-01-20,Standard,False
TES-C4964,Sofia Smith,sofia.smith498@example.com,Miami,Fl,De,2024-12-16,Insider,False
TES-C9049,Emma Patel,emma.patel203@example.com,Fremont,Ca,Ca,2023-05-26,Insider,False
TES-C1919,Zoe Smith,zoe.smith107@example.com,Shanghai,Cn,De,2025-04-05,Standard,False
TES-C1085,Yuki Chen,yuki.chen315@example.com,Shanghai,Cn,Jp,2021-07-06,Insider,False
TES-C4247,Aditya Suzuki,aditya.suzuki763@example.com,Austin,Tx,Ca,2022-02-25,Standard,False
TES-C3526,Emma Smith,,Shanghai,Cn,Cn,2023-05-09,Standard,True
TES-C8315,Wei Khan,wei.khan633@example.com,Seattle,Wa,Us,2021-02-06,Standard,False
TES-C9378,Chen Khan,chen.khan458@example.com,Fremont,Ca,Us,2021-11-21,Insider,False
TES-C6279,Rahul Brown,rahul.brown621@example.com,New York,Ny,Jp,2021-09-26,Insider,False
TES-C8503,ava khan,ava.khan293@example.com,Shanghai,Cn,Ca,2023-09-11,Standard,False
TES-C1839,NOAH SINGH,noah.singh492@example.com,Berlin,De,Ca,2023-09-04,Referral Program,False
TES-C7814,Emma Rossi,emma.rossi115@example.com,Miami,Fl,Uk,2021-06-13,Unknown,False
TES-C9829,Noah Wang,noah.wang566@example.com,Chicago,Il,Us,2025-04-02,Standard,False
TES-C2165,Anna Yamada,anna.yamada23@example.com,New York,Ny,Uk,2023-04-12,Standard,False
TES-C10104,John Rossi,john.rossi872@example.com,Fremont,Ca,De,2022-10-14,Insider,False
TES-C10976,Ben Brown,ben.brown531@example.com,Chicago,Il,Uk,2023-04-08,Standard,False
TES-C8892,liam kim,liam.kim50@example.com,Shanghai,Cn,Cn,2022-05-13,Unknown,False
TES-C8930,Liam Müller,liam.müller749@example.com,San Francisco,Ca,Us,2024-03-24,Standard,False
TES-C7173,David Tanaka,david.tanaka526@example.com,Fremont,Ca,Jp,2025-06-20,Referral Program,False
TES-C6996,Sofia Singh,sofia.singh793@example.com,New York,Ny,De,2021-12-06,Standard,False
TES-C6752,Anna Sharma,anna.sharma25@example.com,Austin,Tx,Uk,2021-09-20,Insider,False
TES-C6915,Vivaan Wang,vivaan.wang147@example.com,Berlin,De,Uk,2023-11-21,Referral Program,False
TES-C4697,Zoe Smith,zoe.smith986@example.com,Fremont,Ca,Ca,2025-07-21,Referral Program,False
TES-C9722,JAMES SINGH,james.singh358@example.com,Miami,Fl,Us,2023-05-19,Unknown,False
TES-C5863,Ava Wang,ava.wang238@example.com,Austin,Tx,Ca,2025-02-05,Unknown,False
TES-C6612,Anna Rossi,anna.rossi267@example.com,Berlin,De,De,2021-05-06,Referral Program,False
TES-C2412, Vivaan Martin ,,Chicago,Il,Cn,2024-05-21,Insider,True
TES-C9413,sofia kumar,sofia.kumar117@example.com,Seattle,Wa,Ca,2025-04-10,Standard,False
TES-C4744,Ava Chen,ava.chen728@example.com,Shanghai,Cn,De,2025-05-22,Referral Program,False
TES-C7074,Michael Yamada,michael.yamada881@example.com,Austin,Tx,Uk,2023-04-27,Referral Program,False
TES-C9604,Li Davis,li.davis675@example.com,Berlin,De,Jp,2022-02-27,Insider,False
TES-C9818,LI WILSON,li.wilson318@example.com,Los Angeles,Ca,Ca,2025-04-28,Standard,False
TES-C4815,Ben Müller,ben.müller135@example.com,New York,Ny,De,2022-06-04,Insider,False
TES-C9945,Ben Suzuki,ben.suzuki732@example.com,San Francisco,Ca,Uk,2023-06-25,Standard,False
TES-C5841,james wang,james.wang769@example.com,Fremont,Ca,Jp,2023-01-21,Standard,False
TES-C1339,John Johnson,john.johnson375@example.com,Shanghai,Cn,Jp,2024-01-08,Referral Program,False
TES-C8155,Sara Lee,sara.lee899@example.com,Shanghai,Cn,Jp,2022-02-20,Unknown,False
TES-C9046,Liam Suzuki,liam.suzuki57@example.com,Chicago,Il,Cn,2024-10-22,Referral Program,False
TES-C3632,Emma Kim,emma.kim481@example.com,Los Angeles,Ca,De,2023-12-26,Referral Program,False
TES-C8782,chen tanaka,chen.tanaka55@example.com,San Francisco,Ca,Jp,2024-05-01,Standard,False
TES-C5072,Rahul Kumar,rahul.kumar83@example.com,Berlin,De,De,2024-07-24,Insider,False
TES-C5078,Carlos Yamada,,Miami,Fl,Cn,2025-12-29,Insider,True
TES-C1747, Aditya Anderson ,aditya.anderson777@example.com,Chicago,Il,Cn,2022-03-28,Standard,False
TES-C1242,Emma Martin,emma.martin775@example.com,Los Angeles,Ca,Uk,2021-08-03,Insider,False
TES-C9605,Sofia Johnson,sofia.johnson833@example.com,Chicago,Il,Uk,2024-05-20,Insider,False
TES-C3566,Li Yamada,li.yamada996@example.com,San Francisco,Ca,Ca,2023-04-09,Unknown,False
TES-C10072,Michael Garcia,michael.garcia758@example.com,Miami,Fl,Ca,2021-05-08,Referral Program,False
TES-C7830,Aditya Patel,aditya.patel155@example.com,New York,Ny,De,2024-01-05,Insider,False
TES-C7033,JAMES KIM,james.kim318@example.com,Seattle,Wa,Cn,2021-04-08,Referral Program,False
TES-C2161,Olivia Chen,olivia.chen558@example.com,Austin,Tx,Uk,2021-07-04,Referral Program,False
TES-C1663,AVA MÜLLER,ava.müller350@example.com,New York,Ny,Us,2023-06-17,Referral Program,False
TES-C1593,michael sharma,michael.sharma359@example.com,San Francisco,Ca,Ca,2023-02-08,Referral Program,False
TES-C1119, Zoe Kim ,zoe.kim22@example.com,Seattle,Wa,Jp,2024-07-03,Standard,False
TES-C5527,Zoe Garcia,zoe.garcia407@example.com,Chicago,Il,De,2023-09-29,Insider,False
TES-C3820,DAVID TANAKA,david.tanaka125@example.com,Berlin,De,De,2023-01-20,Insider,False
TES-C9082,Olivia Kim,olivia.kim644@example.com,San Francisco,Ca,Cn,2021-05-23,Referral Program,False
TES-C5432,BEN SHARMA,ben.sharma848@example.com,Austin,Tx,Cn,2021-04-26,Referral Program,False
TES-C7353,Mohammed Wilson,mohammed.wilson184@example.com,Los Angeles,Ca,Uk,2023-08-22,Insider,False
TES-C1467,ZOE KUMAR,zoe.kumar882@example.com,San Francisco,Ca,Cn,2021-03-19,Insider,False
TES-C7335,james tanaka,james.tanaka691@example.com,Seattle,Wa,Cn,2024-01-23,Standard,False
TES-C5555,Michael Patel,michael.patel90@example.com,Seattle,Wa,Jp,2023-12-31,Standard,False
TES-C10625,Fatima Martin,fatima.martin841@example.com,Los Angeles,Ca,Jp,2024-10-03,Insider,False
TES-C10959,Priya Anderson,priya.anderson786@example.com,Los Angeles,Ca,De,2024-03-31,Referral Program,False
TES-C4269,Wei Wang,wei.wang272@example.com,Miami,Fl,De,2025-07-15,Referral Program,False
TES-C9478,Sofia Yamada,sofia.yamada665@example.com,Shanghai,Cn,Cn,2021-12-24,Referral Program,False
TES-C7576,David Singh,,Austin,Tx,Jp,2025-10-20,Standard,True
TES-C1531,Chen Smith,chen.smith729@example.com,New York,Ny,Us,2022-11-29,Referral Program,False
TES-C4778,Noah Davis,noah.davis336@example.com,Berlin,De,De,2023-01-08,Referral Program,False
TES-C3056,Ben Patel,,New York,Ny,De,2025-07-08,Referral Program,True
TES-C10281, James Khan ,james.khan987@example.com,New York,Ny,Ca,2022-10-10,Standard,False
TES-C10264,Noah Suzuki,noah.suzuki285@example.com,Seattle,Wa,Cn,2022-03-02,Standard,False
TES-C5409,Li Müller,li.müller472@example.com,Berlin,De,Cn,2021-12-29,Insider,False
TES-C6746,Yuki Johnson,yuki.johnson743@example.com,Berlin,De,De,2025-06-14,Insider,False
TES-C9028,Li Singh,li.singh421@example.com,Shanghai,Cn,Ca,2022-03-24,Standard,False
TES-C3445,Priya Smith,priya.smith480@example.com,Miami,Fl,De,2022-05-24,Referral Program,False
TES-C7061,Sofia Rossi,sofia.rossi994@example.com,Seattle,Wa,De,2025-11-12,Standard,False
TES-C2885,Ben Singh,ben.singh462@example.com,Fremont,Ca,Uk,2025-08-05,Standard,False
TES-C4643,Chen Suzuki,chen.suzuki285@example.com,New York,Ny,Ca,2025-04-14,Referral Program,False
TES-C1725,emma davis,emma.davis668@example.com,Seattle,Wa,Uk,2022-12-07,Insider,False
TES-C7453,Ken Tanaka,ken.tanaka597@example.com,Fremont,Ca,Cn,2023-11-04,Insider,False
TES-C9956,Vivaan Tanaka,vivaan.tanaka345@example.com,Miami,Fl,Jp,2023-09-19,Referral Program,False
TES-C1490,Noah Martin,noah.martin145@example.com,Miami,Fl,De,2023-07-12,Standard,False
TES-C1712,john yamada,john.yamada569@example.com,Berlin,De,Cn,2025-11-05,Referral Program,False
TES-C4098,Ava Tanaka,,Berlin,De,Jp,2025-09-20,Referral Program,True
TES-C5094,Vivaan Chen,vivaan.chen944@example.com,Shanghai,Cn,Us,2022-01-07,Referral Program,False
TES-C9511,MOHAMMED SHARMA,mohammed.sharma283@example.com,Shanghai,Cn,Uk,2021-12-13,Referral Program,False
TES-C6327,Ava Patel,ava.patel793@example.com,Miami,Fl,Us,2025-09-19,Insider,False
TES-C2218,Noah Suzuki,noah.suzuki44@example.com,Seattle,Wa,De,2024-09-22,Standard,False
TES-C2837,Ken Lee,ken.lee455@example.com,Miami,Fl,Us,2024-04-22,Referral Program,False
TES-C5095,Priya Kumar,priya.kumar206@example.com,Austin,Tx,Cn,2025-07-21,Insider,False
TES-C8164,Olivia Rossi,olivia.rossi389@example.com,Chicago,Il,Uk,2023-08-15,Insider,False
TES-C6137,Chen Smith,chen.smith620@example.com,Chicago,Il,Uk,2025-06-02,Insider,False
TES-C6443,Sara Lee,sara.lee3@example.com,Fremont,Ca,Uk,2024-07-21,Insider,False
TES-C10196,Yuki Tanaka,yuki.tanaka64@example.com,Fremont,Ca,Uk,2024-05-31,Insider,False
TES-C6592, Ava Wilson ,ava.wilson984@example.com,Seattle,Wa,Jp,2023-01-25,Referral Program,False
TES-C5333,Michael Sharma,michael.sharma54@example.com,San Francisco,Ca,Jp,2023-04-29,Insider,False
TES-C7389,Ken Martin,ken.martin916@example.com,San Francisco,Ca,Uk,2025-03-28,Standard,False
TES-C1655,Olivia Garcia,olivia.garcia268@example.com,Berlin,De,Jp,2024-03-19,Insider,False
TES-C7916,James Chen,james.chen536@example.com,Shanghai,Cn,Ca,2022-07-03,Standard,False
TES-C4660,Wei Kim,wei.kim580@example.com,New York,Ny,Ca,2021-12-19,Standard,False
TES-C6300,Noah Johnson,noah.johnson118@example.com,San Francisco,Ca,Jp,2023-07-18,Unknown,False
TES-C7084,Yuki Kumar,yuki.kumar194@example.com,San Francisco,Ca,De,2021-10-24,Referral Program,False
TES-C1883,Zoe Brown,zoe.brown762@example.com,Fremont,Ca,Cn,2025-05-09,Referral Program,False
TES-C9648,Ken Patel,ken.patel94@example.com,San Francisco,Ca,Ca,2021-07-24,Insider,False
TES-C9423,Emma Lee,emma.lee630@example.com,Austin,Tx,De,2021-04-28,Standard,False
TES-C2824,Aditya Chen,aditya.chen787@example.com,New York,Ny,Cn,2024-02-11,Referral Program,False
TES-C8150,Chen Davis,chen.davis702@example.com,Los Angeles,Ca,Cn,2022-10-09,Standard,False
TES-C1988,Vivaan Wang,vivaan.wang399@example.com,San Francisco,Ca,Ca,2024-11-25,Standard,False
TES-C4219,Chen Rossi,chen.rossi629@example.com,Austin,Tx,Ca,2023-12-25,Standard,False
TES-C8783,Noah Kim,noah.kim464@example.com,Los Angeles,Ca,Us,2021-05-22,Standard,False
TES-C5430,Li Müller,li.müller471@example.com,Miami,Fl,Jp,2024-02-20,Insider,False
TES-C1935,Ken Wilson,ken.wilson201@example.com,Fremont,Ca,Uk,2022-07-31,Insider,False
TES-C6732,Carlos Davis,carlos.davis3@example.com,Berlin,De,Ca,2025-11-03,Standard,False
TES-C3486,Zoe Johnson,zoe.johnson95@example.com,San Francisco,Ca,Uk,2025-05-30,Insider,False
TES-C5320,Noah Chen,noah.chen262@example.com,Miami,Fl,Cn,2022-06-10,Referral Program,False
TES-C1553,Ken Khan,ken.khan688@example.com,San Francisco,Ca,Cn,2022-01-21,Standard,False
TES-C10466,chen smith,chen.smith82@example.com,Austin,Tx,De,2022-10-03,Insider,False
TES-C9647,Zoe Singh,zoe.singh472@example.com,Fremont,Ca,Us,2025-02-26,Referral Program,False
TES-C10204,John Garcia,john.garcia612@example.com,Miami,Fl,Ca,2023-11-26,Standard,False
TES-C6540,SOFIA KUMAR,sofia.kumar227@example.com,Shanghai,Cn,Uk,2021-03-08,Insider,False
TES-C8111,sofia suzuki,sofia.suzuki784@example.com,Austin,Tx,Us,2021-04-02,Insider,False
TES-C7455,Mohammed Garcia,mohammed.garcia346@example.com,Los Angeles,Ca,Uk,2024-10-02,Referral Program,False
TES-C8732,Ken Rossi,ken.rossi927@example.com,New York,Ny,Uk,2024-09-19,Insider,False
TES-C9864,PRIYA SINGH,priya.singh709@example.com,San Francisco,Ca,Cn,2024-06-24,Insider,False
TES-C2167,Ben Kim,ben.kim532@example.com,Fremont,Ca,Us,2024-07-26,Standard,False
TES-C2351,Olivia Kumar,olivia.kumar533@example.com,Shanghai,Cn,Ca,2024-04-03,Standard,False
TES-C2220,vivaan yamada,vivaan.yamada819@example.com,Seattle,Wa,Jp,2021-02-15,Insider,False
TES-C10562,Liam Wang,liam.wang238@example.com,San Francisco,Ca,Cn,2023-04-30,Insider,False
TES-C1230,Fatima Davis,fatima.davis668@example.com,Berlin,De,De,2021-03-05,Referral Program,False
TES-C8286,David Martin,david.martin835@example.com,Miami,Fl,Jp,2022-04-13,Referral Program,False
TES-C3367,Emma Wilson,emma.wilson951@example.com,Miami,Fl,Ca,2025-09-15,Referral Program,False
TES-C6318,olivia smith,olivia.smith404@example.com,Chicago,Il,De,2021-10-09,Insider,False
TES-C1321,James Rossi,james.rossi483@example.com,Seattle,Wa,Us,2022-02-18,Insider,False
TES-C8626,Sofia Khan,sofia.khan882@example.com,Shanghai,Cn,Us,2024-07-07,Referral Program,False
TES-C8663,David Brown,david.brown692@example.com,Chicago,Il,De,2021-09-19,Insider,False
TES-C8697,Sara Martin,,Austin,Tx,Cn,2021-11-12,Referral Program,True
TES-C4130,Michael Yamada,michael.yamada139@example.com,Fremont,Ca,Uk,2021-05-07,Standard,False
TES-C7910,Chen Khan,chen.khan352@example.com,Miami,Fl,Jp,2022-12-29,Referral Program,False
TES-C8501,FATIMA SINGH,fatima.singh819@example.com,Shanghai,Cn,Jp,2022-12-04,Standard,False
TES-C7977,Michael Khan,michael.khan556@example.com,Berlin,De,Uk,2023-11-18,Standard,False
TES-C2757,Fatima Brown,,New York,Ny,Us,2023-04-21,Referral Program,True
TES-C9957,Aditya Brown,,New York,Ny,Cn,2021-01-01,Insider,True
TES-C7717,Yuki Yamada,yuki.yamada633@example.com,Austin,Tx,Ca,2022-11-10,Referral Program,False
TES-C8970,Michael Davis,michael.davis319@example.com,Shanghai,Cn,Uk,2024-05-12,Unknown,False
TES-C9441,wei khan,wei.khan971@example.com,Los Angeles,Ca,Us,2024-04-10,Insider,False
TES-C6100,Vivaan Khan,vivaan.khan77@example.com,Seattle,Wa,Cn,2023-02-25,Referral Program,False
TES-C5015,Ava Tanaka,ava.tanaka985@example.com,Seattle,Wa,Us,2023-06-28,Standard,False
TES-C1727,Noah Singh,noah.singh289@example.com,Seattle,Wa,Ca,2021-07-14,Insider,False
TES-C1966,Yuki Johnson,yuki.johnson855@example.com,Fremont,Ca,De,2022-11-27,Insider,False
TES-C9297,Aarav Brown,aarav.brown855@example.com,Los Angeles,Ca,Uk,2024-10-12,Standard,False
TES-C2083,Liam Anderson,liam.anderson319@example.com,Fremont,Ca,Uk,2022-04-19,Standard,False
TES-C10780,VIVAAN MARTIN,,Chicago,Il,De,2021-05-20,Referral Program,True
TES-C2626,Michael Tanaka,michael.tanaka947@example.com,Austin,Tx,Cn,2025-08-12,Unknown,False
TES-C7815,rahul sharma,rahul.sharma717@example.com,Los Angeles,Ca,Jp,2022-08-16,Referral Program,False
TES-C10359,Noah Anderson,noah.anderson857@example.com,Chicago,Il,Ca,2022-12-31,Referral Program,False
TES-C1666,Vivaan Smith,vivaan.smith439@example.com,Miami,Fl,Jp,2024-09-14,Referral Program,False
TES-C2471,Michael Rossi,michael.rossi739@example.com,Miami,Fl,Us,2025-04-03,Insider,False
TES-C3742,Olivia Patel,olivia.patel369@example.com,Berlin,De,Ca,2023-08-14,Referral Program,False
TES-C7669,carlos smith,carlos.smith902@example.com,Austin,Tx,Cn,2022-08-16,Standard,False
TES-C9489,Li Brown,li.brown906@example.com,Miami,Fl,Jp,2025-12-20,Standard,False
TES-C3953,Maria Rossi,maria.rossi151@example.com,Shanghai,Cn,Us,2023-07-21,Standard,False
TES-C5511,Sara Sharma,sara.sharma700@example.com,Berlin,De,Jp,2025-01-31,Standard,False
TES-C6590, John Smith ,john.smith737@example.com,Austin,Tx,De,2022-05-12,Unknown,False
TES-C2344,zoe chen,zoe.chen467@example.com,Chicago,Il,De,2024-08-06,Standard,False
TES-C4143,Yuki Johnson,yuki.johnson323@example.com,Austin,Tx,Us,2022-03-12,Referral Program,False
TES-C10797,Priya Wilson,priya.wilson756@example.com,Austin,Tx,Uk,2023-01-21,Insider,False
TES-C10403,Priya Lee,priya.lee783@example.com,Berlin,De,De,2022-12-09,Referral Program,False
TES-C4040,FATIMA BROWN,fatima.brown851@example.com,San Francisco,Ca,Uk,2022-05-12,Referral Program,False
TES-C7722,Olivia Garcia,olivia.garcia408@example.com,Shanghai,Cn,Jp,2024-07-12,Referral Program,False
TES-C5602,Fatima Müller,,New York,Ny,Us,2024-05-29,Referral Program,True
TES-C10313,OLIVIA TANAKA,olivia.tanaka249@example.com,Fremont,Ca,De,2024-09-06,Insider,False
TES-C5451,Liam Johnson,liam.johnson932@example.com,San Francisco,Ca,Uk,2022-05-28,Referral Program,False
TES-C10609,anna wang,anna.wang743@example.com,New York,Ny,Uk,2025-05-16,Unknown,False
TES-C7493,Rahul Brown,rahul.brown634@example.com,Austin,Tx,Ca,2024-03-19,Standard,False
TES-C6423,Olivia Smith,olivia.smith802@example.com,Miami,Fl,Jp,2021-09-07,Referral Program,False
TES-C6747,Emma Wilson,emma.wilson420@example.com,Berlin,De,Us,2022-06-06,Referral Program,False
TES-C4773,OLIVIA SINGH,,Seattle,Wa,Jp,2021-10-04,Insider,True
TES-C5202,Wei Lee,wei.lee589@example.com,Shanghai,Cn,Cn,2025-05-03,Standard,False
TES-C9044,Noah Khan,noah.khan582@example.com,Berlin,De,Jp,2021-05-12,Insider,False
TES-C4481,Emma Rossi,emma.rossi690@example.com,Fremont,Ca,Ca,2023-03-08,Standard,False
TES-C2441,Aditya Singh,aditya.singh829@example.com,Shanghai,Cn,Jp,2021-08-29,Insider,False
TES-C6475,Liam Wilson,liam.wilson517@example.com,San Francisco,Ca,De,2022-07-17,Referral Program,False
TES-C4270,Zoe Singh,zoe.singh738@example.com,New York,Ny,Uk,2021-02-23,Insider,False
TES-C7782,michael sharma,michael.sharma466@example.com,Berlin,De,Jp,2022-07-23,Standard,False
TES-C8033,liam patel,liam.patel421@example.com,New York,Ny,Cn,2025-02-08,Standard,False
TES-C8442,Rahul Brown,rahul.brown52@example.com,Seattle,Wa,Us,2022-11-25,Standard,False
TES-C1003,Michael Wilson,michael.wilson319@example.com,Miami,Fl,Uk,2023-05-13,Referral Program,False
TES-C1879,Ava Davis,ava.davis364@example.com,Berlin,De,Us,2023-11-20,Insider,False
TES-C1413,Chen Suzuki,,Fremont,Ca,Uk,2023-08-22,Insider,True
TES-C2059,Zoe Lee,zoe.lee806@example.com,Seattle,Wa,Us,2025-03-16,Unknown,False
TES-C7963,Vivaan Garcia,vivaan.garcia70@example.com,Chicago,Il,Ca,2024-05-19,Insider,False
TES-C10368,RAHUL CHEN,rahul.chen849@example.com,Berlin,De,Uk,2023-09-11,Insider,False
TES-C4848,Yuki Wilson,yuki.wilson911@example.com,Austin,Tx,De,2021-05-03,Unknown,False
TES-C2142,Yuki Tanaka,yuki.tanaka548@example.com,Fremont,Ca,Us,2021-10-06,Referral Program,False
TES-C9417,Vivaan Rossi,vivaan.rossi544@example.com,Austin,Tx,Ca,2023-02-12,Standard,False
TES-C10168,Zoe Johnson,zoe.johnson613@example.com,Los Angeles,Ca,Cn,2025-08-21,Insider,False
TES-C2826,Carlos Johnson,carlos.johnson478@example.com,New York,Ny,Jp,2021-07-24,Unknown,False
TES-C5878,Zoe Smith,zoe.smith321@example.com,Seattle,Wa,Uk,2023-03-30,Insider,False
TES-C5913,Yuki Sharma,yuki.sharma436@example.com,Berlin,De,De,2021-06-04,Referral Program,False
TES-C8985,Sara Müller,sara.müller331@example.com,Austin,Tx,Us,2025-03-27,Standard,False
TES-C5071,Vivaan Müller,vivaan.müller359@example.com,San Francisco,Ca,Cn,2025-08-26,Standard,False
TES-C4761,Wei Lee,wei.lee240@example.com,Chicago,Il,De,2022-08-13,Referral Program,False
TES-C6856,Anna Singh,anna.singh718@example.com,San Francisco,Ca,Jp,2021-05-19,Standard,False
TES-C1682,Aarav Singh,aarav.singh40@example.com,Berlin,De,Ca,2025-09-20,Standard,False
TES-C8047,Liam Lee,liam.lee475@example.com,New York,Ny,De,2023-06-03,Insider,False
TES-C1528,Emma Tanaka,,Shanghai,Cn,Jp,2023-08-18,Referral Program,True
TES-C2455,Ava Wang,ava.wang398@example.com,San Francisco,Ca,Ca,2021-03-30,Insider,False
TES-C7119,EMMA CHEN,emma.chen452@example.com,Austin,Tx,Ca,2024-10-28,Standard,False
TES-C2509,Aarav Wang,,Los Angeles,Ca,Uk,2021-07-03,Referral Program,True
TES-C5444,Priya Lee,priya.lee757@example.com,New York,Ny,Jp,2024-02-25,Standard,False
TES-C2256,Chen Lee,chen.lee885@example.com,Miami,Fl,Uk,2022-06-04,Unknown,False
TES-C4191,Zoe Martin,zoe.martin487@example.com,Seattle,Wa,Ca,2022-10-27,Referral Program,False
TES-C7092,PRIYA DAVIS,priya.davis234@example.com,San Francisco,Ca,Jp,2022-01-09,Referral Program,False
TES-C7826,BEN ANDERSON,ben.anderson362@example.com,Austin,Tx,De,2022-04-01,Standard,False
TES-C9879,Ben Patel,ben.patel225@example.com,Los Angeles,Ca,Us,2023-01-08,Insider,False
TES-C6192,aarav wang,aarav.wang950@example.com,Los Angeles,Ca,De,2025-07-21,Insider,False
TES-C8238,ANNA DAVIS,anna.davis18@example.com,Shanghai,Cn,De,2022-09-25,Insider,False
TES-C4208,Ben Suzuki,ben.suzuki910@example.com,Berlin,De,Cn,2025-05-10,Standard,False
TES-C10895,SARA CHEN,sara.chen124@example.com,Miami,Fl,De,2021-10-24,Insider,False
TES-C8695,MOHAMMED PATEL,mohammed.patel466@example.com,Chicago,Il,Us,2024-01-03,Standard,False
TES-C4400,Rahul Brown,rahul.brown599@example.com,Chicago,Il,Uk,2021-01-25,Standard,False
TES-C6688,Chen Singh,,New York,Ny,Uk,2023-09-24,Unknown,True
TES-C4103,Anna Sharma,anna.sharma591@example.com,Shanghai,Cn,Cn,2023-12-18,Standard,False
TES-C7462,Emma Singh,emma.singh525@example.com,Miami,Fl,Uk,2021-06-12,Standard,False
TES-C1892,Aarav Yamada,aarav.yamada164@example.com,Miami,Fl,De,2023-01-28,Standard,False
TES-C3957,Vivaan Davis,vivaan.davis767@example.com,Chicago,Il,De,2022-11-09,Referral Program,False
TES-C8567,maria brown,maria.brown646@example.com,San Francisco,Ca,Uk,2021-09-08,Insider,False
TES-C7635,Liam Garcia,liam.garcia831@example.com,San Francisco,Ca,Cn,2022-11-06,Referral Program,False
TES-C6003,Sara Martin,sara.martin750@example.com,Berlin,De,Ca,2022-03-27,Insider,False
TES-C10070,emma sharma,emma.sharma710@example.com,Shanghai,Cn,Cn,2021-11-07,Insider,False
TES-C10019, Ben Wilson ,ben.wilson347@example.com,Austin,Tx,Cn,2022-05-08,Unknown,False
TES-C9068,Maria Khan,maria.khan222@example.com,San Francisco,Ca,Uk,2024-02-27,Standard,False
TES-C10764,Yuki Smith,,Fremont,Ca,Cn,2022-11-13,Insider,True
TES-C9726,Yuki Müller,yuki.müller537@example.com,Chicago,Il,De,2022-09-07,Standard,False
TES-C4880,Michael Suzuki,michael.suzuki890@example.com,Shanghai,Cn,Jp,2025-02-24,Referral Program,False
TES-C3480,WEI YAMADA,wei.yamada856@example.com,Fremont,Ca,Ca,2021-08-01,Unknown,False
TES-C4325,Aarav Khan,aarav.khan983@example.com,Berlin,De,Uk,2024-02-24,Referral Program,False
TES-C4024, Li Yamada ,li.yamada651@example.com,Austin,Tx,Us,2022-05-17,Insider,False
TES-C1334,Sara Khan,sara.khan414@example.com,San Francisco,Ca,Uk,2024-09-10,Standard,False
TES-C4476,Olivia Kumar,olivia.kumar805@example.com,Chicago,Il,De,2025-03-24,Insider,False
TES-C7861,Li Brown,li.brown500@example.com,Seattle,Wa,De,2025-11-07,Standard,False
TES-C1913,John Yamada,john.yamada910@example.com,Los Angeles,Ca,Cn,2022-09-10,Standard,False
TES-C6042,Wei Khan,wei.khan401@example.com,San Francisco,Ca,Uk,2023-06-28,Referral Program,False
TES-C2728,Li Davis,li.davis499@example.com,Austin,Tx,Cn,2024-01-01,Insider,False
TES-C4846, Maria Patel ,maria.patel638@example.com,Los Angeles,Ca,De,2023-02-17,Insider,False
TES-C10091,fatima tanaka,fatima.tanaka544@example.com,Chicago,Il,Jp,2023-05-14,Insider,False
TES-C10608,Anna Lee,anna.lee151@example.com,Los Angeles,Ca,Uk,2021-06-03,Insider,False
TES-C8847,Michael Rossi,,Los Angeles,Ca,Cn,2024-07-09,Unknown,True
TES-C8226,Li Kim,li.kim127@example.com,Los Angeles,Ca,Ca,2022-11-23,Standard,False
TES-C7651,Michael Singh,michael.singh563@example.com,Fremont,Ca,De,2023-01-14,Unknown,False
TES-C2651,Li Wang,li.wang5@example.com,Fremont,Ca,Ca,2024-06-24,Unknown,False
TES-C3868,sofia rossi,sofia.rossi315@example.com,Chicago,Il,Jp,2023-08-17,Insider,False
TES-C9040,olivia khan,olivia.khan730@example.com,Berlin,De,Uk,2023-12-06,Referral Program,False
TES-C4106,Noah Chen,noah.chen826@example.com,San Francisco,Ca,De,2023-01-10,Referral Program,False
TES-C6730,Emma Yamada,emma.yamada414@example.com,Austin,Tx,Jp,2025-04-08,Standard,False
TES-C2575,Liam Wilson,liam.wilson399@example.com,Berlin,De,De,2022-05-03,Standard,False
TES-C4301,Li Müller,li.müller802@example.com,Miami,Fl,Us,2024-10-06,Referral Program,False
TES-C3542,JOHN DAVIS,john.davis240@example.com,Shanghai,Cn,De,2021-08-04,Standard,False
TES-C1897,BEN ROSSI,ben.rossi954@example.com,Miami,Fl,Uk,2022-09-13,Unknown,False
TES-C5792,fatima lee,,Fremont,Ca,Ca,2021-02-01,Standard,True
TES-C6860,james smith,james.smith256@example.com,Chicago,Il,Uk,2023-07-23,Referral Program,False
TES-C9739,Li Wilson,li.wilson462@example.com,Austin,Tx,De,2023-01-04,Standard,False
TES-C3958,CARLOS YAMADA,carlos.yamada711@example.com,Los Angeles,Ca,De,2024-06-19,Standard,False
TES-C2553,liam singh,liam.singh633@example.com,Austin,Tx,Cn,2021-03-30,Referral Program,False
TES-C7182,Noah Lee,noah.lee378@example.com,Shanghai,Cn,Uk,2025-10-02,Standard,False
TES-C1652,Aditya Lee,aditya.lee323@example.com,Shanghai,Cn,Ca,2025-01-15,Insider,False
TES-C5762,Carlos Anderson,carlos.anderson896@example.com,Fremont,Ca,Jp,2025-08-26,Standard,False
TES-C3707,Li Wang,li.wang830@example.com,New York,Ny,De,2021-12-09,Insider,False
TES-C6599,Michael Wang,michael.wang185@example.com,Los Angeles,Ca,Jp,2024-02-12,Standard,False
TES-C2482,Noah Kumar,noah.kumar290@example.com,Austin,Tx,Cn,2021-08-10,Insider,False
TES-C2976,Priya Suzuki,,San Francisco,Ca,Uk,2023-05-08,Referral Program,True
TES-C4817,PRIYA LEE,priya.lee399@example.com,Chicago,Il,De,2022-04-05,Referral Program,False
TES-C6977,Ken Tanaka,,Los Angeles,Ca,Cn,2021-05-08,Referral Program,True
TES-C8363,Vivaan Brown,vivaan.brown555@example.com,Miami,Fl,Us,2024-02-27,Referral Program,False
TES-C5500,Vivaan Khan,vivaan.khan554@example.com,Austin,Tx,Ca,2024-05-15,Standard,False
TES-C4490,Chen Wilson,chen.wilson202@example.com,Berlin,De,Cn,2024-12-25,Insider,False
TES-C3192,Noah Wang,noah.wang443@example.com,Seattle,Wa,Ca,2025-10-14,Insider,False
TES-C9214,Yuki Garcia,yuki.garcia834@example.com,Miami,Fl,De,2025-05-04,Referral Program,False
TES-C3715,Mohammed Davis,mohammed.davis773@example.com,Los Angeles,Ca,Us,2023-02-04,Insider,False
TES-C3363,James Kumar,james.kumar311@example.com,Seattle,Wa,De,2025-04-16,Referral Program,False
TES-C10419,Zoe Patel,zoe.patel466@example.com,San Francisco,Ca,De,2024-09-24,Unknown,False
TES-C7444,John Garcia,,Berlin,De,Us,2022-12-28,Standard,True
TES-C7118,Rahul Yamada,,Berlin,De,Ca,2024-09-01,Insider,True
TES-C5326,SOFIA KHAN,,San Francisco,Ca,Ca,2021-01-02,Insider,True
TES-C2785,Ben Singh,,Miami,Fl,De,2022-07-10,Insider,True
TES-C5746,Olivia Suzuki,olivia.suzuki216@example.com,Austin,Tx,Jp,2021-11-01,Standard,False
TES-C5930,Aarav Tanaka,aarav.tanaka871@example.com,Seattle,Wa,Cn,2025-11-20,Referral Program,False
TES-C7641,Liam Sharma,liam.sharma153@example.com,New York,Ny,Us,2023-06-28,Insider,False
TES-C10018,KEN ANDERSON,ken.anderson942@example.com,Los Angeles,Ca,Us,2021-01-09,Insider,False
TES-C8974, Olivia Wang ,olivia.wang755@example.com,Seattle,Wa,Us,2025-06-01,Referral Program,False
TES-C5212,Priya Patel,priya.patel715@example.com,Seattle,Wa,Jp,2023-05-11,Standard,False
TES-C7221,David Singh,david.singh215@example.com,Los Angeles,Ca,Cn,2024-09-03,Referral Program,False
TES-C3652,Wei Yamada,wei.yamada241@example.com,Berlin,De,Cn,2025-09-17,Insider,False
TES-C2080,Li Singh,li.singh40@example.com,New York,Ny,Jp,2023-04-01,Referral Program,False
TES-C9753,Aditya Wang,,Austin,Tx,De,2023-09-10,Referral Program,True
TES-C9157,Ken Martin,ken.martin2@example.com,Seattle,Wa,Us,2023-02-18,Insider,False
TES-C10773,Maria Singh,maria.singh735@example.com,Fremont,Ca,Us,2022-07-31,Referral Program,False
TES-C4078,Liam Wilson,liam.wilson508@example.com,Chicago,Il,Uk,2024-07-19,Referral Program,False
TES-C5713, James Suzuki ,james.suzuki493@example.com,Seattle,Wa,Jp,2022-04-20,Insider,False
TES-C7362,zoe smith,zoe.smith449@example.com,Chicago,Il,De,2021-07-11,Insider,False
TES-C6947,Li Garcia,li.garcia416@example.com,New York,Ny,Us,2024-02-07,Insider,False
TES-C2423,John Patel,john.patel997@example.com,Shanghai,Cn,Cn,2022-11-25,Standard,False
TES-C10498,Ben Martin,ben.martin169@example.com,Berlin,De,Jp,2021-09-02,Standard,False
TES-C3201,Ava Wilson,ava.wilson410@example.com,Fremont,Ca,Cn,2025-06-19,Standard,False
TES-C1419,NOAH GARCIA,noah.garcia659@example.com,Austin,Tx,Us,2021-05-24,Standard,False
TES-C3301,Michael Kim,michael.kim273@example.com,Miami,Fl,De,2024-05-11,Standard,False
TES-C4908,michael sharma,michael.sharma194@example.com,Shanghai,Cn,Us,2023-03-02,Standard,False
TES-C8136,CARLOS CHEN,carlos.chen335@example.com,Chicago,Il,De,2024-06-18,Standard,False
TES-C8833,David Tanaka,david.tanaka656@example.com,Seattle,Wa,Ca,2021-10-19,Unknown,False
TES-C3903,priya kim,priya.kim176@example.com,Miami,Fl,Uk,2025-01-24,Referral Program,False
TES-C8361,Zoe Tanaka,zoe.tanaka205@example.com,Austin,Tx,Us,2023-08-29,Referral Program,False
TES-C9778,sofia wang,sofia.wang632@example.com,Chicago,Il,Jp,2024-09-12,Referral Program,False
TES-C6964,Noah Smith,noah.smith354@example.com,San Francisco,Ca,Us,2021-02-09,Insider,False
TES-C7461,Ben Anderson,ben.anderson158@example.com,Seattle,Wa,Ca,2022-08-21,Referral Program,False
TES-C7430,David Kim,david.kim633@example.com,San Francisco,Ca,De,2023-12-30,Referral Program,False
TES-C1761,yuki garcia,yuki.garcia151@example.com,San Francisco,Ca,Uk,2024-04-05,Insider,False
TES-C8969,Ken Suzuki,ken.suzuki948@example.com,Berlin,De,Cn,2023-12-30,Standard,False
TES-C7973,JAMES WANG,james.wang896@example.com,Miami,Fl,Uk,2021-04-07,Insider,False
TES-C4016,Aditya Smith,aditya.smith499@example.com,San Francisco,Ca,Ca,2025-03-01,Referral Program,False
TES-C7180,David Khan,david.khan16@example.com,Los Angeles,Ca,De,2021-07-31,Standard,False
TES-C8651,Mohammed Yamada,mohammed.yamada680@example.com,Los Angeles,Ca,Uk,2022-09-23,Referral Program,False
TES-C1595,Michael Smith,michael.smith977@example.com,San Francisco,Ca,Cn,2023-10-31,Referral Program,False
TES-C1849,Carlos Kumar,carlos.kumar912@example.com,Fremont,Ca,Jp,2025-01-29,Standard,False
TES-C2522,James Anderson,james.anderson598@example.com,Berlin,De,De,2024-07-16,Standard,False
TES-C8110,Chen Singh,chen.singh585@example.com,Seattle,Wa,Cn,2024-04-01,Insider,False
TES-C6834,Ben Suzuki,ben.suzuki475@example.com,Shanghai,Cn,Ca,2022-07-19,Referral Program,False
TES-C5934,Liam Anderson,liam.anderson677@example.com,San Francisco,Ca,Cn,2021-09-18,Insider,False
TES-C7371,sofia khan,sofia.khan474@example.com,San Francisco,Ca,Us,2022-03-02,Insider,False
TES-C4929,Aarav Chen,aarav.chen635@example.com,Chicago,Il,Us,2021-04-07,Insider,False
TES-C10590,Yuki Patel,yuki.patel772@example.com,Shanghai,Cn,Cn,2021-10-27,Insider,False
TES-C5653,Noah Wilson,noah.wilson245@example.com,Los Angeles,Ca,Us,2023-07-01,Standard,False
TES-C4927,Ava Wilson,ava.wilson696@example.com,Seattle,Wa,Uk,2025-01-04,Standard,False
TES-C5466,Anna Singh,anna.singh899@example.com,Shanghai,Cn,Ca,2024-03-29,Standard,False
TES-C10783,Ken Anderson,ken.anderson402@example.com,Los Angeles,Ca,De,2021-07-12,Standard,False
TES-C7236,Vivaan Yamada,vivaan.yamada433@example.com,Berlin,De,Cn,2025-11-05,Referral Program,False
TES-C9830,Wei Suzuki,wei.suzuki807@example.com,San Francisco,Ca,Ca,2024-08-06,Referral Program,False
TES-C7667,Zoe Brown,zoe.brown739@example.com,Los Angeles,Ca,Us,2023-01-30,Standard,False
TES-C9323,Fatima Müller,fatima.müller709@example.com,Shanghai,Cn,Jp,2021-05-21,Standard,False
TES-C4352,Noah Khan,noah.khan28@example.com,Fremont,Ca,Jp,2021-12-09,Referral Program,False
TES-C4071,YUKI ANDERSON,yuki.anderson826@example.com,Shanghai,Cn,Ca,2022-10-17,Referral Program,False
TES-C7983,noah kumar,noah.kumar388@example.com,Shanghai,Cn,Cn,2021-11-21,Standard,False
TES-C2767,JAMES ANDERSON,james.anderson865@example.com,Los Angeles,Ca,Uk,2024-04-03,Insider,False
TES-C5369,Sofia Singh,sofia.singh385@example.com,Seattle,Wa,De,2022-08-30,Standard,False
TES-C6468,Wei Suzuki,wei.suzuki84@example.com,Berlin,De,Cn,2023-09-20,Referral Program,False
TES-C7870,Rahul Müller,rahul.müller503@example.com,New York,Ny,De,2025-07-12,Insider,False
TES-C7559, Maria Brown ,maria.brown400@example.com,Shanghai,Cn,Ca,2021-03-19,Standard,False
TES-C10795,james kim,james.kim731@example.com,Austin,Tx,Ca,2021-10-28,Referral Program,False
TES-C8992,Ava Yamada,ava.yamada215@example.com,Fremont,Ca,Cn,2025-07-29,Referral Program,False
TES-C6691,Ken Lee,ken.lee310@example.com,Berlin,De,De,2025-02-26,Insider,False
TES-C1122,Li Rossi,li.rossi324@example.com,Seattle,Wa,Jp,2022-12-22,Insider,False
TES-C10390, Mohammed Wang ,mohammed.wang627@example.com,Seattle,Wa,Us,2024-05-23,Standard,False
TES-C9590,Sofia Tanaka,sofia.tanaka19@example.com,Austin,Tx,Ca,2023-10-04,Insider,False
TES-C4799,Ava Brown,ava.brown74@example.com,Shanghai,Cn,Cn,2025-03-06,Standard,False
TES-C7011,Yuki Smith,yuki.smith128@example.com,New York,Ny,Ca,2021-06-22,Insider,False
TES-C4692,Olivia Patel,olivia.patel599@example.com,Fremont,Ca,Jp,2022-05-21,Standard,False
TES-C5542,michael müller,michael.müller945@example.com,Seattle,Wa,Jp,2024-03-03,Referral Program,False
TES-C5141,Sofia Brown,sofia.brown460@example.com,Austin,Tx,Ca,2024-05-09,Unknown,False
TES-C7936,John Singh,john.singh709@example.com,San Francisco,Ca,Us,2021-11-08,Standard,False
TES-C5244,Mohammed Müller,mohammed.müller717@example.com,Los Angeles,Ca,Jp,2022-02-15,Insider,False
TES-C9313,david anderson,david.anderson564@example.com,Los Angeles,Ca,Cn,2022-10-10,Standard,False
TES-C3884,Wei Patel,wei.patel13@example.com,Los Angeles,Ca,Ca,2025-08-04,Standard,False
TES-C1267,Liam Smith,liam.smith910@example.com,San Francisco,Ca,Jp,2024-02-11,Referral Program,False
TES-C4229,DAVID SMITH,david.smith533@example.com,Shanghai,Cn,Jp,2022-01-29,Standard,False
TES-C7185,Anna Kumar,anna.kumar584@example.com,Seattle,Wa,Jp,2022-06-15,Insider,False
TES-C6223,Vivaan Anderson,vivaan.anderson709@example.com,New York,Ny,Jp,2025-06-08,Standard,False
TES-C8849,Sara Kumar,sara.kumar876@example.com,Miami,Fl,Ca,2022-03-21,Insider,False
TES-C8478,Anna Suzuki,anna.suzuki491@example.com,Los Angeles,Ca,De,2021-08-21,Standard,False
TES-C3171,Yuki Wilson,,Shanghai,Cn,De,2022-08-08,Referral Program,True
TES-C5357,Mohammed Kumar,mohammed.kumar754@example.com,Miami,Fl,Ca,2023-02-03,Standard,False
TES-C9304,john tanaka,john.tanaka696@example.com,Berlin,De,De,2023-01-01,Insider,False
TES-C9016, Carlos Garcia ,carlos.garcia223@example.com,Austin,Tx,Cn,2024-09-07,Standard,False
TES-C7006,Chen Kim,chen.kim132@example.com,Chicago,Il,De,2024-10-25,Referral Program,False
TES-C3085,Sofia Lee,sofia.lee855@example.com,Seattle,Wa,Cn,2022-05-11,Standard,False
TES-C2144,Zoe Smith,zoe.smith153@example.com,Austin,Tx,Ca,2023-02-20,Referral Program,False
TES-C3885, Vivaan Suzuki ,vivaan.suzuki453@example.com,Austin,Tx,Cn,2023-04-29,Standard,False
TES-C8001, Ava Smith ,ava.smith983@example.com,Austin,Tx,Cn,2022-11-01,Insider,False
TES-C2988,Sara Johnson,,San Francisco,Ca,Ca,2025-09-23,Standard,True
TES-C9712,Wei Tanaka,wei.tanaka683@example.com,Seattle,Wa,Cn,2022-05-10,Unknown,False
TES-C6728,Aditya Johnson,aditya.johnson371@example.com,Los Angeles,Ca,Us,2023-12-09,Unknown,False
TES-C2680,Zoe Lee,zoe.lee711@example.com,Chicago,Il,Us,2023-11-19,Insider,False
TES-C3273,Mohammed Tanaka,mohammed.tanaka176@example.com,Berlin,De,Us,2024-12-16,Insider,False
TES-C7148,Maria Chen,maria.chen465@example.com,Shanghai,Cn,De,2023-12-30,Unknown,False
TES-C8730,Ben Martin,ben.martin85@example.com,Miami,Fl,Ca,2023-08-28,Referral Program,False
TES-C8152,Ken Anderson,ken.anderson366@example.com,Berlin,De,De,2023-05-11,Insider,False
TES-C2016,SOFIA JOHNSON,sofia.johnson486@example.com,Berlin,De,Cn,2021-08-20,Standard,False
TES-C9024,Ben Chen,ben.chen125@example.com,New York,Ny,Us,2022-07-05,Standard,False
TES-C7655,Noah Yamada,noah.yamada933@example.com,New York,Ny,Us,2024-04-02,Referral Program,False
TES-C5068,Michael Wang,michael.wang410@example.com,Berlin,De,Ca,2023-04-12,Referral Program,False
TES-C3072,Yuki Brown,yuki.brown355@example.com,Shanghai,Cn,Cn,2021-08-19,Insider,False
TES-C8834,FATIMA KIM,fatima.kim711@example.com,Los Angeles,Ca,Cn,2022-02-20,Standard,False
TES-C6684,Vivaan Rossi,vivaan.rossi368@example.com,Chicago,Il,Jp,2021-11-07,Insider,False
TES-C2118,Rahul Wilson,,San Francisco,Ca,Ca,2025-11-23,Insider,True
TES-C10241,Vivaan Müller,vivaan.müller124@example.com,San Francisco,Ca,Uk,2022-08-02,Standard,False
TES-C1918,Maria Patel,maria.patel135@example.com,Seattle,Wa,Uk,2023-01-17,Standard,False
TES-C6071,Ken Tanaka,ken.tanaka109@example.com,San Francisco,Ca,Jp,2021-07-03,Insider,False
TES-C10966,Zoe Anderson,zoe.anderson611@example.com,New York,Ny,De,2021-11-19,Insider,False
TES-C4185,Noah Garcia,noah.garcia561@example.com,Chicago,Il,Us,2025-05-17,Insider,False
TES-C10220,Aditya Kim,,Miami,Fl,Uk,2025-01-31,Insider,True
TES-C1938,John Suzuki,john.suzuki6@example.com,Berlin,De,Us,2023-11-29,Referral Program,False
TES-C8185,Emma Suzuki,emma.suzuki210@example.com,Seattle,Wa,De,2025-12-13,Referral Program,False
TES-C7813,liam singh,liam.singh400@example.com,New York,Ny,Ca,2025-02-04,Standard,False
TES-C3508,Sofia Tanaka,sofia.tanaka892@example.com,Shanghai,Cn,De,2023-01-22,Insider,False
TES-C9287,Sofia Chen,sofia.chen742@example.com,Seattle,Wa,Cn,2024-10-24,Referral Program,False
TES-C6686,Olivia Patel,olivia.patel645@example.com,Seattle,Wa,Us,2025-01-07,Insider,False
TES-C4102,Anna Martin,anna.martin124@example.com,Berlin,De,Ca,2021-02-23,Standard,False
TES-C9554,Olivia Chen,olivia.chen947@example.com,San Francisco,Ca,Uk,2025-06-18,Unknown,False
TES-C7850,Sara Yamada,sara.yamada508@example.com,Shanghai,Cn,Cn,2024-06-02,Standard,False
TES-C4322, John Kim ,john.kim224@example.com,Chicago,Il,Jp,2024-05-20,Standard,False
TES-C1131,Mohammed Kim,mohammed.kim350@example.com,Fremont,Ca,Ca,2021-07-07,Unknown,False
TES-C8461,Vivaan Chen,vivaan.chen605@example.com,Miami,Fl,De,2021-12-02,Standard,False
TES-C10661,Priya Müller,priya.müller801@example.com,Shanghai,Cn,Cn,2021-07-05,Standard,False
TES-C3467,Aarav Johnson,,Fremont,Ca,Us,2025-08-01,Referral Program,True
TES-C9010,Sofia Wang,sofia.wang202@example.com,San Francisco,Ca,Cn,2021-07-11,Unknown,False
TES-C6150,MOHAMMED MÜLLER,,Chicago,Il,De,2024-05-26,Standard,True
TES-C5551,Michael Suzuki,michael.suzuki869@example.com,Miami,Fl,Ca,2024-09-16,Standard,False
TES-C8314,JAMES KIM,james.kim82@example.com,Miami,Fl,Jp,2023-10-13,Insider,False
TES-C4943,Sara Martin,sara.martin303@example.com,Seattle,Wa,Cn,2024-07-04,Insider,False
TES-C6740,James Müller,james.müller786@example.com,Berlin,De,De,2024-07-29,Unknown,False
TES-C10887,Maria Brown,,Berlin,De,Jp,2024-11-14,Referral Program,True
TES-C5939,Sofia Wang,sofia.wang344@example.com,Chicago,Il,Us,2022-11-11,Standard,False
TES-C6095,John Brown,john.brown427@example.com,Miami,Fl,Cn,2022-04-07,Referral Program,False
TES-C7877,MICHAEL WANG,michael.wang781@example.com,Austin,Tx,Us,2021-05-26,Standard,False
TES-C4872,AVA SINGH,ava.singh452@example.com,Miami,Fl,Jp,2024-01-08,Standard,False
TES-C10639,Rahul Lee,rahul.lee539@example.com,San Francisco,Ca,Uk,2021-06-09,Standard,False
TES-C4133,David Brown,david.brown660@example.com,Fremont,Ca,Us,2021-01-05,Referral Program,False
TES-C7075,Aditya Suzuki,aditya.suzuki615@example.com,Seattle,Wa,Ca,2025-02-03,Insider,False
TES-C2243,ZOE KIM,zoe.kim82@example.com,New York,Ny,Us,2025-09-17,Standard,False
TES-C4546,DAVID SHARMA,david.sharma688@example.com,New York,Ny,De,2022-09-01,Referral Program,False
TES-C6387,Michael Kim,michael.kim426@example.com,New York,Ny,Us,2021-02-15,Referral Program,False
TES-C3817,David Chen,david.chen54@example.com,San Francisco,Ca,Ca,2024-02-18,Referral Program,False
TES-C6941,mohammed martin,mohammed.martin345@example.com,Austin,Tx,Uk,2025-03-20,Referral Program,False
TES-C9063,Aditya Tanaka,aditya.tanaka613@example.com,Austin,Tx,De,2023-08-27,Standard,False
TES-C7201,David Müller,david.müller678@example.com,Seattle,Wa,Jp,2023-08-11,Referral Program,False
TES-C9814,sofia wilson,sofia.wilson463@example.com,Miami,Fl,Uk,2021-03-20,Standard,False
TES-C10863,Anna Johnson,,Berlin,De,Us,2025-09-20,Referral Program,True
TES-C7594,Wei Kumar,wei.kumar443@example.com,Seattle,Wa,Ca,2021-10-10,Standard,False
TES-C2698,WEI YAMADA,wei.yamada306@example.com,Seattle,Wa,Uk,2023-07-01,Insider,False
TES-C2143,Michael Patel,michael.patel701@example.com,New York,Ny,Us,2023-05-08,Insider,False
TES-C3883,Chen Tanaka,chen.tanaka850@example.com,San Francisco,Ca,Ca,2022-04-09,Referral Program,False
TES-C3640,sara patel,sara.patel692@example.com,Miami,Fl,Us,2024-10-18,Standard,False
TES-C9165,Liam Johnson,liam.johnson97@example.com,Miami,Fl,Ca,2024-04-06,Standard,False
TES-C6868,Sofia Rossi,sofia.rossi556@example.com,Austin,Tx,Cn,2021-12-02,Standard,False
TES-C7692, Ben Chen ,ben.chen622@example.com,Miami,Fl,Uk,2025-07-10,Insider,False
TES-C7076, Chen Yamada ,chen.yamada538@example.com,Chicago,Il,De,2021-06-24,Insider,False
TES-C7577,David Müller,david.müller909@example.com,New York,Ny,Uk,2021-12-04,Referral Program,False
TES-C6118,david yamada,david.yamada325@example.com,Shanghai,Cn,Jp,2025-05-29,Insider,False
TES-C8691,rahul suzuki,rahul.suzuki843@example.com,Miami,Fl,De,2021-02-03,Standard,False
TES-C2711,Ben Chen,ben.chen495@example.com,Fremont,Ca,Jp,2022-12-03,Referral Program,False
TES-C3920,Mohammed Khan,mohammed.khan608@example.com,Seattle,Wa,Uk,2024-12-27,Referral Program,False
TES-C8490,Emma Wilson,emma.wilson618@example.com,Fremont,Ca,Jp,2024-12-27,Standard,False
TES-C6843,FATIMA SHARMA,fatima.sharma899@example.com,San Francisco,Ca,Ca,2023-07-12,Standard,False
TES-C3003,NOAH ROSSI,noah.rossi728@example.com,Fremont,Ca,Cn,2022-10-28,Referral Program,False
TES-C2894,Fatima Tanaka,fatima.tanaka962@example.com,Miami,Fl,De,2021-01-18,Standard,False
TES-C9306,Sofia Khan,,New York,Ny,Ca,2023-10-19,Standard,True
TES-C9765,Zoe Sharma,zoe.sharma110@example.com,Seattle,Wa,Cn,2021-09-08,Referral Program,False
TES-C9109,Michael Lee,,New York,Ny,Us,2022-01-07,Standard,True
TES-C3928,ANNA CHEN,anna.chen595@example.com,New York,Ny,Uk,2021-06-02,Standard,False
TES-C2098,Mohammed Martin,mohammed.martin812@example.com,Seattle,Wa,Us,2022-12-07,Referral Program,False
TES-C1269,Wei Sharma,wei.sharma853@example.com,New York,Ny,Jp,2023-04-26,Insider,False
TES-C8454,Anna Sharma,anna.sharma773@example.com,Fremont,Ca,De,2025-09-02,Standard,False
TES-C1995,MOHAMMED KIM,mohammed.kim727@example.com,Berlin,De,Cn,2021-02-18,Standard,False
TES-C1623,rahul lee,rahul.lee57@example.com,Seattle,Wa,Ca,2024-04-14,Standard,False
TES-C2463,Anna Martin,anna.martin82@example.com,Seattle,Wa,Uk,2022-09-02,Insider,False
TES-C5146,chen smith,,Seattle,Wa,Ca,2021-11-04,Standard,True
TES-C9366,James Anderson,james.anderson509@example.com,Berlin,De,Uk,2023-11-17,Insider,False
TES-C3757,James Garcia,,Chicago,Il,Jp,2021-01-09,Insider,True
TES-C3518,Yuki Müller,yuki.müller257@example.com,Seattle,Wa,Ca,2023-11-13,Insider,False
TES-C10050,Michael Patel,,New York,Ny,Cn,2021-09-30,Referral Program,True
TES-C5199,Sofia Lee,sofia.lee235@example.com,Fremont,Ca,Ca,2022-11-06,Standard,False
TES-C4303,David Wang,david.wang22@example.com,Los Angeles,Ca,Uk,2024-03-08,Standard,False
TES-C10404,Carlos Tanaka,carlos.tanaka705@example.com,Fremont,Ca,Ca,2023-10-08,Insider,False
TES-C3492,Liam Lee,liam.lee73@example.com,Berlin,De,Us,2023-11-13,Insider,False
TES-C5921,Vivaan Kumar,vivaan.kumar367@example.com,Miami,Fl,Cn,2022-05-05,Insider,False
TES-C6635,Sofia Sharma,sofia.sharma840@example.com,New York,Ny,Cn,2021-01-02,Insider,False
TES-C9977,David Smith,david.smith242@example.com,Chicago,Il,Us,2022-02-20,Insider,False
TES-C8415,Yuki Müller,yuki.müller794@example.com,Berlin,De,Us,2024-12-01,Standard,False
TES-C2932, Priya Davis ,priya.davis365@example.com,Miami,Fl,Uk,2024-09-21,Referral Program,False
TES-C10535,Carlos Wang,carlos.wang450@example.com,Shanghai,Cn,Jp,2023-04-15,Standard,False
TES-C7750,Ken Anderson,ken.anderson245@example.com,Seattle,Wa,Us,2021-04-12,Referral Program,False
TES-C5698,James Wilson,james.wilson943@example.com,Los Angeles,Ca,Us,2023-07-05,Referral Program,False
TES-C10738,Olivia Johnson,olivia.johnson347@example.com,San Francisco,Ca,Jp,2025-07-26,Insider,False
TES-C6579,Sara Davis,sara.davis380@example.com,Shanghai,Cn,Ca,2021-09-24,Insider,False
TES-C4428,Sara Chen,sara.chen774@example.com,Berlin,De,Cn,2022-11-28,Insider,False
TES-C7747,Emma Smith,emma.smith748@example.com,Berlin,De,Cn,2022-02-17,Unknown,False
TES-C10273,James Khan,james.khan49@example.com,Shanghai,Cn,Us,2023-09-21,Insider,False
TES-C6364,Noah Johnson,noah.johnson294@example.com,Shanghai,Cn,De,2022-12-20,Referral Program,False
TES-C2882,Mohammed Johnson,mohammed.johnson220@example.com,Fremont,Ca,Cn,2023-10-27,Insider,False
TES-C7012,anna wilson,anna.wilson15@example.com,Fremont,Ca,Ca,2023-10-20,Standard,False
TES-C5016,Noah Davis,noah.davis104@example.com,San Francisco,Ca,De,2022-08-16,Insider,False
TES-C2745,Vivaan Garcia,vivaan.garcia8@example.com,Los Angeles,Ca,Uk,2024-12-19,Standard,False
TES-C2498,Aarav Kumar,aarav.kumar24@example.com,Los Angeles,Ca,Us,2023-07-14,Insider,False
TES-C5066,Fatima Kumar,fatima.kumar994@example.com,Chicago,Il,Us,2023-11-28,Standard,False
TES-C2861,CHEN BROWN,chen.brown306@example.com,New York,Ny,Uk,2021-04-09,Referral Program,False
TES-C9017,Ken Rossi,ken.rossi525@example.com,Seattle,Wa,Jp,2021-11-26,Referral Program,False
TES-C3247,Fatima Müller,fatima.müller767@example.com,Seattle,Wa,Uk,2022-09-13,Insider,False
TES-C4216,fatima müller,fatima.müller993@example.com,Los Angeles,Ca,Cn,2024-12-07,Insider,False
TES-C4199,yuki wang,yuki.wang248@example.com,Seattle,Wa,Jp,2024-08-18,Insider,False
TES-C4473,Michael Suzuki,michael.suzuki545@example.com,New York,Ny,Cn,2021-06-18,Insider,False
TES-C7673,Fatima Kim,fatima.kim939@example.com,New York,Ny,Jp,2024-12-05,Standard,False
TES-C6916,ben kim,ben.kim63@example.com,Miami,Fl,Jp,2021-06-01,Referral Program,False
TES-C2638,Yuki Johnson,yuki.johnson378@example.com,Berlin,De,Uk,2025-09-30,Referral Program,False
TES-C6637,Rahul Garcia,rahul.garcia701@example.com,Chicago,Il,Cn,2021-12-21,Insider,False
TES-C9563,Rahul Davis,rahul.davis81@example.com,Berlin,De,Ca,2022-08-06,Referral Program,False
TES-C9495,Aditya Müller,aditya.müller205@example.com,San Francisco,Ca,Cn,2022-08-28,Referral Program,False
TES-C9570,john rossi,john.rossi85@example.com,Seattle,Wa,Cn,2022-06-09,Referral Program,False
TES-C10809,Wei Kumar,wei.kumar987@example.com,Seattle,Wa,Jp,2021-03-11,Referral Program,False
TES-C6789,ava kumar,,Seattle,Wa,Cn,2023-04-28,Standard,True
TES-C8202,ben garcia,ben.garcia797@example.com,New York,Ny,Cn,2021-12-23,Standard,False
TES-C2857,Sara Wilson,sara.wilson738@example.com,Austin,Tx,De,2021-10-26,Standard,False
TES-C8213,MARIA ANDERSON,maria.anderson651@example.com,San Francisco,Ca,Uk,2021-05-23,Referral Program,False
TES-C7952,Vivaan Tanaka,,New York,Ny,Us,2021-08-09,Standard,True
TES-C4460,Li Chen,li.chen898@example.com,Berlin,De,Us,2021-06-24,Standard,False
TES-C2082,LIAM SHARMA,liam.sharma694@example.com,Chicago,Il,Uk,2021-04-10,Standard,False
TES-C6643,Aarav Khan,aarav.khan654@example.com,San Francisco,Ca,Us,2025-06-16,Referral Program,False
TES-C9615,Emma Kumar,emma.kumar557@example.com,San Francisco,Ca,Uk,2022-02-22,Unknown,False
TES-C2027,Noah Sharma,noah.sharma117@example.com,Los Angeles,Ca,Ca,2025-05-25,Unknown,False
TES-C10098,OLIVIA KIM,olivia.kim124@example.com,Austin,Tx,Us,2024-08-18,Insider,False
TES-C1709,Chen Yamada,chen.yamada25@example.com,Seattle,Wa,Ca,2022-06-15,Insider,False
TES-C8959,Fatima Khan,fatima.khan736@example.com,Chicago,Il,De,2022-08-13,Referral Program,False
TES-C1967,John Patel,john.patel685@example.com,Seattle,Wa,Ca,2022-10-09,Referral Program,False
TES-C3902,Aditya Smith,aditya.smith323@example.com,Seattle,Wa,Us,2024-09-02,Unknown,False
TES-C4067,Michael Smith,michael.smith598@example.com,Shanghai,Cn,Uk,2024-04-19,Insider,False
TES-C7721,Mohammed Müller,mohammed.müller957@example.com,Fremont,Ca,Us,2025-03-31,Referral Program,False
TES-C8138,David Kim,david.kim726@example.com,Los Angeles,Ca,Ca,2024-11-18,Insider,False
TES-C4307,Li Kumar,li.kumar784@example.com,San Francisco,Ca,Cn,2021-04-29,Insider,False
TES-C7558,Chen Brown,chen.brown534@example.com,Fremont,Ca,Jp,2022-07-28,Insider,False
TES-C4491,John Patel,,Shanghai,Cn,Us,2022-12-30,Unknown,True
TES-C8295,Noah Brown,noah.brown454@example.com,Seattle,Wa,Ca,2022-01-15,Insider,False
TES-C10901,Sofia Suzuki,sofia.suzuki263@example.com,Los Angeles,Ca,De,2022-11-08,Standard,False
TES-C1289,Maria Davis,maria.davis500@example.com,Berlin,De,Ca,2022-11-03,Referral Program,False
TES-C7847,Li Brown,li.brown830@example.com,Shanghai,Cn,Us,2022-06-03,Referral Program,False
TES-C7383,Yuki Müller,yuki.müller210@example.com,Shanghai,Cn,Uk,2025-09-24,Insider,False
TES-C8911, Rahul Wang ,rahul.wang781@example.com,Miami,Fl,Us,2025-06-07,Insider,False
TES-C7275,vivaan kumar,vivaan.kumar401@example.com,Miami,Fl,De,2022-04-08,Insider,False
TES-C1899,Sofia Müller,sofia.müller585@example.com,Chicago,Il,De,2022-06-23,Insider,False
TES-C10971,John Kim,john.kim396@example.com,Miami,Fl,Jp,2022-10-05,Standard,False
TES-C9886,Olivia Wilson,olivia.wilson217@example.com,Berlin,De,Uk,2022-12-18,Referral Program,False
TES-C5507, Michael Yamada ,michael.yamada300@example.com,Seattle,Wa,Cn,2023-08-16,Insider,False
TES-C7212,john wilson,john.wilson110@example.com,San Francisco,Ca,Jp,2025-03-04,Insider,False
TES-C7150,Ava Chen,ava.chen907@example.com,Miami,Fl,De,2025-07-12,Standard,False
TES-C6420,Li Martin,li.martin583@example.com,Austin,Tx,De,2021-07-31,Standard,False
TES-C9307,Emma Johnson,emma.johnson747@example.com,Seattle,Wa,Ca,2024-11-01,Standard,False
TES-C10731,Ken Brown,ken.brown452@example.com,Chicago,Il,Us,2021-06-04,Insider,False
TES-C7216,Wei Davis,wei.davis167@example.com,Berlin,De,Uk,2021-01-18,Standard,False
TES-C2172,JOHN YAMADA,john.yamada808@example.com,Seattle,Wa,Cn,2022-01-02,Standard,False
TES-C7190,Carlos Kim,carlos.kim84@example.com,New York,Ny,Ca,2024-05-05,Standard,False
TES-C3240,Zoe Brown,zoe.brown632@example.com,San Francisco,Ca,Us,2022-05-23,Referral Program,False
TES-C8674,wei sharma,,New York,Ny,Ca,2025-12-29,Unknown,True
TES-C10847,Aarav Müller,aarav.müller985@example.com,New York,Ny,Us,2022-01-25,Referral Program,False
TES-C9066,carlos kim,carlos.kim370@example.com,Austin,Tx,Uk,2021-01-05,Standard,False
TES-C9823,David Müller,david.müller822@example.com,Seattle,Wa,Jp,2023-09-29,Referral Program,False
TES-C8521,Chen Kumar,chen.kumar19@example.com,Fremont,Ca,Cn,2025-08-02,Standard,False
TES-C4262,ken yamada,ken.yamada28@example.com,Berlin,De,De,2025-06-03,Standard,False
TES-C8678,Fatima Brown,,Chicago,Il,Us,2023-11-18,Referral Program,True
TES-C10871,Maria Singh,maria.singh440@example.com,Berlin,De,Us,2023-12-10,Referral Program,False
TES-C5029,Ava Wang,ava.wang322@example.com,New York,Ny,Jp,2024-08-28,Referral Program,False
TES-C2690,Ben Kim,ben.kim251@example.com,Chicago,Il,Jp,2024-01-16,Standard,False
TES-C10340,Ken Rossi,ken.rossi818@example.com,New York,Ny,Uk,2022-10-10,Insider,False
TES-C7112,Chen Lee,chen.lee70@example.com,San Francisco,Ca,Us,2024-04-13,Insider,False
TES-C4953,JAMES YAMADA,james.yamada680@example.com,San Francisco,Ca,Ca,2022-01-31,Insider,False
TES-C4499,ken khan,ken.khan885@example.com,Chicago,Il,Uk,2021-07-11,Referral Program,False
TES-C6939,Ava Sharma,ava.sharma531@example.com,Austin,Tx,Jp,2023-10-02,Standard,False
TES-C4983,Chen Wang,chen.wang333@example.com,Seattle,Wa,Uk,2025-02-05,Unknown,False
TES-C3010,Chen Kumar,chen.kumar869@example.com,Miami,Fl,Jp,2021-02-01,Referral Program,False
TES-C5850, John Suzuki ,john.suzuki374@example.com,San Francisco,Ca,Cn,2022-04-02,Referral Program,False
TES-C1885,Noah Brown,noah.brown288@example.com,Chicago,Il,Cn,2025-09-27,Standard,False
TES-C4014,Rahul Chen,rahul.chen226@example.com,Miami,Fl,Uk,2021-05-12,Standard,False
TES-C2664,Carlos Kim,carlos.kim263@example.com,New York,Ny,Uk,2025-10-25,Referral Program,False
TES-C10212,JAMES MÜLLER,james.müller363@example.com,Shanghai,Cn,Uk,2024-09-14,Standard,False
TES-C8398,ken khan,ken.khan69@example.com,Chicago,Il,Uk,2022-08-15,Insider,False
TES-C10582,Ava Singh,ava.singh18@example.com,Los Angeles,Ca,Us,2023-11-23,Insider,False
TES-C9732,LIAM PATEL,liam.patel514@example.com,New York,Ny,Jp,2024-01-21,Insider,False
TES-C5216,Rahul Chen,rahul.chen126@example.com,Fremont,Ca,De,2023-04-27,Referral Program,False
TES-C5358,Sofia Suzuki,sofia.suzuki445@example.com,San Francisco,Ca,Cn,2021-12-09,Insider,False
TES-C3966,Ava Khan,ava.khan733@example.com,Chicago,Il,Jp,2022-10-28,Insider,False
TES-C7522,Sofia Singh,sofia.singh771@example.com,New York,Ny,De,2023-06-05,Insider,False
TES-C10727,Maria Müller,maria.müller103@example.com,Chicago,Il,De,2021-07-26,Standard,False
TES-C9674,Zoe Anderson,zoe.anderson921@example.com,San Francisco,Ca,De,2021-07-04,Insider,False
TES-C7176,Maria Davis,maria.davis407@example.com,San Francisco,Ca,Jp,2025-02-18,Standard,False
TES-C4921,Vivaan Martin,vivaan.martin109@example.com,New York,Ny,Jp,2024-01-25,Referral Program,False
TES-C4911,John Sharma,john.sharma231@example.com,New York,Ny,De,2022-02-12,Referral Program,False
TES-C10541,Ben Wang,ben.wang452@example.com,San Francisco,Ca,De,2022-11-24,Standard,False
TES-C8835,Liam Anderson,liam.anderson786@example.com,Los Angeles,Ca,De,2024-03-10,Referral Program,False
TES-C10123,MOHAMMED DAVIS,mohammed.davis609@example.com,Fremont,Ca,De,2021-01-01,Insider,False
TES-C3119,David Tanaka,david.tanaka317@example.com,Fremont,Ca,Cn,2024-12-04,Standard,False
TES-C5131,Li Johnson,li.johnson810@example.com,Seattle,Wa,Uk,2024-09-27,Standard,False
TES-C1438,Sofia Lee,sofia.lee895@example.com,Los Angeles,Ca,Uk,2022-05-13,Standard,False
TES-C6725,Ava Lee,ava.lee131@example.com,Fremont,Ca,De,2021-03-22,Insider,False
TES-C10746,Chen Sharma,chen.sharma947@example.com,Chicago,Il,Ca,2025-01-17,Standard,False
TES-C5123,John Singh,john.singh156@example.com,Los Angeles,Ca,Cn,2022-01-28,Insider,False
TES-C10586,Maria Anderson,maria.anderson764@example.com,Chicago,Il,Ca,2024-04-15,Insider,False
TES-C3264,Liam Garcia,liam.garcia435@example.com,Berlin,De,Us,2024-06-24,Unknown,False
TES-C6114,Emma Tanaka,emma.tanaka362@example.com,Fremont,Ca,Us,2024-05-31,Unknown,False
TES-C1496,Chen Khan,chen.khan546@example.com,Chicago,Il,Us,2021-04-11,Referral Program,False
TES-C8431, John Suzuki ,john.suzuki162@example.com,New York,Ny,Us,2024-01-07,Standard,False
TES-C4519,Li Tanaka,li.tanaka223@example.com,Chicago,Il,Jp,2021-06-26,Standard,False
TES-C10755,Priya Lee,priya.lee948@example.com,Seattle,Wa,Ca,2024-08-20,Referral Program,False
TES-C7434,Ken Wilson,,Austin,Tx,Cn,2023-03-07,Standard,True
TES-C9507,aditya lee,aditya.lee876@example.com,Miami,Fl,Jp,2022-08-16,Standard,False
TES-C10692,Aditya Kumar,aditya.kumar462@example.com,Los Angeles,Ca,Us,2022-07-23,Referral Program,False
TES-C3846,Li Yamada,li.yamada875@example.com,Berlin,De,Jp,2024-12-27,Standard,False
TES-C8349,Liam Smith,liam.smith574@example.com,Los Angeles,Ca,Cn,2024-03-05,Standard,False
TES-C4537,Vivaan Rossi,vivaan.rossi621@example.com,Austin,Tx,Ca,2025-11-29,Insider,False
TES-C10370,carlos suzuki,carlos.suzuki315@example.com,New York,Ny,Cn,2025-03-17,Referral Program,False
TES-C9577,Liam Patel,liam.patel858@example.com,Berlin,De,Jp,2023-04-13,Insider,False
TES-C2632,fatima rossi,fatima.rossi9@example.com,Los Angeles,Ca,Uk,2021-02-10,Referral Program,False
TES-C6673,Ben Brown,ben.brown536@example.com,Fremont,Ca,De,2023-12-11,Referral Program,False
TES-C8743,Aarav Smith,aarav.smith833@example.com,Miami,Fl,Us,2024-05-18,Insider,False
TES-C6824,Michael Wang,michael.wang733@example.com,Los Angeles,Ca,Jp,2023-12-08,Insider,False
TES-C2360,Priya Yamada,priya.yamada644@example.com,Shanghai,Cn,De,2023-12-16,Standard,False
TES-C2755,Olivia Müller,olivia.müller662@example.com,San Francisco,Ca,Jp,2021-03-28,Insider,False
TES-C6797,Priya Kim,priya.kim366@example.com,Miami,Fl,Cn,2021-08-25,Insider,False
TES-C8727,John Johnson,,San Francisco,Ca,Uk,2023-01-03,Insider,True
TES-C9838,Chen Tanaka,chen.tanaka274@example.com,Miami,Fl,Cn,2024-06-10,Insider,False
TES-C10816, Liam Anderson ,liam.anderson752@example.com,New York,Ny,Ca,2024-12-20,Referral Program,False
TES-C5579, Wei Suzuki ,wei.suzuki423@example.com,Chicago,Il,Ca,2022-07-07,Insider,False
TES-C4869,Ben Brown,ben.brown538@example.com,Los Angeles,Ca,Cn,2021-03-26,Referral Program,False
TES-C5211,Sara Singh,sara.singh936@example.com,Fremont,Ca,De,2021-06-10,Standard,False
TES-C3607,John Lee,john.lee877@example.com,Miami,Fl,De,2024-05-18,Standard,False
TES-C8617,Aditya Kumar,aditya.kumar893@example.com,San Francisco,Ca,Ca,2024-04-28,Unknown,False
TES-C9666,Zoe Garcia,zoe.garcia16@example.com,Miami,Fl,Jp,2025-07-24,Insider,False
TES-C4688,maria rossi,maria.rossi71@example.com,Fremont,Ca,Cn,2025-07-19,Referral Program,False
TES-C3131,Sofia Anderson,sofia.anderson471@example.com,Austin,Tx,De,2024-07-19,Referral Program,False
TES-C5645,Carlos Chen,carlos.chen150@example.com,Seattle,Wa,Cn,2023-10-18,Standard,False
TES-C10355,Wei Yamada,wei.yamada690@example.com,Berlin,De,Ca,2021-10-26,Referral Program,False
TES-C5672,Zoe Brown,zoe.brown774@example.com,Los Angeles,Ca,Jp,2025-07-02,Standard,False
TES-C3630,Michael Suzuki,michael.suzuki972@example.com,New York,Ny,Jp,2022-03-21,Unknown,False
TES-C3065,Vivaan Khan,vivaan.khan372@example.com,Berlin,De,Us,2022-01-18,Insider,False
TES-C9795,Anna Lee,anna.lee17@example.com,San Francisco,Ca,Jp,2023-12-07,Unknown,False
TES-C6526,Ava Johnson,ava.johnson835@example.com,Los Angeles,Ca,Us,2023-10-16,Insider,False
TES-C2233,Rahul Müller,rahul.müller85@example.com,Berlin,De,Uk,2025-01-18,Insider,False
TES-C7458,Ava Chen,ava.chen41@example.com,Austin,Tx,Jp,2024-06-06,Insider,False
TES-C3008,Ken Wang,ken.wang325@example.com,San Francisco,Ca,Ca,2025-11-18,Standard,False
TES-C1015,Carlos Kumar,carlos.kumar491@example.com,Austin,Tx,Ca,2025-01-07,Referral Program,False
TES-C2109,Michael Garcia,michael.garcia493@example.com,Berlin,De,Cn,2025-02-08,Insider,False
TES-C1136,john yamada,john.yamada343@example.com,Seattle,Wa,Uk,2024-12-20,Referral Program,False
TES-C2241,Chen Tanaka,chen.tanaka768@example.com,Seattle,Wa,Uk,2025-08-20,Standard,False
TES-C10801,Michael Lee,michael.lee185@example.com,Berlin,De,De,2022-06-12,Insider,False
TES-C10229,Aarav Patel,aarav.patel712@example.com,Miami,Fl,De,2021-10-03,Insider,False
TES-C7069,Mohammed Kumar,mohammed.kumar399@example.com,Berlin,De,Jp,2025-08-30,Referral Program,False
TES-C5760,BEN KHAN,ben.khan298@example.com,Seattle,Wa,Jp,2021-07-10,Insider,False
TES-C8218, Liam Johnson ,liam.johnson832@example.com,Austin,Tx,Cn,2022-07-03,Standard,False
TES-C5914,Aarav Wilson,aarav.wilson313@example.com,Austin,Tx,Us,2022-10-09,Unknown,False
TES-C7029,Vivaan Yamada,,Chicago,Il,Jp,2022-04-26,Standard,True
TES-C9737,AARAV TANAKA,aarav.tanaka406@example.com,San Francisco,Ca,Uk,2024-03-01,Referral Program,False
TES-C8232,Carlos Martin,carlos.martin737@example.com,Shanghai,Cn,Uk,2021-06-10,Referral Program,False
TES-C5351,liam khan,liam.khan744@example.com,Los Angeles,Ca,Ca,2023-01-30,Standard,False
TES-C8453,Emma Lee,emma.lee960@example.com,San Francisco,Ca,De,2023-09-19,Referral Program,False
TES-C10839, Rahul Wilson ,rahul.wilson639@example.com,Miami,Fl,Cn,2022-01-31,Referral Program,False
TES-C6679,Wei Chen,wei.chen590@example.com,New York,Ny,Uk,2025-08-06,Insider,False
TES-C5259,Vivaan Suzuki,vivaan.suzuki352@example.com,Seattle,Wa,Ca,2023-10-25,Referral Program,False
TES-C6830,PRIYA MÜLLER,priya.müller897@example.com,Chicago,Il,Cn,2023-06-18,Referral Program,False
TES-C2115,Michael Wilson,michael.wilson980@example.com,Los Angeles,Ca,Us,2024-02-18,Insider,False
TES-C4465,Vivaan Rossi,vivaan.rossi285@example.com,Chicago,Il,Uk,2022-01-18,Insider,False
TES-C7517,Priya Davis,priya.davis879@example.com,Seattle,Wa,De,2025-08-07,Referral Program,False
TES-C3229,Liam Rossi,liam.rossi594@example.com,New York,Ny,De,2024-06-10,Standard,False
TES-C5966,Yuki Sharma,yuki.sharma378@example.com,Fremont,Ca,Uk,2021-01-14,Referral Program,False
TES-C6820,Priya Lee,priya.lee208@example.com,Berlin,De,De,2023-04-03,Standard,False
TES-C6769,Vivaan Singh,vivaan.singh629@example.com,Austin,Tx,Us,2025-01-16,Insider,False
TES-C7621,Wei Wilson,wei.wilson120@example.com,Chicago,Il,Uk,2022-10-13,Standard,False
TES-C3304,Emma Anderson,emma.anderson887@example.com,New York,Ny,Us,2024-12-04,Referral Program,False
TES-C7800,Mohammed Kim,mohammed.kim701@example.com,New York,Ny,Uk,2025-07-26,Standard,False
TES-C8194,Liam Smith,liam.smith234@example.com,Los Angeles,Ca,Uk,2025-05-29,Standard,False
TES-C5765, Sara Rossi ,sara.rossi557@example.com,Fremont,Ca,De,2024-01-28,Referral Program,False
TES-C1984,Anna Khan,anna.khan433@example.com,San Francisco,Ca,Jp,2025-10-02,Referral Program,False
TES-C6047,Fatima Singh,fatima.singh22@example.com,Seattle,Wa,Uk,2025-07-07,Standard,False
TES-C7267,Sara Sharma,sara.sharma49@example.com,Berlin,De,Jp,2022-05-05,Insider,False
TES-C10435, Chen Martin ,chen.martin315@example.com,Fremont,Ca,Jp,2025-01-31,Referral Program,False
TES-C8611,Fatima Khan,fatima.khan906@example.com,Fremont,Ca,De,2021-07-08,Insider,False
TES-C9939,aditya wang,aditya.wang110@example.com,Seattle,Wa,Ca,2023-06-09,Standard,False
TES-C10192,david müller,david.müller455@example.com,Los Angeles,Ca,De,2023-10-14,Standard,False
TES-C10408,MARIA SINGH,maria.singh753@example.com,Los Angeles,Ca,Ca,2023-05-25,Insider,False
TES-C4104,Vivaan Sharma,vivaan.sharma13@example.com,Berlin,De,De,2024-02-18,Standard,False
TES-C4136,maria wilson,maria.wilson938@example.com,Austin,Tx,Cn,2023-07-28,Insider,False
TES-C3110,David Kim,david.kim159@example.com,San Francisco,Ca,Ca,2025-11-05,Referral Program,False
TES-C2440,Anna Garcia,anna.garcia68@example.com,Austin,Tx,Cn,2023-06-01,Referral Program,False
TES-C2010,Ben Müller,ben.müller620@example.com,Seattle,Wa,Cn,2024-12-19,Standard,False
TES-C5808,Michael Smith,michael.smith932@example.com,Austin,Tx,Cn,2022-10-22,Insider,False
TES-C4572,James Davis,james.davis551@example.com,Los Angeles,Ca,Cn,2024-10-28,Standard,False
TES-C4107,Rahul Kumar,rahul.kumar2@example.com,New York,Ny,Ca,2023-12-01,Standard,False
TES-C4599,WEI YAMADA,wei.yamada46@example.com,Fremont,Ca,De,2022-06-25,Standard,False
TES-C8541,Aarav Patel,aarav.patel352@example.com,Seattle,Wa,Ca,2025-05-05,Standard,False
TES-C8542,emma suzuki,emma.suzuki777@example.com,San Francisco,Ca,Jp,2023-08-19,Referral Program,False
TES-C9022,Ava Garcia,ava.garcia750@example.com,Austin,Tx,Cn,2022-06-08,Insider,False
TES-C1710,Aditya Johnson,aditya.johnson338@example.com,San Francisco,Ca,Ca,2025-04-16,Standard,False
TES-C10468,David Wang,david.wang994@example.com,Seattle,Wa,Us,2021-12-19,Insider,False
TES-C7508,LIAM SMITH,liam.smith80@example.com,Chicago,Il,Ca,2023-05-28,Standard,False
TES-C7379,Ken Müller,ken.müller980@example.com,Shanghai,Cn,Cn,2024-01-26,Standard,False
TES-C7283,mohammed davis,mohammed.davis482@example.com,New York,Ny,Us,2025-07-05,Referral Program,False
TES-C4368,Li Müller,li.müller337@example.com,Seattle,Wa,Us,2021-04-15,Standard,False
TES-C9825,Michael Patel,michael.patel62@example.com,Seattle,Wa,Us,2021-08-10,Standard,False
TES-C7098,Wei Brown,wei.brown689@example.com,Shanghai,Cn,Uk,2021-05-31,Standard,False
TES-C4474,James Garcia,james.garcia527@example.com,New York,Ny,Cn,2021-03-04,Standard,False
TES-C10093,Wei Tanaka,wei.tanaka333@example.com,Shanghai,Cn,Jp,2022-03-25,Insider,False
TES-C5604,Mohammed Brown,mohammed.brown766@example.com,Miami,Fl,Jp,2022-07-03,Standard,False
TES-C3744,Fatima Sharma,fatima.sharma681@example.com,San Francisco,Ca,Cn,2024-12-18,Insider,False
TES-C7984,Chen Khan,chen.khan628@example.com,Chicago,Il,Uk,2021-08-28,Insider,False
TES-C9457,Yuki Patel,yuki.patel312@example.com,New York,Ny,Cn,2023-04-19,Standard,False
TES-C8222,Wei Sharma,wei.sharma252@example.com,Los Angeles,Ca,Cn,2023-11-12,Standard,False
TES-C3063,NOAH CHEN,,Fremont,Ca,Cn,2024-10-17,Insider,True
TES-C6103,David Wilson,david.wilson71@example.com,Fremont,Ca,De,2023-02-28,Referral Program,False
TES-C9508,Carlos Wilson,carlos.wilson932@example.com,San Francisco,Ca,Us,2025-03-22,Standard,False
TES-C10951,Fatima Rossi,fatima.rossi60@example.com,San Francisco,Ca,Uk,2024-06-12,Standard,False
TES-C5169,li rossi,li.rossi841@example.com,Shanghai,Cn,Us,2025-05-22,Insider,False
TES-C3186,Michael Müller,michael.müller640@example.com,Berlin,De,Cn,2024-02-21,Standard,False
TES-C8763,Michael Suzuki,michael.suzuki225@example.com,Austin,Tx,Cn,2023-02-08,Insider,False
TES-C3936, Wei Johnson ,wei.johnson213@example.com,Los Angeles,Ca,Uk,2024-05-18,Referral Program,False
TES-C6985,Zoe Wang,zoe.wang419@example.com,New York,Ny,Jp,2025-04-19,Standard,False
TES-C4768,Noah Yamada,noah.yamada173@example.com,Austin,Tx,Us,2023-09-17,Standard,False
TES-C2943,Ben Müller,ben.müller715@example.com,Los Angeles,Ca,Ca,2022-04-07,Insider,False
TES-C1115,Li Patel,li.patel618@example.com,Austin,Tx,Us,2021-06-23,Standard,False
TES-C4588,Fatima Wang,fatima.wang874@example.com,Chicago,Il,Uk,2021-02-15,Insider,False
TES-C5621,Maria Kim,,Miami,Fl,Ca,2023-09-24,Standard,True
TES-C5132,Wei Suzuki,wei.suzuki742@example.com,Shanghai,Cn,De,2023-12-04,Standard,False
TES-C9352,SOFIA ANDERSON,sofia.anderson503@example.com,San Francisco,Ca,Ca,2023-12-31,Standard,False
TES-C1203,emma wilson,emma.wilson512@example.com,Fremont,Ca,Cn,2022-03-04,Standard,False
TES-C10026,Vivaan Smith,vivaan.smith941@example.com,New York,Ny,Us,2025-11-19,Referral Program,False
TES-C2214,David Tanaka,david.tanaka976@example.com,San Francisco,Ca,De,2024-07-09,Referral Program,False
TES-C5188,Mohammed Garcia,mohammed.garcia265@example.com,Berlin,De,Ca,2023-05-04,Referral Program,False
TES-C2287,John Martin,john.martin542@example.com,New York,Ny,Jp,2024-03-26,Insider,False
TES-C3243,Maria Martin,maria.martin875@example.com,New York,Ny,Us,2024-03-27,Standard,False
TES-C8426,Chen Davis,chen.davis842@example.com,Seattle,Wa,Cn,2024-09-02,Standard,False
TES-C2872,Li Davis,li.davis989@example.com,San Francisco,Ca,Uk,2022-10-11,Standard,False
TES-C9033,Chen Singh,chen.singh113@example.com,New York,Ny,Jp,2024-03-14,Unknown,False
TES-C1848,Mohammed Kim,mohammed.kim79@example.com,Berlin,De,De,2021-01-02,Insider,False
TES-C2662,Zoe Davis,zoe.davis266@example.com,Miami,Fl,Cn,2024-08-13,Standard,False
TES-C5192,Wei Johnson,wei.johnson390@example.com,Berlin,De,Ca,2021-07-15,Unknown,False
TES-C4791,Mohammed Sharma,mohammed.sharma872@example.com,Berlin,De,Ca,2024-06-22,Standard,False
TES-C4338,Chen Yamada,,San Francisco,Ca,Jp,2023-07-31,Standard,True
TES-C7998,Ken Garcia,ken.garcia487@example.com,San Francisco,Ca,De,2022-04-18,Standard,False
TES-C7300,Ava Rossi,ava.rossi732@example.com,Miami,Fl,Us,2023-04-01,Standard,False
TES-C8948,Sara Suzuki,sara.suzuki57@example.com,Berlin,De,Uk,2025-04-27,Insider,False
TES-C10260,YUKI GARCIA,yuki.garcia179@example.com,Berlin,De,Cn,2021-02-20,Unknown,False
TES-C6621,PRIYA KHAN,priya.khan786@example.com,Chicago,Il,Us,2022-12-25,Referral Program,False
TES-C4686,John Patel,john.patel371@example.com,Los Angeles,Ca,Us,2024-04-01,Insider,False
TES-C2380,Ken Lee,ken.lee569@example.com,Berlin,De,Jp,2023-12-27,Referral Program,False
TES-C4154,Wei Tanaka,wei.tanaka558@example.com,New York,Ny,Uk,2021-02-23,Referral Program,False
TES-C4767,David Patel,david.patel595@example.com,New York,Ny,Ca,2025-11-04,Standard,False
TES-C4431,Ava Anderson,ava.anderson89@example.com,Shanghai,Cn,De,2025-05-01,Insider,False
TES-C1950,Olivia Suzuki,olivia.suzuki646@example.com,Chicago,Il,Jp,2023-01-15,Insider,False
TES-C2409,Aditya Wang,aditya.wang13@example.com,Miami,Fl,Us,2024-07-15,Referral Program,False
TES-C8566,Ken Khan,ken.khan343@example.com,Fremont,Ca,Uk,2021-11-02,Referral Program,False
TES-C7744,James Müller,james.müller114@example.com,Miami,Fl,Jp,2022-11-02,Standard,False
TES-C1422,Sofia Johnson,sofia.johnson653@example.com,Seattle,Wa,Ca,2021-08-08,Standard,False
TES-C5110,Aditya Khan,aditya.khan824@example.com,New York,Ny,De,2024-09-18,Referral Program,False
TES-C10462,Priya Rossi,priya.rossi42@example.com,Miami,Fl,De,2023-04-21,Standard,False
TES-C5410,PRIYA ROSSI,priya.rossi358@example.com,Shanghai,Cn,Jp,2021-12-01,Standard,False
TES-C5755,Aarav Smith,aarav.smith626@example.com,Berlin,De,Jp,2023-10-04,Insider,False
TES-C4220,Sofia Smith,sofia.smith620@example.com,Fremont,Ca,Cn,2024-07-07,Unknown,False
TES-C1683,Ken Khan,ken.khan693@example.com,Shanghai,Cn,Cn,2021-09-21,Insider,False
TES-C1767,Olivia Yamada,olivia.yamada569@example.com,New York,Ny,Cn,2023-10-16,Referral Program,False
TES-C2259,Sofia Wang,sofia.wang787@example.com,Chicago,Il,Cn,2023-08-18,Standard,False
TES-C10231,Sara Anderson,sara.anderson835@example.com,Chicago,Il,Uk,2022-07-10,Referral Program,False
TES-C4645,Ben Garcia,ben.garcia666@example.com,Berlin,De,Jp,2021-06-13,Standard,False
TES-C6805,Zoe Müller,zoe.müller319@example.com,Fremont,Ca,De,2023-08-14,Insider,False
TES-C4224,Noah Kim,noah.kim6@example.com,Seattle,Wa,Cn,2025-11-09,Referral Program,False
TES-C1501,Aarav Suzuki,aarav.suzuki2@example.com,Chicago,Il,Ca,2024-05-06,Standard,False
TES-C9776,Wei Sharma,wei.sharma353@example.com,Shanghai,Cn,Us,2022-04-04,Standard,False
TES-C5494,David Sharma,david.sharma401@example.com,Shanghai,Cn,De,2023-01-06,Insider,False
TES-C9731,Carlos Sharma,carlos.sharma455@example.com,New York,Ny,Uk,2025-06-07,Referral Program,False
TES-C1673,John Brown,john.brown735@example.com,Berlin,De,De,2024-02-03,Insider,False
TES-C1004,Chen Chen,chen.chen412@example.com,Los Angeles,Ca,Us,2025-01-22,Insider,False
TES-C9209,Ben Anderson,ben.anderson388@example.com,New York,Ny,Uk,2022-10-11,Unknown,False
TES-C7131,PRIYA SHARMA,priya.sharma803@example.com,Berlin,De,Cn,2025-08-01,Referral Program,False
TES-C7684,Mohammed Smith,,Chicago,Il,Cn,2022-03-29,Referral Program,True
TES-C4760,Zoe Patel,zoe.patel828@example.com,Los Angeles,Ca,Ca,2023-12-02,Insider,False
TES-C5862,Noah Smith,noah.smith294@example.com,Shanghai,Cn,Jp,2024-11-27,Insider,False
TES-C3710,WEI GARCIA,wei.garcia129@example.com,Seattle,Wa,Cn,2023-10-03,Standard,False
TES-C4534,Noah Smith,noah.smith788@example.com,Los Angeles,Ca,Uk,2022-12-01,Standard,False
TES-C1591,yuki suzuki,yuki.suzuki825@example.com,Miami,Fl,Us,2021-04-30,Referral Program,False
TES-C8022,Sofia Tanaka,sofia.tanaka335@example.com,Seattle,Wa,De,2022-05-19,Insider,False
TES-C4793,John Rossi,john.rossi23@example.com,Seattle,Wa,Ca,2023-10-08,Insider,False
TES-C2173,Li Patel,,New York,Ny,De,2021-07-22,Referral Program,True
TES-C2401,Ben Tanaka,ben.tanaka732@example.com,Los Angeles,Ca,Uk,2021-08-18,Referral Program,False
TES-C10416,Noah Khan,noah.khan85@example.com,Los Angeles,Ca,De,2023-04-02,Insider,False
TES-C3825,Li Wang,li.wang622@example.com,Austin,Tx,De,2021-07-24,Standard,False
TES-C5415,Yuki Smith,yuki.smith497@example.com,Shanghai,Cn,Jp,2025-06-13,Insider,False
TES-C6303,ava brown,ava.brown218@example.com,Chicago,Il,De,2021-01-26,Insider,False
TES-C8568,Liam Garcia,liam.garcia81@example.com,Fremont,Ca,Jp,2021-11-11,Referral Program,False
TES-C10194,Priya Khan,priya.khan863@example.com,Shanghai,Cn,Us,2025-11-04,Referral Program,False
TES-C6367,Ava Wilson,ava.wilson155@example.com,Shanghai,Cn,Ca,2021-07-04,Standard,False
TES-C4623,Sofia Smith,sofia.smith141@example.com,Austin,Tx,Ca,2021-07-28,Referral Program,False
TES-C7943,Aditya Lee,aditya.lee818@example.com,Miami,Fl,Jp,2021-09-21,Unknown,False
TES-C7702,EMMA ROSSI,emma.rossi829@example.com,Austin,Tx,Ca,2025-05-12,Standard,False
TES-C3573,Ava Rossi,ava.rossi666@example.com,San Francisco,Ca,Jp,2022-09-02,Standard,False
TES-C10594,liam chen,liam.chen95@example.com,Fremont,Ca,Ca,2021-05-02,Referral Program,False
TES-C7194,Noah Chen,noah.chen870@example.com,Miami,Fl,Ca,2023-08-16,Unknown,False
TES-C10716, Emma Brown ,emma.brown364@example.com,Chicago,Il,Cn,2022-05-21,Insider,False
TES-C5584,Liam Tanaka,liam.tanaka696@example.com,Miami,Fl,De,2024-07-23,Insider,False
TES-C6832,Yuki Müller,,Los Angeles,Ca,De,2025-11-08,Insider,True
TES-C8000, Chen Martin ,,New York,Ny,Uk,2021-12-15,Insider,True
TES-C6378,Mohammed Chen,mohammed.chen602@example.com,San Francisco,Ca,Us,2021-08-11,Referral Program,False
TES-C2623,Ken Sharma,,New York,Ny,Jp,2025-07-21,Standard,True
TES-C1895,Carlos Smith,carlos.smith471@example.com,New York,Ny,Jp,2024-07-29,Standard,False
TES-C4023,Rahul Yamada,rahul.yamada643@example.com,Berlin,De,De,2021-07-20,Standard,False
TES-C3260,Ava Wilson,ava.wilson692@example.com,Miami,Fl,Cn,2021-11-13,Referral Program,False
TES-C4712,Chen Suzuki,chen.suzuki572@example.com,Chicago,Il,Cn,2025-09-12,Standard,False
TES-C8618,Priya Kim,priya.kim411@example.com,New York,Ny,Cn,2025-02-12,Insider,False
TES-C9591,Sofia Kumar,sofia.kumar910@example.com,Berlin,De,Uk,2021-07-18,Standard,False
TES-C7111,Olivia Johnson,olivia.johnson515@example.com,Seattle,Wa,Us,2021-07-09,Standard,False
TES-C5867,Anna Rossi,anna.rossi909@example.com,Fremont,Ca,Us,2024-04-06,Standard,False
TES-C4957,Li Chen,li.chen16@example.com,Austin,Tx,Uk,2021-07-22,Referral Program,False
TES-C8886,sara martin,sara.martin815@example.com,Fremont,Ca,Jp,2021-02-12,Insider,False
TES-C8477,Zoe Patel,zoe.patel718@example.com,Chicago,Il,Us,2023-11-05,Insider,False
TES-C5505,Fatima Davis,fatima.davis411@example.com,Austin,Tx,Jp,2024-05-18,Referral Program,False
TES-C8448,Michael Yamada,michael.yamada214@example.com,Chicago,Il,Cn,2021-04-02,Referral Program,False
TES-C1624,John Smith,john.smith830@example.com,Miami,Fl,Uk,2022-05-24,Standard,False
TES-C6065,Fatima Patel,fatima.patel847@example.com,New York,Ny,Us,2022-10-03,Referral Program,False
TES-C10289,Ken Rossi,,Seattle,Wa,Jp,2024-12-09,Standard,True
TES-C4607,Sofia Davis,sofia.davis239@example.com,Fremont,Ca,Uk,2025-01-02,Insider,False
TES-C7935,sofia lee,,Chicago,Il,Cn,2025-11-11,Standard,True
TES-C8182,John Johnson,john.johnson912@example.com,Los Angeles,Ca,Us,2025-12-24,Unknown,False
TES-C9754,Maria Tanaka,maria.tanaka257@example.com,Berlin,De,Uk,2025-04-04,Insider,False
TES-C10324,Zoe Khan,zoe.khan151@example.com,New York,Ny,Us,2025-07-06,Referral Program,False
TES-C3268,Rahul Brown,rahul.brown944@example.com,Fremont,Ca,Ca,2021-08-25,Standard,False
TES-C8112,Anna Müller,anna.müller393@example.com,Fremont,Ca,Jp,2024-11-30,Insider,False
TES-C6450,Yuki Lee,yuki.lee703@example.com,Austin,Tx,Jp,2025-05-21,Standard,False
TES-C6083,Vivaan Singh,vivaan.singh16@example.com,Los Angeles,Ca,Ca,2023-07-30,Insider,False
TES-C9409,Chen Rossi,chen.rossi334@example.com,New York,Ny,De,2024-03-22,Standard,False
TES-C3551,KEN MARTIN,ken.martin833@example.com,San Francisco,Ca,Ca,2025-01-29,Standard,False
TES-C5133,Aarav Lee,aarav.lee454@example.com,New York,Ny,Ca,2024-11-08,Insider,False
TES-C2914,Chen Brown,chen.brown843@example.com,New York,Ny,Cn,2024-03-15,Referral Program,False
TES-C6991,Michael Yamada,michael.yamada248@example.com,Seattle,Wa,Ca,2021-12-25,Insider,False
TES-C3533,Vivaan Brown,vivaan.brown457@example.com,San Francisco,Ca,Jp,2024-09-10,Standard,False
TES-C9626,zoe kim,zoe.kim310@example.com,Chicago,Il,Us,2025-12-30,Referral Program,False
TES-C1077,Li Johnson,li.johnson761@example.com,Fremont,Ca,Jp,2023-04-05,Insider,False
TES-C8394,rahul martin,rahul.martin76@example.com,Berlin,De,Jp,2021-03-06,Insider,False
TES-C5228,ava müller,ava.müller18@example.com,Austin,Tx,Ca,2021-05-04,Standard,False
TES-C9741,Yuki Tanaka,,Los Angeles,Ca,Uk,2021-05-24,Standard,True
TES-C1844,Priya Kumar,priya.kumar479@example.com,Berlin,De,Cn,2025-12-05,Insider,False
TES-C3938,Michael Yamada,michael.yamada999@example.com,New York,Ny,Uk,2021-11-28,Referral Program,False
TES-C4843,Maria Müller,maria.müller704@example.com,Seattle,Wa,Jp,2022-01-17,Standard,False
TES-C5360,chen müller,chen.müller969@example.com,Seattle,Wa,Ca,2024-05-24,Referral Program,False
TES-C9317,maria kumar,maria.kumar975@example.com,Austin,Tx,Us,2023-11-27,Insider,False
TES-C4027,Emma Anderson,emma.anderson61@example.com,Miami,Fl,Cn,2021-01-08,Insider,False
TES-C5256,Mohammed Davis,mohammed.davis923@example.com,Fremont,Ca,Ca,2025-04-06,Insider,False
TES-C2079,yuki brown,yuki.brown609@example.com,New York,Ny,Cn,2024-01-28,Referral Program,False
TES-C2604,Fatima Rossi,fatima.rossi262@example.com,New York,Ny,Jp,2022-08-17,Standard,False
TES-C6218,Aarav Yamada,aarav.yamada362@example.com,New York,Ny,Cn,2025-04-04,Insider,False
TES-C10938,yuki martin,yuki.martin478@example.com,Chicago,Il,De,2021-09-18,Insider,False
TES-C1375,Olivia Davis,olivia.davis242@example.com,Miami,Fl,Us,2024-04-05,Referral Program,False
TES-C3230,FATIMA WANG,fatima.wang63@example.com,Berlin,De,De,2023-10-15,Standard,False
TES-C3024,Mohammed Tanaka,mohammed.tanaka674@example.com,Los Angeles,Ca,Jp,2023-09-04,Referral Program,False
TES-C2947,James Davis,james.davis580@example.com,Austin,Tx,De,2023-07-15,Insider,False
TES-C10247,Mohammed Kim,mohammed.kim960@example.com,Seattle,Wa,De,2021-08-24,Standard,False
TES-C7759,Carlos Lee,carlos.lee127@example.com,Fremont,Ca,Ca,2022-09-12,Insider,False
TES-C7834,Priya Yamada,priya.yamada222@example.com,Austin,Tx,Ca,2022-11-28,Unknown,False
TES-C10925,Michael Anderson,michael.anderson272@example.com,Berlin,De,Uk,2025-10-09,Referral Program,False
TES-C10040,anna patel,anna.patel969@example.com,Miami,Fl,Uk,2024-06-25,Insider,False
TES-C6880,Aditya Davis,aditya.davis913@example.com,Austin,Tx,De,2021-01-19,Standard,False
TES-C6245,Carlos Wilson,carlos.wilson132@example.com,Austin,Tx,De,2024-06-22,Standard,False
TES-C3275,Mohammed Sharma,mohammed.sharma200@example.com,San Francisco,Ca,Cn,2021-07-01,Insider,False
TES-C7348,Sofia Chen,sofia.chen71@example.com,Los Angeles,Ca,Uk,2023-10-20,Insider,False
TES-C8049,Carlos Smith,carlos.smith48@example.com,San Francisco,Ca,De,2025-02-01,Standard,False
TES-C9356,Ken Smith,ken.smith194@example.com,Berlin,De,Ca,2021-06-11,Standard,False
TES-C6620,Emma Kim,emma.kim197@example.com,Los Angeles,Ca,Cn,2021-04-06,Insider,False
TES-C5102,li patel,li.patel984@example.com,Shanghai,Cn,Ca,2023-01-06,Standard,False
TES-C4511,rahul kumar,rahul.kumar793@example.com,New York,Ny,Us,2023-11-29,Referral Program,False
TES-C1398,Wei Khan,wei.khan957@example.com,Fremont,Ca,Jp,2024-07-09,Referral Program,False
TES-C8268,Wei Wilson,wei.wilson256@example.com,Los Angeles,Ca,Jp,2021-05-13,Standard,False
TES-C7841,Emma Brown,emma.brown6@example.com,Austin,Tx,Uk,2021-08-02,Referral Program,False
TES-C2616,Maria Suzuki,maria.suzuki649@example.com,Seattle,Wa,Ca,2024-08-10,Referral Program,False
TES-C5529,Aarav Patel,aarav.patel334@example.com,New York,Ny,Cn,2022-04-07,Referral Program,False
TES-C10683,James Anderson,james.anderson303@example.com,Shanghai,Cn,De,2022-12-09,Insider,False
TES-C5019,Carlos Smith,carlos.smith337@example.com,Shanghai,Cn,De,2023-01-27,Standard,False
TES-C4077,Rahul Singh,,New York,Ny,Uk,2021-12-18,Insider,True
TES-C4568, Noah Davis ,noah.davis789@example.com,San Francisco,Ca,Cn,2022-08-03,Insider,False
TES-C9953,Carlos Suzuki,carlos.suzuki700@example.com,Fremont,Ca,Uk,2022-01-23,Insider,False
TES-C9089,John Yamada,john.yamada65@example.com,Miami,Fl,De,2023-04-24,Insider,False
TES-C3490,Ben Müller,ben.müller893@example.com,Seattle,Wa,De,2021-03-09,Referral Program,False
TES-C4612,Yuki Suzuki,yuki.suzuki139@example.com,Seattle,Wa,De,2022-05-20,Insider,False
TES-C1955,Wei Suzuki,wei.suzuki248@example.com,Chicago,Il,Uk,2021-04-11,Insider,False
TES-C9261,Sara Kim,sara.kim628@example.com,Miami,Fl,Cn,2023-10-13,Referral Program,False
TES-C9438,Priya Wang,priya.wang652@example.com,Chicago,Il,De,2024-12-21,Insider,False
TES-C6284,Sofia Wilson,sofia.wilson513@example.com,Berlin,De,Cn,2023-03-24,Insider,False
TES-C1236,FATIMA PATEL,fatima.patel983@example.com,San Francisco,Ca,Jp,2024-01-19,Referral Program,False
TES-C1541,Rahul Patel,rahul.patel930@example.com,New York,Ny,Jp,2025-07-07,Referral Program,False
TES-C1632,Emma Kim,emma.kim555@example.com,Fremont,Ca,Cn,2021-07-26,Insider,False
TES-C5561,Li Wang,li.wang242@example.com,Miami,Fl,Ca,2025-03-18,Standard,False
TES-C5482,Ken Brown,ken.brown698@example.com,Shanghai,Cn,Cn,2023-02-20,Insider,False
TES-C2237,carlos martin,carlos.martin575@example.com,Fremont,Ca,Cn,2021-03-16,Standard,False
TES-C9433,Aarav Khan,aarav.khan624@example.com,Seattle,Wa,Ca,2024-02-20,Insider,False
TES-C4640, Priya Davis ,priya.davis975@example.com,New York,Ny,De,2023-06-12,Insider,False
TES-C7032,Ben Yamada,,New York,Ny,Jp,2023-04-16,Referral Program,True
TES-C5126,Ken Smith,ken.smith653@example.com,New York,Ny,Cn,2024-09-16,Standard,False
TES-C4928,Mohammed Garcia,mohammed.garcia274@example.com,Seattle,Wa,Uk,2023-09-04,Referral Program,False
TES-C3436,Ava Wilson,ava.wilson555@example.com,Berlin,De,Us,2022-03-04,Insider,False
TES-C1052,Aditya Tanaka,aditya.tanaka893@example.com,Berlin,De,Jp,2024-03-09,Insider,False
TES-C9236,James Sharma,james.sharma41@example.com,Los Angeles,Ca,Jp,2022-10-10,Standard,False
TES-C10487,David Wilson,david.wilson144@example.com,Fremont,Ca,De,2022-08-05,Insider,False
TES-C1299,Maria Brown,maria.brown594@example.com,Seattle,Wa,Us,2024-03-15,Referral Program,False
TES-C10327,Mohammed Patel,mohammed.patel114@example.com,New York,Ny,Jp,2025-04-13,Unknown,False
TES-C2419,JOHN ANDERSON,john.anderson171@example.com,Fremont,Ca,Uk,2025-01-14,Standard,False
TES-C4891,Ken Patel,ken.patel974@example.com,Los Angeles,Ca,Us,2021-12-31,Referral Program,False
TES-C9290,Anna Yamada,anna.yamada453@example.com,Austin,Tx,Uk,2023-03-13,Insider,False
TES-C2194,Carlos Brown,carlos.brown520@example.com,New York,Ny,Cn,2022-06-07,Standard,False
TES-C1681,Wei Khan,wei.khan51@example.com,New York,Ny,De,2025-08-06,Referral Program,False
TES-C10077,Ben Patel,ben.patel904@example.com,Fremont,Ca,Cn,2025-07-23,Insider,False
TES-C5098,Li Khan,li.khan466@example.com,Berlin,De,De,2024-11-23,Standard,False
TES-C4539,Mohammed Johnson,mohammed.johnson252@example.com,Shanghai,Cn,Us,2022-01-27,Standard,False
TES-C10622, Olivia Tanaka ,olivia.tanaka149@example.com,Chicago,Il,Jp,2021-06-02,Referral Program,False
TES-C2324,AVA KUMAR,ava.kumar477@example.com,Los Angeles,Ca,Us,2024-10-31,Referral Program,False
TES-C10699,Yuki Anderson,,New York,Ny,Ca,2022-04-07,Insider,True
TES-C5269,Liam Sharma,liam.sharma28@example.com,Seattle,Wa,Uk,2022-02-15,Standard,False
TES-C4239,Rahul Davis,rahul.davis911@example.com,Shanghai,Cn,Cn,2021-02-28,Insider,False
TES-C10328,Noah Khan,noah.khan694@example.com,Seattle,Wa,Ca,2024-01-24,Referral Program,False
TES-C2445,Yuki Garcia,yuki.garcia548@example.com,Seattle,Wa,Jp,2024-07-24,Standard,False
TES-C7480,Emma Brown,emma.brown232@example.com,Austin,Tx,De,2022-08-20,Standard,False
TES-C2663,emma kim,emma.kim757@example.com,New York,Ny,Uk,2024-04-14,Standard,False
TES-C10127,Ben Kumar,ben.kumar732@example.com,Shanghai,Cn,De,2023-07-01,Standard,False
TES-C5536,Aditya Khan,aditya.khan573@example.com,Seattle,Wa,Uk,2022-04-29,Insider,False
TES-C4914,LI PATEL,li.patel34@example.com,San Francisco,Ca,Jp,2024-08-26,Referral Program,False
TES-C7928,Carlos Brown,carlos.brown814@example.com,Chicago,Il,De,2022-12-23,Standard,False
TES-C7388,Yuki Wang,yuki.wang934@example.com,Miami,Fl,Us,2024-11-21,Standard,False
TES-C7065,Anna Kumar,anna.kumar173@example.com,Berlin,De,Jp,2023-07-20,Insider,False
TES-C7638,ADITYA WANG,,New York,Ny,Us,2025-03-31,Referral Program,True
TES-C9343,chen davis,chen.davis868@example.com,Berlin,De,De,2022-03-09,Standard,False
TES-C1105,Rahul Singh,rahul.singh306@example.com,Fremont,Ca,De,2025-01-12,Referral Program,False
TES-C6720,James Lee,james.lee286@example.com,Shanghai,Cn,Ca,2022-05-18,Standard,False
TES-C1275,John Patel,john.patel275@example.com,Fremont,Ca,Us,2025-06-04,Insider,False
TES-C5896,Vivaan Müller,vivaan.müller344@example.com,Miami,Fl,Jp,2024-11-16,Insider,False
TES-C1374,Ben Kim,ben.kim254@example.com,Chicago,Il,Jp,2021-10-28,Insider,False
TES-C4972,Fatima Müller,fatima.müller234@example.com,Chicago,Il,De,2022-07-23,Standard,False
TES-C6864,Anna Smith,anna.smith957@example.com,Berlin,De,De,2023-04-12,Insider,False
TES-C4510,James Garcia,james.garcia809@example.com,Shanghai,Cn,Uk,2025-11-23,Referral Program,False
TES-C7090,ADITYA SHARMA,aditya.sharma918@example.com,Miami,Fl,Cn,2023-07-19,Insider,False
TES-C1486,Sara Rossi,sara.rossi839@example.com,San Francisco,Ca,Ca,2022-03-08,Standard,False
TES-C7080,rahul patel,rahul.patel311@example.com,Los Angeles,Ca,De,2024-03-11,Insider,False
TES-C5581,mohammed lee,mohammed.lee490@example.com,Miami,Fl,Us,2023-08-30,Referral Program,False
TES-C4289,MARIA KIM,maria.kim546@example.com,Seattle,Wa,Cn,2021-11-11,Insider,False
TES-C3851,Mohammed Suzuki,mohammed.suzuki478@example.com,Shanghai,Cn,Ca,2022-05-03,Standard,False
TES-C4923,Sara Tanaka,sara.tanaka983@example.com,San Francisco,Ca,Jp,2021-11-15,Referral Program,False
TES-C5846,Ken Khan,ken.khan717@example.com,New York,Ny,De,2025-10-31,Standard,False
TES-C10475,JAMES TANAKA,james.tanaka337@example.com,Shanghai,Cn,Us,2024-05-11,Standard,False
TES-C5928,ADITYA KIM,,San Francisco,Ca,De,2025-04-13,Referral Program,True
TES-C3860,Ben Wilson,ben.wilson186@example.com,Los Angeles,Ca,De,2025-04-18,Unknown,False
TES-C7774,DAVID ROSSI,david.rossi581@example.com,Berlin,De,Cn,2022-11-01,Referral Program,False
TES-C9079,Aarav Martin,aarav.martin453@example.com,Berlin,De,Cn,2024-12-30,Unknown,False
TES-C3775,John Rossi,john.rossi925@example.com,Berlin,De,Ca,2021-06-08,Insider,False
TES-C8132,Rahul Wang,,Los Angeles,Ca,Uk,2025-04-05,Referral Program,True
TES-C7178,emma brown,emma.brown663@example.com,Los Angeles,Ca,Ca,2023-06-13,Unknown,False
TES-C9610,Priya Kumar,,Austin,Tx,Jp,2024-08-01,Referral Program,True
TES-C8165,Ken Rossi,ken.rossi32@example.com,New York,Ny,Jp,2025-11-18,Insider,False
TES-C8996,Noah Singh,,Seattle,Wa,De,2023-05-05,Standard,True
TES-C3039,Michael Smith,michael.smith660@example.com,New York,Ny,Ca,2021-07-08,Referral Program,False
TES-C9319,Ken Davis,ken.davis468@example.com,New York,Ny,Cn,2025-09-23,Standard,False
TES-C9777,Sofia Brown,sofia.brown699@example.com,Chicago,Il,Uk,2022-12-05,Standard,False
TES-C4331,Mohammed Müller,,Miami,Fl,De,2021-12-24,Unknown,True
TES-C10974,Noah Davis,,Seattle,Wa,Uk,2022-08-10,Standard,True
TES-C1910,emma johnson,emma.johnson800@example.com,San Francisco,Ca,Cn,2022-10-26,Referral Program,False
TES-C2771,CARLOS WANG,,Berlin,De,Ca,2024-01-16,Standard,True
TES-C3157,Vivaan Singh,vivaan.singh899@example.com,Austin,Tx,Us,2021-03-11,Standard,False
TES-C4120,Ken Wang,ken.wang797@example.com,Berlin,De,Us,2022-04-24,Standard,False
TES-C6305,Maria Anderson,maria.anderson819@example.com,Austin,Tx,Ca,2021-03-27,Insider,False
TES-C8795,Ava Singh,ava.singh517@example.com,Miami,Fl,Us,2023-08-02,Standard,False
TES-C2286,LIAM WILSON,liam.wilson252@example.com,Miami,Fl,De,2022-06-20,Referral Program,False
TES-C6785,Vivaan Wang,vivaan.wang746@example.com,Fremont,Ca,Ca,2023-07-06,Insider,False
TES-C4769,Vivaan Wilson,vivaan.wilson607@example.com,Fremont,Ca,Jp,2022-01-08,Referral Program,False
TES-C5975,Yuki Martin,yuki.martin440@example.com,Berlin,De,Us,2022-02-17,Standard,False
TES-C3463,Priya Anderson,priya.anderson457@example.com,San Francisco,Ca,De,2021-08-24,Referral Program,False
TES-C9709,Aarav Chen,aarav.chen197@example.com,Shanghai,Cn,Ca,2024-03-20,Insider,False
TES-C5270,RAHUL SHARMA,,Berlin,De,Us,2023-06-21,Insider,True
TES-C1745, Sara Anderson ,sara.anderson859@example.com,San Francisco,Ca,Ca,2025-01-19,Standard,False
TES-C8941,Maria Davis,maria.davis943@example.com,Berlin,De,Jp,2021-11-30,Standard,False
TES-C10717,wei davis,wei.davis290@example.com,Chicago,Il,De,2022-01-31,Insider,False
TES-C10371,Emma Anderson,emma.anderson777@example.com,Austin,Tx,Jp,2023-04-23,Referral Program,False
TES-C4890,Sara Tanaka,sara.tanaka980@example.com,Shanghai,Cn,Ca,2024-06-01,Standard,False
TES-C10122,Noah Sharma,noah.sharma878@example.com,Chicago,Il,Cn,2023-01-06,Unknown,False
TES-C6089,Michael Brown,michael.brown720@example.com,Chicago,Il,Ca,2023-09-16,Insider,False
TES-C5597,WEI TANAKA,wei.tanaka236@example.com,Fremont,Ca,Cn,2025-05-26,Standard,False
TES-C10363,Zoe Patel,zoe.patel325@example.com,Los Angeles,Ca,Jp,2024-11-16,Standard,False
TES-C10305,Sofia Khan,sofia.khan512@example.com,Seattle,Wa,Uk,2025-10-30,Referral Program,False
TES-C10798, Wei Martin ,wei.martin628@example.com,Fremont,Ca,De,2024-06-05,Insider,False
TES-C6429,Maria Anderson,maria.anderson413@example.com,Miami,Fl,Jp,2021-10-23,Referral Program,False
TES-C2277,ZOE YAMADA,zoe.yamada497@example.com,Shanghai,Cn,Us,2025-10-27,Standard,False
TES-C4214, Ben Kim ,ben.kim331@example.com,Berlin,De,Uk,2021-02-07,Insider,False
TES-C8807, John Chen ,john.chen450@example.com,Los Angeles,Ca,De,2022-12-18,Insider,False
TES-C9253,Sofia Sharma,sofia.sharma600@example.com,New York,Ny,Cn,2022-04-16,Standard,False
TES-C7295,John Brown,john.brown698@example.com,Chicago,Il,Ca,2021-06-21,Standard,False
TES-C5813,Rahul Kim,rahul.kim479@example.com,Shanghai,Cn,Ca,2021-07-15,Insider,False
TES-C1322,Priya Johnson,priya.johnson504@example.com,Berlin,De,Cn,2022-04-17,Referral Program,False
TES-C1877,Priya Garcia,priya.garcia16@example.com,Shanghai,Cn,Uk,2022-09-16,Standard,False
TES-C7920,Ava Brown,ava.brown589@example.com,Fremont,Ca,Jp,2025-01-29,Insider,False
TES-C6979,CARLOS ANDERSON,carlos.anderson685@example.com,Fremont,Ca,De,2024-08-10,Referral Program,False
TES-C1610,Vivaan Patel,vivaan.patel634@example.com,Berlin,De,Us,2022-11-16,Referral Program,False
TES-C9023,james yamada,james.yamada883@example.com,Miami,Fl,Us,2024-07-10,Referral Program,False
TES-C1215,john davis,john.davis356@example.com,Seattle,Wa,De,2023-03-11,Referral Program,False
TES-C7435,JOHN DAVIS,john.davis772@example.com,Austin,Tx,Ca,2022-03-03,Insider,False
TES-C1547,Ava Garcia,ava.garcia713@example.com,New York,Ny,Jp,2025-03-16,Insider,False
TES-C4881,Anna Lee,anna.lee137@example.com,Austin,Tx,Uk,2025-07-14,Insider,False
TES-C10919,Liam Kim,liam.kim195@example.com,Los Angeles,Ca,Jp,2022-07-28,Standard,False
TES-C1170,Priya Wang,priya.wang20@example.com,Berlin,De,Ca,2024-06-13,Insider,False
TES-C2798,Wei Smith,wei.smith102@example.com,Shanghai,Cn,Ca,2025-03-20,Referral Program,False
TES-C10380,Sara Lee,sara.lee21@example.com,Los Angeles,Ca,De,2023-07-30,Insider,False
TES-C4019,Fatima Kim,fatima.kim398@example.com,San Francisco,Ca,De,2024-01-20,Referral Program,False
TES-C3153,James Davis,,San Francisco,Ca,Us,2024-10-06,Unknown,True
TES-C3645,Li Johnson,li.johnson774@example.com,Fremont,Ca,Us,2025-07-25,Insider,False
TES-C3364,Vivaan Garcia,vivaan.garcia463@example.com,Chicago,Il,De,2022-09-09,Standard,False
TES-C6938,RAHUL CHEN,rahul.chen497@example.com,Berlin,De,Jp,2024-05-04,Insider,False
TES-C2991,Ava Wang,ava.wang271@example.com,Seattle,Wa,Us,2025-09-08,Standard,False
TES-C1708, Fatima Johnson ,fatima.johnson233@example.com,Los Angeles,Ca,De,2021-09-28,Referral Program,False
TES-C7859,Carlos Müller,carlos.müller653@example.com,Chicago,Il,Jp,2022-10-25,Referral Program,False
TES-C10046,Sofia Singh,sofia.singh999@example.com,Shanghai,Cn,Uk,2022-04-06,Insider,False
TES-C7617,Wei Kumar,wei.kumar309@example.com,Austin,Tx,Jp,2025-08-24,Referral Program,False
TES-C1802,James Johnson,james.johnson436@example.com,New York,Ny,Uk,2024-09-19,Insider,False
TES-C8332,David Singh,david.singh79@example.com,Fremont,Ca,De,2023-06-30,Referral Program,False
TES-C9122,ben kumar,ben.kumar983@example.com,San Francisco,Ca,Ca,2021-10-30,Insider,False
TES-C3415,Liam Müller,liam.müller179@example.com,Seattle,Wa,De,2022-04-20,Insider,False
TES-C8400,Yuki Suzuki,yuki.suzuki502@example.com,Shanghai,Cn,Cn,2025-01-09,Insider,False
TES-C7525,Anna Sharma,anna.sharma60@example.com,Los Angeles,Ca,Uk,2021-08-13,Unknown,False
TES-C9473,Mohammed Rossi,mohammed.rossi14@example.com,Fremont,Ca,Jp,2021-11-09,Insider,False
TES-C1852,Anna Anderson,anna.anderson971@example.com,Los Angeles,Ca,Ca,2021-12-19,Insider,False
TES-C4125,Chen Kim,chen.kim503@example.com,San Francisco,Ca,Us,2025-11-21,Insider,False
TES-C2555,Carlos Kim,carlos.kim495@example.com,Austin,Tx,Ca,2023-01-17,Insider,False
TES-C10029,carlos martin,carlos.martin778@example.com,Shanghai,Cn,Cn,2022-03-02,Referral Program,False
TES-C4642,Zoe Lee,zoe.lee503@example.com,Los Angeles,Ca,Jp,2025-03-25,Standard,False
TES-C1282,ben smith,ben.smith146@example.com,Austin,Tx,Uk,2021-01-30,Insider,False
TES-C10607,Maria Johnson,maria.johnson491@example.com,Miami,Fl,De,2022-12-26,Referral Program,False
TES-C10064,Fatima Johnson,fatima.johnson811@example.com,Chicago,Il,Uk,2023-04-10,Referral Program,False
TES-C5152,Ava Wilson,ava.wilson653@example.com,Seattle,Wa,De,2021-02-25,Standard,False
TES-C7713,Noah Wilson,noah.wilson945@example.com,Seattle,Wa,Jp,2024-01-21,Unknown,False
TES-C7562,Priya Anderson,priya.anderson118@example.com,Miami,Fl,Uk,2022-05-12,Referral Program,False
TES-C9924,mohammed brown,mohammed.brown215@example.com,New York,Ny,Cn,2023-02-16,Referral Program,False
TES-C2416,aarav wilson,aarav.wilson597@example.com,Los Angeles,Ca,Jp,2021-04-29,Insider,False
TES-C10932,John Brown,,Los Angeles,Ca,Ca,2023-06-13,Standard,True
TES-C3179,Aditya Tanaka,aditya.tanaka143@example.com,Los Angeles,Ca,Jp,2024-07-14,Referral Program,False
TES-C4796,Carlos Rossi,carlos.rossi829@example.com,San Francisco,Ca,Uk,2025-04-22,Standard,False
TES-C3634,YUKI PATEL,yuki.patel496@example.com,Shanghai,Cn,Cn,2024-02-13,Standard,False
TES-C6603,Liam Sharma,liam.sharma949@example.com,Miami,Fl,Cn,2024-10-05,Unknown,False
TES-C2730,Vivaan Müller,vivaan.müller849@example.com,Chicago,Il,Uk,2023-07-25,Standard,False
TES-C10706,David Johnson,david.johnson861@example.com,Austin,Tx,Jp,2025-05-18,Standard,False
TES-C7452,Carlos Anderson,carlos.anderson418@example.com,Shanghai,Cn,De,2022-02-06,Referral Program,False
TES-C4724,Zoe Rossi,zoe.rossi943@example.com,Berlin,De,Cn,2022-04-27,Referral Program,False
TES-C2996,Li Müller,li.müller167@example.com,New York,Ny,De,2024-02-03,Standard,False
TES-C10853,Zoe Kim,zoe.kim864@example.com,Chicago,Il,De,2024-04-14,Insider,False
TES-C5218,david patel,david.patel286@example.com,Los Angeles,Ca,Cn,2025-04-08,Referral Program,False
TES-C7301,David Kumar,david.kumar55@example.com,Austin,Tx,Uk,2021-12-15,Referral Program,False
TES-C10176,SARA KHAN,sara.khan355@example.com,Seattle,Wa,Ca,2025-10-17,Insider,False
TES-C4839,Noah Müller,noah.müller912@example.com,Los Angeles,Ca,Uk,2023-03-26,Referral Program,False
TES-C2336,John Wang,john.wang70@example.com,New York,Ny,Cn,2022-10-10,Standard,False
TES-C4551,Li Tanaka,,New York,Ny,Uk,2021-07-10,Referral Program,True
TES-C7372,Priya Sharma,priya.sharma450@example.com,Berlin,De,Cn,2022-01-18,Referral Program,False
TES-C8401,CHEN SINGH,chen.singh258@example.com,Shanghai,Cn,Uk,2021-05-21,Insider,False
TES-C3451,Li Wang,li.wang445@example.com,Austin,Tx,Cn,2024-01-12,Standard,False
TES-C8380,John Kumar,john.kumar543@example.com,Chicago,Il,Us,2021-03-28,Insider,False
TES-C7918,John Chen,john.chen887@example.com,Seattle,Wa,Jp,2023-09-11,Standard,False
TES-C6912,Ava Yamada,ava.yamada418@example.com,Miami,Fl,De,2021-05-29,Insider,False
TES-C3847,Michael Brown,michael.brown236@example.com,Los Angeles,Ca,De,2022-10-03,Standard,False
TES-C7243, Ava Sharma ,ava.sharma391@example.com,New York,Ny,Us,2024-10-12,Referral Program,False
TES-C1434,Maria Patel,maria.patel365@example.com,Chicago,Il,Cn,2024-11-24,Referral Program,False
TES-C7195,Maria Davis,maria.davis394@example.com,Berlin,De,Ca,2025-03-14,Standard,False
TES-C4541,John Chen,john.chen613@example.com,New York,Ny,Jp,2024-06-08,Standard,False
TES-C5332,Emma Smith,emma.smith63@example.com,Miami,Fl,Ca,2023-10-28,Standard,False
TES-C9704,Vivaan Tanaka,vivaan.tanaka771@example.com,San Francisco,Ca,Ca,2023-01-03,Standard,False
TES-C1706,aditya tanaka,aditya.tanaka827@example.com,Chicago,Il,Cn,2024-04-28,Standard,False
TES-C5222,Carlos Wilson,carlos.wilson895@example.com,Berlin,De,Ca,2023-11-24,Insider,False
TES-C9702,MARIA TANAKA,maria.tanaka77@example.com,Seattle,Wa,De,2025-06-25,Referral Program,False
TES-C9964,li müller,li.müller514@example.com,New York,Ny,Jp,2023-02-14,Standard,False
TES-C4245,MARIA ANDERSON,maria.anderson948@example.com,Fremont,Ca,Cn,2021-05-13,Unknown,False
TES-C2076,Noah Smith,noah.smith128@example.com,Los Angeles,Ca,Ca,2021-09-18,Standard,False
TES-C5495,vivaan müller,vivaan.müller726@example.com,Seattle,Wa,Uk,2021-03-22,Insider,False
TES-C3517,Aditya Martin,aditya.martin429@example.com,Fremont,Ca,Uk,2023-09-14,Unknown,False
TES-C3394,Priya Lee,,Shanghai,Cn,Cn,2024-08-15,Standard,True
TES-C8134,Aarav Wang,aarav.wang554@example.com,Berlin,De,De,2025-08-24,Standard,False
TES-C5182,Sara Johnson,sara.johnson901@example.com,San Francisco,Ca,Uk,2021-07-19,Referral Program,False
TES-C9952,Anna Yamada,anna.yamada680@example.com,Chicago,Il,Cn,2023-03-09,Referral Program,False
TES-C7349,LI PATEL,li.patel443@example.com,Austin,Tx,Us,2025-02-21,Standard,False
TES-C9920,LI ROSSI,li.rossi204@example.com,Shanghai,Cn,De,2023-11-21,Standard,False
TES-C7096,vivaan suzuki,vivaan.suzuki713@example.com,Chicago,Il,Ca,2024-10-06,Insider,False
TES-C1684,Aditya Patel,aditya.patel902@example.com,Los Angeles,Ca,Uk,2025-04-19,Standard,False
TES-C4709,Ava Tanaka,ava.tanaka125@example.com,Berlin,De,Us,2025-12-21,Referral Program,False
TES-C5405,Liam Sharma,,Austin,Tx,De,2021-11-20,Insider,True
TES-C5447,Mohammed Garcia,mohammed.garcia352@example.com,Shanghai,Cn,Jp,2023-11-07,Insider,False
TES-C1809,Fatima Garcia,fatima.garcia127@example.com,Chicago,Il,Us,2024-12-30,Standard,False
TES-C3430,Maria Singh,maria.singh662@example.com,Chicago,Il,Us,2022-09-26,Referral Program,False
TES-C4233,Ava Chen,ava.chen177@example.com,Berlin,De,De,2024-11-16,Insider,False
TES-C10564,Yuki Yamada,yuki.yamada976@example.com,New York,Ny,Jp,2021-01-28,Insider,False
TES-C8739,yuki rossi,yuki.rossi885@example.com,Los Angeles,Ca,Us,2021-10-19,Referral Program,False
TES-C3111,Ava Anderson,ava.anderson790@example.com,Miami,Fl,Uk,2022-08-16,Referral Program,False
TES-C7690,Sara Davis,sara.davis732@example.com,Austin,Tx,Uk,2022-08-22,Referral Program,False
TES-C2691,Carlos Müller,,Fremont,Ca,Jp,2022-07-08,Insider,True
TES-C7642,Wei Yamada,wei.yamada88@example.com,Berlin,De,De,2023-04-03,Unknown,False
TES-C6016,Li Chen,li.chen457@example.com,New York,Ny,Jp,2021-05-04,Referral Program,False
TES-C3121,Vivaan Suzuki,vivaan.suzuki166@example.com,San Francisco,Ca,Us,2024-01-12,Referral Program,False
TES-C10338, Anna Smith ,anna.smith886@example.com,Los Angeles,Ca,Ca,2023-01-22,Referral Program,False
TES-C10447,ZOE ROSSI,zoe.rossi254@example.com,New York,Ny,Us,2021-01-22,Referral Program,False
TES-C2964,Yuki Brown,yuki.brown787@example.com,Chicago,Il,Uk,2023-03-21,Referral Program,False
TES-C5461,Li Müller,li.müller719@example.com,Shanghai,Cn,Jp,2023-08-17,Referral Program,False
TES-C9901,Michael Wilson,,San Francisco,Ca,Uk,2021-08-21,Standard,True
TES-C10148,Priya Singh,priya.singh479@example.com,Austin,Tx,Jp,2023-06-28,Standard,False
TES-C9868,Rahul Brown,rahul.brown85@example.com,Miami,Fl,Jp,2023-10-30,Insider,False
TES-C2451,Li Sharma,li.sharma335@example.com,Chicago,Il,De,2023-04-09,Referral Program,False
TES-C8630,priya khan,,Miami,Fl,Cn,2025-06-24,Standard,True
TES-C10532,Ava Rossi,,Chicago,Il,De,2023-06-11,Insider,True
TES-C4339,James Müller,james.müller212@example.com,Miami,Fl,Ca,2024-08-11,Standard,False
TES-C8376,Wei Smith,wei.smith772@example.com,Seattle,Wa,Us,2024-09-12,Insider,False
TES-C10540,liam wilson,liam.wilson254@example.com,Fremont,Ca,Us,2025-09-28,Referral Program,False
TES-C10686,Vivaan Wilson,vivaan.wilson174@example.com,Austin,Tx,Uk,2021-04-14,Referral Program,False
TES-C8326,anna brown,anna.brown784@example.com,Shanghai,Cn,Ca,2025-10-20,Insider,False
TES-C6716,Fatima Tanaka,fatima.tanaka115@example.com,Fremont,Ca,Cn,2024-08-27,Insider,False
TES-C9671,Olivia Martin,,Chicago,Il,Cn,2022-02-09,Standard,True
TES-C1975,Mohammed Singh,,Shanghai,Cn,Uk,2023-04-18,Referral Program,True
TES-C7922,Sofia Garcia,sofia.garcia357@example.com,Miami,Fl,Ca,2025-08-24,Standard,False
TES-C4246,Wei Johnson,wei.johnson703@example.com,Chicago,Il,Uk,2024-03-13,Standard,False
TES-C5033,David Chen,,Chicago,Il,Uk,2024-02-10,Insider,True
TES-C4173,Rahul Garcia,rahul.garcia154@example.com,Los Angeles,Ca,De,2021-02-15,Insider,False
TES-C2176,Michael Anderson,michael.anderson782@example.com,Austin,Tx,Uk,2025-05-15,Insider,False
TES-C10778,Olivia Singh,olivia.singh138@example.com,Fremont,Ca,Us,2024-07-20,Insider,False
TES-C2643,Carlos Suzuki,carlos.suzuki891@example.com,Austin,Tx,De,2022-08-11,Standard,False
TES-C6363,AARAV MARTIN,aarav.martin197@example.com,San Francisco,Ca,Cn,2024-04-20,Insider,False
TES-C6814, Michael Patel ,michael.patel535@example.com,Seattle,Wa,Uk,2023-07-15,Referral Program,False
TES-C4522,Wei Singh,wei.singh962@example.com,Fremont,Ca,Jp,2021-09-01,Insider,False
TES-C7339,Liam Chen,liam.chen714@example.com,San Francisco,Ca,Uk,2025-01-25,Insider,False
TES-C3205,John Davis,,Shanghai,Cn,Uk,2023-05-18,Insider,True
TES-C2070,Wei Chen,wei.chen422@example.com,Los Angeles,Ca,Us,2023-03-01,Insider,False
TES-C4638,Olivia Martin,olivia.martin448@example.com,Fremont,Ca,Jp,2023-04-01,Standard,False
TES-C5359,David Singh,david.singh502@example.com,San Francisco,Ca,Cn,2023-09-16,Referral Program,False
TES-C3277,Vivaan Sharma,vivaan.sharma599@example.com,New York,Ny,Jp,2023-02-12,Referral Program,False
TES-C9175,Aarav Anderson,aarav.anderson236@example.com,Berlin,De,Ca,2023-08-29,Referral Program,False
TES-C9501,ava garcia,ava.garcia224@example.com,Seattle,Wa,Uk,2021-09-29,Standard,False
TES-C10645,Rahul Sharma,rahul.sharma499@example.com,Los Angeles,Ca,De,2022-03-06,Referral Program,False
TES-C2345,Yuki Anderson,yuki.anderson717@example.com,Seattle,Wa,Us,2021-03-30,Insider,False
TES-C3386,Maria Kumar,maria.kumar942@example.com,New York,Ny,Us,2022-12-23,Referral Program,False
TES-C2405,MOHAMMED BROWN,mohammed.brown640@example.com,Los Angeles,Ca,Us,2021-04-20,Standard,False
TES-C2263,Fatima Rossi,fatima.rossi15@example.com,New York,Ny,Uk,2022-04-16,Insider,False
TES-C3509,Maria Anderson,maria.anderson494@example.com,Miami,Fl,Us,2021-02-16,Insider,False
TES-C8148,Carlos Singh,carlos.singh908@example.com,Chicago,Il,Ca,2023-03-25,Referral Program,False
TES-C10820, Emma Singh ,emma.singh90@example.com,Shanghai,Cn,Cn,2021-09-05,Referral Program,False
TES-C8360,Maria Martin,maria.martin129@example.com,Chicago,Il,Us,2022-12-06,Standard,False
TES-C1888, Rahul Kumar ,rahul.kumar299@example.com,Chicago,Il,Uk,2022-12-30,Standard,False
TES-C1371,Michael Brown,michael.brown310@example.com,Shanghai,Cn,Us,2024-07-12,Referral Program,False
TES-C10425,Vivaan Johnson,vivaan.johnson435@example.com,Fremont,Ca,Us,2022-08-13,Insider,False
TES-C5617,Sofia Martin,sofia.martin86@example.com,Seattle,Wa,Jp,2023-05-31,Referral Program,False
TES-C4472,Noah Wang,noah.wang140@example.com,Miami,Fl,Ca,2023-05-10,Referral Program,False
TES-C9468,Sofia Rossi,sofia.rossi794@example.com,Austin,Tx,Us,2021-09-20,Insider,False
TES-C3236,Maria Brown,maria.brown458@example.com,Chicago,Il,Uk,2022-09-22,Referral Program,False
TES-C3750,Sofia Smith,sofia.smith730@example.com,Chicago,Il,Cn,2022-02-14,Standard,False
TES-C3020,Aditya Khan,aditya.khan377@example.com,Chicago,Il,Cn,2024-11-07,Referral Program,False
TES-C10331,mohammed patel,mohammed.patel489@example.com,Berlin,De,Ca,2022-09-26,Referral Program,False
TES-C2296,James Kim,james.kim614@example.com,San Francisco,Ca,Cn,2021-02-02,Referral Program,False
TES-C5446,Ken Brown,ken.brown231@example.com,Shanghai,Cn,Us,2022-12-27,Standard,False
TES-C7790,Michael Davis,michael.davis28@example.com,Seattle,Wa,Us,2021-09-02,Insider,False
TES-C4060,Ken Singh,ken.singh633@example.com,Seattle,Wa,Ca,2022-01-28,Standard,False
TES-C1572,Wei Johnson,wei.johnson261@example.com,Austin,Tx,Uk,2024-12-07,Referral Program,False
TES-C5184,Liam Sharma,liam.sharma804@example.com,Seattle,Wa,Jp,2022-11-03,Referral Program,False
TES-C7009,sofia tanaka,sofia.tanaka508@example.com,New York,Ny,Ca,2025-05-09,Standard,False
TES-C4520,Priya Müller,priya.müller190@example.com,Seattle,Wa,Ca,2022-09-20,Referral Program,False
TES-C3747,anna patel,anna.patel572@example.com,Chicago,Il,Us,2021-03-28,Standard,False
TES-C4189,Vivaan Wilson,vivaan.wilson356@example.com,Berlin,De,Uk,2024-03-16,Unknown,False
TES-C8893,Yuki Müller,,Los Angeles,Ca,Us,2022-07-27,Referral Program,True
TES-C5583,Ben Anderson,ben.anderson552@example.com,Austin,Tx,Cn,2022-01-27,Referral Program,False
TES-C4824,Mohammed Davis,mohammed.davis173@example.com,Berlin,De,Jp,2025-11-15,Referral Program,False
TES-C1125,David Tanaka,david.tanaka119@example.com,Chicago,Il,Uk,2022-02-16,Insider,False
TES-C6982,Anna Chen,anna.chen771@example.com,Austin,Tx,Cn,2025-01-02,Referral Program,False
TES-C8756,ken singh,ken.singh828@example.com,Los Angeles,Ca,Us,2024-12-24,Insider,False
TES-C1138,Olivia Garcia,olivia.garcia937@example.com,Shanghai,Cn,De,2024-03-04,Standard,False
TES-C3739,Rahul Anderson,rahul.anderson152@example.com,San Francisco,Ca,Us,2021-03-31,Referral Program,False
TES-C3221,Michael Davis,michael.davis477@example.com,San Francisco,Ca,Jp,2022-12-16,Referral Program,False
TES-C10757,Li Lee,li.lee208@example.com,San Francisco,Ca,Ca,2021-05-26,Insider,False
TES-C9434,Sofia Chen,sofia.chen119@example.com,Fremont,Ca,Us,2022-06-21,Insider,False
TES-C10256,VIVAAN SMITH,vivaan.smith245@example.com,Fremont,Ca,Uk,2023-08-18,Referral Program,False
TES-C1502, Ava Brown ,ava.brown25@example.com,Austin,Tx,Us,2023-11-09,Insider,False
TES-C5541,VIVAAN JOHNSON,vivaan.johnson279@example.com,Austin,Tx,Uk,2023-07-20,Standard,False
TES-C2166,michael wang,michael.wang857@example.com,New York,Ny,Us,2021-10-12,Referral Program,False
TES-C4164,zoe wang,zoe.wang924@example.com,Chicago,Il,Jp,2024-05-09,Unknown,False
TES-C8126,DAVID SHARMA,david.sharma192@example.com,Berlin,De,Us,2022-12-03,Standard,False
TES-C7285,Fatima Tanaka,,Austin,Tx,Cn,2024-11-01,Insider,True
TES-C8805,Ken Khan,ken.khan585@example.com,Chicago,Il,Cn,2023-06-25,Standard,False
TES-C9902,Sofia Suzuki,sofia.suzuki792@example.com,Los Angeles,Ca,Jp,2021-10-02,Unknown,False
TES-C6509,Chen Kumar,chen.kumar256@example.com,Shanghai,Cn,De,2025-05-12,Insider,False
TES-C7292,Mohammed Wang,mohammed.wang895@example.com,Fremont,Ca,Cn,2025-06-07,Referral Program,False
TES-C9660,ben anderson,ben.anderson8@example.com,New York,Ny,Us,2025-09-05,Referral Program,False
TES-C9893,David Suzuki,david.suzuki500@example.com,Chicago,Il,Uk,2022-07-27,Standard,False
TES-C10492,Priya Johnson,priya.johnson609@example.com,Fremont,Ca,Jp,2025-04-18,Insider,False
TES-C8598,wei lee,wei.lee764@example.com,Chicago,Il,Cn,2021-12-04,Referral Program,False
TES-C6779,Rahul Sharma,rahul.sharma850@example.com,Chicago,Il,Ca,2024-05-04,Standard,False
TES-C8718,Ben Kumar,ben.kumar846@example.com,Austin,Tx,Uk,2021-09-03,Insider,False
TES-C10079,Anna Rossi,anna.rossi940@example.com,New York,Ny,Us,2023-01-13,Referral Program,False
TES-C7546,Noah Martin,noah.martin129@example.com,New York,Ny,Jp,2021-11-14,Standard,False
TES-C2491,Anna Kim,,Chicago,Il,Us,2024-09-29,Referral Program,True
TES-C10742,Mohammed Smith,,Los Angeles,Ca,Jp,2022-11-21,Insider,True
TES-C9936,AVA TANAKA,ava.tanaka366@example.com,Shanghai,Cn,Ca,2022-10-01,Referral Program,False
TES-C6422,Ben Johnson,ben.johnson827@example.com,Fremont,Ca,Ca,2022-08-07,Referral Program,False
TES-C5399,Vivaan Khan,vivaan.khan112@example.com,Austin,Tx,Cn,2021-08-08,Referral Program,False
TES-C9740,VIVAAN SINGH,vivaan.singh708@example.com,Berlin,De,Jp,2021-05-09,Referral Program,False
TES-C8553,John Wilson,john.wilson364@example.com,Los Angeles,Ca,Ca,2021-06-30,Standard,False
TES-C3773,Ava Khan,ava.khan706@example.com,Miami,Fl,Us,2021-02-05,Referral Program,False
TES-C9054,John Garcia,john.garcia289@example.com,Miami,Fl,Us,2023-11-18,Insider,False
TES-C9550,Carlos Davis,carlos.davis768@example.com,Fremont,Ca,Cn,2024-06-18,Standard,False
TES-C6076,Mohammed Suzuki,mohammed.suzuki607@example.com,San Francisco,Ca,Cn,2022-05-12,Referral Program,False
TES-C5694,Yuki Rossi,yuki.rossi146@example.com,Berlin,De,Uk,2022-01-08,Standard,False
TES-C8103,Sofia Garcia,sofia.garcia665@example.com,Fremont,Ca,Cn,2023-10-28,Referral Program,False
TES-C1573,aarav smith,aarav.smith452@example.com,San Francisco,Ca,Uk,2022-01-05,Standard,False
TES-C5724,Noah Wilson,noah.wilson108@example.com,Austin,Tx,De,2022-01-23,Standard,False
TES-C8684,Zoe Brown,,Fremont,Ca,Uk,2022-07-24,Insider,True
TES-C2637,Aarav Kumar,,New York,Ny,Cn,2021-02-27,Referral Program,True
TES-C7487,ken anderson,ken.anderson616@example.com,Shanghai,Cn,Jp,2022-10-05,Standard,False
TES-C1232,SARA KHAN,,Los Angeles,Ca,De,2023-03-25,Unknown,True
TES-C10014,aarav tanaka,aarav.tanaka343@example.com,Miami,Fl,Us,2023-11-06,Referral Program,False
TES-C2910,Ben Yamada,ben.yamada11@example.com,Seattle,Wa,Jp,2024-03-19,Standard,False
TES-C7888,Ava Müller,ava.müller567@example.com,Austin,Tx,De,2024-02-06,Insider,False
TES-C6156,Sofia Suzuki,sofia.suzuki854@example.com,San Francisco,Ca,Ca,2022-05-02,Standard,False
TES-C9564,Zoe Wilson,zoe.wilson377@example.com,Fremont,Ca,Cn,2022-12-07,Insider,False
TES-C9944,Ben Tanaka,,Fremont,Ca,Uk,2022-09-12,Referral Program,True
TES-C2791, Michael Brown ,michael.brown45@example.com,Seattle,Wa,Us,2021-07-05,Standard,False
TES-C8934,JOHN KHAN,john.khan24@example.com,Miami,Fl,Jp,2024-06-18,Standard,False
TES-C3061,Carlos Lee,carlos.lee200@example.com,Austin,Tx,Cn,2022-12-02,Insider,False
TES-C1579,Wei Sharma,wei.sharma633@example.com,Shanghai,Cn,Us,2025-12-10,Insider,False
TES-C2391,Aarav Smith,aarav.smith143@example.com,Seattle,Wa,Uk,2024-05-01,Insider,False
TES-C4228,Sara Yamada,sara.yamada709@example.com,Seattle,Wa,Cn,2025-11-30,Referral Program,False
TES-C10733,Aditya Davis,aditya.davis738@example.com,Los Angeles,Ca,Ca,2025-11-13,Standard,False
TES-C6460,ADITYA WANG,aditya.wang834@example.com,Miami,Fl,Cn,2023-03-27,Unknown,False
TES-C5835,John Rossi,john.rossi817@example.com,San Francisco,Ca,Ca,2025-01-04,Referral Program,False
TES-C5263,Carlos Smith,carlos.smith836@example.com,Chicago,Il,Cn,2023-10-07,Referral Program,False
TES-C7161,Emma Garcia,emma.garcia189@example.com,Austin,Tx,Jp,2023-09-06,Insider,False
TES-C7647,Rahul Chen,rahul.chen298@example.com,Miami,Fl,Us,2023-12-13,Unknown,False
TES-C7411,Zoe Anderson,zoe.anderson913@example.com,Seattle,Wa,Cn,2025-05-04,Insider,False
TES-C1537,Zoe Martin,zoe.martin990@example.com,Austin,Tx,Jp,2022-01-18,Referral Program,False
TES-C7024,SOFIA KHAN,sofia.khan851@example.com,New York,Ny,De,2021-05-11,Standard,False
TES-C6093,Michael Sharma,michael.sharma725@example.com,Fremont,Ca,Cn,2023-09-29,Standard,False
TES-C2525,John Smith,john.smith399@example.com,Los Angeles,Ca,Cn,2022-02-04,Referral Program,False
TES-C7584,Sara Wilson,sara.wilson104@example.com,Shanghai,Cn,Us,2022-12-30,Standard,False
TES-C1640,Aditya Singh,aditya.singh347@example.com,Shanghai,Cn,Jp,2022-06-30,Referral Program,False
TES-C4200,James Johnson,james.johnson937@example.com,San Francisco,Ca,Ca,2025-07-31,Referral Program,False
TES-C8562,mohammed garcia,mohammed.garcia42@example.com,Austin,Tx,Jp,2023-08-02,Insider,False
TES-C9370,priya yamada,priya.yamada681@example.com,Miami,Fl,Cn,2023-08-14,Insider,False
TES-C2031,ava khan,ava.khan67@example.com,Austin,Tx,Uk,2022-01-27,Referral Program,False
TES-C5733,Yuki Rossi,,Shanghai,Cn,Us,2025-03-04,Insider,True
TES-C1488,Li Wilson,li.wilson720@example.com,Shanghai,Cn,Uk,2023-09-28,Referral Program,False
TES-C9338,Aarav Suzuki,aarav.suzuki500@example.com,New York,Ny,Cn,2023-04-17,Standard,False
TES-C4079,Anna Anderson,anna.anderson379@example.com,Berlin,De,Jp,2025-11-01,Standard,False
TES-C8434,Yuki Kumar,yuki.kumar940@example.com,Miami,Fl,Uk,2025-09-25,Standard,False
TES-C8365,Vivaan Tanaka,,New York,Ny,Ca,2022-07-22,Insider,True
TES-C8531,Aditya Sharma,aditya.sharma965@example.com,Los Angeles,Ca,Cn,2022-07-19,Standard,False
TES-C4722,Sara Davis,sara.davis49@example.com,Berlin,De,Jp,2023-08-20,Standard,False
TES-C6714,Anna Yamada,anna.yamada545@example.com,Seattle,Wa,Uk,2023-08-03,Insider,False
TES-C2674,James Singh,james.singh86@example.com,Chicago,Il,Uk,2024-07-18,Standard,False
TES-C2628,ava kim,ava.kim821@example.com,Berlin,De,Cn,2023-12-23,Referral Program,False
TES-C10214,Priya Wang,priya.wang874@example.com,Seattle,Wa,Uk,2021-08-07,Referral Program,False
TES-C8471,Ben Singh,,Shanghai,Cn,Jp,2022-05-04,Referral Program,True
TES-C4493,Mohammed Rossi,mohammed.rossi568@example.com,Fremont,Ca,Ca,2025-11-18,Standard,False
TES-C1954,Michael Yamada,michael.yamada197@example.com,Austin,Tx,Cn,2022-03-04,Standard,False
TES-C8170,Mohammed Wang,mohammed.wang649@example.com,Miami,Fl,Ca,2023-08-22,Standard,False
TES-C5720,Sara Anderson,sara.anderson90@example.com,Los Angeles,Ca,Cn,2025-02-28,Referral Program,False
TES-C9801,noah wang,noah.wang619@example.com,San Francisco,Ca,De,2023-03-11,Insider,False
TES-C4898,Olivia Singh,olivia.singh88@example.com,Shanghai,Cn,De,2022-06-18,Referral Program,False
TES-C6406,Michael Kim,michael.kim643@example.com,San Francisco,Ca,Us,2023-03-30,Standard,False
TES-C9752,Liam Kim,liam.kim619@example.com,Fremont,Ca,Ca,2024-07-20,Insider,False
TES-C1976,Sara Tanaka,sara.tanaka67@example.com,Austin,Tx,Us,2022-11-07,Insider,False
TES-C1127,PRIYA SMITH,priya.smith751@example.com,New York,Ny,Us,2024-08-18,Insider,False
TES-C5464,AARAV GARCIA,aarav.garcia658@example.com,Seattle,Wa,Ca,2025-08-24,Standard,False
TES-C4003, Yuki Rossi ,yuki.rossi756@example.com,Fremont,Ca,Ca,2021-06-05,Insider,False
TES-C8862,Liam Martin,liam.martin457@example.com,Berlin,De,De,2024-01-08,Referral Program,False
TES-C9854,CHEN KUMAR,chen.kumar26@example.com,Los Angeles,Ca,Ca,2022-10-09,Standard,False
TES-C8301,olivia smith,olivia.smith463@example.com,Miami,Fl,Uk,2021-02-25,Standard,False
TES-C6278,JOHN CHEN,john.chen247@example.com,New York,Ny,Uk,2024-05-07,Insider,False
TES-C1698,Sofia Müller,sofia.müller209@example.com,Fremont,Ca,Ca,2025-08-10,Referral Program,False
TES-C7035,Wei Wang,wei.wang154@example.com,Miami,Fl,Jp,2023-04-10,Standard,False
TES-C3531, Carlos Davis ,carlos.davis134@example.com,Berlin,De,Jp,2023-04-16,Standard,False
TES-C9391,Aarav Patel,aarav.patel944@example.com,Berlin,De,De,2022-03-23,Standard,False
TES-C3721,zoe khan,zoe.khan590@example.com,Seattle,Wa,Us,2022-09-07,Standard,False
TES-C8387,Olivia Patel,olivia.patel335@example.com,Shanghai,Cn,Ca,2025-11-04,Insider,False
TES-C9552,Fatima Brown,fatima.brown897@example.com,San Francisco,Ca,De,2025-11-10,Referral Program,False
TES-C6087,Sofia Smith,sofia.smith726@example.com,Miami,Fl,Us,2024-05-18,Insider,False
TES-C5573,JAMES KIM,james.kim447@example.com,Chicago,Il,Us,2021-07-05,Standard,False
TES-C5100,Sara Wilson,sara.wilson570@example.com,San Francisco,Ca,Ca,2025-10-28,Insider,False
TES-C3806,mohammed khan,mohammed.khan215@example.com,New York,Ny,De,2024-08-21,Standard,False
TES-C1293,Priya Smith,,Seattle,Wa,Ca,2021-02-02,Referral Program,True
TES-C5915,Yuki Wilson,yuki.wilson214@example.com,San Francisco,Ca,Cn,2023-08-29,Referral Program,False
TES-C2737,Li Rossi,,San Francisco,Ca,Jp,2022-05-15,Standard,True
TES-C8347, Ken Davis ,ken.davis881@example.com,Miami,Fl,De,2022-01-29,Standard,False
TES-C9257,john kumar,john.kumar706@example.com,Berlin,De,Uk,2023-05-30,Insider,False
TES-C2120,Ken Kumar,ken.kumar955@example.com,Fremont,Ca,Jp,2022-08-24,Referral Program,False
TES-C5571,Zoe Brown,zoe.brown959@example.com,Shanghai,Cn,De,2023-05-31,Referral Program,False
TES-C7623,wei kumar,wei.kumar25@example.com,Austin,Tx,Us,2023-01-09,Standard,False
TES-C7422,Aarav Chen,aarav.chen756@example.com,Chicago,Il,De,2023-06-24,Referral Program,False
TES-C4992,Sara Brown,sara.brown564@example.com,Fremont,Ca,Ca,2021-04-08,Insider,False
TES-C5605,Chen Patel,chen.patel817@example.com,Fremont,Ca,Ca,2021-10-01,Standard,False
TES-C7324,David Garcia,david.garcia207@example.com,Chicago,Il,Jp,2022-09-12,Referral Program,False
TES-C7270,sofia brown,sofia.brown884@example.com,Austin,Tx,Ca,2024-11-06,Insider,False
TES-C10922,Li Chen,li.chen144@example.com,San Francisco,Ca,Cn,2022-07-16,Referral Program,False
TES-C3919,AARAV GARCIA,aarav.garcia945@example.com,Shanghai,Cn,Uk,2024-08-14,Standard,False
TES-C9015,ben kumar,ben.kumar302@example.com,San Francisco,Ca,Jp,2023-07-13,Standard,False
TES-C5363,zoe patel,zoe.patel698@example.com,Chicago,Il,Uk,2023-12-20,Standard,False
TES-C3348,Ken Rossi,ken.rossi281@example.com,New York,Ny,Us,2021-09-11,Referral Program,False
TES-C8467,Ken Tanaka,ken.tanaka841@example.com,New York,Ny,Cn,2024-06-23,Insider,False
TES-C9368,DAVID ROSSI,david.rossi510@example.com,Miami,Fl,Jp,2021-07-17,Referral Program,False
TES-C7648,Aarav Chen,aarav.chen377@example.com,New York,Ny,Cn,2024-01-31,Standard,False
TES-C6459,Ken Tanaka,ken.tanaka51@example.com,Austin,Tx,Jp,2022-03-05,Referral Program,False
TES-C2390,Sofia Martin,sofia.martin562@example.com,New York,Ny,Ca,2022-06-04,Standard,False
TES-C5463, Wei Lee ,wei.lee782@example.com,New York,Ny,Ca,2023-04-17,Referral Program,False
TES-C8004,vivaan wilson,vivaan.wilson492@example.com,New York,Ny,Jp,2022-03-22,Standard,False
TES-C8299,David Garcia,david.garcia763@example.com,Miami,Fl,Us,2025-05-03,Insider,False
TES-C8104,James Rossi,james.rossi293@example.com,Miami,Fl,Jp,2025-04-21,Insider,False
TES-C4700,VIVAAN CHEN,vivaan.chen354@example.com,Shanghai,Cn,Us,2024-12-09,Standard,False
TES-C10036,Priya Davis,priya.davis825@example.com,Chicago,Il,Jp,2023-12-06,Unknown,False
TES-C8897,sara kim,,Chicago,Il,Ca,2023-12-03,Unknown,True
TES-C3161,Ken Müller,ken.müller387@example.com,Fremont,Ca,Us,2023-02-04,Insider,False
TES-C8808,VIVAAN ROSSI,vivaan.rossi195@example.com,Shanghai,Cn,Ca,2022-06-19,Standard,False
TES-C7343,Emma Brown,emma.brown357@example.com,Shanghai,Cn,Us,2022-08-29,Referral Program,False
TES-C6492,Maria Martin,maria.martin543@example.com,San Francisco,Ca,Uk,2022-07-02,Standard,False
TES-C4626,chen davis,chen.davis826@example.com,Seattle,Wa,Jp,2022-02-26,Standard,False
TES-C3419,SARA SUZUKI,sara.suzuki345@example.com,Los Angeles,Ca,Ca,2023-04-18,Referral Program,False
TES-C9562,Priya Garcia,priya.garcia1@example.com,Shanghai,Cn,Uk,2022-05-23,Referral Program,False
TES-C8020,Emma Müller,emma.müller320@example.com,New York,Ny,Uk,2022-11-23,Standard,False
TES-C2157,Zoe Suzuki,zoe.suzuki382@example.com,Los Angeles,Ca,Jp,2021-09-27,Standard,False
TES-C7880, Vivaan Chen ,vivaan.chen863@example.com,Seattle,Wa,Jp,2023-02-01,Referral Program,False
TES-C3333,Carlos Kim,,Miami,Fl,Jp,2021-09-14,Referral Program,True
TES-C10955,Emma Chen,emma.chen966@example.com,San Francisco,Ca,Ca,2021-11-30,Insider,False
TES-C1818,Michael Tanaka,michael.tanaka850@example.com,Los Angeles,Ca,Uk,2024-01-31,Referral Program,False
TES-C2529,mohammed chen,mohammed.chen728@example.com,Seattle,Wa,Us,2023-10-01,Insider,False
TES-C9969,Yuki Chen,yuki.chen8@example.com,New York,Ny,Jp,2024-10-21,Insider,False
TES-C4039,JAMES WILSON,james.wilson110@example.com,Berlin,De,Uk,2023-06-19,Referral Program,False
TES-C6458,Michael Martin,michael.martin531@example.com,Austin,Tx,Uk,2021-12-14,Standard,False
TES-C6908,Liam Tanaka,liam.tanaka860@example.com,Fremont,Ca,Us,2022-11-29,Referral Program,False
TES-C4629,Yuki Patel,yuki.patel533@example.com,Seattle,Wa,Uk,2024-09-02,Standard,False
TES-C8776,Michael Khan,,San Francisco,Ca,De,2022-03-01,Referral Program,True
TES-C10892,Anna Smith,anna.smith308@example.com,Austin,Tx,Cn,2022-04-17,Referral Program,False
TES-C2400,Michael Kumar,,Chicago,Il,Jp,2025-06-28,Standard,True
TES-C5474, Aditya Müller ,aditya.müller292@example.com,Los Angeles,Ca,Ca,2025-06-24,Insider,False
TES-C3328,ADITYA BROWN,aditya.brown701@example.com,Berlin,De,Cn,2025-10-16,Standard,False
TES-C9961,Fatima Khan,fatima.khan441@example.com,Chicago,Il,Us,2021-06-03,Standard,False
TES-C8375,Ben Wilson,ben.wilson843@example.com,Chicago,Il,Us,2022-04-04,Standard,False
TES-C2661,Anna Sharma,anna.sharma210@example.com,Miami,Fl,Uk,2023-03-21,Unknown,False
TES-C2647,Li Singh,li.singh384@example.com,San Francisco,Ca,De,2024-07-04,Standard,False
TES-C9051,Aarav Anderson,aarav.anderson259@example.com,San Francisco,Ca,Cn,2021-05-07,Insider,False
TES-C1352,Yuki Davis,yuki.davis921@example.com,Shanghai,Cn,De,2023-05-17,Referral Program,False
TES-C2986,Carlos Martin,carlos.martin45@example.com,Miami,Fl,Ca,2021-01-02,Standard,False
TES-C3249,Chen Singh,chen.singh668@example.com,Los Angeles,Ca,Us,2021-09-15,Standard,False
TES-C7678,Wei Singh,wei.singh567@example.com,Miami,Fl,Us,2024-12-11,Referral Program,False
TES-C10471, Sofia Müller ,sofia.müller642@example.com,Berlin,De,Ca,2024-05-10,Unknown,False
TES-C3462, John Chen ,john.chen169@example.com,Chicago,Il,Uk,2024-06-25,Referral Program,False
TES-C5548,Liam Kumar,liam.kumar124@example.com,Austin,Tx,Us,2024-05-28,Referral Program,False
TES-C7978,Rahul Brown,,Fremont,Ca,Ca,2025-09-20,Insider,True
TES-C3855, Noah Khan ,noah.khan678@example.com,Austin,Tx,De,2025-05-07,Standard,False
TES-C2430,Zoe Wang,,Miami,Fl,Cn,2021-10-03,Referral Program,True
TES-C5974,Sara Sharma,sara.sharma440@example.com,New York,Ny,Cn,2021-12-28,Insider,False
TES-C9246,Zoe Anderson,zoe.anderson695@example.com,Los Angeles,Ca,Cn,2023-03-28,Insider,False
TES-C7523,Wei Garcia,wei.garcia596@example.com,Austin,Tx,Cn,2022-03-16,Standard,False
TES-C10805,sofia anderson,sofia.anderson321@example.com,Seattle,Wa,Cn,2023-03-18,Referral Program,False
TES-C1752,Ben Rossi,ben.rossi370@example.com,Los Angeles,Ca,Uk,2022-09-22,Standard,False
TES-C1757,Li Kumar,li.kumar596@example.com,Shanghai,Cn,Ca,2022-07-22,Referral Program,False
TES-C8856,Chen Chen,chen.chen213@example.com,Fremont,Ca,Cn,2021-12-17,Insider,False
TES-C8244,Wei Martin,wei.martin650@example.com,Seattle,Wa,Cn,2021-05-27,Insider,False
TES-C1248,DAVID MÜLLER,david.müller122@example.com,Los Angeles,Ca,De,2023-11-26,Standard,False
TES-C8087,James Garcia,james.garcia704@example.com,Chicago,Il,Ca,2024-11-19,Referral Program,False
TES-C3317,David Müller,david.müller207@example.com,Berlin,De,Uk,2023-07-09,Insider,False
TES-C10250,Ben Yamada,ben.yamada656@example.com,New York,Ny,De,2024-05-09,Insider,False
TES-C8903,Zoe Khan,zoe.khan276@example.com,Miami,Fl,De,2021-03-25,Insider,False
TES-C9373,Priya Khan,priya.khan240@example.com,Austin,Tx,Cn,2022-11-16,Standard,False
TES-C4391,Carlos Singh,carlos.singh4@example.com,Austin,Tx,Jp,2023-02-08,Unknown,False
TES-C10796,James Lee,james.lee864@example.com,New York,Ny,Uk,2021-07-21,Insider,False
TES-C2110,Olivia Müller,olivia.müller689@example.com,Seattle,Wa,Us,2021-08-18,Standard,False
TES-C5122,Vivaan Smith,vivaan.smith8@example.com,Berlin,De,Uk,2021-10-27,Standard,False
TES-C2066,MOHAMMED ROSSI,mohammed.rossi991@example.com,Seattle,Wa,Cn,2025-08-09,Insider,False
TES-C2362,Wei Martin,wei.martin17@example.com,Miami,Fl,Us,2024-06-10,Referral Program,False
TES-C1621,James Patel,james.patel802@example.com,Berlin,De,Uk,2021-01-25,Unknown,False
TES-C8003,CHEN CHEN,chen.chen393@example.com,Chicago,Il,Cn,2023-12-06,Standard,False
TES-C3989,Li Wang,li.wang152@example.com,Fremont,Ca,Cn,2021-09-25,Standard,False
TES-C2102,Aditya Patel,aditya.patel527@example.com,Los Angeles,Ca,Ca,2021-02-17,Insider,False
TES-C7872,Mohammed Chen,mohammed.chen941@example.com,Miami,Fl,De,2023-12-06,Standard,False
TES-C7019,Fatima Khan,fatima.khan19@example.com,Austin,Tx,Cn,2021-10-23,Insider,False
TES-C7764,ben johnson,ben.johnson643@example.com,Shanghai,Cn,Ca,2024-03-25,Insider,False
TES-C5322,Yuki Tanaka,yuki.tanaka402@example.com,Los Angeles,Ca,Cn,2023-09-11,Insider,False
TES-C3400,FATIMA MARTIN,fatima.martin834@example.com,Los Angeles,Ca,Cn,2023-04-15,Referral Program,False
TES-C3633,James Wang,james.wang198@example.com,Austin,Tx,Uk,2023-01-30,Referral Program,False
TES-C9263,sofia müller,sofia.müller527@example.com,Chicago,Il,Uk,2025-02-21,Standard,False
TES-C3722,Maria Martin,maria.martin424@example.com,Fremont,Ca,Uk,2021-06-15,Referral Program,False
TES-C3204,Aditya Singh,aditya.singh86@example.com,Berlin,De,Ca,2025-04-09,Insider,False
TES-C8274,Priya Müller,priya.müller28@example.com,Fremont,Ca,De,2024-04-04,Standard,False
TES-C9913,Emma Wang,,New York,Ny,Uk,2023-12-03,Insider,True
TES-C3727,PRIYA LEE,priya.lee463@example.com,Shanghai,Cn,Uk,2022-12-21,Referral Program,False
TES-C1771,Li Singh,li.singh528@example.com,Chicago,Il,Us,2022-02-26,Standard,False
TES-C9386,Wei Smith,,Shanghai,Cn,Us,2023-11-11,Standard,True
TES-C10119,Priya Rossi,priya.rossi230@example.com,Los Angeles,Ca,Uk,2023-03-17,Referral Program,False
TES-C3660,John Garcia,john.garcia888@example.com,Seattle,Wa,Cn,2021-06-27,Insider,False
TES-C9144,Emma Suzuki,emma.suzuki525@example.com,Austin,Tx,Jp,2025-04-03,Insider,False
TES-C4114,Olivia Davis,olivia.davis565@example.com,Seattle,Wa,Uk,2023-10-04,Standard,False
TES-C10223,Sara Lee,sara.lee809@example.com,Seattle,Wa,Us,2025-04-11,Standard,False
TES-C10724,Mohammed Suzuki,mohammed.suzuki542@example.com,Austin,Tx,Uk,2021-07-27,Standard,False
TES-C9444,Emma Martin,emma.martin913@example.com,Los Angeles,Ca,Ca,2022-04-16,Standard,False
TES-C3140,Fatima Singh,fatima.singh497@example.com,Chicago,Il,Us,2021-06-28,Insider,False
TES-C2864,Anna Müller,anna.müller454@example.com,Seattle,Wa,Us,2021-05-18,Standard,False
TES-C2103, Carlos Smith ,carlos.smith109@example.com,Austin,Tx,Uk,2024-06-16,Insider,False
TES-C8600,Fatima Kumar,fatima.kumar452@example.com,Berlin,De,Cn,2025-03-02,Insider,False
TES-C1124,Zoe Davis,zoe.davis364@example.com,Chicago,Il,Ca,2023-04-26,Referral Program,False
TES-C9316,Noah Brown,,Berlin,De,Jp,2023-09-02,Standard,True
TES-C2397,Chen Wang,chen.wang895@example.com,Seattle,Wa,Cn,2025-06-22,Insider,False
TES-C5636,Liam Anderson,liam.anderson171@example.com,Austin,Tx,Us,2021-07-31,Insider,False
TES-C2487,Aarav Johnson,aarav.johnson840@example.com,Chicago,Il,Jp,2023-06-30,Insider,False
TES-C3594,Carlos Anderson,carlos.anderson777@example.com,Los Angeles,Ca,Cn,2021-10-20,Referral Program,False
TES-C6144,Emma Rossi,,Seattle,Wa,Cn,2025-05-08,Referral Program,True
TES-C3700,Ava Patel,,San Francisco,Ca,Cn,2025-08-30,Referral Program,True
TES-C3427,Vivaan Rossi,vivaan.rossi61@example.com,Chicago,Il,Ca,2021-04-10,Standard,False
TES-C1359,Priya Sharma,priya.sharma137@example.com,Shanghai,Cn,De,2022-03-22,Insider,False
TES-C4171,Ken Anderson,ken.anderson516@example.com,New York,Ny,Us,2021-08-19,Standard,False
TES-C3195, Aarav Johnson ,,Chicago,Il,De,2023-10-27,Insider,True
TES-C3103,MICHAEL GARCIA,michael.garcia773@example.com,Berlin,De,Uk,2024-10-17,Unknown,False
TES-C6006,james singh,james.singh999@example.com,Austin,Tx,Uk,2023-02-09,Standard,False
TES-C8698,Noah Anderson,noah.anderson992@example.com,Miami,Fl,Uk,2022-01-27,Unknown,False
TES-C1083,Chen Kumar,chen.kumar99@example.com,Shanghai,Cn,Ca,2022-07-21,Referral Program,False
TES-C6128,Ava Chen,ava.chen660@example.com,Miami,Fl,Us,2021-03-01,Insider,False
TES-C7306,Ava Smith,,Shanghai,Cn,Jp,2022-09-05,Referral Program,True
TES-C7816,Mohammed Davis,mohammed.davis108@example.com,Miami,Fl,Jp,2023-03-18,Insider,False
TES-C7768,James Müller,james.müller103@example.com,San Francisco,Ca,Us,2025-10-02,Insider,False
TES-C10584,Aditya Martin,,Los Angeles,Ca,De,2024-05-13,Standard,True
TES-C6949,zoe chen,zoe.chen314@example.com,Berlin,De,De,2022-08-23,Referral Program,False
TES-C10623,Aarav Chen,aarav.chen458@example.com,Los Angeles,Ca,De,2025-06-06,Referral Program,False
TES-C3287,liam patel,liam.patel731@example.com,Fremont,Ca,Cn,2021-07-03,Standard,False
TES-C5176,VIVAAN ANDERSON,vivaan.anderson534@example.com,San Francisco,Ca,Us,2022-07-02,Referral Program,False
TES-C5128,David Rossi,david.rossi273@example.com,Berlin,De,Ca,2023-02-13,Standard,False
TES-C2681,NOAH SMITH,noah.smith713@example.com,New York,Ny,Ca,2025-06-26,Standard,False
TES-C6893, Michael Khan ,michael.khan395@example.com,Shanghai,Cn,Us,2021-06-13,Insider,False
TES-C4648,Priya Kumar,priya.kumar973@example.com,Seattle,Wa,De,2021-04-05,Referral Program,False
TES-C5292,Ben Tanaka,ben.tanaka899@example.com,Austin,Tx,Uk,2021-03-02,Standard,False
TES-C6698,Noah Kim,noah.kim65@example.com,Berlin,De,Ca,2025-09-12,Insider,False
TES-C10921,FATIMA ROSSI,,Berlin,De,Jp,2021-06-17,Standard,True
TES-C5947,Priya Brown,priya.brown426@example.com,Miami,Fl,Cn,2021-05-06,Referral Program,False
TES-C2936,Li Rossi,li.rossi284@example.com,New York,Ny,Jp,2022-08-05,Standard,False
TES-C2119,Anna Kim,anna.kim819@example.com,Miami,Fl,Cn,2025-02-13,Insider,False
TES-C4455,Rahul Suzuki,,Chicago,Il,Us,2021-10-06,Standard,True
TES-C6669,SARA SMITH,sara.smith744@example.com,Fremont,Ca,Jp,2022-03-01,Referral Program,False
TES-C3848,Vivaan Tanaka,vivaan.tanaka621@example.com,Los Angeles,Ca,Cn,2022-08-06,Insider,False
TES-C4574,Liam Anderson,liam.anderson533@example.com,Berlin,De,Jp,2025-04-01,Referral Program,False
TES-C5679,Priya Müller,priya.müller351@example.com,Miami,Fl,Jp,2022-01-05,Unknown,False
TES-C8830,John Wilson,john.wilson138@example.com,Austin,Tx,Cn,2025-04-07,Referral Program,False
TES-C10669,Zoe Singh,zoe.singh579@example.com,Chicago,Il,Us,2023-02-27,Standard,False
TES-C7481,noah davis,noah.davis143@example.com,Miami,Fl,Ca,2024-07-27,Referral Program,False
TES-C10923,Li Kumar,li.kumar814@example.com,Shanghai,Cn,Us,2025-06-03,Insider,False
TES-C5920,Aditya Khan,aditya.khan648@example.com,Berlin,De,Cn,2025-03-13,Standard,False
TES-C6884,Emma Anderson,emma.anderson890@example.com,Miami,Fl,Cn,2024-03-07,Insider,False
TES-C9455,Ken Tanaka,ken.tanaka398@example.com,Austin,Tx,Cn,2023-06-18,Referral Program,False
TES-C2361,Ben Singh,ben.singh25@example.com,Los Angeles,Ca,Cn,2023-09-09,Insider,False
TES-C9318,Mohammed Lee,mohammed.lee794@example.com,Austin,Tx,Uk,2025-04-05,Insider,False
TES-C2869,ava garcia,ava.garcia640@example.com,New York,Ny,Cn,2023-01-05,Standard,False
TES-C7531, Anna Patel ,,Berlin,De,Us,2021-07-03,Insider,True
TES-C7272,ZOE JOHNSON,zoe.johnson416@example.com,Chicago,Il,Uk,2023-01-12,Insider,False
TES-C2442,Li Yamada,li.yamada790@example.com,Berlin,De,Ca,2024-01-26,Referral Program,False
TES-C1332,Mohammed Johnson,mohammed.johnson948@example.com,Chicago,Il,Cn,2021-05-07,Insider,False
TES-C5429,Liam Smith,liam.smith704@example.com,San Francisco,Ca,Ca,2023-03-22,Referral Program,False
TES-C3584,anna kim,anna.kim685@example.com,Chicago,Il,Cn,2025-04-15,Referral Program,False
TES-C4113,Ava Patel,ava.patel55@example.com,Miami,Fl,De,2021-04-08,Standard,False
TES-C3284,Yuki Davis,yuki.davis374@example.com,Berlin,De,Cn,2022-09-17,Standard,False
TES-C2248,Vivaan Johnson,vivaan.johnson808@example.com,Fremont,Ca,Cn,2024-04-20,Unknown,False
TES-C10235,Li Chen,li.chen199@example.com,Fremont,Ca,De,2021-07-12,Insider,False
TES-C8043,Ben Rossi,ben.rossi11@example.com,Fremont,Ca,Cn,2021-05-12,Insider,False
TES-C2807,Emma Johnson,emma.johnson186@example.com,Los Angeles,Ca,De,2021-01-26,Insider,False
TES-C2962,Olivia Singh,olivia.singh243@example.com,Berlin,De,De,2023-10-19,Referral Program,False
TES-C10909,Chen Müller,chen.müller529@example.com,Chicago,Il,Ca,2022-06-14,Referral Program,False
TES-C4278,Noah Davis,noah.davis326@example.com,Austin,Tx,Us,2024-03-06,Referral Program,False
TES-C3793,carlos kim,carlos.kim491@example.com,Seattle,Wa,Jp,2021-10-03,Standard,False
TES-C9325,Ken Patel,ken.patel326@example.com,San Francisco,Ca,Us,2022-07-25,Insider,False
TES-C1225,david kim,david.kim700@example.com,Shanghai,Cn,Cn,2022-03-09,Standard,False
TES-C2591,Chen Singh,chen.singh942@example.com,Berlin,De,Ca,2025-08-06,Insider,False
TES-C4108,David Yamada,david.yamada273@example.com,Berlin,De,Uk,2023-04-26,Referral Program,False
TES-C5338,wei kumar,wei.kumar417@example.com,Los Angeles,Ca,Uk,2025-05-12,Referral Program,False
TES-C1452,Rahul Singh,rahul.singh503@example.com,Miami,Fl,Cn,2022-11-07,Insider,False
TES-C3149,Emma Kumar,emma.kumar11@example.com,Fremont,Ca,Uk,2021-01-10,Standard,False
TES-C1123,Sara Martin,sara.martin284@example.com,Berlin,De,Ca,2021-11-30,Insider,False
TES-C6756,Ava Smith,ava.smith710@example.com,Shanghai,Cn,Us,2025-02-21,Referral Program,False
TES-C10973,Yuki Singh,,Fremont,Ca,Uk,2024-12-31,Insider,True
TES-C10367,Rahul Singh,rahul.singh438@example.com,Berlin,De,Us,2025-07-21,Insider,False
TES-C3460,David Anderson,,Berlin,De,Cn,2021-02-25,Unknown,True
TES-C10108,Noah Martin,noah.martin660@example.com,New York,Ny,Us,2022-08-31,Insider,False
TES-C8359,Aarav Brown,aarav.brown516@example.com,Chicago,Il,Jp,2025-03-24,Insider,False
TES-C4965,James Martin,james.martin999@example.com,Chicago,Il,Jp,2021-01-15,Unknown,False
TES-C8201,John Chen,,Miami,Fl,Ca,2025-07-10,Standard,True
TES-C8197,Michael Smith,michael.smith352@example.com,Chicago,Il,Cn,2021-10-20,Standard,False
TES-C1158,Vivaan Tanaka,vivaan.tanaka198@example.com,New York,Ny,Cn,2021-07-13,Standard,False
TES-C2933, Ava Tanaka ,ava.tanaka873@example.com,Berlin,De,De,2021-03-17,Insider,False
TES-C6354, Ava Singh ,ava.singh518@example.com,Austin,Tx,Ca,2024-02-13,Unknown,False
TES-C3962,Sara Yamada,sara.yamada230@example.com,Seattle,Wa,Jp,2022-01-04,Insider,False
TES-C2335,li wilson,li.wilson448@example.com,Shanghai,Cn,Ca,2022-10-28,Standard,False
TES-C4903,Michael Johnson,michael.johnson846@example.com,Chicago,Il,De,2025-10-30,Standard,False
TES-C9472,Olivia Wang,olivia.wang142@example.com,Miami,Fl,Ca,2022-10-06,Referral Program,False
TES-C8124, Olivia Kim ,olivia.kim144@example.com,Shanghai,Cn,Jp,2021-02-05,Insider,False
TES-C7471,zoe tanaka,zoe.tanaka34@example.com,Austin,Tx,Uk,2025-10-14,Standard,False
TES-C9262,Noah Patel,noah.patel175@example.com,Miami,Fl,De,2024-06-02,Referral Program,False
TES-C8160, Aditya Sharma ,aditya.sharma946@example.com,Shanghai,Cn,De,2024-07-24,Standard,False
TES-C2513,Sofia Kumar,sofia.kumar684@example.com,New York,Ny,Us,2022-04-14,Insider,False
TES-C10171,Fatima Chen,fatima.chen934@example.com,Seattle,Wa,Jp,2024-07-13,Insider,False
TES-C1996,aditya wang,aditya.wang928@example.com,Austin,Tx,Jp,2024-03-22,Standard,False
TES-C6360,Aarav Davis,aarav.davis508@example.com,Los Angeles,Ca,De,2021-06-20,Referral Program,False
TES-C5504,SOFIA YAMADA,sofia.yamada488@example.com,Los Angeles,Ca,Uk,2022-05-06,Insider,False
TES-C4792,Ava Sharma,ava.sharma132@example.com,Shanghai,Cn,Jp,2024-04-15,Standard,False
TES-C6932,Emma Martin,emma.martin789@example.com,Los Angeles,Ca,Us,2025-07-11,Referral Program,False
TES-C6548, Ben Kumar ,ben.kumar433@example.com,Austin,Tx,Us,2022-04-01,Insider,False
TES-C6786,Ken Lee,ken.lee183@example.com,Los Angeles,Ca,Uk,2023-08-06,Insider,False
TES-C9071,Ben Kumar,ben.kumar57@example.com,Berlin,De,Uk,2022-01-07,Standard,False
TES-C2396,Zoe Khan,zoe.khan152@example.com,San Francisco,Ca,De,2023-10-31,Insider,False
TES-C6108,Liam Wang,liam.wang722@example.com,New York,Ny,Jp,2023-09-23,Referral Program,False
TES-C2547,Wei Wang,wei.wang733@example.com,Seattle,Wa,Jp,2025-07-12,Referral Program,False
TES-C8341,Li Garcia,li.garcia939@example.com,New York,Ny,Uk,2025-02-08,Standard,False
TES-C4076,Ben Brown,ben.brown635@example.com,San Francisco,Ca,Uk,2022-01-17,Standard,False
TES-C9217,Zoe Singh,zoe.singh618@example.com,Austin,Tx,Cn,2024-10-22,Standard,False
TES-C3596,Mohammed Smith,mohammed.smith76@example.com,Miami,Fl,Jp,2025-06-18,Unknown,False
TES-C5701,SARA JOHNSON,sara.johnson648@example.com,Berlin,De,Uk,2024-04-26,Referral Program,False
TES-C3210,Ava Kim,ava.kim944@example.com,Chicago,Il,Cn,2022-08-28,Insider,False
TES-C9880,Aarav Wang,aarav.wang490@example.com,Fremont,Ca,Cn,2022-04-24,Referral Program,False
TES-C5641,Ava Davis,,New York,Ny,Cn,2023-06-27,Insider,True
TES-C7636,Liam Kumar,liam.kumar340@example.com,Fremont,Ca,Uk,2024-11-10,Insider,False
TES-C2758,Li Patel,li.patel782@example.com,Miami,Fl,De,2021-02-27,Referral Program,False
TES-C5918,Ava Kim,ava.kim96@example.com,New York,Ny,Cn,2023-06-24,Referral Program,False
TES-C1435,Ava Patel,ava.patel635@example.com,Miami,Fl,De,2024-10-08,Insider,False
TES-C1219,ben johnson,ben.johnson162@example.com,Shanghai,Cn,De,2023-10-06,Standard,False
TES-C5594,Carlos Yamada,carlos.yamada531@example.com,Miami,Fl,Jp,2023-04-29,Unknown,False
TES-C7802,JAMES WILSON,james.wilson935@example.com,San Francisco,Ca,Uk,2023-11-04,Unknown,False
TES-C2724,David Sharma,david.sharma919@example.com,Chicago,Il,Uk,2023-05-23,Insider,False
TES-C4742,Rahul Brown,rahul.brown388@example.com,Seattle,Wa,Us,2022-10-19,Unknown,False
TES-C1642,Olivia Tanaka,olivia.tanaka847@example.com,Shanghai,Cn,Us,2025-05-08,Standard,False
TES-C4689,Ava Müller,,Berlin,De,Ca,2023-01-03,Insider,True
TES-C5950,Maria Martin,maria.martin547@example.com,Fremont,Ca,Cn,2022-07-17,Standard,False
TES-C3548,Rahul Lee,rahul.lee29@example.com,New York,Ny,Ca,2025-07-22,Standard,False
TES-C9311,Aditya Martin,aditya.martin254@example.com,New York,Ny,Cn,2024-07-29,Referral Program,False
TES-C2821,Zoe Martin,zoe.martin129@example.com,San Francisco,Ca,Jp,2021-01-08,Standard,False
TES-C7866,Mohammed Sharma,mohammed.sharma832@example.com,Berlin,De,Uk,2021-07-14,Referral Program,False
TES-C4283,Carlos Yamada,carlos.yamada252@example.com,Shanghai,Cn,Ca,2025-07-17,Insider,False
TES-C9179,Aarav Wang,aarav.wang871@example.com,Shanghai,Cn,Uk,2022-11-25,Standard,False
TES-C7406,Aditya Johnson,aditya.johnson776@example.com,Shanghai,Cn,Cn,2025-04-22,Unknown,False
TES-C5441,Ben Wilson,ben.wilson589@example.com,New York,Ny,Uk,2022-12-21,Insider,False
TES-C7860,Michael Rossi,michael.rossi661@example.com,Seattle,Wa,De,2023-05-28,Standard,False
TES-C1569,Olivia Patel,olivia.patel567@example.com,New York,Ny,Uk,2025-08-28,Insider,False
TES-C7136,Li Garcia,li.garcia388@example.com,Berlin,De,De,2021-02-16,Referral Program,False
TES-C4135,Ava Patel,ava.patel727@example.com,Seattle,Wa,Ca,2022-09-24,Standard,False
TES-C1674,Aarav Singh,aarav.singh532@example.com,Shanghai,Cn,Uk,2025-05-19,Referral Program,False
TES-C1298, John Martin ,john.martin199@example.com,New York,Ny,Us,2022-11-16,Standard,False
TES-C8792,John Khan,john.khan45@example.com,New York,Ny,Jp,2024-10-25,Standard,False
TES-C4856,Priya Wilson,priya.wilson709@example.com,Los Angeles,Ca,Cn,2025-12-21,Insider,False
TES-C5328,Fatima Rossi,fatima.rossi347@example.com,Berlin,De,De,2022-01-11,Referral Program,False
TES-C3464,Maria Khan,maria.khan689@example.com,Austin,Tx,Cn,2024-06-04,Insider,False
TES-C1866,Maria Yamada,maria.yamada386@example.com,Austin,Tx,De,2024-04-20,Referral Program,False
TES-C8307,Michael Smith,michael.smith212@example.com,Seattle,Wa,Uk,2023-01-13,Standard,False
TES-C3025,john wang,john.wang708@example.com,Los Angeles,Ca,De,2022-02-10,Referral Program,False
TES-C5081, John Patel ,john.patel809@example.com,San Francisco,Ca,Us,2021-08-04,Standard,False
TES-C2888,john khan,john.khan287@example.com,New York,Ny,Ca,2022-08-02,Referral Program,False
TES-C4243,LI WILSON,li.wilson554@example.com,Los Angeles,Ca,Ca,2025-07-22,Insider,False
TES-C5963,chen martin,chen.martin621@example.com,Berlin,De,Uk,2024-02-22,Standard,False
TES-C6770,Chen Martin,chen.martin493@example.com,Austin,Tx,Jp,2024-01-07,Insider,False
TES-C3404,Zoe Yamada,zoe.yamada855@example.com,Fremont,Ca,De,2024-11-01,Insider,False
TES-C4007,Priya Suzuki,priya.suzuki543@example.com,Berlin,De,Uk,2022-02-14,Insider,False
TES-C3558,Ben Davis,ben.davis509@example.com,San Francisco,Ca,Uk,2025-04-25,Insider,False
TES-C2314,Ava Johnson,ava.johnson838@example.com,Fremont,Ca,Uk,2024-10-10,Referral Program,False
TES-C7700,li martin,li.martin808@example.com,Fremont,Ca,Jp,2024-05-12,Insider,False
TES-C9988, Rahul Müller ,,New York,Ny,Cn,2022-01-31,Insider,True
TES-C4733,Ava Davis,ava.davis210@example.com,Seattle,Wa,Ca,2022-06-23,Standard,False
TES-C7323,James Khan,james.khan179@example.com,San Francisco,Ca,Uk,2022-01-07,Insider,False
TES-C10807,Carlos Yamada,carlos.yamada382@example.com,Miami,Fl,Jp,2021-04-17,Unknown,False
TES-C6207,David Khan,david.khan507@example.com,Fremont,Ca,De,2021-12-27,Standard,False
TES-C5700,JAMES GARCIA,james.garcia561@example.com,Seattle,Wa,Us,2022-05-06,Insider,False
TES-C5673,Li Smith,li.smith676@example.com,Chicago,Il,De,2025-05-17,Referral Program,False
TES-C2325,Wei Tanaka,wei.tanaka807@example.com,Los Angeles,Ca,De,2025-04-07,Standard,False
TES-C2269,ben brown,ben.brown706@example.com,Berlin,De,Ca,2025-08-17,Insider,False
TES-C6699,Chen Anderson,chen.anderson142@example.com,San Francisco,Ca,Uk,2022-11-04,Unknown,False
TES-C9539,Liam Anderson,liam.anderson685@example.com,Berlin,De,Ca,2022-08-01,Standard,False
TES-C4160,Aarav Garcia,aarav.garcia430@example.com,Fremont,Ca,Us,2022-08-22,Insider,False
TES-C4122,Ava Yamada,ava.yamada813@example.com,Miami,Fl,Cn,2022-04-07,Referral Program,False
TES-C7043,OLIVIA WILSON,olivia.wilson279@example.com,Chicago,Il,Ca,2021-03-03,Referral Program,False
TES-C7696,Liam Smith,liam.smith862@example.com,Fremont,Ca,Uk,2025-11-29,Insider,False
TES-C5002,Sofia Johnson,sofia.johnson9@example.com,Fremont,Ca,De,2021-07-20,Referral Program,False
TES-C5514,Aarav Martin,aarav.martin116@example.com,Austin,Tx,Uk,2023-04-11,Insider,False
TES-C2517,Anna Yamada,anna.yamada362@example.com,Seattle,Wa,Jp,2024-03-29,Standard,False
TES-C7205,Michael Brown,michael.brown69@example.com,Seattle,Wa,Uk,2025-03-13,Insider,False
TES-C4371,John Chen,john.chen905@example.com,Chicago,Il,Cn,2022-01-01,Standard,False
TES-C8173,BEN WANG,ben.wang899@example.com,San Francisco,Ca,Ca,2024-01-05,Unknown,False
TES-C1625,Rahul Rossi,,Shanghai,Cn,Uk,2023-10-01,Standard,True
TES-C9986,Aditya Lee,aditya.lee337@example.com,New York,Ny,Cn,2021-11-22,Standard,False
TES-C6641,Ben Suzuki,ben.suzuki439@example.com,New York,Ny,Ca,2022-10-29,Referral Program,False
TES-C6615,CARLOS SINGH,carlos.singh813@example.com,Austin,Tx,Jp,2023-07-05,Unknown,False
TES-C5413,Anna Khan,anna.khan575@example.com,Miami,Fl,Us,2021-08-27,Insider,False
TES-C8129,Sara Wilson,sara.wilson613@example.com,Miami,Fl,Ca,2025-11-24,Referral Program,False
TES-C1627,Noah Chen,noah.chen582@example.com,Seattle,Wa,Jp,2022-02-16,Referral Program,False
TES-C8445,Carlos Anderson,carlos.anderson53@example.com,Fremont,Ca,Ca,2022-01-14,Standard,False
TES-C3182,Aarav Wang,aarav.wang219@example.com,Los Angeles,Ca,Uk,2024-02-09,Standard,False
TES-C7381,Noah Sharma,noah.sharma873@example.com,Seattle,Wa,Ca,2025-09-01,Referral Program,False
TES-C5818,ADITYA MARTIN,aditya.martin238@example.com,Miami,Fl,Cn,2022-01-19,Referral Program,False
TES-C3639,James Sharma,james.sharma733@example.com,Berlin,De,De,2023-04-09,Unknown,False
TES-C7040,Aditya Lee,aditya.lee887@example.com,Miami,Fl,Jp,2023-08-19,Insider,False
TES-C1406,Zoe Patel,zoe.patel208@example.com,Shanghai,Cn,Us,2024-04-27,Referral Program,False
TES-C3933,Anna Lee,anna.lee670@example.com,Fremont,Ca,Jp,2024-11-18,Insider,False
TES-C10130,Liam Davis,liam.davis98@example.com,Chicago,Il,De,2022-10-13,Standard,False
TES-C1224,Anna Khan,,San Francisco,Ca,Jp,2023-09-20,Standard,True
TES-C2653,Aarav Smith,aarav.smith733@example.com,Austin,Tx,Jp,2022-01-07,Standard,False
TES-C5722,Sofia Khan,sofia.khan490@example.com,Shanghai,Cn,De,2025-09-08,Insider,False
TES-C2021,Aditya Kim,aditya.kim693@example.com,Miami,Fl,De,2022-10-21,Referral Program,False
TES-C1113,Michael Brown,michael.brown630@example.com,Miami,Fl,Cn,2021-04-09,Insider,False
TES-C6588,Ken Anderson,ken.anderson989@example.com,Fremont,Ca,Jp,2024-08-17,Referral Program,False
TES-C5968,Zoe Khan,zoe.khan250@example.com,Fremont,Ca,Ca,2023-07-02,Standard,False
TES-C9424,Emma Anderson,emma.anderson59@example.com,Fremont,Ca,De,2025-05-05,Referral Program,False
TES-C5055,Michael Johnson,michael.johnson636@example.com,Chicago,Il,De,2021-08-02,Referral Program,False
TES-C8669,Priya Brown,priya.brown761@example.com,Austin,Tx,Cn,2021-09-17,Referral Program,False
TES-C3516,FATIMA LEE,fatima.lee475@example.com,Berlin,De,Cn,2025-04-09,Referral Program,False
TES-C5506,AARAV KUMAR,aarav.kumar814@example.com,Berlin,De,Ca,2022-08-16,Insider,False
TES-C7494,Carlos Khan,carlos.khan54@example.com,Chicago,Il,Jp,2022-09-18,Referral Program,False
TES-C7083,MOHAMMED GARCIA,mohammed.garcia322@example.com,Shanghai,Cn,Uk,2022-03-14,Standard,False
TES-C10310,Li Patel,,Chicago,Il,Jp,2023-06-26,Insider,True
TES-C10963,Vivaan Kim,vivaan.kim822@example.com,Chicago,Il,Jp,2023-03-17,Referral Program,False
TES-C7475,Li Johnson,,Seattle,Wa,Uk,2022-10-12,Standard,True
TES-C7809,Sofia Brown,sofia.brown294@example.com,Chicago,Il,Cn,2025-09-14,Unknown,False
TES-C8762,ZOE JOHNSON,zoe.johnson359@example.com,New York,Ny,Ca,2021-04-13,Standard,False
TES-C3770,Carlos Sharma,carlos.sharma881@example.com,San Francisco,Ca,Uk,2023-08-22,Referral Program,False
TES-C2561,aditya rossi,aditya.rossi491@example.com,San Francisco,Ca,Jp,2022-12-08,Unknown,False
TES-C7355,Ava Martin,ava.martin725@example.com,Austin,Tx,Cn,2022-06-14,Referral Program,False
TES-C4344,Aarav Kim,aarav.kim562@example.com,Chicago,Il,Cn,2021-06-13,Referral Program,False
TES-C8248,Fatima Müller,fatima.müller934@example.com,Fremont,Ca,De,2023-12-31,Standard,False
TES-C3850, Vivaan Chen ,vivaan.chen366@example.com,Shanghai,Cn,Jp,2025-09-13,Referral Program,False
TES-C10851,Chen Wang,chen.wang482@example.com,Austin,Tx,Ca,2025-12-23,Standard,False
TES-C4485,Zoe Wang,zoe.wang609@example.com,Chicago,Il,Cn,2021-01-03,Referral Program,False
TES-C10178,Michael Kumar,michael.kumar918@example.com,Los Angeles,Ca,Us,2025-06-28,Referral Program,False
TES-C5819,David Khan,david.khan802@example.com,New York,Ny,Us,2023-05-24,Referral Program,False
TES-C9041,Chen Kumar,chen.kumar105@example.com,Berlin,De,Ca,2023-04-22,Referral Program,False
TES-C2457,Carlos Brown,carlos.brown947@example.com,Los Angeles,Ca,De,2025-10-28,Unknown,False
TES-C5553,Zoe Anderson,zoe.anderson888@example.com,Seattle,Wa,Jp,2024-06-23,Insider,False
TES-C3983, Noah Khan ,noah.khan427@example.com,San Francisco,Ca,Cn,2025-11-13,Standard,False
TES-C5419,olivia kumar,olivia.kumar859@example.com,Miami,Fl,Jp,2021-06-13,Referral Program,False
TES-C4690,Noah Sharma,noah.sharma552@example.com,Berlin,De,Cn,2025-05-13,Standard,False
TES-C9813,Sara Sharma,sara.sharma871@example.com,Berlin,De,Jp,2021-09-24,Insider,False
TES-C2018,Ben Anderson,ben.anderson247@example.com,San Francisco,Ca,Ca,2024-04-04,Insider,False
TES-C4392,Wei Singh,,Seattle,Wa,Jp,2022-10-11,Insider,True
TES-C2376,Wei Lee,wei.lee496@example.com,Chicago,Il,De,2022-05-09,Standard,False
TES-C8733,Chen Davis,chen.davis76@example.com,New York,Ny,De,2025-09-27,Insider,False
TES-C4139,noah yamada,,Fremont,Ca,Cn,2022-06-09,Insider,True
TES-C9826,John Müller,john.müller902@example.com,San Francisco,Ca,Uk,2022-01-25,Insider,False
TES-C6389,Emma Tanaka,emma.tanaka322@example.com,New York,Ny,Ca,2025-03-12,Insider,False
TES-C5642,rahul garcia,rahul.garcia942@example.com,Miami,Fl,De,2021-12-27,Standard,False
TES-C2417,Sara Wilson,sara.wilson734@example.com,Miami,Fl,Jp,2024-02-16,Standard,False
TES-C4882,Ken Singh,ken.singh738@example.com,Seattle,Wa,Us,2024-08-03,Standard,False
TES-C4981,Aditya Lee,aditya.lee69@example.com,New York,Ny,Jp,2021-09-14,Insider,False
TES-C9547,VIVAAN JOHNSON,vivaan.johnson381@example.com,New York,Ny,Jp,2025-06-30,Standard,False
TES-C6808,AVA MÜLLER,,Fremont,Ca,Us,2022-05-20,Insider,True
TES-C4752,Michael Yamada,michael.yamada725@example.com,Miami,Fl,Cn,2022-07-14,Referral Program,False
TES-C3618,Sofia Wang,sofia.wang792@example.com,New York,Ny,Cn,2025-04-26,Referral Program,False
TES-C10937,Mohammed Garcia,mohammed.garcia417@example.com,Seattle,Wa,Cn,2023-08-05,Referral Program,False
TES-C5784,Carlos Wang,carlos.wang726@example.com,Austin,Tx,Us,2023-08-04,Referral Program,False
TES-C10094,Aditya Wang,aditya.wang805@example.com,Seattle,Wa,Jp,2024-10-02,Standard,False
TES-C8289,Mohammed Johnson,mohammed.johnson34@example.com,Chicago,Il,Us,2024-03-07,Standard,False
TES-C3864,Liam Smith,liam.smith971@example.com,Chicago,Il,De,2021-09-25,Insider,False
TES-C7492,Ben Wang,ben.wang915@example.com,New York,Ny,Cn,2024-12-04,Referral Program,False
TES-C6456,Sara Smith,sara.smith882@example.com,Shanghai,Cn,De,2024-10-05,Referral Program,False
TES-C9717,Anna Wang,anna.wang193@example.com,Chicago,Il,Us,2025-06-17,Referral Program,False
TES-C4861,Rahul Chen,rahul.chen483@example.com,Berlin,De,Jp,2023-07-07,Referral Program,False
TES-C6212, Aarav Johnson ,aarav.johnson118@example.com,Austin,Tx,Us,2023-06-28,Referral Program,False
TES-C8796,Mohammed Singh,mohammed.singh562@example.com,Miami,Fl,Cn,2024-07-07,Referral Program,False
TES-C9255,Maria Johnson,maria.johnson654@example.com,Seattle,Wa,Cn,2024-10-09,Referral Program,False
TES-C3819,Ben Lee,ben.lee417@example.com,Chicago,Il,Cn,2021-09-05,Standard,False
TES-C9050,MICHAEL SMITH,michael.smith289@example.com,Fremont,Ca,Us,2021-01-31,Insider,False
TES-C8692,James Smith,james.smith35@example.com,Fremont,Ca,Uk,2023-02-28,Standard,False
TES-C9546,Chen Yamada,chen.yamada959@example.com,Austin,Tx,De,2025-05-05,Unknown,False
TES-C2492,Aditya Suzuki,aditya.suzuki266@example.com,Austin,Tx,Us,2023-05-01,Referral Program,False
TES-C1980,David Sharma,david.sharma800@example.com,Fremont,Ca,Uk,2023-05-07,Standard,False
TES-C4753,ben wang,ben.wang842@example.com,Chicago,Il,De,2025-01-29,Referral Program,False
TES-C1793,Sofia Anderson,sofia.anderson195@example.com,Berlin,De,Us,2025-11-29,Insider,False
TES-C5397,Vivaan Tanaka,vivaan.tanaka743@example.com,Austin,Tx,De,2024-12-15,Standard,False
TES-C2402, Vivaan Anderson ,vivaan.anderson838@example.com,Seattle,Wa,Us,2022-05-08,Standard,False
TES-C3991,anna müller,,Berlin,De,Ca,2024-12-17,Insider,True
TES-C8529,Michael Wilson,michael.wilson688@example.com,Austin,Tx,Us,2024-02-24,Referral Program,False
TES-C7554,David Anderson,david.anderson8@example.com,Austin,Tx,Ca,2025-10-25,Standard,False
TES-C3381,Michael Martin,michael.martin727@example.com,Seattle,Wa,Us,2023-01-23,Insider,False
TES-C1912,Chen Chen,chen.chen771@example.com,Seattle,Wa,Ca,2024-10-02,Standard,False
TES-C10856,Liam Suzuki,liam.suzuki149@example.com,Austin,Tx,Cn,2023-05-10,Insider,False
TES-C1090,Fatima Brown,fatima.brown470@example.com,Chicago,Il,Uk,2025-03-28,Standard,False
TES-C2816,SOFIA KIM,sofia.kim113@example.com,Fremont,Ca,Cn,2021-03-10,Referral Program,False
TES-C1126, Anna Khan ,anna.khan548@example.com,Berlin,De,Jp,2024-06-26,Standard,False
TES-C4169,CARLOS ANDERSON,carlos.anderson258@example.com,Austin,Tx,Jp,2022-04-05,Unknown,False
TES-C2557,James Müller,james.müller935@example.com,Los Angeles,Ca,Ca,2025-10-25,Standard,False
TES-C3302,Maria Sharma,maria.sharma613@example.com,Austin,Tx,Jp,2025-05-19,Standard,False
TES-C2395,Liam Lee,liam.lee316@example.com,Chicago,Il,De,2021-09-30,Standard,False
TES-C4194,Ava Rossi,ava.rossi420@example.com,Los Angeles,Ca,Us,2021-10-02,Standard,False
TES-C10213,David Suzuki,david.suzuki215@example.com,Austin,Tx,Jp,2025-07-19,Standard,False
TES-C3265, John Lee ,john.lee282@example.com,Berlin,De,Us,2023-12-16,Standard,False
TES-C2073,Noah Kumar,noah.kumar601@example.com,Seattle,Wa,Ca,2024-09-09,Standard,False
TES-C9921,Aarav Khan,aarav.khan702@example.com,Miami,Fl,Jp,2022-02-17,Standard,False
TES-C9358,Anna Johnson,anna.johnson394@example.com,San Francisco,Ca,Jp,2021-12-29,Standard,False
TES-C4508,James Sharma,james.sharma736@example.com,Fremont,Ca,Jp,2021-06-08,Referral Program,False
TES-C4234, Ava Kumar ,,Berlin,De,Us,2025-07-07,Insider,True
TES-C1092,FATIMA KIM,fatima.kim433@example.com,San Francisco,Ca,Ca,2022-07-25,Referral Program,False
TES-C6506,BEN JOHNSON,ben.johnson546@example.com,San Francisco,Ca,Cn,2025-01-01,Insider,False
TES-C5154,Priya Chen,priya.chen832@example.com,Chicago,Il,Cn,2024-03-18,Standard,False
TES-C1992,Yuki Kumar,yuki.kumar339@example.com,Miami,Fl,Uk,2025-10-22,Standard,False
TES-C10931,John Wilson,john.wilson235@example.com,Shanghai,Cn,Ca,2023-04-22,Standard,False
TES-C3368,Ken Yamada,ken.yamada635@example.com,Austin,Tx,Ca,2021-06-07,Insider,False
TES-C3956,Ava Smith,ava.smith879@example.com,Shanghai,Cn,De,2022-05-27,Unknown,False
TES-C6724,Mohammed Lee,mohammed.lee56@example.com,Seattle,Wa,De,2023-02-03,Referral Program,False
TES-C4586,Aditya Müller,aditya.müller585@example.com,New York,Ny,De,2023-03-14,Insider,False
TES-C2353,Noah Johnson,noah.johnson790@example.com,New York,Ny,Jp,2022-09-15,Referral Program,False
TES-C6038,Maria Garcia,maria.garcia553@example.com,San Francisco,Ca,Us,2024-11-01,Insider,False
TES-C8580,chen wilson,chen.wilson233@example.com,Chicago,Il,De,2025-07-08,Insider,False
TES-C10033,Rahul Garcia,rahul.garcia275@example.com,Miami,Fl,Us,2024-07-28,Insider,False
TES-C8230,Emma Kumar,emma.kumar229@example.com,New York,Ny,Uk,2022-08-21,Standard,False
TES-C10203,Rahul Chen,rahul.chen674@example.com,Los Angeles,Ca,Jp,2024-07-19,Referral Program,False
TES-C6513,Emma Müller,emma.müller229@example.com,Berlin,De,Us,2025-04-01,Referral Program,False
TES-C5456,Rahul Müller,rahul.müller60@example.com,Austin,Tx,Jp,2022-03-11,Referral Program,False
TES-C1424,ken johnson,ken.johnson734@example.com,Miami,Fl,De,2024-04-16,Referral Program,False
TES-C4170,Noah Tanaka,noah.tanaka325@example.com,Chicago,Il,Us,2025-01-17,Insider,False
TES-C1903,Aditya Smith,aditya.smith788@example.com,Shanghai,Cn,Uk,2021-03-09,Standard,False
TES-C6683,ZOE JOHNSON,zoe.johnson53@example.com,Shanghai,Cn,Uk,2025-02-19,Standard,False
TES-C10743,Li Garcia,li.garcia365@example.com,Berlin,De,De,2024-11-04,Referral Program,False
TES-C4771,Sofia Tanaka,sofia.tanaka85@example.com,Berlin,De,Cn,2023-10-01,Referral Program,False
TES-C3057, Rahul Sharma ,rahul.sharma196@example.com,Los Angeles,Ca,Cn,2022-08-06,Referral Program,False
TES-C4271,Vivaan Patel,vivaan.patel576@example.com,Fremont,Ca,De,2023-11-05,Insider,False
TES-C8484,Zoe Suzuki,zoe.suzuki884@example.com,Chicago,Il,Uk,2025-01-13,Standard,False
TES-C6704,Aarav Brown,aarav.brown321@example.com,New York,Ny,Jp,2021-01-10,Standard,False
TES-C10679,Sofia Patel,sofia.patel268@example.com,Shanghai,Cn,Cn,2021-11-20,Insider,False
TES-C2334,Li Lee,li.lee601@example.com,Shanghai,Cn,De,2022-01-29,Insider,False
TES-C7010,Carlos Sharma,carlos.sharma855@example.com,Berlin,De,De,2025-07-29,Insider,False
TES-C9070,Chen Patel,chen.patel123@example.com,Fremont,Ca,De,2022-10-15,Standard,False
TES-C8983,Sofia Garcia,sofia.garcia183@example.com,Los Angeles,Ca,Cn,2021-04-01,Referral Program,False
TES-C6359,Mohammed Suzuki,mohammed.suzuki469@example.com,Fremont,Ca,Jp,2025-12-22,Insider,False
TES-C3651,Zoe Rossi,zoe.rossi423@example.com,Chicago,Il,Us,2022-10-08,Standard,False
TES-C10779,anna müller,anna.müller399@example.com,Fremont,Ca,Ca,2025-08-18,Referral Program,False
TES-C1109,Yuki Kim,,New York,Ny,Cn,2024-11-10,Referral Program,True
TES-C3136,sofia khan,sofia.khan309@example.com,Shanghai,Cn,Uk,2022-03-03,Insider,False
TES-C7448,Chen Müller,chen.müller394@example.com,Los Angeles,Ca,Jp,2023-09-22,Insider,False
TES-C9678,Sofia Lee,sofia.lee207@example.com,Seattle,Wa,Cn,2022-08-17,Referral Program,False
TES-C2089,James Wilson,james.wilson965@example.com,Seattle,Wa,De,2022-01-31,Standard,False
TES-C4810, Sofia Singh ,sofia.singh626@example.com,Miami,Fl,Us,2023-08-01,Insider,False
TES-C9934,emma khan,emma.khan930@example.com,Chicago,Il,Cn,2024-09-06,Unknown,False
TES-C3152,Liam Müller,,Seattle,Wa,Jp,2023-11-08,Insider,True
TES-C8243,Fatima Singh,fatima.singh25@example.com,New York,Ny,Ca,2022-07-13,Insider,False
TES-C4570,aarav wilson,aarav.wilson420@example.com,Miami,Fl,Us,2025-07-03,Standard,False
TES-C2015,Michael Sharma,michael.sharma649@example.com,Austin,Tx,Jp,2025-12-16,Referral Program,False
TES-C7192, Mohammed Smith ,mohammed.smith702@example.com,Shanghai,Cn,Cn,2023-11-19,Standard,False
TES-C1571,aarav tanaka,aarav.tanaka470@example.com,Miami,Fl,De,2024-10-06,Standard,False
TES-C10854,Zoe Patel,zoe.patel977@example.com,Miami,Fl,Cn,2021-11-11,Standard,False
TES-C3082,Anna Singh,anna.singh138@example.com,Los Angeles,Ca,De,2025-03-28,Standard,False
TES-C5793,emma patel,emma.patel932@example.com,Fremont,Ca,Us,2025-10-18,Insider,False
TES-C8451,priya brown,priya.brown295@example.com,Los Angeles,Ca,Uk,2024-07-02,Standard,False
TES-C10684,David Garcia,david.garcia854@example.com,Austin,Tx,Ca,2025-03-18,Insider,False
TES-C4388,OLIVIA MARTIN,olivia.martin963@example.com,New York,Ny,Ca,2025-04-18,Referral Program,False
TES-C3917,Mohammed Tanaka,,Seattle,Wa,Ca,2025-01-06,Standard,True
TES-C8608,Aditya Davis,aditya.davis219@example.com,Miami,Fl,Us,2021-11-15,Standard,False
TES-C9116,Ava Lee,ava.lee285@example.com,Shanghai,Cn,Us,2022-06-27,Insider,False
TES-C8362,michael sharma,michael.sharma31@example.com,Fremont,Ca,Us,2024-03-10,Referral Program,False
TES-C6340,Rahul Yamada,rahul.yamada931@example.com,Miami,Fl,De,2024-05-03,Insider,False
TES-C8891,Aditya Tanaka,aditya.tanaka61@example.com,Shanghai,Cn,Ca,2022-05-15,Standard,False
TES-C10300,John Suzuki,john.suzuki996@example.com,Seattle,Wa,Cn,2022-01-16,Standard,False
TES-C8403,Maria Sharma,maria.sharma639@example.com,Miami,Fl,Jp,2022-06-21,Insider,False
TES-C9673, Ken Wilson ,ken.wilson837@example.com,Seattle,Wa,Jp,2021-08-23,Standard,False
TES-C4896,Michael Martin,michael.martin604@example.com,Chicago,Il,Uk,2021-09-02,Insider,False
TES-C6025, Li Anderson ,li.anderson939@example.com,Austin,Tx,Cn,2021-05-29,Referral Program,False
TES-C8530,Olivia Lee,olivia.lee459@example.com,Miami,Fl,Ca,2023-02-26,Referral Program,False
TES-C2328,Wei Kim,wei.kim254@example.com,Seattle,Wa,Uk,2023-08-17,Insider,False
TES-C2349,Vivaan Yamada,vivaan.yamada534@example.com,Los Angeles,Ca,Ca,2023-10-06,Referral Program,False
TES-C6545,Anna Yamada,,Miami,Fl,Uk,2021-07-14,Standard,True
TES-C8751,Carlos Brown,carlos.brown839@example.com,New York,Ny,Jp,2023-11-04,Referral Program,False
TES-C8550,Noah Johnson,noah.johnson655@example.com,Shanghai,Cn,Ca,2022-01-09,Referral Program,False
TES-C3307,Mohammed Kim,mohammed.kim9@example.com,Austin,Tx,Jp,2025-08-06,Referral Program,False
TES-C8570,Aarav Patel,aarav.patel557@example.com,San Francisco,Ca,Cn,2023-01-13,Referral Program,False
TES-C1038,Anna Singh,anna.singh423@example.com,Seattle,Wa,Ca,2022-02-12,Insider,False
TES-C5469,Yuki Lee,yuki.lee726@example.com,Austin,Tx,Us,2025-07-23,Standard,False
TES-C5056,Li Rossi,,New York,Ny,Jp,2021-11-11,Insider,True
TES-C9096,zoe anderson,zoe.anderson95@example.com,Austin,Tx,Uk,2025-04-26,Insider,False
TES-C1570,Rahul Kumar,rahul.kumar713@example.com,Shanghai,Cn,Ca,2023-05-28,Insider,False
TES-C5827,Wei Kumar,wei.kumar398@example.com,Miami,Fl,De,2025-06-21,Referral Program,False
TES-C7248,Noah Müller,noah.müller675@example.com,Fremont,Ca,Jp,2024-03-22,Referral Program,False
TES-C6533,Zoe Kim,zoe.kim49@example.com,Fremont,Ca,Cn,2021-11-08,Standard,False
TES-C8899,Olivia Suzuki,olivia.suzuki414@example.com,Seattle,Wa,De,2023-03-07,Referral Program,False
TES-C6926,rahul kim,rahul.kim464@example.com,Shanghai,Cn,Uk,2025-04-16,Insider,False
TES-C2787,Priya Tanaka,priya.tanaka260@example.com,San Francisco,Ca,Ca,2024-03-31,Standard,False
TES-C3716,Priya Anderson,priya.anderson230@example.com,Fremont,Ca,Ca,2022-02-10,Referral Program,False
TES-C3763,Fatima Garcia,fatima.garcia793@example.com,Miami,Fl,De,2022-11-26,Unknown,False
TES-C8065,Chen Yamada,chen.yamada659@example.com,Miami,Fl,De,2025-01-11,Referral Program,False
TES-C2887,Chen Singh,chen.singh18@example.com,New York,Ny,De,2024-05-19,Referral Program,False
TES-C10382,SOFIA MÜLLER,sofia.müller525@example.com,New York,Ny,Ca,2023-05-13,Standard,False
TES-C5743,Fatima Chen,fatima.chen444@example.com,Austin,Tx,Us,2022-07-04,Referral Program,False
TES-C7103,Fatima Yamada,fatima.yamada494@example.com,Seattle,Wa,Cn,2022-08-18,Insider,False
TES-C4362,sofia tanaka,sofia.tanaka795@example.com,Los Angeles,Ca,Us,2024-06-29,Referral Program,False
TES-C8208,EMMA MÜLLER,emma.müller378@example.com,New York,Ny,De,2022-01-15,Standard,False
TES-C9091,Michael Lee,michael.lee966@example.com,Austin,Tx,De,2022-10-02,Standard,False
TES-C7851,James Kumar,james.kumar106@example.com,Fremont,Ca,Jp,2021-12-21,Referral Program,False
TES-C2071,Olivia Anderson,olivia.anderson55@example.com,Austin,Tx,De,2024-02-16,Standard,False
TES-C5883,Fatima Wang,fatima.wang345@example.com,San Francisco,Ca,Jp,2023-08-20,Referral Program,False
TES-C5035,maria patel,maria.patel892@example.com,Austin,Tx,Uk,2023-01-13,Referral Program,False
TES-C10117,Yuki Tanaka,yuki.tanaka457@example.com,Fremont,Ca,De,2023-05-09,Insider,False
TES-C6175,Mohammed Kumar,mohammed.kumar383@example.com,Miami,Fl,De,2024-06-20,Referral Program,False
TES-C4954,David Brown,david.brown985@example.com,New York,Ny,Us,2023-06-11,Referral Program,False
TES-C2146, Ken Tanaka ,ken.tanaka508@example.com,New York,Ny,De,2025-05-03,Standard,False
TES-C5437,Chen Lee,,San Francisco,Ca,Ca,2025-10-10,Standard,True
TES-C3891,Yuki Smith,yuki.smith757@example.com,Los Angeles,Ca,De,2023-11-15,Referral Program,False
TES-C3532,Maria Rossi,maria.rossi629@example.com,Austin,Tx,Ca,2024-04-28,Insider,False
TES-C9520,James Singh,james.singh530@example.com,Fremont,Ca,Uk,2024-03-05,Insider,False
TES-C9684,SARA SMITH,sara.smith548@example.com,New York,Ny,Cn,2023-06-22,Referral Program,False
TES-C1425,Carlos Wang,carlos.wang54@example.com,Shanghai,Cn,Jp,2024-01-26,Insider,False
TES-C6715,Aarav Wang,aarav.wang22@example.com,Berlin,De,Cn,2024-12-24,Insider,False
TES-C8513,Li Johnson,li.johnson57@example.com,Chicago,Il,Ca,2022-06-11,Standard,False
TES-C6015,David Wilson,david.wilson856@example.com,Miami,Fl,Cn,2023-12-26,Standard,False
TES-C6618,Ava Johnson,ava.johnson547@example.com,New York,Ny,Cn,2025-11-10,Standard,False
TES-C3472,Ben Wang,ben.wang68@example.com,Austin,Tx,De,2025-03-16,Standard,False
TES-C3338,Chen Lee,chen.lee220@example.com,Miami,Fl,Cn,2021-05-18,Referral Program,False
TES-C9014,Mohammed Chen,mohammed.chen940@example.com,Chicago,Il,Cn,2022-03-16,Standard,False
TES-C10656,Emma Garcia,emma.garcia593@example.com,Fremont,Ca,Ca,2021-02-22,Referral Program,False
TES-C2190,Zoe Lee,zoe.lee280@example.com,Miami,Fl,Uk,2024-01-26,Referral Program,False
TES-C2995,Aditya Martin,aditya.martin910@example.com,Seattle,Wa,Jp,2024-02-26,Insider,False
TES-C4783,John Chen,john.chen786@example.com,San Francisco,Ca,De,2025-11-21,Standard,False
TES-C2372,Aarav Anderson,aarav.anderson809@example.com,Berlin,De,Jp,2021-09-10,Insider,False
TES-C6339,aarav yamada,,Seattle,Wa,Us,2022-03-29,Referral Program,True
TES-C9808,Olivia Lee,olivia.lee561@example.com,Seattle,Wa,Uk,2021-09-21,Standard,False
TES-C4620,Wei Johnson,wei.johnson459@example.com,New York,Ny,De,2024-02-02,Standard,False
TES-C6233,Li Chen,li.chen607@example.com,Seattle,Wa,De,2021-06-01,Insider,False
TES-C8532,Wei Tanaka,wei.tanaka34@example.com,Fremont,Ca,Cn,2021-11-01,Insider,False
TES-C4977,David Tanaka,david.tanaka695@example.com,San Francisco,Ca,De,2024-10-08,Insider,False
TES-C3959,Fatima Tanaka,,Austin,Tx,Cn,2021-10-05,Referral Program,True
TES-C10224,Sofia Singh,sofia.singh637@example.com,Shanghai,Cn,De,2025-05-01,Standard,False
TES-C1507,rahul martin,rahul.martin551@example.com,Austin,Tx,Uk,2022-04-02,Standard,False
TES-C7241,John Johnson,,Austin,Tx,Uk,2021-10-26,Insider,True
TES-C4545,Olivia Martin,olivia.martin355@example.com,Fremont,Ca,Ca,2024-09-04,Insider,False
TES-C6800,Michael Khan,michael.khan597@example.com,Seattle,Wa,Ca,2024-12-29,Referral Program,False
TES-C1354,NOAH MÜLLER,noah.müller436@example.com,San Francisco,Ca,De,2023-01-31,Standard,False
TES-C3816,Noah Martin,noah.martin390@example.com,Chicago,Il,Uk,2022-07-05,Standard,False
TES-C7214,Fatima Chen,fatima.chen267@example.com,Fremont,Ca,Ca,2025-11-17,Insider,False
TES-C4786, Michael Wilson ,michael.wilson16@example.com,Los Angeles,Ca,Cn,2021-09-17,Standard,False
TES-C7652,Rahul Chen,rahul.chen771@example.com,New York,Ny,Us,2023-11-27,Standard,False
TES-C10360,Olivia Smith,,Fremont,Ca,Cn,2024-10-13,Insider,True
TES-C9216,emma johnson,emma.johnson429@example.com,Fremont,Ca,Us,2024-06-22,Insider,False
TES-C1921,Carlos Singh,carlos.singh137@example.com,Chicago,Il,De,2022-07-12,Referral Program,False
TES-C5000,Aarav Anderson,aarav.anderson926@example.com,Chicago,Il,Us,2022-04-08,Referral Program,False
TES-C1492,MARIA ROSSI,maria.rossi556@example.com,Shanghai,Cn,Cn,2024-01-24,Standard,False
TES-C7608,Ken Kim,ken.kim764@example.com,Los Angeles,Ca,Ca,2024-05-12,Referral Program,False
TES-C3755,Sofia Khan,sofia.khan786@example.com,Chicago,Il,Cn,2024-10-24,Referral Program,False
TES-C5091,maria johnson,,Los Angeles,Ca,Us,2022-12-30,Insider,True
TES-C4402,Li Yamada,li.yamada912@example.com,Austin,Tx,Uk,2024-07-31,Standard,False
TES-C1362,Olivia Anderson,olivia.anderson349@example.com,Austin,Tx,Jp,2024-07-11,Insider,False
TES-C9656,Liam Suzuki,liam.suzuki406@example.com,Chicago,Il,Us,2022-10-26,Insider,False
TES-C10806,Mohammed Rossi,mohammed.rossi658@example.com,Chicago,Il,Jp,2024-04-20,Standard,False
TES-C8755,Sofia Tanaka,sofia.tanaka778@example.com,Fremont,Ca,Jp,2022-08-06,Unknown,False
TES-C1904,Anna Yamada,anna.yamada935@example.com,Chicago,Il,Us,2024-05-09,Insider,False
TES-C10917,James Müller,james.müller848@example.com,Miami,Fl,Us,2022-09-08,Referral Program,False
TES-C9629, Carlos Brown ,carlos.brown803@example.com,Los Angeles,Ca,Uk,2025-09-05,Standard,False
TES-C1474,Vivaan Wilson,vivaan.wilson160@example.com,Shanghai,Cn,De,2025-07-27,Insider,False
TES-C7337,Anna Anderson,anna.anderson943@example.com,Miami,Fl,Jp,2025-10-14,Insider,False
TES-C9668,Liam Rossi,liam.rossi479@example.com,Chicago,Il,Jp,2022-04-17,Referral Program,False
TES-C9168,Wei Kumar,wei.kumar987@example.com,New York,Ny,De,2023-07-22,Standard,False
TES-C5738,MARIA BROWN,maria.brown326@example.com,Chicago,Il,Ca,2021-12-23,Standard,False
TES-C4223,mohammed anderson,mohammed.anderson598@example.com,San Francisco,Ca,Uk,2021-09-26,Standard,False
TES-C3582,emma davis,emma.davis583@example.com,Los Angeles,Ca,De,2024-04-22,Insider,False
TES-C5390,Aditya Wilson,aditya.wilson441@example.com,Austin,Tx,Us,2025-01-12,Referral Program,False
TES-C6863,Fatima Garcia,fatima.garcia617@example.com,Shanghai,Cn,Jp,2025-03-09,Referral Program,False
TES-C10438,MARIA PATEL,maria.patel362@example.com,Shanghai,Cn,Us,2025-07-28,Unknown,False
TES-C5088,Priya Brown,priya.brown314@example.com,Austin,Tx,Uk,2023-09-12,Referral Program,False
TES-C10728,Ben Khan,ben.khan345@example.com,Los Angeles,Ca,De,2021-02-05,Referral Program,False
TES-C7606,emma sharma,,Berlin,De,Uk,2022-09-05,Standard,True
TES-C3754,Zoe Singh,zoe.singh498@example.com,San Francisco,Ca,Jp,2023-01-06,Standard,False
TES-C8175,Yuki Kim,yuki.kim708@example.com,Shanghai,Cn,Uk,2024-01-28,Standard,False
TES-C6778,Ken Müller,ken.müller10@example.com,New York,Ny,Us,2024-12-05,Insider,False
TES-C10136,Li Singh,li.singh716@example.com,Fremont,Ca,Jp,2022-02-02,Standard,False
TES-C7121,MICHAEL JOHNSON,michael.johnson288@example.com,Miami,Fl,De,2021-10-29,Referral Program,False
TES-C6211,ken kumar,ken.kumar639@example.com,Shanghai,Cn,Jp,2021-12-09,Insider,False
TES-C1206,Mohammed Kim,mohammed.kim143@example.com,Miami,Fl,Ca,2025-10-11,Referral Program,False
TES-C1278,Ava Suzuki,ava.suzuki263@example.com,Seattle,Wa,Cn,2025-06-13,Standard,False
TES-C1389,Maria Kim,maria.kim420@example.com,Los Angeles,Ca,De,2023-03-14,Standard,False
TES-C9105,Noah Yamada,noah.yamada862@example.com,Berlin,De,Us,2021-06-15,Referral Program,False
TES-C2844,Chen Smith,chen.smith397@example.com,Los Angeles,Ca,Ca,2023-10-21,Insider,False
TES-C5082,sofia kumar,sofia.kumar980@example.com,New York,Ny,Jp,2023-08-09,Referral Program,False
TES-C6395,OLIVIA KIM,,Berlin,De,De,2025-11-12,Insider,True
TES-C6283,Yuki Sharma,,Berlin,De,Jp,2021-10-23,Standard,True
TES-C6867,Emma Khan,,San Francisco,Ca,Uk,2021-03-14,Referral Program,True
TES-C7600,Zoe Anderson,zoe.anderson293@example.com,Los Angeles,Ca,Us,2022-08-20,Unknown,False
TES-C9622,David Brown,david.brown424@example.com,Chicago,Il,Jp,2025-01-23,Standard,False
TES-C8062,John Martin,,Berlin,De,Cn,2024-10-04,Referral Program,True
TES-C6035,Fatima Kim,fatima.kim991@example.com,Miami,Fl,Uk,2025-02-01,Referral Program,False
TES-C3896,SARA KUMAR,sara.kumar913@example.com,Seattle,Wa,Ca,2023-02-16,Standard,False
TES-C10202,Zoe Chen,zoe.chen586@example.com,Shanghai,Cn,Ca,2024-01-27,Standard,False
TES-C7882,Yuki Suzuki,yuki.suzuki144@example.com,Miami,Fl,Jp,2022-02-22,Referral Program,False
TES-C9419,Aditya Rossi,,New York,Ny,Cn,2024-07-14,Referral Program,True
TES-C4886,noah martin,noah.martin317@example.com,New York,Ny,Ca,2024-07-16,Insider,False
TES-C1427,ANNA PATEL,anna.patel30@example.com,Chicago,Il,Uk,2022-02-18,Standard,False
TES-C5844,Michael Rossi,michael.rossi821@example.com,San Francisco,Ca,Uk,2023-07-01,Referral Program,False
TES-C8575,vivaan sharma,vivaan.sharma438@example.com,Seattle,Wa,Us,2021-08-30,Referral Program,False
TES-C8811,Vivaan Khan,vivaan.khan755@example.com,New York,Ny,Cn,2025-05-19,Insider,False
TES-C5039,michael singh,michael.singh444@example.com,New York,Ny,Us,2025-04-13,Insider,False
TES-C6454,Vivaan Kim,vivaan.kim962@example.com,Seattle,Wa,Us,2024-05-22,Standard,False
TES-C8252,Vivaan Kumar,vivaan.kumar466@example.com,Shanghai,Cn,Ca,2022-02-05,Insider,False
TES-C4091,Sofia Wang,sofia.wang495@example.com,Miami,Fl,Cn,2023-08-16,Referral Program,False
TES-C5691,Ava Tanaka,ava.tanaka501@example.com,New York,Ny,Jp,2024-03-03,Referral Program,False
TES-C9834,priya suzuki,priya.suzuki622@example.com,Miami,Fl,Uk,2021-04-20,Standard,False
TES-C6528,James Chen,,Shanghai,Cn,De,2025-07-29,Insider,True
TES-C10927,PRIYA KIM,priya.kim358@example.com,Seattle,Wa,Uk,2021-04-06,Referral Program,False
TES-C2101,Fatima Khan,fatima.khan781@example.com,Shanghai,Cn,Jp,2023-09-19,Insider,False
TES-C9859,Carlos Lee,carlos.lee970@example.com,Shanghai,Cn,Ca,2022-08-06,Standard,False
TES-C10293,Noah Davis,noah.davis814@example.com,Fremont,Ca,Uk,2024-10-21,Insider,False
TES-C1873,Ken Kim,ken.kim543@example.com,Shanghai,Cn,Ca,2023-12-20,Insider,False
TES-C4275,Yuki Davis,yuki.davis680@example.com,Seattle,Wa,Cn,2025-01-20,Standard,False
TES-C1066,James Wilson,james.wilson664@example.com,Austin,Tx,Us,2021-05-29,Insider,False
TES-C4946,Sofia Rossi,sofia.rossi19@example.com,Austin,Tx,Us,2021-11-04,Insider,False
TES-C8803,Ken Smith,ken.smith936@example.com,Seattle,Wa,De,2022-07-27,Standard,False
TES-C5531,Chen Rossi,chen.rossi741@example.com,Chicago,Il,Jp,2021-06-10,Standard,False
TES-C5937,Emma Rossi,emma.rossi670@example.com,Berlin,De,Ca,2025-09-01,Referral Program,False
TES-C5979,CARLOS GARCIA,carlos.garcia74@example.com,Miami,Fl,Ca,2021-08-01,Standard,False
TES-C5761,Emma Martin,emma.martin132@example.com,Chicago,Il,Cn,2025-12-04,Insider,False
TES-C4888,Carlos Davis,carlos.davis848@example.com,Austin,Tx,De,2025-07-13,Referral Program,False
TES-C7139,Noah Wang,noah.wang324@example.com,New York,Ny,Jp,2022-09-07,Referral Program,False
TES-C2682,fatima johnson,fatima.johnson943@example.com,New York,Ny,Cn,2025-06-24,Standard,False
TES-C4141,Ken Smith,ken.smith534@example.com,Austin,Tx,Jp,2024-02-28,Referral Program,False
TES-C7126,Yuki Garcia,yuki.garcia286@example.com,Los Angeles,Ca,De,2023-06-15,Standard,False
TES-C4866,Carlos Wang,carlos.wang779@example.com,San Francisco,Ca,Jp,2025-09-03,Insider,False
TES-C10916,Aditya Davis,aditya.davis74@example.com,Shanghai,Cn,Us,2023-02-20,Insider,False
TES-C9555,AARAV SINGH,aarav.singh478@example.com,San Francisco,Ca,Cn,2022-01-17,Referral Program,False
TES-C8595,WEI PATEL,,Miami,Fl,Cn,2024-06-10,Referral Program,True
TES-C5996,VIVAAN KUMAR,vivaan.kumar908@example.com,Los Angeles,Ca,De,2023-11-14,Referral Program,False
TES-C6222,ken chen,ken.chen822@example.com,Shanghai,Cn,Ca,2022-08-20,Referral Program,False
TES-C9351,Fatima Wang,,Austin,Tx,De,2023-12-21,Standard,True
TES-C8436, Ben Kim ,ben.kim841@example.com,San Francisco,Ca,Jp,2023-04-13,Insider,False
TES-C3510,Olivia Smith,olivia.smith42@example.com,Chicago,Il,Ca,2023-04-18,Standard,False
TES-C9528,SOFIA CHEN,sofia.chen580@example.com,Miami,Fl,De,2024-08-11,Referral Program,False
TES-C7245,Olivia Johnson,olivia.johnson365@example.com,Miami,Fl,Jp,2025-07-06,Referral Program,False
TES-C4004,Maria Yamada,maria.yamada106@example.com,Berlin,De,Uk,2024-04-19,Standard,False
TES-C6001,WEI WANG,wei.wang643@example.com,Miami,Fl,Ca,2025-03-07,Insider,False
TES-C6858,Aarav Suzuki,aarav.suzuki177@example.com,Seattle,Wa,Cn,2021-02-16,Referral Program,False
TES-C7158,KEN ROSSI,ken.rossi618@example.com,Austin,Tx,Jp,2023-01-25,Insider,False
TES-C7514, Fatima Tanaka ,fatima.tanaka172@example.com,New York,Ny,Us,2022-12-23,Referral Program,False
TES-C8935,Li Rossi,li.rossi135@example.com,Berlin,De,Ca,2023-11-13,Referral Program,False
TES-C6942,Rahul Müller,rahul.müller559@example.com,Fremont,Ca,Us,2024-04-25,Standard,False
TES-C6386,mohammed suzuki,mohammed.suzuki870@example.com,Seattle,Wa,Uk,2023-04-10,Insider,False
TES-C1522,Maria Kim,maria.kim388@example.com,San Francisco,Ca,De,2022-06-12,Standard,False
TES-C6983,Sofia Khan,sofia.khan73@example.com,Fremont,Ca,Jp,2025-06-30,Insider,False
TES-C9651,Vivaan Davis,vivaan.davis274@example.com,Fremont,Ca,Jp,2022-03-30,Referral Program,False
TES-C6469,emma singh,emma.singh404@example.com,Austin,Tx,Cn,2022-07-12,Unknown,False
TES-C3910,Priya Singh,priya.singh683@example.com,Seattle,Wa,Us,2023-01-19,Insider,False
TES-C2695,Noah Davis,noah.davis150@example.com,San Francisco,Ca,Jp,2021-03-04,Standard,False
TES-C9126,ZOE WILSON,zoe.wilson347@example.com,Miami,Fl,Uk,2021-02-28,Insider,False
TES-C8634,Carlos Sharma,carlos.sharma989@example.com,Miami,Fl,Uk,2022-08-12,Referral Program,False
TES-C3052,Emma Anderson,emma.anderson335@example.com,Shanghai,Cn,Jp,2022-05-22,Standard,False
TES-C8876,Sofia Sharma,sofia.sharma82@example.com,Miami,Fl,Ca,2021-09-25,Standard,False
TES-C1079,Ben Sharma,ben.sharma981@example.com,Los Angeles,Ca,Us,2025-07-16,Insider,False
TES-C4083,Ava Müller,ava.müller859@example.com,Miami,Fl,Us,2025-02-08,Referral Program,False
TES-C5528,Chen Martin,chen.martin778@example.com,San Francisco,Ca,Uk,2024-08-08,Referral Program,False
TES-C6217,Wei Patel,wei.patel809@example.com,Austin,Tx,Jp,2023-03-21,Referral Program,False
TES-C7948,Michael Wilson,,Seattle,Wa,Ca,2024-11-21,Insider,True
TES-C1778,Ken Kim,,Fremont,Ca,Ca,2021-05-05,Standard,True
TES-C7751,Olivia Suzuki,olivia.suzuki963@example.com,Shanghai,Cn,Jp,2023-03-10,Insider,False
TES-C7039,Aditya Anderson,aditya.anderson881@example.com,Seattle,Wa,Us,2021-05-04,Standard,False
TES-C4785,Liam Suzuki,liam.suzuki493@example.com,Chicago,Il,Jp,2024-10-16,Referral Program,False
TES-C3683,Ben Suzuki,ben.suzuki280@example.com,Shanghai,Cn,Jp,2023-10-29,Standard,False
TES-C1939,Rahul Martin,rahul.martin748@example.com,Austin,Tx,De,2024-02-21,Referral Program,False
TES-C7986,Chen Wang,chen.wang169@example.com,Austin,Tx,De,2025-06-01,Standard,False
TES-C6727,John Rossi,,San Francisco,Ca,Jp,2025-07-05,Standard,True
TES-C9282,Olivia Johnson,olivia.johnson637@example.com,Shanghai,Cn,Uk,2023-10-04,Unknown,False
TES-C1291,Aditya Martin,aditya.martin779@example.com,Chicago,Il,Ca,2023-08-31,Insider,False
TES-C6085,Carlos Suzuki,carlos.suzuki924@example.com,Seattle,Wa,Cn,2021-06-06,Referral Program,False
TES-C6845,Vivaan Suzuki,vivaan.suzuki306@example.com,Fremont,Ca,Us,2022-11-28,Insider,False
TES-C8236,Emma Singh,,Shanghai,Cn,De,2024-02-04,Standard,True
TES-C5414,Ben Rossi,ben.rossi207@example.com,Shanghai,Cn,Jp,2024-11-07,Insider,False
TES-C10760,Aditya Chen,aditya.chen513@example.com,Fremont,Ca,Uk,2022-04-10,Referral Program,False
TES-C10739,James Wilson,james.wilson714@example.com,Seattle,Wa,Uk,2024-03-16,Referral Program,False
TES-C1402,Sofia Müller,sofia.müller593@example.com,New York,Ny,Cn,2021-06-18,Referral Program,False
TES-C2508,Yuki Müller,yuki.müller902@example.com,Shanghai,Cn,Jp,2022-05-16,Insider,False
TES-C4057,Emma Sharma,emma.sharma920@example.com,Fremont,Ca,Ca,2024-11-14,Referral Program,False
TES-C2338,Rahul Kim,,Shanghai,Cn,Us,2022-08-04,Referral Program,True
TES-C10151,Rahul Lee,rahul.lee158@example.com,Austin,Tx,Us,2022-09-05,Insider,False
TES-C6828,Sofia Martin,sofia.martin5@example.com,San Francisco,Ca,Jp,2023-09-23,Referral Program,False
TES-C9613,Yuki Suzuki,yuki.suzuki433@example.com,Los Angeles,Ca,De,2025-02-10,Insider,False
TES-C7224,Carlos Johnson,carlos.johnson773@example.com,San Francisco,Ca,Cn,2023-06-16,Insider,False
TES-C9869,Rahul Wilson,rahul.wilson988@example.com,New York,Ny,De,2024-03-14,Standard,False
TES-C4533,Aditya Smith,aditya.smith471@example.com,Los Angeles,Ca,Ca,2022-11-15,Insider,False
TES-C3164,OLIVIA BROWN,olivia.brown730@example.com,Chicago,Il,Us,2024-10-23,Standard,False
TES-C4424,ava martin,ava.martin833@example.com,Fremont,Ca,Uk,2021-07-31,Insider,False
TES-C7760,Sofia Wilson,sofia.wilson85@example.com,San Francisco,Ca,Jp,2023-08-14,Standard,False
TES-C9650,Emma Müller,emma.müller649@example.com,Los Angeles,Ca,Uk,2023-10-06,Insider,False
TES-C7141,Priya Kim,priya.kim893@example.com,Berlin,De,De,2021-04-30,Insider,False
TES-C10732,VIVAAN SINGH,vivaan.singh73@example.com,New York,Ny,Us,2024-09-06,Insider,False
TES-C3774,Carlos Chen,carlos.chen444@example.com,New York,Ny,Us,2024-11-04,Referral Program,False
TES-C10443,John Davis,john.davis887@example.com,Fremont,Ca,Uk,2024-09-21,Referral Program,False
TES-C4650,Noah Smith,noah.smith367@example.com,Seattle,Wa,Uk,2021-10-28,Unknown,False
TES-C9279,Priya Patel,priya.patel213@example.com,San Francisco,Ca,Cn,2023-06-22,Standard,False
TES-C6650,maria wang,maria.wang610@example.com,Berlin,De,Uk,2024-11-28,Standard,False
TES-C2524, Olivia Johnson ,olivia.johnson119@example.com,Austin,Tx,Uk,2021-10-28,Standard,False
TES-C3822,Noah Martin,noah.martin402@example.com,Seattle,Wa,Us,2022-02-02,Standard,False
TES-C2192,olivia yamada,olivia.yamada419@example.com,San Francisco,Ca,Jp,2023-08-17,Standard,False
TES-C7237,Anna Kim,anna.kim3@example.com,Miami,Fl,Us,2022-12-23,Standard,False
TES-C7277,Vivaan Davis,vivaan.davis203@example.com,Austin,Tx,Ca,2021-11-09,Referral Program,False
TES-C9700,Carlos Tanaka,carlos.tanaka624@example.com,Los Angeles,Ca,De,2022-01-19,Insider,False
TES-C9062,ava chen,ava.chen414@example.com,Seattle,Wa,Jp,2024-10-26,Referral Program,False
TES-C8237,Li Kumar,li.kumar371@example.com,Chicago,Il,Cn,2022-06-30,Insider,False
TES-C7827,Sara Kim,sara.kim247@example.com,San Francisco,Ca,Ca,2023-06-06,Standard,False
TES-C2388,aditya yamada,,Fremont,Ca,Cn,2023-01-06,Insider,True
TES-C7563,Mohammed Lee,mohammed.lee763@example.com,Berlin,De,Uk,2024-04-30,Standard,False
TES-C5942,Zoe Wilson,zoe.wilson125@example.com,Los Angeles,Ca,Ca,2021-07-21,Insider,False
TES-C8726,SOFIA SUZUKI,sofia.suzuki228@example.com,Shanghai,Cn,Ca,2022-07-15,Insider,False
TES-C1148,liam davis,liam.davis770@example.com,Chicago,Il,Cn,2025-03-25,Insider,False
TES-C2476,ben martin,ben.martin218@example.com,Shanghai,Cn,Cn,2025-02-24,Referral Program,False
TES-C5340,David Singh,david.singh790@example.com,Miami,Fl,Cn,2024-03-24,Unknown,False
TES-C2729,Vivaan Wang,vivaan.wang301@example.com,Shanghai,Cn,Ca,2024-12-21,Unknown,False
TES-C4345,LIAM SINGH,liam.singh608@example.com,Berlin,De,Uk,2025-08-11,Referral Program,False
TES-C2226,Chen Wang,chen.wang509@example.com,Berlin,De,Jp,2023-05-11,Standard,False
TES-C4679,John Patel,john.patel412@example.com,Miami,Fl,Us,2024-04-18,Standard,False
TES-C2773,Liam Khan,liam.khan861@example.com,New York,Ny,Jp,2024-05-09,Standard,False
TES-C6994,Vivaan Khan,vivaan.khan620@example.com,Chicago,Il,Cn,2023-05-24,Insider,False
TES-C10998,AARAV KIM,aarav.kim865@example.com,Shanghai,Cn,Us,2023-09-03,Insider,False
TES-C3133,Ava Wang,ava.wang698@example.com,Los Angeles,Ca,Cn,2023-08-25,Insider,False
TES-C1034,Chen Rossi,chen.rossi431@example.com,Chicago,Il,Ca,2022-11-19,Insider,False
TES-C3173,John Kim,john.kim82@example.com,Austin,Tx,De,2021-02-03,Referral Program,False
TES-C5523,Fatima Wang,fatima.wang917@example.com,Austin,Tx,De,2022-06-14,Standard,False
TES-C9072,James Suzuki,james.suzuki532@example.com,Austin,Tx,Jp,2022-04-11,Unknown,False
TES-C1292,Rahul Johnson,,Austin,Tx,Jp,2021-12-10,Referral Program,True
TES-C5287,PRIYA CHEN,priya.chen310@example.com,Fremont,Ca,Uk,2025-08-25,Standard,False
TES-C6203,Chen Patel,chen.patel704@example.com,Chicago,Il,Us,2025-06-13,Insider,False
TES-C9208,Sofia Wang,sofia.wang215@example.com,Chicago,Il,Jp,2022-08-03,Referral Program,False
TES-C3812, Chen Brown ,,Shanghai,Cn,De,2021-02-14,Referral Program,True
TES-C9750,Olivia Anderson,olivia.anderson433@example.com,Chicago,Il,Cn,2022-01-08,Standard,False
TES-C6976,Maria Patel,maria.patel986@example.com,Berlin,De,Us,2022-04-14,Referral Program,False
TES-C1973,Sara Sharma,,Austin,Tx,Us,2021-04-26,Insider,True
TES-C3478,Sofia Müller,sofia.müller247@example.com,Los Angeles,Ca,Cn,2024-10-11,Referral Program,False
TES-C7862,Fatima Sharma,fatima.sharma165@example.com,Los Angeles,Ca,Uk,2022-12-31,Referral Program,False
TES-C2534,Ken Kim,ken.kim798@example.com,Austin,Tx,Jp,2024-02-02,Unknown,False
TES-C8334,Aditya Davis,aditya.davis122@example.com,New York,Ny,Uk,2024-12-01,Referral Program,False
TES-C5820,Wei Wilson,wei.wilson708@example.com,Seattle,Wa,De,2021-07-15,Referral Program,False
TES-C9948,Mohammed Wilson,mohammed.wilson428@example.com,Berlin,De,Cn,2022-01-04,Referral Program,False
TES-C3128,John Kim,john.kim877@example.com,Austin,Tx,Ca,2021-11-07,Referral Program,False
TES-C9680,David Lee,david.lee567@example.com,Chicago,Il,Jp,2021-01-12,Insider,False
TES-C5378,Maria Tanaka,maria.tanaka555@example.com,Chicago,Il,Jp,2021-06-14,Referral Program,False
TES-C8204,Vivaan Martin,vivaan.martin98@example.com,Austin,Tx,Ca,2025-10-15,Referral Program,False
TES-C3337,PRIYA GARCIA,priya.garcia734@example.com,Seattle,Wa,Ca,2023-10-22,Unknown,False
TES-C2008,Noah Müller,noah.müller332@example.com,Berlin,De,Uk,2024-03-27,Standard,False
TES-C9406,Vivaan Rossi,vivaan.rossi730@example.com,San Francisco,Ca,De,2022-04-05,Insider,False
TES-C1584,Maria Wilson,maria.wilson940@example.com,New York,Ny,Cn,2025-01-26,Insider,False
TES-C7569,SOFIA CHEN,sofia.chen797@example.com,Austin,Tx,Ca,2022-11-21,Insider,False
TES-C3897,Anna Sharma,anna.sharma946@example.com,Seattle,Wa,Us,2022-12-11,Standard,False
TES-C9348,Noah Sharma,noah.sharma28@example.com,Berlin,De,Ca,2023-10-20,Insider,False
TES-C5517,aarav chen,aarav.chen212@example.com,Austin,Tx,De,2022-12-28,Standard,False
TES-C10088,Sofia Kim,sofia.kim992@example.com,Berlin,De,Cn,2023-07-05,Insider,False
TES-C5315,AARAV KUMAR,aarav.kumar502@example.com,Berlin,De,De,2024-01-06,Insider,False
TES-C8843,Rahul Lee,,Seattle,Wa,Jp,2022-06-20,Standard,True
TES-C10420, Ben Suzuki ,ben.suzuki81@example.com,Los Angeles,Ca,Cn,2021-02-06,Referral Program,False
TES-C7767,Mohammed Davis,mohammed.davis46@example.com,San Francisco,Ca,Uk,2024-03-10,Standard,False
TES-C2961,Ava Rossi,,Miami,Fl,Cn,2021-02-12,Standard,True
TES-C1390,David Sharma,david.sharma526@example.com,Miami,Fl,Uk,2024-04-20,Insider,False
TES-C7207,Ava Wang,ava.wang863@example.com,Chicago,Il,Jp,2022-06-27,Standard,False
TES-C6803,John Martin,john.martin56@example.com,Los Angeles,Ca,Cn,2025-09-01,Referral Program,False
TES-C5696,Vivaan Sharma,vivaan.sharma164@example.com,Los Angeles,Ca,De,2021-11-18,Standard,False
TES-C1493,James Kim,james.kim9@example.com,Chicago,Il,Us,2022-10-23,Insider,False
TES-C10227,Rahul Brown,rahul.brown31@example.com,Fremont,Ca,Cn,2022-04-12,Referral Program,False
TES-C9847,Zoe Tanaka,zoe.tanaka633@example.com,Seattle,Wa,Us,2023-10-03,Insider,False
TES-C10865,Michael Davis,michael.davis665@example.com,Shanghai,Cn,Uk,2021-10-22,Referral Program,False
TES-C3259,ANNA SINGH,anna.singh498@example.com,San Francisco,Ca,Cn,2024-02-02,Referral Program,False
TES-C1834, James Garcia ,james.garcia180@example.com,Berlin,De,De,2022-03-12,Referral Program,False
TES-C2754,Yuki Müller,yuki.müller944@example.com,Seattle,Wa,Us,2025-04-10,Standard,False
TES-C7894,David Patel,david.patel254@example.com,Chicago,Il,Us,2025-09-27,Unknown,False
TES-C3593,Mohammed Rossi,mohammed.rossi826@example.com,San Francisco,Ca,Us,2024-11-26,Standard,False
TES-C7314,Olivia Brown,olivia.brown683@example.com,Shanghai,Cn,Uk,2023-10-26,Standard,False
TES-C10000,Olivia Garcia,,Seattle,Wa,De,2025-01-26,Referral Program,True
TES-C8344,sofia patel,sofia.patel105@example.com,Shanghai,Cn,Uk,2022-11-20,Standard,False
TES-C1388,Fatima Anderson,fatima.anderson760@example.com,San Francisco,Ca,Cn,2022-02-06,Standard,False
TES-C6967,Vivaan Yamada,vivaan.yamada428@example.com,San Francisco,Ca,Jp,2024-08-08,Insider,False
TES-C3790,Noah Khan,noah.khan488@example.com,Austin,Tx,Us,2022-07-05,Insider,False
TES-C10397,Ava Singh,ava.singh804@example.com,Los Angeles,Ca,Jp,2025-11-23,Insider,False
TES-C10604,AARAV WANG,aarav.wang406@example.com,Seattle,Wa,Us,2024-07-21,Referral Program,False
TES-C4749,Aarav Chen,aarav.chen782@example.com,Berlin,De,Ca,2022-11-02,Unknown,False
TES-C5266,priya chen,priya.chen29@example.com,Los Angeles,Ca,Uk,2022-07-15,Insider,False
TES-C3654,Sofia Khan,sofia.khan740@example.com,Los Angeles,Ca,Jp,2023-08-23,Standard,False
TES-C7117, Wei Kumar ,wei.kumar994@example.com,San Francisco,Ca,Us,2023-06-06,Standard,False
TES-C6981,Liam Johnson,liam.johnson661@example.com,Los Angeles,Ca,De,2023-02-24,Standard,False
TES-C10259,Aditya Wilson,aditya.wilson391@example.com,Fremont,Ca,Uk,2023-11-27,Standard,False
TES-C5671,Yuki Müller,yuki.müller948@example.com,Shanghai,Cn,Cn,2025-01-13,Standard,False
TES-C2042,Michael Chen,michael.chen294@example.com,Berlin,De,Cn,2024-07-17,Standard,False
TES-C7246,Mohammed Anderson,,Shanghai,Cn,Ca,2021-02-21,Referral Program,True
TES-C2615, Rahul Kim ,rahul.kim93@example.com,Los Angeles,Ca,De,2022-08-26,Referral Program,False
TES-C3955,Anna Martin,anna.martin236@example.com,Austin,Tx,Uk,2021-06-08,Standard,False
TES-C6645,Zoe Martin,zoe.martin429@example.com,Miami,Fl,Ca,2021-06-30,Referral Program,False
TES-C9092,Zoe Chen,zoe.chen799@example.com,New York,Ny,Jp,2024-02-02,Standard,False
TES-C8281,emma lee,emma.lee922@example.com,Austin,Tx,Cn,2024-12-30,Referral Program,False
TES-C9837,Yuki Wilson,,Chicago,Il,Cn,2024-07-29,Insider,True
TES-C8802,Rahul Patel,rahul.patel838@example.com,Fremont,Ca,De,2024-04-10,Insider,False
TES-C1602,Priya Brown,priya.brown955@example.com,Austin,Tx,Ca,2022-06-17,Insider,False
TES-C4554,Wei Garcia,wei.garcia321@example.com,Fremont,Ca,De,2025-01-31,Insider,False
TES-C10954,Carlos Anderson,carlos.anderson559@example.com,Fremont,Ca,De,2023-01-22,Unknown,False
TES-C10688,LI SMITH,li.smith175@example.com,Chicago,Il,De,2022-03-25,Insider,False
TES-C8865, Vivaan Anderson ,vivaan.anderson85@example.com,Fremont,Ca,Ca,2021-10-28,Referral Program,False
TES-C2090, Zoe Martin ,zoe.martin248@example.com,Austin,Tx,Uk,2022-10-22,Insider,False
TES-C3834,Liam Martin,liam.martin460@example.com,Miami,Fl,Cn,2021-06-19,Referral Program,False
TES-C3946,Li Tanaka,li.tanaka626@example.com,New York,Ny,De,2023-04-03,Insider,False
TES-C4354,John Kim,,Fremont,Ca,Uk,2025-05-12,Referral Program,True
TES-C2580,fatima wang,fatima.wang570@example.com,Fremont,Ca,Us,2024-06-14,Referral Program,False
TES-C2124,Li Rossi,li.rossi254@example.com,Fremont,Ca,Ca,2022-10-23,Referral Program,False
TES-C4156,Emma Rossi,emma.rossi700@example.com,Seattle,Wa,Us,2021-01-24,Standard,False
TES-C7442,James Kumar,james.kumar2@example.com,Los Angeles,Ca,De,2023-10-03,Standard,False
TES-C10181,John Tanaka,,Seattle,Wa,Jp,2021-07-30,Standard,True
TES-C4500,CARLOS TANAKA,carlos.tanaka924@example.com,Miami,Fl,De,2022-08-26,Insider,False
TES-C9711,Sara Lee,sara.lee22@example.com,Berlin,De,Cn,2024-04-02,Referral Program,False
TES-C8716,Priya Chen,priya.chen649@example.com,New York,Ny,Cn,2023-05-22,Standard,False
TES-C2772,Aarav Kim,aarav.kim34@example.com,San Francisco,Ca,Ca,2024-09-25,Referral Program,False
TES-C6226,Zoe Khan,zoe.khan565@example.com,Los Angeles,Ca,Uk,2023-03-10,Standard,False
TES-C9073,Emma Martin,emma.martin532@example.com,San Francisco,Ca,Jp,2021-05-08,Insider,False
TES-C9027,Ava Chen,ava.chen112@example.com,Shanghai,Cn,Ca,2025-03-23,Referral Program,False
TES-C8424,li rossi,li.rossi430@example.com,Austin,Tx,Cn,2025-01-13,Insider,False
TES-C6628,Chen Suzuki,chen.suzuki300@example.com,Shanghai,Cn,De,2022-11-28,Referral Program,False
TES-C10333,yuki wilson,yuki.wilson155@example.com,Miami,Fl,Us,2021-10-28,Unknown,False
TES-C9858,Chen Wilson,chen.wilson922@example.com,Shanghai,Cn,Cn,2025-06-06,Insider,False
TES-C4614,Fatima Anderson,fatima.anderson7@example.com,Fremont,Ca,De,2021-01-14,Referral Program,False
TES-C6670,liam kumar,,Seattle,Wa,Cn,2022-05-16,Standard,True
TES-C9927,Michael Müller,michael.müller781@example.com,Miami,Fl,Uk,2022-05-31,Standard,False
TES-C4990,John Anderson,john.anderson101@example.com,San Francisco,Ca,Ca,2021-07-05,Insider,False
TES-C4736,Chen Brown,chen.brown742@example.com,Shanghai,Cn,De,2023-01-12,Referral Program,False
TES-C10763,Ben Johnson,ben.johnson75@example.com,Chicago,Il,Uk,2022-11-20,Referral Program,False
TES-C9239,PRIYA PATEL,priya.patel252@example.com,Berlin,De,De,2024-04-13,Referral Program,False
TES-C3616,Yuki Chen,yuki.chen597@example.com,San Francisco,Ca,Ca,2021-09-07,Standard,False
TES-C3965,ben johnson,ben.johnson843@example.com,New York,Ny,Cn,2022-12-18,Unknown,False
TES-C2295,David Martin,david.martin702@example.com,New York,Ny,Ca,2024-11-24,Insider,False
TES-C3520,Mohammed Singh,mohammed.singh886@example.com,Shanghai,Cn,De,2025-07-09,Insider,False
TES-C6063,Aditya Khan,aditya.khan279@example.com,Fremont,Ca,De,2023-07-16,Standard,False
TES-C5524,John Brown,john.brown169@example.com,San Francisco,Ca,Us,2024-01-07,Referral Program,False
TES-C9640,Mohammed Yamada,mohammed.yamada272@example.com,Los Angeles,Ca,De,2022-05-31,Standard,False
TES-C7889,Yuki Davis,yuki.davis268@example.com,San Francisco,Ca,De,2023-09-12,Insider,False
TES-C6188,yuki rossi,yuki.rossi800@example.com,Los Angeles,Ca,Jp,2025-09-27,Standard,False
TES-C1805,Carlos Müller,carlos.müller21@example.com,Chicago,Il,Ca,2021-10-23,Referral Program,False
TES-C9633,James Yamada,james.yamada549@example.com,Fremont,Ca,Us,2022-08-10,Referral Program,False
TES-C5967,Yuki Johnson,yuki.johnson502@example.com,Miami,Fl,Jp,2023-08-06,Insider,False
TES-C2916,Liam Yamada,liam.yamada367@example.com,Chicago,Il,Ca,2022-12-25,Insider,False
TES-C6767,Ken Wang,ken.wang970@example.com,Austin,Tx,Uk,2022-06-16,Insider,False
TES-C10768,Fatima Brown,fatima.brown873@example.com,New York,Ny,Jp,2023-12-23,Referral Program,False
TES-C4184,Liam Garcia,liam.garcia452@example.com,New York,Ny,Uk,2024-01-26,Insider,False
TES-C9998,Olivia Kumar,olivia.kumar245@example.com,Berlin,De,Jp,2023-03-04,Standard,False
TES-C4381,Anna Müller,anna.müller820@example.com,New York,Ny,De,2023-09-21,Referral Program,False
TES-C9271,James Garcia,james.garcia789@example.com,Shanghai,Cn,Ca,2023-04-06,Standard,False
TES-C5941,YUKI ROSSI,,San Francisco,Ca,Uk,2022-04-24,Insider,True
TES-C3937, Emma Singh ,emma.singh331@example.com,Chicago,Il,Cn,2024-12-29,Referral Program,False
TES-C6766,Emma Sharma,emma.sharma88@example.com,New York,Ny,Cn,2024-09-05,Referral Program,False
TES-C4419,Noah Singh,noah.singh377@example.com,Berlin,De,Cn,2025-10-15,Standard,False
TES-C8597,James Yamada,james.yamada947@example.com,Los Angeles,Ca,Ca,2021-10-31,Referral Program,False
TES-C5349,Vivaan Patel,vivaan.patel664@example.com,Miami,Fl,Jp,2025-10-08,Insider,False
TES-C8705,Aarav Suzuki,aarav.suzuki661@example.com,Los Angeles,Ca,Jp,2021-10-16,Referral Program,False
TES-C4201,Anna Garcia,anna.garcia565@example.com,Miami,Fl,De,2022-10-27,Standard,False
TES-C2050,david smith,david.smith173@example.com,Shanghai,Cn,Uk,2025-03-13,Referral Program,False
TES-C10056,Priya Wang,priya.wang540@example.com,New York,Ny,Us,2024-11-13,Referral Program,False
TES-C3013,Sara Tanaka,sara.tanaka826@example.com,Chicago,Il,De,2024-01-27,Standard,False
TES-C7304, Vivaan Yamada ,vivaan.yamada581@example.com,Seattle,Wa,Us,2023-09-14,Standard,False
TES-C1441,Emma Suzuki,emma.suzuki358@example.com,Austin,Tx,Ca,2022-11-05,Insider,False
TES-C10827,KEN ROSSI,ken.rossi936@example.com,Berlin,De,Us,2022-12-18,Insider,False
TES-C7887,James Johnson,james.johnson994@example.com,Chicago,Il,Jp,2022-04-28,Referral Program,False
TES-C6995,Ben Yamada,ben.yamada200@example.com,Austin,Tx,Jp,2022-01-04,Standard,False
TES-C2141,Zoe Wilson,zoe.wilson710@example.com,Seattle,Wa,De,2022-09-03,Insider,False
TES-C2310,chen johnson,chen.johnson835@example.com,Los Angeles,Ca,Ca,2023-11-21,Insider,False
TES-C9822,Yuki Anderson,yuki.anderson786@example.com,San Francisco,Ca,Cn,2021-02-15,Insider,False
TES-C2085,anna kim,anna.kim996@example.com,Berlin,De,Us,2024-12-05,Referral Program,False
TES-C10138,Wei Kumar,,Austin,Tx,Jp,2025-08-07,Insider,True
TES-C10337,noah anderson,noah.anderson715@example.com,Austin,Tx,Us,2021-08-01,Referral Program,False
TES-C1457,John Wang,john.wang842@example.com,Seattle,Wa,Jp,2023-07-30,Referral Program,False
TES-C4565,Yuki Lee,yuki.lee236@example.com,Shanghai,Cn,Us,2021-10-07,Standard,False
TES-C9235,John Wilson,,Seattle,Wa,Ca,2025-09-19,Insider,True
TES-C8419,Maria Chen,maria.chen787@example.com,Seattle,Wa,De,2022-07-19,Referral Program,False
TES-C8123,Ben Singh,ben.singh666@example.com,Austin,Tx,Us,2025-09-07,Insider,False
TES-C6940,Anna Martin,anna.martin491@example.com,Shanghai,Cn,Ca,2021-06-08,Referral Program,False
TES-C6099,Liam Brown,liam.brown960@example.com,Seattle,Wa,Jp,2024-10-04,Referral Program,False
TES-C8011,james wang,,Miami,Fl,Us,2023-07-02,Insider,True
TES-C3511,Chen Anderson,chen.anderson726@example.com,Berlin,De,Ca,2024-12-26,Standard,False
TES-C1770,Sofia Smith,sofia.smith674@example.com,Berlin,De,Jp,2023-03-16,Standard,False
TES-C2097,James Müller,,Miami,Fl,Uk,2025-08-08,Referral Program,True
TES-C3993,Priya Davis,priya.davis730@example.com,Chicago,Il,Ca,2022-10-25,Standard,False
TES-C10849,Liam Rossi,liam.rossi433@example.com,Seattle,Wa,Uk,2022-04-27,Unknown,False
TES-C9766,Ava Patel,ava.patel195@example.com,Berlin,De,Ca,2023-04-22,Insider,False
TES-C5858,Aditya Singh,aditya.singh876@example.com,Austin,Tx,Ca,2024-03-25,Insider,False
TES-C7740,Rahul Brown,rahul.brown503@example.com,Fremont,Ca,Ca,2023-02-26,Standard,False
TES-C4654,Sofia Patel,sofia.patel224@example.com,San Francisco,Ca,Us,2024-06-29,Referral Program,False
TES-C3109,Olivia Khan,olivia.khan889@example.com,Fremont,Ca,De,2022-04-26,Standard,False
TES-C5830,Emma Khan,emma.khan159@example.com,San Francisco,Ca,Jp,2024-04-13,Insider,False
TES-C9578,olivia suzuki,olivia.suzuki554@example.com,Chicago,Il,Us,2025-09-01,Referral Program,False
TES-C4528,RAHUL WILSON,rahul.wilson292@example.com,Seattle,Wa,Jp,2024-03-04,Referral Program,False
TES-C10155,Ben Johnson,ben.johnson880@example.com,New York,Ny,Us,2021-08-10,Standard,False
TES-C7542,Sofia Lee,,New York,Ny,Ca,2025-07-19,Referral Program,True
TES-C5361,rahul suzuki,rahul.suzuki604@example.com,Seattle,Wa,Ca,2025-12-17,Standard,False
TES-C9471,Priya Sharma,priya.sharma550@example.com,Shanghai,Cn,Us,2023-03-14,Standard,False
TES-C8767,Noah Khan,noah.khan698@example.com,Seattle,Wa,Jp,2022-05-27,Insider,False
TES-C5187,David Brown,david.brown942@example.com,San Francisco,Ca,De,2025-12-31,Insider,False
TES-C8287,BEN SINGH,ben.singh263@example.com,Berlin,De,De,2021-12-20,Standard,False
TES-C10696,anna singh,anna.singh269@example.com,Chicago,Il,Ca,2025-04-14,Referral Program,False
TES-C3466,James Chen,james.chen191@example.com,Shanghai,Cn,Cn,2024-10-07,Standard,False
TES-C7316,John Wilson,john.wilson902@example.com,Miami,Fl,Jp,2025-02-21,Insider,False
TES-C8353,AARAV BROWN,aarav.brown437@example.com,Los Angeles,Ca,Us,2024-02-23,Referral Program,False
TES-C7902,ZOE JOHNSON,zoe.johnson107@example.com,San Francisco,Ca,Ca,2022-10-17,Insider,False
TES-C1765,Priya Wang,priya.wang578@example.com,Shanghai,Cn,Jp,2021-03-20,Referral Program,False
TES-C7844,Fatima Martin,fatima.martin835@example.com,Fremont,Ca,Ca,2021-12-23,Standard,False
TES-C7280,Ben Johnson,ben.johnson115@example.com,Seattle,Wa,Ca,2023-01-23,Unknown,False
TES-C7408,Chen Johnson,chen.johnson219@example.com,Berlin,De,De,2022-04-09,Standard,False
TES-C10545,Emma Johnson,emma.johnson473@example.com,Shanghai,Cn,De,2024-05-09,Insider,False
TES-C7078,Mohammed Garcia,mohammed.garcia493@example.com,Seattle,Wa,Ca,2022-02-08,Referral Program,False
TES-C5661,sofia martin,sofia.martin5@example.com,San Francisco,Ca,Jp,2025-03-14,Referral Program,False
TES-C3795,Sofia Garcia,sofia.garcia853@example.com,Austin,Tx,Jp,2025-05-26,Standard,False
TES-C7763,Maria Tanaka,maria.tanaka566@example.com,Austin,Tx,Ca,2023-04-07,Insider,False
TES-C9567,priya kumar,priya.kumar962@example.com,Miami,Fl,Us,2021-05-05,Referral Program,False
TES-C8383,Carlos Wilson,carlos.wilson171@example.com,Austin,Tx,Jp,2024-04-04,Standard,False
TES-C4802,Fatima Khan,fatima.khan34@example.com,Fremont,Ca,Us,2024-05-28,Insider,False
TES-C10455,Michael Singh,michael.singh475@example.com,Berlin,De,Jp,2021-07-29,Insider,False
TES-C9152,Sofia Martin,sofia.martin965@example.com,Berlin,De,Uk,2022-09-27,Referral Program,False
TES-C9664,Mohammed Tanaka,mohammed.tanaka972@example.com,Shanghai,Cn,Ca,2022-12-31,Standard,False
TES-C8245,Li Tanaka,li.tanaka597@example.com,Miami,Fl,Ca,2024-01-14,Standard,False
TES-C4462,Ava Garcia,ava.garcia307@example.com,Chicago,Il,Cn,2024-04-25,Insider,False
TES-C6418,Anna Anderson,anna.anderson719@example.com,Austin,Tx,Jp,2025-08-27,Standard,False
TES-C3766,JAMES KUMAR,james.kumar84@example.com,New York,Ny,Ca,2025-04-05,Referral Program,False
TES-C7639,Ben Davis,ben.davis429@example.com,Chicago,Il,Ca,2022-06-21,Referral Program,False
TES-C6110,Chen Kim,chen.kim248@example.com,Seattle,Wa,Cn,2025-03-26,Standard,False
TES-C5272,MARIA DAVIS,maria.davis184@example.com,Los Angeles,Ca,De,2023-07-03,Unknown,False
TES-C2942,Fatima Kumar,fatima.kumar329@example.com,Seattle,Wa,Cn,2022-11-04,Standard,False
TES-C7219,Emma Lee,emma.lee837@example.com,Chicago,Il,Ca,2025-10-25,Referral Program,False
TES-C10750,John Kumar,john.kumar649@example.com,Shanghai,Cn,Cn,2021-12-08,Referral Program,False
TES-C10907,Carlos Rossi,carlos.rossi156@example.com,Seattle,Wa,Cn,2021-09-02,Insider,False
TES-C8416,Olivia Yamada,olivia.yamada833@example.com,Chicago,Il,Cn,2022-02-25,Insider,False
TES-C5477,Liam Johnson,liam.johnson968@example.com,Miami,Fl,Ca,2021-10-29,Standard,False
TES-C6183,Michael Davis,michael.davis284@example.com,Shanghai,Cn,Jp,2024-09-22,Referral Program,False
TES-C4394,Wei Johnson,wei.johnson888@example.com,Seattle,Wa,Jp,2025-05-20,Referral Program,False
TES-C8658,John Johnson,john.johnson313@example.com,Chicago,Il,Jp,2023-07-27,Standard,False
TES-C8656,Olivia Wilson,olivia.wilson292@example.com,Berlin,De,Us,2023-05-16,Referral Program,False
TES-C10537,ava rossi,ava.rossi218@example.com,Seattle,Wa,Ca,2024-09-26,Referral Program,False
TES-C1145,liam patel,liam.patel997@example.com,Seattle,Wa,De,2025-08-14,Insider,False
TES-C8435,david brown,david.brown833@example.com,New York,Ny,Us,2022-02-17,Insider,False
TES-C5969,aditya davis,aditya.davis639@example.com,Shanghai,Cn,Jp,2022-09-19,Referral Program,False
TES-C3001,Emma Lee,emma.lee354@example.com,Austin,Tx,Ca,2025-03-23,Standard,False
TES-C6659,John Patel,,Shanghai,Cn,Cn,2021-07-10,Insider,True
TES-C8125,Wei Sharma,wei.sharma519@example.com,Berlin,De,Us,2024-02-19,Insider,False
TES-C7377,Olivia Chen,olivia.chen765@example.com,San Francisco,Ca,Us,2022-07-27,Referral Program,False
TES-C1447,Vivaan Patel,vivaan.patel739@example.com,Miami,Fl,Us,2023-09-04,Insider,False
TES-C7427,Noah Lee,noah.lee501@example.com,Miami,Fl,Us,2024-04-09,Standard,False
TES-C3713,Ava Garcia,ava.garcia671@example.com,Los Angeles,Ca,Jp,2024-08-08,Standard,False
TES-C5540,Wei Garcia,wei.garcia993@example.com,Berlin,De,Cn,2021-01-04,Referral Program,False
TES-C7046,Ken Kim,ken.kim538@example.com,San Francisco,Ca,Us,2021-10-05,Insider,False
TES-C7071, Noah Khan ,noah.khan389@example.com,Austin,Tx,Ca,2025-06-01,Insider,False
TES-C1803,James Garcia,james.garcia84@example.com,Shanghai,Cn,Uk,2021-06-14,Referral Program,False
TES-C9848, Michael Anderson ,michael.anderson529@example.com,San Francisco,Ca,Ca,2023-03-10,Standard,False
TES-C4468,Carlos Rossi,carlos.rossi159@example.com,Berlin,De,De,2022-06-26,Referral Program,False
TES-C6194,Liam Sharma,liam.sharma64@example.com,Fremont,Ca,De,2024-09-12,Referral Program,False
TES-C6351,Mohammed Wilson,mohammed.wilson355@example.com,Miami,Fl,Jp,2024-01-01,Standard,False
TES-C2721,Anna Lee,anna.lee107@example.com,Los Angeles,Ca,De,2022-06-11,Standard,False
TES-C4064,Yuki Kim,yuki.kim300@example.com,New York,Ny,Ca,2021-04-27,Standard,False
TES-C8291,Mohammed Tanaka,,Seattle,Wa,Jp,2022-07-07,Insider,True
TES-C6888,Emma Sharma,emma.sharma798@example.com,San Francisco,Ca,Cn,2022-07-08,Referral Program,False
TES-C3737,Liam Müller,liam.müller741@example.com,Berlin,De,Us,2022-01-14,Referral Program,False
TES-C8590,Liam Sharma,liam.sharma13@example.com,Los Angeles,Ca,Uk,2021-05-23,Referral Program,False
TES-C5120,Rahul Sharma,rahul.sharma567@example.com,Fremont,Ca,Uk,2025-04-13,Referral Program,False
TES-C8422,John Suzuki,john.suzuki78@example.com,Los Angeles,Ca,De,2022-05-28,Unknown,False
TES-C1380,John Yamada,john.yamada37@example.com,Berlin,De,Cn,2022-05-18,Standard,False
TES-C4567,Rahul Suzuki,rahul.suzuki950@example.com,Shanghai,Cn,Us,2022-06-26,Insider,False
TES-C9573,Wei Yamada,wei.yamada528@example.com,Los Angeles,Ca,Cn,2024-01-22,Referral Program,False
TES-C1946,Chen Wilson,chen.wilson447@example.com,Fremont,Ca,De,2022-07-19,Referral Program,False
TES-C3232,CARLOS MÜLLER,carlos.müller850@example.com,Berlin,De,Jp,2025-09-02,Insider,False
TES-C2469,Zoe Patel,zoe.patel964@example.com,Shanghai,Cn,Ca,2025-06-15,Referral Program,False
TES-C7503,Fatima Patel,fatima.patel935@example.com,Fremont,Ca,Us,2023-06-12,Standard,False
TES-C7305,Sara Smith,sara.smith25@example.com,Los Angeles,Ca,Cn,2022-01-05,Standard,False
TES-C8790,Anna Lee,anna.lee111@example.com,Miami,Fl,De,2023-03-02,Insider,False
TES-C1338,Sara Kim,sara.kim750@example.com,Fremont,Ca,Uk,2024-01-09,Referral Program,False
TES-C7629,aarav smith,,Miami,Fl,De,2023-11-06,Referral Program,True
TES-C2379,mohammed garcia,,Miami,Fl,Jp,2023-11-14,Referral Program,True
TES-C1142,ANNA SUZUKI,anna.suzuki897@example.com,San Francisco,Ca,Us,2021-08-23,Referral Program,False
TES-C7653,Priya Wang,priya.wang181@example.com,Austin,Tx,Cn,2022-11-03,Standard,False
TES-C9483, Ken Anderson ,ken.anderson102@example.com,Miami,Fl,Ca,2023-09-28,Insider,False
TES-C8953,CHEN TANAKA,chen.tanaka954@example.com,New York,Ny,Uk,2021-02-15,Insider,False
TES-C5667,Aditya Chen,aditya.chen496@example.com,Fremont,Ca,Us,2021-09-10,Insider,False
TES-C10059,Aarav Smith,aarav.smith554@example.com,Fremont,Ca,De,2022-05-07,Insider,False
TES-C5843,Olivia Singh,olivia.singh62@example.com,Austin,Tx,Cn,2022-05-30,Standard,False
TES-C1331,Anna Müller,anna.müller129@example.com,Austin,Tx,Jp,2023-04-12,Insider,False
TES-C1417,Aarav Wilson,,Fremont,Ca,Ca,2022-09-28,Referral Program,True
TES-C7477,Ava Johnson,ava.johnson342@example.com,Los Angeles,Ca,Uk,2023-06-15,Standard,False
TES-C7137,Ava Kumar,,Miami,Fl,Jp,2024-12-26,Referral Program,True
TES-C7342,Carlos Sharma,carlos.sharma106@example.com,Austin,Tx,De,2024-08-29,Referral Program,False
TES-C4118,Aditya Davis,,Seattle,Wa,Cn,2021-09-05,Standard,True
TES-C10195,Zoe Johnson,zoe.johnson655@example.com,Seattle,Wa,Ca,2024-09-09,Standard,False
TES-C10531,NOAH YAMADA,noah.yamada153@example.com,Seattle,Wa,Ca,2025-08-16,Standard,False
TES-C6385,Ben Wang,ben.wang932@example.com,Chicago,Il,Ca,2021-11-21,Referral Program,False
TES-C10667,Zoe Chen,zoe.chen348@example.com,Seattle,Wa,Jp,2023-05-06,Referral Program,False
TES-C1084,Carlos Rossi,carlos.rossi250@example.com,Fremont,Ca,Jp,2023-12-13,Standard,False
TES-C5586,Ben Wang,,Los Angeles,Ca,De,2022-11-01,Referral Program,True
TES-C9055,Maria Rossi,maria.rossi45@example.com,New York,Ny,Cn,2022-08-26,Referral Program,False
TES-C2686,Ben Sharma,ben.sharma1@example.com,Berlin,De,Cn,2025-04-11,Referral Program,False
TES-C9300,Priya Kim,,New York,Ny,De,2021-06-05,Referral Program,True
TES-C1644,John Sharma,john.sharma449@example.com,Chicago,Il,Us,2023-06-18,Standard,False
TES-C4478,Yuki Kim,yuki.kim729@example.com,New York,Ny,Cn,2023-09-03,Standard,False
TES-C2873,Aditya Tanaka,aditya.tanaka677@example.com,Shanghai,Cn,Ca,2022-02-18,Referral Program,False
TES-C4315,Chen Anderson,,Shanghai,Cn,Us,2022-04-27,Standard,True
TES-C1253,Olivia Yamada,olivia.yamada693@example.com,Los Angeles,Ca,Cn,2023-05-10,Standard,False
TES-C7309,Mohammed Suzuki,mohammed.suzuki475@example.com,Seattle,Wa,Cn,2021-06-24,Standard,False
TES-C10295,mohammed khan,mohammed.khan609@example.com,Los Angeles,Ca,De,2022-11-30,Insider,False
TES-C5714,John Davis,john.davis957@example.com,New York,Ny,De,2025-01-17,Referral Program,False
TES-C7223,Sara Sharma,sara.sharma87@example.com,Fremont,Ca,Jp,2025-07-04,Standard,False
TES-C3866,Li Lee,li.lee293@example.com,Austin,Tx,Uk,2022-07-28,Referral Program,False
TES-C5952,Sofia Anderson,,Los Angeles,Ca,Uk,2024-12-25,Standard,True
TES-C7026,Michael Wilson,michael.wilson6@example.com,Miami,Fl,Ca,2025-12-18,Standard,False
TES-C2239,Chen Rossi,chen.rossi200@example.com,New York,Ny,Jp,2023-02-05,Standard,False
TES-C4166,Liam Smith,liam.smith327@example.com,Seattle,Wa,Ca,2021-06-09,Standard,False
TES-C8659,Fatima Martin,fatima.martin711@example.com,Los Angeles,Ca,Jp,2024-03-05,Referral Program,False
TES-C4045,Li Singh,li.singh748@example.com,Shanghai,Cn,Cn,2024-11-08,Insider,False
TES-C4479,Priya Kim,priya.kim309@example.com,Austin,Tx,Ca,2023-11-18,Standard,False
TES-C2930,Anna Martin,anna.martin503@example.com,Los Angeles,Ca,Uk,2022-06-22,Unknown,False
TES-C8982,Aarav Kim,aarav.kim192@example.com,Seattle,Wa,De,2022-10-14,Referral Program,False
TES-C3470,Sofia Smith,sofia.smith694@example.com,Fremont,Ca,Cn,2021-12-15,Referral Program,False
TES-C5519,Liam Martin,liam.martin526@example.com,Fremont,Ca,Ca,2025-05-20,Standard,False
TES-C7144,james patel,james.patel416@example.com,Berlin,De,De,2024-09-04,Insider,False
TES-C5845,Yuki Davis,yuki.davis68@example.com,San Francisco,Ca,Ca,2024-01-31,Referral Program,False
TES-C9635,James Davis,james.davis38@example.com,Chicago,Il,Jp,2021-04-11,Insider,False
TES-C2928,maria wang,maria.wang387@example.com,Los Angeles,Ca,Cn,2022-06-14,Standard,False
TES-C4255,Rahul Martin,rahul.martin399@example.com,Los Angeles,Ca,De,2021-08-31,Standard,False
TES-C5552,Vivaan Patel,vivaan.patel183@example.com,New York,Ny,Us,2023-10-16,Insider,False
TES-C4691,Aarav Tanaka,aarav.tanaka738@example.com,New York,Ny,Jp,2024-07-29,Referral Program,False
TES-C9679,YUKI SUZUKI,yuki.suzuki796@example.com,Seattle,Wa,Uk,2022-04-12,Referral Program,False
TES-C6348,Liam Yamada,liam.yamada637@example.com,Austin,Tx,Ca,2022-10-17,Referral Program,False
TES-C10906,maria chen,maria.chen567@example.com,Seattle,Wa,Cn,2025-08-31,Insider,False
TES-C1107,Sara Wilson,sara.wilson245@example.com,Los Angeles,Ca,Cn,2022-12-23,Referral Program,False
TES-C8474,Noah Singh,noah.singh906@example.com,San Francisco,Ca,Ca,2023-04-04,Standard,False
TES-C8544,Zoe Tanaka,zoe.tanaka931@example.com,Fremont,Ca,De,2023-09-06,Insider,False
TES-C7530,Wei Wilson,wei.wilson889@example.com,Chicago,Il,Us,2024-06-03,Standard,False
TES-C10157,Liam Suzuki,liam.suzuki241@example.com,San Francisco,Ca,Ca,2021-11-20,Referral Program,False
TES-C2701,Carlos Wang,carlos.wang246@example.com,Fremont,Ca,Uk,2022-02-16,Insider,False
TES-C5323,Chen Smith,chen.smith340@example.com,New York,Ny,De,2025-04-26,Standard,False
TES-C3796,Wei Martin,wei.martin306@example.com,Shanghai,Cn,Us,2022-10-16,Insider,False
TES-C6452,Olivia Singh,olivia.singh273@example.com,Chicago,Il,Uk,2024-11-01,Standard,False
TES-C6254,Ken Patel,,Austin,Tx,De,2024-05-03,Referral Program,True
TES-C5828, Emma Lee ,emma.lee831@example.com,Fremont,Ca,Cn,2021-05-24,Insider,False
TES-C6225,aarav tanaka,aarav.tanaka943@example.com,San Francisco,Ca,Jp,2022-08-15,Referral Program,False
TES-C4277,Ava Kumar,ava.kumar934@example.com,Austin,Tx,Cn,2023-12-10,Referral Program,False
TES-C7456,Liam Garcia,liam.garcia918@example.com,Austin,Tx,De,2022-06-01,Standard,False
TES-C3340,Sofia Davis,sofia.davis428@example.com,Chicago,Il,De,2025-03-14,Insider,False
TES-C7689,Sofia Davis,sofia.davis94@example.com,San Francisco,Ca,Cn,2023-05-16,Referral Program,False
TES-C10449,Ben Rossi,ben.rossi283@example.com,New York,Ny,Us,2022-01-15,Referral Program,False
TES-C10109,Zoe Sharma,zoe.sharma211@example.com,Los Angeles,Ca,Us,2024-01-08,Unknown,False
TES-C2490,david brown,david.brown394@example.com,Los Angeles,Ca,Cn,2025-09-29,Insider,False
TES-C3852,Priya Suzuki,priya.suzuki288@example.com,Seattle,Wa,De,2024-03-10,Insider,False
TES-C2927,Sofia Wang,sofia.wang688@example.com,New York,Ny,Uk,2021-11-28,Insider,False
TES-C8340,David Kumar,david.kumar705@example.com,Chicago,Il,Us,2024-02-19,Standard,False
TES-C7454,Rahul Patel,rahul.patel529@example.com,Miami,Fl,De,2025-11-26,Referral Program,False
TES-C7359,Ken Müller,ken.müller754@example.com,New York,Ny,Cn,2021-01-10,Standard,False
TES-C1008,Ben Chen,ben.chen562@example.com,Seattle,Wa,Us,2022-11-10,Insider,False
TES-C5486,Michael Smith,michael.smith473@example.com,Fremont,Ca,Us,2021-11-10,Referral Program,False
TES-C4818,Carlos Chen,carlos.chen951@example.com,Shanghai,Cn,Uk,2022-08-28,Standard,False
TES-C3420,Li Kim,,Miami,Fl,Ca,2023-11-12,Referral Program,True
TES-C3887,Michael Suzuki,michael.suzuki909@example.com,Fremont,Ca,Cn,2022-01-31,Standard,False
TES-C8140,Zoe Singh,zoe.singh245@example.com,Shanghai,Cn,Us,2023-04-23,Insider,False
TES-C8500,Mohammed Khan,mohammed.khan245@example.com,Berlin,De,Ca,2023-01-24,Insider,False
TES-C6882,Maria Yamada,maria.yamada426@example.com,Chicago,Il,De,2023-12-27,Referral Program,False
TES-C6899,Mohammed Lee,mohammed.lee641@example.com,Fremont,Ca,Us,2023-02-24,Standard,False
TES-C10361,james brown,james.brown764@example.com,Fremont,Ca,Cn,2023-09-26,Standard,False
TES-C10482,Liam Lee,liam.lee709@example.com,Seattle,Wa,Jp,2024-03-11,Standard,False
TES-C1437,Zoe Kim,zoe.kim72@example.com,Austin,Tx,Us,2021-11-30,Referral Program,False
TES-C9132,Zoe Suzuki,,San Francisco,Ca,De,2022-07-16,Referral Program,True
TES-C9863,Ava Singh,ava.singh247@example.com,Austin,Tx,Ca,2022-01-22,Insider,False
TES-C7897,Ben Kumar,ben.kumar377@example.com,Miami,Fl,De,2021-08-18,Standard,False
TES-C7614,Emma Müller,emma.müller201@example.com,Austin,Tx,Us,2021-12-31,Insider,False
TES-C7892,Maria Anderson,maria.anderson1@example.com,Austin,Tx,De,2021-01-14,Insider,False
TES-C7793,priya garcia,priya.garcia548@example.com,Fremont,Ca,Cn,2025-08-12,Referral Program,False
TES-C2443,Fatima Suzuki,fatima.suzuki140@example.com,San Francisco,Ca,Cn,2025-08-07,Standard,False
TES-C9081,Michael Johnson,michael.johnson588@example.com,Los Angeles,Ca,Jp,2022-03-16,Unknown,False
TES-C7260,Sofia Patel,sofia.patel569@example.com,Austin,Tx,Uk,2022-02-23,Standard,False
TES-C7775,wei davis,wei.davis671@example.com,Austin,Tx,Us,2025-07-06,Referral Program,False
TES-C3536,rahul kumar,rahul.kumar235@example.com,Berlin,De,Us,2025-10-06,Insider,False
TES-C5897,Mohammed Patel,mohammed.patel473@example.com,Austin,Tx,Ca,2022-08-11,Insider,False
TES-C1363,Vivaan Davis,vivaan.davis485@example.com,Berlin,De,Ca,2023-07-01,Unknown,False
TES-C8690,Zoe Müller,zoe.müller941@example.com,Seattle,Wa,Jp,2023-03-02,Standard,False
TES-C9230,olivia tanaka,olivia.tanaka64@example.com,Shanghai,Cn,Uk,2024-03-18,Referral Program,False
TES-C6310,Ben Martin,ben.martin261@example.com,Miami,Fl,Uk,2022-02-23,Insider,False
TES-C1317,Li Garcia,li.garcia581@example.com,New York,Ny,De,2023-08-17,Standard,False
TES-C8330,EMMA GARCIA,emma.garcia17@example.com,New York,Ny,Us,2021-08-10,Standard,False
TES-C5215,Noah Tanaka,noah.tanaka921@example.com,Austin,Tx,De,2023-08-04,Referral Program,False
TES-C9021,RAHUL SHARMA,rahul.sharma337@example.com,Miami,Fl,Cn,2025-11-09,Referral Program,False
TES-C2100,Maria Sharma,,New York,Ny,Uk,2024-04-29,Insider,True
TES-C10288,Liam Martin,liam.martin242@example.com,New York,Ny,Cn,2024-10-12,Insider,False
TES-C9723,Ken Chen,ken.chen215@example.com,Fremont,Ca,Us,2025-11-29,Standard,False
TES-C5134,Maria Müller,maria.müller34@example.com,Miami,Fl,De,2024-10-12,Standard,False
TES-C5267,Fatima Sharma,fatima.sharma218@example.com,Miami,Fl,De,2024-02-08,Insider,False
TES-C9401,Liam Suzuki,liam.suzuki719@example.com,Shanghai,Cn,Uk,2022-12-22,Referral Program,False
TES-C5613, James Chen ,james.chen974@example.com,Fremont,Ca,Jp,2024-07-04,Referral Program,False
TES-C2427,Chen Khan,chen.khan237@example.com,Berlin,De,Us,2025-06-22,Standard,False
TES-C7420,Liam Garcia,liam.garcia414@example.com,Shanghai,Cn,Jp,2024-12-16,Referral Program,False
TES-C4349,ZOE LEE,zoe.lee818@example.com,Los Angeles,Ca,Jp,2025-03-08,Insider,False
TES-C3059,Yuki Yamada,yuki.yamada721@example.com,Austin,Tx,De,2023-11-24,Standard,False
TES-C7097,Wei Khan,wei.khan196@example.com,Austin,Tx,Ca,2023-11-08,Referral Program,False
TES-C9156,Vivaan Chen,vivaan.chen247@example.com,Austin,Tx,Uk,2024-09-14,Standard,False
TES-C8588,NOAH SMITH,noah.smith951@example.com,Los Angeles,Ca,Ca,2022-05-17,Referral Program,False
TES-C1340,noah suzuki,noah.suzuki765@example.com,Los Angeles,Ca,De,2021-07-26,Standard,False
TES-C3772,Aarav Anderson,aarav.anderson801@example.com,New York,Ny,Us,2022-10-14,Referral Program,False
TES-C3360,Li Müller,,Seattle,Wa,Jp,2023-03-23,Standard,True
TES-C1806,Mohammed Müller,,Seattle,Wa,Cn,2025-12-18,Insider,True
TES-C3569,DAVID PATEL,david.patel145@example.com,Austin,Tx,Uk,2024-02-03,Standard,False
TES-C5954,Michael Garcia,michael.garcia612@example.com,Chicago,Il,Cn,2024-04-12,Insider,False
TES-C1736, Liam Brown ,liam.brown15@example.com,Shanghai,Cn,Us,2023-11-05,Standard,False
TES-C10568,Michael Wilson,michael.wilson565@example.com,Shanghai,Cn,Uk,2024-01-15,Standard,False
TES-C7366,John Yamada,john.yamada461@example.com,Miami,Fl,De,2022-04-26,Standard,False
TES-C1450,Priya Chen,priya.chen874@example.com,Austin,Tx,Uk,2021-07-31,Standard,False
TES-C2797,Rahul Wang,rahul.wang45@example.com,New York,Ny,Jp,2021-09-14,Standard,False
TES-C9694,Carlos Khan,carlos.khan977@example.com,Berlin,De,Us,2025-08-15,Unknown,False
TES-C4789,Sofia Anderson,,Berlin,De,Cn,2023-10-23,Referral Program,True
TES-C3901,David Singh,david.singh534@example.com,San Francisco,Ca,De,2021-08-26,Standard,False
TES-C10803,Fatima Davis,fatima.davis96@example.com,Fremont,Ca,De,2021-02-14,Referral Program,False
TES-C2708,wei tanaka,wei.tanaka44@example.com,Seattle,Wa,Cn,2024-03-05,Insider,False
TES-C1393,Chen Chen,chen.chen180@example.com,Los Angeles,Ca,Jp,2021-04-26,Insider,False
TES-C1780,sofia smith,sofia.smith877@example.com,New York,Ny,Uk,2024-11-01,Unknown,False
TES-C4193,John Patel,,New York,Ny,Uk,2024-04-06,Standard,True
TES-C1108,SOFIA LEE,sofia.lee627@example.com,Miami,Fl,Ca,2024-09-24,Referral Program,False
TES-C1128,Aditya Sharma,aditya.sharma461@example.com,Miami,Fl,Uk,2024-09-01,Insider,False
TES-C2029,Noah Smith,,Chicago,Il,Cn,2023-05-06,Insider,True
TES-C9970,Michael Tanaka,michael.tanaka534@example.com,Miami,Fl,De,2021-01-23,Insider,False
TES-C10316,John Khan,john.khan47@example.com,Austin,Tx,De,2024-09-22,Insider,False
TES-C1353,Ava Davis,ava.davis78@example.com,Miami,Fl,Ca,2021-05-21,Standard,False
TES-C5159,SARA WANG,sara.wang849@example.com,Shanghai,Cn,Ca,2025-03-20,Referral Program,False
TES-C7571,Carlos Kumar,,San Francisco,Ca,Cn,2022-07-18,Standard,True
TES-C4864,John Chen,john.chen89@example.com,Berlin,De,Uk,2021-10-21,Referral Program,False
TES-C3448,yuki johnson,yuki.johnson108@example.com,Seattle,Wa,Jp,2024-04-20,Standard,False
TES-C2846,emma wilson,emma.wilson912@example.com,Miami,Fl,Cn,2022-01-07,Referral Program,False
TES-C5576,Maria Anderson,maria.anderson415@example.com,Austin,Tx,Ca,2024-07-11,Insider,False
TES-C2921,John Rossi,john.rossi503@example.com,San Francisco,Ca,De,2022-11-21,Insider,False
TES-C5111,David Wilson,david.wilson663@example.com,Seattle,Wa,Cn,2022-05-14,Insider,False
TES-C9242, Zoe Wang ,,Berlin,De,Uk,2023-04-21,Insider,True
TES-C2170,James Patel,james.patel756@example.com,Miami,Fl,Jp,2023-11-06,Standard,False
TES-C8499,Emma Wang,,Berlin,De,De,2025-09-23,Insider,True
TES-C2817,yuki singh,yuki.singh664@example.com,San Francisco,Ca,Jp,2025-01-05,Insider,False
TES-C9463,VIVAAN MÜLLER,vivaan.müller418@example.com,Chicago,Il,De,2023-04-27,Unknown,False
TES-C5744,Carlos Davis,carlos.davis762@example.com,Chicago,Il,Uk,2022-01-16,Referral Program,False
TES-C6180,Ben Khan,ben.khan323@example.com,Fremont,Ca,De,2025-01-27,Standard,False
TES-C6344,Aditya Tanaka,aditya.tanaka651@example.com,Austin,Tx,Cn,2022-07-20,Referral Program,False
TES-C10637,Chen Smith,chen.smith443@example.com,Shanghai,Cn,Cn,2021-05-01,Standard,False
TES-C2284,Ken Kumar,ken.kumar376@example.com,Fremont,Ca,Us,2021-09-07,Insider,False
TES-C4497,John Lee,john.lee185@example.com,Shanghai,Cn,Cn,2024-09-15,Insider,False
TES-C4610,emma davis,emma.davis737@example.com,New York,Ny,Cn,2025-06-12,Standard,False
TES-C3614,Michael Wilson,michael.wilson317@example.com,Los Angeles,Ca,Jp,2024-11-25,Referral Program,False
TES-C2454,RAHUL JOHNSON,rahul.johnson542@example.com,Austin,Tx,Uk,2021-10-25,Insider,False
TES-C10016,Sofia Garcia,sofia.garcia846@example.com,Miami,Fl,Cn,2023-04-02,Unknown,False
TES-C6349,Sara Lee,sara.lee313@example.com,Seattle,Wa,Us,2021-04-02,Standard,False
TES-C10566,Vivaan Müller,vivaan.müller187@example.com,Shanghai,Cn,Cn,2025-08-13,Insider,False
TES-C5796,David Lee,david.lee217@example.com,Los Angeles,Ca,Cn,2025-07-07,Standard,False
TES-C9142,Aarav Suzuki,aarav.suzuki464@example.com,Berlin,De,Ca,2023-01-30,Referral Program,False
TES-C7042,AARAV WILSON,aarav.wilson755@example.com,Shanghai,Cn,Us,2021-02-10,Standard,False
TES-C8246,Olivia Wang,olivia.wang188@example.com,Fremont,Ca,Ca,2025-05-07,Referral Program,False
TES-C10354,noah chen,noah.chen747@example.com,Fremont,Ca,De,2023-08-30,Insider,False
TES-C7509,AVA MÜLLER,ava.müller78@example.com,New York,Ny,Jp,2024-12-23,Referral Program,False
TES-C7045,James Martin,james.martin351@example.com,Miami,Fl,De,2023-05-03,Referral Program,False
TES-C6347,Ava Wilson,ava.wilson995@example.com,Los Angeles,Ca,Ca,2022-08-20,Insider,False
TES-C6919,Maria Martin,,Shanghai,Cn,Ca,2022-08-03,Insider,True
TES-C1804, Maria Kumar ,maria.kumar110@example.com,Fremont,Ca,Ca,2021-05-09,Insider,False
TES-C5054,Maria Johnson,maria.johnson125@example.com,San Francisco,Ca,Us,2024-12-22,Standard,False
TES-C8940,Sara Patel,sara.patel448@example.com,Fremont,Ca,Ca,2025-12-13,Referral Program,False
TES-C1286,John Wilson,john.wilson708@example.com,Seattle,Wa,De,2022-02-13,Referral Program,False
TES-C5623,Aditya Rossi,,Los Angeles,Ca,De,2024-07-29,Standard,True
TES-C10219,ava lee,,Shanghai,Cn,Us,2021-05-24,Referral Program,True
TES-C2899,John Martin,john.martin443@example.com,Los Angeles,Ca,Cn,2022-04-26,Standard,False
TES-C2292,Mohammed Brown,mohammed.brown713@example.com,Shanghai,Cn,Uk,2021-08-31,Insider,False
TES-C2327,MARIA DAVIS,,Los Angeles,Ca,Ca,2024-11-15,Referral Program,True
TES-C5682,Aarav Müller,aarav.müller990@example.com,New York,Ny,Us,2022-07-30,Insider,False
TES-C1214,Li Singh,li.singh470@example.com,Seattle,Wa,Cn,2023-02-25,Standard,False
TES-C3950,BEN KHAN,ben.khan665@example.com,Austin,Tx,Uk,2021-01-20,Insider,False
TES-C8587,Chen Davis,chen.davis568@example.com,New York,Ny,De,2022-10-21,Referral Program,False
TES-C6735,wei wang,wei.wang926@example.com,Austin,Tx,Cn,2022-04-24,Standard,False
TES-C3253,Ben Davis,ben.davis300@example.com,Shanghai,Cn,Uk,2023-03-15,Standard,False
TES-C5074,Ken Tanaka,ken.tanaka70@example.com,Austin,Tx,Jp,2021-07-25,Referral Program,False
TES-C6957,yuki wang,yuki.wang822@example.com,New York,Ny,Us,2021-02-28,Standard,False
TES-C1557,NOAH WILSON,noah.wilson769@example.com,Shanghai,Cn,Jp,2024-06-21,Insider,False
TES-C5336,Carlos Brown,carlos.brown81@example.com,San Francisco,Ca,Jp,2021-02-27,Standard,False
TES-C10101,Emma Lee,emma.lee971@example.com,San Francisco,Ca,Uk,2021-05-19,Standard,False
TES-C10276,Carlos Anderson,carlos.anderson606@example.com,Chicago,Il,De,2021-10-19,Referral Program,False
TES-C9839, Olivia Rossi ,olivia.rossi49@example.com,Chicago,Il,Cn,2023-06-06,Referral Program,False
TES-C9504, Carlos Anderson ,carlos.anderson128@example.com,Seattle,Wa,Cn,2022-09-22,Referral Program,False
TES-C9810,Rahul Singh,rahul.singh762@example.com,Miami,Fl,Us,2022-06-10,Insider,False
TES-C6132,carlos brown,,New York,Ny,Ca,2022-07-14,Referral Program,True
TES-C3246,Ava Garcia,ava.garcia843@example.com,Fremont,Ca,Ca,2025-01-10,Insider,False
TES-C5163,Zoe Wilson,,Fremont,Ca,Uk,2024-04-04,Insider,True
TES-C8524,john wilson,john.wilson177@example.com,San Francisco,Ca,Cn,2022-04-26,Referral Program,False
TES-C6731,NOAH KIM,noah.kim192@example.com,Miami,Fl,Us,2021-09-15,Insider,False
TES-C7055,Mohammed Garcia,mohammed.garcia766@example.com,Miami,Fl,Ca,2025-07-23,Standard,False
TES-C10961,fatima brown,fatima.brown958@example.com,New York,Ny,De,2023-05-23,Referral Program,False
TES-C1601,Anna Lee,anna.lee444@example.com,Fremont,Ca,Us,2022-03-03,Insider,False
TES-C6898,Ava Rossi,ava.rossi534@example.com,San Francisco,Ca,Jp,2023-10-02,Standard,False
TES-C5748,Carlos Suzuki,carlos.suzuki378@example.com,Austin,Tx,Ca,2021-02-20,Standard,False
TES-C10477,Aarav Suzuki,aarav.suzuki392@example.com,Los Angeles,Ca,Us,2021-03-13,Insider,False
TES-C6774,Sara Kumar,,Miami,Fl,Jp,2021-04-23,Referral Program,True
TES-C5175,Olivia Wilson,olivia.wilson845@example.com,Berlin,De,Uk,2024-06-08,Referral Program,False
TES-C9181,Wei Khan,wei.khan202@example.com,Fremont,Ca,Jp,2021-09-08,Unknown,False
TES-C1907,Mohammed Sharma,mohammed.sharma578@example.com,Miami,Fl,Uk,2022-01-01,Unknown,False
TES-C7705,Aditya Wang,aditya.wang312@example.com,Austin,Tx,De,2023-11-03,Standard,False
TES-C6410,olivia khan,olivia.khan364@example.com,San Francisco,Ca,Cn,2021-10-16,Referral Program,False
TES-C10302,Aditya Johnson,aditya.johnson465@example.com,Los Angeles,Ca,Ca,2024-07-11,Referral Program,False
TES-C8759,John Wang,john.wang621@example.com,Shanghai,Cn,Jp,2024-06-11,Standard,False
TES-C5243,Priya Garcia,priya.garcia988@example.com,Chicago,Il,Cn,2023-07-02,Unknown,False
TES-C7964,Vivaan Brown,vivaan.brown85@example.com,Los Angeles,Ca,Ca,2024-10-22,Unknown,False
TES-C10030,ZOE KHAN,zoe.khan954@example.com,Los Angeles,Ca,De,2024-03-14,Insider,False
TES-C9459,Ben Martin,ben.martin583@example.com,Fremont,Ca,Cn,2025-11-08,Insider,False
TES-C4662,olivia patel,olivia.patel325@example.com,Seattle,Wa,Ca,2024-02-12,Insider,False
TES-C8906,John Wilson,john.wilson497@example.com,Berlin,De,Ca,2024-09-14,Standard,False
TES-C6529,Mohammed Patel,mohammed.patel80@example.com,Los Angeles,Ca,Ca,2025-03-20,Insider,False
TES-C8509,Aditya Anderson,aditya.anderson982@example.com,Chicago,Il,Jp,2024-05-30,Insider,False
TES-C2408,Chen Müller,chen.müller599@example.com,New York,Ny,Jp,2022-06-09,Referral Program,False
TES-C6989,Chen Martin,chen.martin90@example.com,Shanghai,Cn,De,2023-07-23,Insider,False
TES-C4423,sofia tanaka,sofia.tanaka738@example.com,Seattle,Wa,Jp,2021-06-15,Standard,False
TES-C6191,David Patel,david.patel732@example.com,Berlin,De,Us,2023-08-02,Standard,False
TES-C1042,ADITYA KIM,aditya.kim635@example.com,Shanghai,Cn,De,2024-03-26,Standard,False
TES-C3987,BEN MÜLLER,ben.müller481@example.com,Austin,Tx,Uk,2021-07-30,Unknown,False
TES-C10058,Yuki Smith,yuki.smith450@example.com,Fremont,Ca,Uk,2022-07-26,Referral Program,False
TES-C10781,Yuki Brown,yuki.brown992@example.com,Miami,Fl,Cn,2023-07-18,Insider,False
TES-C8032, Noah Kumar ,noah.kumar94@example.com,Austin,Tx,Ca,2021-04-10,Standard,False
TES-C10110,Aarav Tanaka,aarav.tanaka182@example.com,Shanghai,Cn,Jp,2021-01-06,Referral Program,False
TES-C6937,Mohammed Lee,mohammed.lee279@example.com,Seattle,Wa,Us,2023-02-27,Referral Program,False
TES-C8406,David Lee,david.lee752@example.com,Shanghai,Cn,Uk,2022-02-14,Referral Program,False
TES-C2602,Olivia Davis,olivia.davis998@example.com,Berlin,De,Us,2022-07-01,Standard,False
TES-C10463,Yuki Smith,yuki.smith387@example.com,Seattle,Wa,Cn,2023-06-11,Insider,False
TES-C2549,li yamada,li.yamada245@example.com,Seattle,Wa,De,2022-11-30,Insider,False
TES-C5998,Fatima Kumar,fatima.kumar905@example.com,Los Angeles,Ca,Cn,2022-05-25,Insider,False
TES-C10448,Rahul Brown,rahul.brown884@example.com,Shanghai,Cn,Ca,2021-08-26,Referral Program,False
TES-C4750,Mohammed Martin,mohammed.martin312@example.com,Miami,Fl,Ca,2025-11-27,Standard,False
TES-C2658,Ben Wilson,ben.wilson709@example.com,San Francisco,Ca,De,2024-02-28,Standard,False
TES-C6333,David Wilson,david.wilson889@example.com,Los Angeles,Ca,Ca,2022-09-10,Standard,False
TES-C8441,Emma Sharma,emma.sharma327@example.com,Seattle,Wa,Uk,2023-04-11,Standard,False
TES-C4337,CARLOS SMITH,carlos.smith600@example.com,Austin,Tx,Ca,2025-02-05,Referral Program,False
TES-C9860,Olivia Singh,olivia.singh434@example.com,Austin,Tx,Ca,2023-11-22,Insider,False
TES-C4489,Priya Garcia,priya.garcia274@example.com,Chicago,Il,Ca,2025-12-21,Referral Program,False
TES-C7197,Priya Chen,priya.chen38@example.com,Miami,Fl,Cn,2022-02-13,Insider,False
TES-C9312, Liam Khan ,liam.khan872@example.com,New York,Ny,Jp,2025-05-11,Referral Program,False
TES-C8015,Mohammed Davis,mohammed.davis839@example.com,Chicago,Il,De,2025-11-09,Standard,False
TES-C10627,Aarav Martin,aarav.martin61@example.com,Austin,Tx,Us,2021-02-04,Standard,False
TES-C1027,Fatima Davis,fatima.davis726@example.com,Fremont,Ca,Us,2021-08-25,Referral Program,False
TES-C5454,PRIYA ANDERSON,priya.anderson797@example.com,Seattle,Wa,Us,2025-02-08,Insider,False
TES-C6768,Vivaan Suzuki,vivaan.suzuki4@example.com,San Francisco,Ca,Uk,2024-05-02,Standard,False
TES-C2952,Liam Wang,liam.wang416@example.com,Los Angeles,Ca,Jp,2022-11-04,Referral Program,False
TES-C1649,James Wang,james.wang592@example.com,New York,Ny,Us,2025-09-30,Unknown,False
TES-C6227,Ben Yamada,ben.yamada571@example.com,Chicago,Il,Us,2024-02-20,Referral Program,False
TES-C10011,Rahul Tanaka,rahul.tanaka964@example.com,Miami,Fl,Us,2024-03-29,Insider,False
TES-C5109,Carlos Rossi,carlos.rossi303@example.com,Los Angeles,Ca,De,2024-02-15,Referral Program,False
TES-C9104, John Davis ,john.davis897@example.com,New York,Ny,Us,2021-02-24,Referral Program,False
TES-C8492,John Brown,john.brown305@example.com,Los Angeles,Ca,Cn,2022-09-06,Referral Program,False
TES-C10740,Olivia Anderson,olivia.anderson474@example.com,Shanghai,Cn,Uk,2024-11-08,Insider,False
TES-C5436,Mohammed Anderson,mohammed.anderson486@example.com,Miami,Fl,Uk,2021-03-25,Referral Program,False
TES-C1049,Fatima Martin,fatima.martin856@example.com,Los Angeles,Ca,Uk,2021-08-14,Insider,False
TES-C3535, Chen Yamada ,,Miami,Fl,Ca,2024-07-09,Referral Program,True
TES-C2834,sara patel,sara.patel108@example.com,New York,Ny,De,2024-05-23,Standard,False
TES-C4531,Zoe Smith,zoe.smith332@example.com,Berlin,De,Uk,2024-08-23,Insider,False
TES-C4334,Rahul Sharma,rahul.sharma201@example.com,Los Angeles,Ca,De,2022-02-21,Referral Program,False
TES-C1574,David Khan,david.khan673@example.com,Berlin,De,Us,2024-01-22,Insider,False
TES-C3046,James Patel,james.patel919@example.com,Berlin,De,Cn,2021-11-26,Standard,False
TES-C3137,Li Wang,li.wang954@example.com,Chicago,Il,Jp,2024-02-20,Insider,False
TES-C1587,Ben Müller,ben.müller447@example.com,Berlin,De,Uk,2025-09-25,Referral Program,False
TES-C3183,Ken Chen,ken.chen83@example.com,Shanghai,Cn,Jp,2025-03-24,Insider,False
TES-C1908,Zoe Davis,zoe.davis89@example.com,Seattle,Wa,Cn,2022-03-26,Insider,False
TES-C7806,ZOE TANAKA,zoe.tanaka175@example.com,New York,Ny,Ca,2024-03-19,Insider,False
TES-C8308,David Sharma,david.sharma516@example.com,Berlin,De,Us,2021-12-18,Referral Program,False
TES-C1199,Mohammed Müller,mohammed.müller433@example.com,Miami,Fl,Us,2025-03-30,Referral Program,False
TES-C7250,Aditya Sharma,aditya.sharma290@example.com,San Francisco,Ca,Cn,2021-01-10,Insider,False
TES-C6749,liam müller,liam.müller234@example.com,San Francisco,Ca,De,2023-08-04,Insider,False
TES-C3913,Vivaan Singh,vivaan.singh866@example.com,Chicago,Il,Jp,2024-10-04,Standard,False
TES-C10037,Carlos Suzuki,carlos.suzuki263@example.com,Miami,Fl,Ca,2022-05-11,Referral Program,False
TES-C10794,Fatima Wang,fatima.wang826@example.com,Fremont,Ca,Us,2024-11-15,Standard,False
TES-C5753,Li Kumar,li.kumar432@example.com,Shanghai,Cn,Cn,2023-11-21,Standard,False
TES-C4386,Ken Singh,ken.singh612@example.com,Shanghai,Cn,Jp,2021-08-16,Standard,False
TES-C10071,Carlos Rossi,carlos.rossi493@example.com,San Francisco,Ca,Ca,2021-08-16,Referral Program,False
TES-C10024,Aarav Wang,aarav.wang720@example.com,Los Angeles,Ca,Us,2022-06-05,Standard,False
TES-C7099,David Patel,david.patel909@example.com,San Francisco,Ca,Cn,2023-07-27,Insider,False
TES-C2528,Liam Yamada,liam.yamada759@example.com,Berlin,De,Jp,2024-10-23,Referral Program,False
TES-C8845,Aarav Brown,,Los Angeles,Ca,De,2024-02-26,Referral Program,True
TES-C9543,JOHN GARCIA,john.garcia791@example.com,Miami,Fl,Us,2025-11-21,Referral Program,False
TES-C10769,Fatima Brown,fatima.brown215@example.com,Shanghai,Cn,Jp,2024-07-07,Referral Program,False
TES-C5472,Fatima Martin,fatima.martin282@example.com,Miami,Fl,Uk,2021-11-23,Standard,False
TES-C6677,vivaan chen,vivaan.chen214@example.com,Austin,Tx,Uk,2021-11-30,Referral Program,False
TES-C5114,YUKI TANAKA,yuki.tanaka1@example.com,New York,Ny,Ca,2021-08-07,Insider,False
TES-C2855,ANNA GARCIA,anna.garcia545@example.com,Chicago,Il,Jp,2022-04-20,Standard,False
TES-C5610,Yuki Rossi,yuki.rossi186@example.com,Berlin,De,Ca,2024-10-11,Standard,False
TES-C5246,Ben Anderson,ben.anderson705@example.com,Berlin,De,Us,2022-04-19,Standard,False
TES-C9201,Rahul Davis,rahul.davis230@example.com,Seattle,Wa,De,2022-01-08,Referral Program,False
TES-C7025,Yuki Khan,yuki.khan934@example.com,Berlin,De,Us,2024-10-19,Standard,False
TES-C3125, David Patel ,david.patel604@example.com,Shanghai,Cn,De,2022-12-23,Insider,False
TES-C10233,aditya khan,aditya.khan696@example.com,Los Angeles,Ca,Ca,2022-06-11,Standard,False
TES-C7857,Ben Rossi,ben.rossi403@example.com,New York,Ny,Ca,2024-04-11,Standard,False
TES-C4592,John Wang,john.wang574@example.com,Los Angeles,Ca,Jp,2022-07-19,Referral Program,False
TES-C10949,Zoe Martin,zoe.martin852@example.com,Berlin,De,Cn,2023-09-05,Insider,False
TES-C9437,Chen Sharma,chen.sharma566@example.com,Miami,Fl,De,2022-05-30,Referral Program,False
TES-C8954,Fatima Yamada,fatima.yamada879@example.com,Shanghai,Cn,Uk,2025-12-12,Referral Program,False
TES-C4408,Maria Müller,maria.müller869@example.com,Seattle,Wa,Uk,2024-04-01,Standard,False
TES-C5912,John Suzuki,john.suzuki820@example.com,San Francisco,Ca,Ca,2025-08-20,Referral Program,False
TES-C3672,mohammed wilson,mohammed.wilson538@example.com,Miami,Fl,Cn,2024-07-27,Insider,False
TES-C2224,Sofia Davis,sofia.davis257@example.com,Los Angeles,Ca,Us,2021-11-10,Referral Program,False
TES-C4788, Aditya Kumar ,aditya.kumar545@example.com,San Francisco,Ca,De,2022-06-13,Insider,False
TES-C1026,Vivaan Yamada,vivaan.yamada5@example.com,Chicago,Il,Cn,2025-05-24,Insider,False
TES-C8391,Olivia Wang,olivia.wang421@example.com,New York,Ny,Ca,2022-02-21,Standard,False
TES-C4821,Zoe Anderson,zoe.anderson907@example.com,Berlin,De,Jp,2023-01-31,Referral Program,False
TES-C10453,Ben Johnson,ben.johnson872@example.com,Seattle,Wa,Ca,2024-10-22,Insider,False
TES-C9947,Zoe Rossi,zoe.rossi845@example.com,Berlin,De,Cn,2022-03-09,Unknown,False
TES-C3570,rahul davis,rahul.davis258@example.com,Shanghai,Cn,Ca,2022-10-19,Insider,False
TES-C8537, James Khan ,james.khan388@example.com,Berlin,De,Jp,2022-08-03,Standard,False
TES-C9600, Aditya Johnson ,aditya.johnson116@example.com,Seattle,Wa,Us,2022-05-05,Referral Program,False
TES-C4668,RAHUL MÜLLER,rahul.müller273@example.com,Chicago,Il,De,2023-11-20,Standard,False
TES-C10144,vivaan kim,vivaan.kim459@example.com,New York,Ny,Uk,2022-06-19,Standard,False
TES-C7941,Emma Wilson,emma.wilson331@example.com,Austin,Tx,Jp,2023-09-08,Standard,False
TES-C2866,Aditya Martin,aditya.martin33@example.com,Shanghai,Cn,Us,2025-07-31,Insider,False
TES-C1755,Zoe Garcia,zoe.garcia835@example.com,Los Angeles,Ca,Uk,2022-10-26,Referral Program,False
TES-C3199,Yuki Kim,yuki.kim409@example.com,Seattle,Wa,De,2025-10-01,Standard,False
TES-C5977,Aditya Kumar,aditya.kumar15@example.com,Fremont,Ca,Us,2023-08-02,Standard,False
TES-C7675,Emma Singh,emma.singh778@example.com,Fremont,Ca,De,2022-01-06,Insider,False
TES-C7128,Chen Kim,chen.kim334@example.com,San Francisco,Ca,Uk,2022-01-06,Referral Program,False
TES-C2972,Rahul Patel,rahul.patel151@example.com,Chicago,Il,Ca,2024-04-07,Standard,False
TES-C9309,Priya Müller,priya.müller953@example.com,San Francisco,Ca,Jp,2023-01-26,Insider,False
TES-C4263,Liam Khan,,Shanghai,Cn,Us,2024-02-09,Referral Program,True
TES-C1600,ZOE KHAN,zoe.khan834@example.com,Austin,Tx,Uk,2025-03-04,Insider,False
TES-C9135, Michael Rossi ,michael.rossi663@example.com,Seattle,Wa,Ca,2024-11-22,Referral Program,False
TES-C6680,Ken Davis,ken.davis745@example.com,Seattle,Wa,Uk,2022-06-04,Insider,False
TES-C1045,Wei Brown,wei.brown806@example.com,Chicago,Il,De,2022-01-17,Standard,False
TES-C9187,Li Sharma,li.sharma446@example.com,Austin,Tx,De,2021-02-05,Referral Program,False
TES-C5235,Liam Tanaka,liam.tanaka283@example.com,San Francisco,Ca,Uk,2022-03-10,Standard,False
TES-C8738,Michael Garcia,michael.garcia491@example.com,Los Angeles,Ca,Ca,2024-05-20,Referral Program,False
TES-C1689,Yuki Singh,yuki.singh370@example.com,Berlin,De,Ca,2023-09-20,Referral Program,False
TES-C8127,James Rossi,james.rossi568@example.com,Seattle,Wa,Uk,2022-05-01,Standard,False
TES-C8850,Priya Johnson,priya.johnson948@example.com,Seattle,Wa,Cn,2025-03-18,Standard,False
TES-C4732,Li Chen,,New York,Ny,Ca,2025-01-27,Insider,True
TES-C6614,Wei Singh,wei.singh628@example.com,Shanghai,Cn,Jp,2024-03-07,Insider,False
TES-C10177,Anna Yamada,anna.yamada723@example.com,Miami,Fl,Cn,2021-07-23,Referral Program,False
TES-C1279,Zoe Rossi,zoe.rossi264@example.com,San Francisco,Ca,Cn,2023-07-02,Standard,False
TES-C10713,AVA TANAKA,,Los Angeles,Ca,Uk,2021-01-27,Insider,True
TES-C9211,EMMA SINGH,emma.singh449@example.com,Los Angeles,Ca,Jp,2021-11-25,Referral Program,False
TES-C1887,rahul johnson,rahul.johnson711@example.com,Seattle,Wa,Jp,2022-08-26,Insider,False
TES-C3918,John Johnson,john.johnson805@example.com,Chicago,Il,Ca,2025-12-13,Referral Program,False
TES-C2433,Maria Garcia,,San Francisco,Ca,De,2025-07-09,Standard,True
TES-C3108,Zoe Chen,zoe.chen132@example.com,Chicago,Il,De,2025-01-02,Standard,False
TES-C5649,Ava Johnson,ava.johnson800@example.com,New York,Ny,Uk,2024-04-09,Referral Program,False
TES-C10629,Wei Sharma,wei.sharma348@example.com,Los Angeles,Ca,Uk,2024-06-20,Standard,False
TES-C1046,Vivaan Sharma,vivaan.sharma853@example.com,Austin,Tx,Us,2022-02-14,Standard,False
TES-C6105,Yuki Yamada,yuki.yamada255@example.com,San Francisco,Ca,Cn,2021-07-16,Standard,False
TES-C4580,Carlos Patel,carlos.patel301@example.com,Miami,Fl,Cn,2024-11-22,Insider,False
TES-C6066,Ken Müller,ken.müller935@example.com,Miami,Fl,Uk,2021-10-20,Insider,False
TES-C6396,Noah Brown,noah.brown140@example.com,Shanghai,Cn,De,2025-08-03,Referral Program,False
TES-C8771,Sara Khan,sara.khan709@example.com,Miami,Fl,Jp,2021-02-26,Insider,False
TES-C3165,Wei Anderson,wei.anderson126@example.com,New York,Ny,Us,2022-10-28,Insider,False
TES-C4560,Chen Müller,chen.müller969@example.com,Miami,Fl,Jp,2025-03-11,Insider,False
TES-C7954,Fatima Singh,fatima.singh108@example.com,San Francisco,Ca,Cn,2021-04-19,Standard,False
TES-C2978,AVA SHARMA,ava.sharma877@example.com,Fremont,Ca,Cn,2025-07-24,Insider,False
TES-C2240,Priya Yamada,priya.yamada692@example.com,San Francisco,Ca,De,2025-05-25,Insider,False
TES-C2703,Michael Khan,michael.khan362@example.com,San Francisco,Ca,Cn,2021-05-08,Unknown,False
TES-C8860,Maria Davis,maria.davis574@example.com,Seattle,Wa,Ca,2023-04-21,Standard,False
TES-C2966,zoe tanaka,zoe.tanaka377@example.com,Chicago,Il,Uk,2021-09-28,Insider,False
TES-C8926,Sofia Yamada,sofia.yamada523@example.com,Shanghai,Cn,Cn,2022-06-28,Referral Program,False
TES-C6852,Vivaan Davis,vivaan.davis610@example.com,Berlin,De,Uk,2021-01-14,Standard,False
TES-C8801,anna kim,,Miami,Fl,Jp,2022-12-06,Referral Program,True
TES-C10096,Mohammed Lee,mohammed.lee55@example.com,Miami,Fl,Us,2023-08-18,Unknown,False
TES-C9527,Zoe Lee,zoe.lee688@example.com,Miami,Fl,De,2023-11-27,Standard,False
TES-C9912,John Davis,,New York,Ny,Jp,2023-06-20,Referral Program,True
TES-C9170,Carlos Garcia,carlos.garcia687@example.com,Berlin,De,Cn,2021-06-08,Insider,False
TES-C10752,Michael Johnson,michael.johnson414@example.com,Miami,Fl,Jp,2025-09-26,Standard,False
TES-C7374,li yamada,li.yamada920@example.com,Berlin,De,Us,2021-06-30,Insider,False
TES-C7338,Sofia Johnson,sofia.johnson567@example.com,Shanghai,Cn,Jp,2023-04-26,Insider,False
TES-C9475,LIAM SHARMA,liam.sharma514@example.com,Seattle,Wa,Us,2022-10-02,Referral Program,False
TES-C8615, Emma Rossi ,emma.rossi472@example.com,Miami,Fl,De,2022-06-16,Insider,False
TES-C10336,Priya Yamada,priya.yamada81@example.com,Fremont,Ca,Jp,2021-01-05,Referral Program,False
TES-C3804, Sara Wilson ,sara.wilson908@example.com,Berlin,De,Cn,2023-11-11,Insider,False
TES-C1509,Sara Brown,sara.brown987@example.com,New York,Ny,Uk,2021-06-09,Standard,False
TES-C6322,Ben Kumar,ben.kumar944@example.com,Shanghai,Cn,Us,2023-06-17,Referral Program,False
TES-C8939,John Lee,john.lee706@example.com,Seattle,Wa,Jp,2025-07-16,Standard,False
TES-C1240,Zoe Chen,zoe.chen135@example.com,New York,Ny,Jp,2024-04-21,Insider,False
TES-C2219,Anna Lee,anna.lee146@example.com,New York,Ny,Jp,2024-11-08,Referral Program,False
TES-C7707,Olivia Tanaka,olivia.tanaka273@example.com,Fremont,Ca,Ca,2024-01-07,Referral Program,False
TES-C7528,Rahul Chen,rahul.chen38@example.com,New York,Ny,De,2025-05-01,Referral Program,False
TES-C3963,Carlos Tanaka,carlos.tanaka916@example.com,Berlin,De,De,2021-08-19,Insider,False
TES-C5751,Chen Johnson,chen.johnson429@example.com,Los Angeles,Ca,Us,2023-10-15,Insider,False
TES-C8449,Rahul Müller,rahul.müller239@example.com,Los Angeles,Ca,De,2022-10-27,Insider,False
TES-C6064,michael tanaka,michael.tanaka354@example.com,Berlin,De,Jp,2025-09-12,Referral Program,False
TES-C3469,Carlos Chen,carlos.chen920@example.com,Fremont,Ca,Us,2021-03-17,Insider,False
TES-C1665,Liam Kumar,liam.kumar99@example.com,Austin,Tx,Us,2023-04-30,Referral Program,False
TES-C9173,Fatima Tanaka,fatima.tanaka235@example.com,Miami,Fl,Jp,2024-01-31,Insider,False
TES-C7549,Olivia Lee,olivia.lee980@example.com,Miami,Fl,Cn,2023-07-05,Referral Program,False
TES-C6219,sara suzuki,sara.suzuki488@example.com,Chicago,Il,De,2021-03-04,Standard,False
TES-C6690,yuki kumar,yuki.kumar396@example.com,Seattle,Wa,Cn,2021-01-03,Standard,False
TES-C8591, Wei Johnson ,,Los Angeles,Ca,De,2025-05-19,Insider,True
TES-C7645,Carlos Brown,carlos.brown179@example.com,Berlin,De,Jp,2025-02-09,Referral Program,False
TES-C1019,MICHAEL SUZUKI,michael.suzuki47@example.com,Austin,Tx,Jp,2021-03-10,Referral Program,False
TES-C8199,Liam Martin,liam.martin770@example.com,Seattle,Wa,Jp,2025-08-14,Referral Program,False
TES-C6524,Carlos Garcia,carlos.garcia812@example.com,Fremont,Ca,De,2023-05-15,Standard,False
TES-C10428,Wei Smith,wei.smith301@example.com,Chicago,Il,Us,2021-10-04,Unknown,False
TES-C9748,Wei Brown,wei.brown73@example.com,Fremont,Ca,De,2024-11-28,Standard,False
TES-C2689,Emma Lee,emma.lee953@example.com,Austin,Tx,De,2024-08-27,Standard,False
TES-C5752,LI LEE,,Seattle,Wa,Jp,2021-11-20,Standard,True
TES-C1157,Fatima Rossi,fatima.rossi774@example.com,Seattle,Wa,De,2025-04-11,Referral Program,False
TES-C6202,Aditya Rossi,aditya.rossi833@example.com,Fremont,Ca,Uk,2024-09-15,Insider,False
TES-C3635,SOFIA GARCIA,sofia.garcia45@example.com,Los Angeles,Ca,Cn,2025-09-12,Standard,False
TES-C9644,CHEN GARCIA,chen.garcia63@example.com,Chicago,Il,Jp,2024-07-31,Referral Program,False
TES-C10988,Mohammed Kumar,mohammed.kumar628@example.com,Seattle,Wa,Ca,2025-08-10,Referral Program,False
TES-C1726,anna brown,anna.brown130@example.com,Shanghai,Cn,Jp,2023-10-28,Standard,False
TES-C2078,Sofia Sharma,sofia.sharma251@example.com,Seattle,Wa,Jp,2023-10-04,Insider,False
TES-C3004,Liam Suzuki,liam.suzuki808@example.com,Miami,Fl,De,2023-12-30,Standard,False
TES-C4396,Fatima Yamada,fatima.yamada983@example.com,Austin,Tx,Us,2021-08-22,Unknown,False
TES-C6049,Ken Rossi,ken.rossi734@example.com,Los Angeles,Ca,Ca,2024-07-15,Standard,False
TES-C9115,ken kumar,ken.kumar482@example.com,Miami,Fl,Ca,2022-11-07,Insider,False
TES-C4011,Sara Tanaka,sara.tanaka184@example.com,New York,Ny,Cn,2021-02-07,Insider,False
TES-C8476,Chen Garcia,chen.garcia420@example.com,Los Angeles,Ca,Uk,2022-12-04,Insider,False
TES-C9595,Chen Davis,chen.davis629@example.com,Miami,Fl,De,2024-10-13,Insider,False
TES-C1301, Maria Lee ,maria.lee814@example.com,New York,Ny,Uk,2021-12-03,Referral Program,False
TES-C1044,Ben Smith,ben.smith812@example.com,Seattle,Wa,De,2021-12-05,Referral Program,False
TES-C7945,Carlos Kim,,Los Angeles,Ca,Uk,2025-05-06,Standard,True
TES-C3677,Vivaan Singh,vivaan.singh390@example.com,Austin,Tx,Uk,2024-03-09,Standard,False
TES-C7771,James Martin,james.martin866@example.com,Los Angeles,Ca,Uk,2023-12-29,Standard,False
TES-C2282,Zoe Kumar,zoe.kumar68@example.com,Shanghai,Cn,Uk,2022-06-13,Unknown,False
TES-C6772,MICHAEL SINGH,michael.singh490@example.com,Berlin,De,De,2025-07-01,Standard,False
TES-C2734,Ken Khan,ken.khan735@example.com,New York,Ny,Jp,2025-09-16,Standard,False
TES-C1381,Vivaan Sharma,vivaan.sharma900@example.com,Chicago,Il,Jp,2023-04-18,Standard,False
TES-C10376,Michael Garcia,michael.garcia455@example.com,Fremont,Ca,Cn,2025-04-10,Referral Program,False
TES-C10721,Michael Patel,michael.patel376@example.com,Chicago,Il,Uk,2021-09-16,Insider,False
TES-C9482,Priya Rossi,priya.rossi23@example.com,Seattle,Wa,Jp,2025-01-05,Referral Program,False
TES-C1979,JOHN PATEL,john.patel903@example.com,New York,Ny,Ca,2022-04-01,Insider,False
TES-C6341,Noah Martin,noah.martin8@example.com,Fremont,Ca,Cn,2022-06-17,Insider,False
TES-C1191,MARIA SHARMA,maria.sharma43@example.com,Shanghai,Cn,De,2024-03-14,Referral Program,False
TES-C4168,mohammed rossi,mohammed.rossi183@example.com,New York,Ny,Cn,2023-01-12,Insider,False
TES-C1168,Priya Yamada,priya.yamada115@example.com,Berlin,De,Ca,2022-12-06,Referral Program,False
TES-C1671,sofia patel,sofia.patel907@example.com,Fremont,Ca,Us,2021-08-30,Insider,False
TES-C3769,Aditya Kim,,Fremont,Ca,De,2022-04-23,Insider,True
TES-C8816,Carlos Brown,carlos.brown941@example.com,New York,Ny,Us,2021-04-02,Unknown,False
TES-C4081,FATIMA MÜLLER,fatima.müller186@example.com,Los Angeles,Ca,Jp,2025-08-13,Insider,False
TES-C3335,Li Yamada,li.yamada414@example.com,Berlin,De,Cn,2024-06-27,Unknown,False
TES-C7604,Fatima Smith,fatima.smith222@example.com,Shanghai,Cn,Jp,2024-08-15,Insider,False
TES-C3675, John Lee ,john.lee276@example.com,Seattle,Wa,Jp,2024-01-26,Standard,False
TES-C5675,Noah Patel,,Chicago,Il,Cn,2022-06-20,Insider,True
TES-C9125,Maria Chen,maria.chen812@example.com,Austin,Tx,Cn,2025-06-18,Referral Program,False
TES-C3502,Ben Brown,,Austin,Tx,Ca,2024-10-02,Referral Program,True
TES-C1311,John Lee,john.lee705@example.com,New York,Ny,Uk,2021-05-01,Referral Program,False
TES-C7504,Fatima Johnson,fatima.johnson234@example.com,Austin,Tx,Us,2023-04-25,Referral Program,False
TES-C9537,Sofia Kim,sofia.kim541@example.com,Miami,Fl,Uk,2024-06-20,Referral Program,False
TES-C4288,Mohammed Davis,mohammed.davis532@example.com,Berlin,De,Jp,2021-08-03,Referral Program,False
TES-C3939,Sara Brown,sara.brown186@example.com,Chicago,Il,Cn,2025-01-06,Insider,False
TES-C5512,Rahul Anderson,,Chicago,Il,Ca,2022-01-23,Insider,True
TES-C1471,Sara Brown,sara.brown359@example.com,San Francisco,Ca,Uk,2025-09-07,Standard,False
TES-C3314,Ken Wang,ken.wang375@example.com,Los Angeles,Ca,De,2023-01-27,Insider,False
TES-C8195,Sofia Tanaka,sofia.tanaka378@example.com,San Francisco,Ca,Us,2023-02-27,Unknown,False
TES-C9484,EMMA SMITH,emma.smith250@example.com,Seattle,Wa,Cn,2021-04-24,Referral Program,False
TES-C7777,Aditya Tanaka,aditya.tanaka298@example.com,New York,Ny,De,2022-08-03,Insider,False
TES-C5521, Aditya Singh ,,Fremont,Ca,Us,2021-04-15,Insider,True
TES-C2540,Liam Anderson,liam.anderson261@example.com,San Francisco,Ca,De,2023-07-18,Referral Program,False
TES-C2945,DAVID SUZUKI,david.suzuki780@example.com,Fremont,Ca,Us,2025-12-08,Referral Program,False
TES-C3485,Noah Davis,noah.davis959@example.com,Miami,Fl,Uk,2024-04-08,Standard,False
TES-C9561,Mohammed Yamada,mohammed.yamada33@example.com,Austin,Tx,De,2021-12-14,Standard,False
TES-C8117,Maria Tanaka,maria.tanaka68@example.com,Fremont,Ca,Ca,2023-10-09,Insider,False
TES-C8838,Ken Brown,ken.brown968@example.com,Fremont,Ca,Cn,2021-04-01,Insider,False
TES-C10914,noah brown,noah.brown632@example.com,Berlin,De,Jp,2024-02-15,Insider,False
TES-C7890,John Khan,john.khan544@example.com,New York,Ny,Jp,2025-08-22,Standard,False
TES-C1923,Rahul Wang,rahul.wang555@example.com,Fremont,Ca,Cn,2023-02-13,Unknown,False
TES-C5831,AVA WILSON,ava.wilson946@example.com,Berlin,De,De,2024-05-07,Referral Program,False
TES-C5626, Ava Kumar ,ava.kumar845@example.com,New York,Ny,Uk,2023-04-06,Referral Program,False
TES-C6790,David Rossi,david.rossi423@example.com,Austin,Tx,Uk,2022-11-27,Referral Program,False
TES-C3522,PRIYA ROSSI,priya.rossi351@example.com,Miami,Fl,Ca,2021-06-28,Referral Program,False
TES-C4571,James Anderson,james.anderson996@example.com,Los Angeles,Ca,Jp,2023-10-16,Standard,False
TES-C3577,Wei Wang,wei.wang281@example.com,Seattle,Wa,De,2024-12-14,Insider,False
TES-C1000,Sofia Davis,sofia.davis989@example.com,Fremont,Ca,Uk,2024-08-17,Referral Program,False
TES-C7685,Liam Wilson,liam.wilson506@example.com,San Francisco,Ca,De,2025-06-04,Referral Program,False
TES-C6577,Noah Lee,noah.lee59@example.com,Chicago,Il,Jp,2024-11-07,Standard,False
TES-C7396,John Lee,john.lee611@example.com,San Francisco,Ca,Us,2023-03-03,Referral Program,False
TES-C8390,Olivia Anderson,,San Francisco,Ca,Us,2025-09-13,Standard,True
TES-C5888,Fatima Wilson,fatima.wilson337@example.com,Seattle,Wa,Ca,2022-05-08,Insider,False
TES-C3344,Carlos Chen,carlos.chen388@example.com,Austin,Tx,Ca,2023-05-21,Insider,False
TES-C10525, Sara Chen ,sara.chen3@example.com,Shanghai,Cn,Ca,2024-03-17,Standard,False
TES-C1825,Liam Sharma,liam.sharma574@example.com,Fremont,Ca,Ca,2021-01-27,Referral Program,False
TES-C5865,JOHN BROWN,john.brown774@example.com,Austin,Tx,Ca,2021-10-14,Insider,False
TES-C5741,AARAV GARCIA,aarav.garcia748@example.com,Berlin,De,De,2024-05-11,Standard,False
TES-C2332,David Tanaka,david.tanaka651@example.com,Seattle,Wa,Uk,2021-02-28,Insider,False
TES-C1369,Rahul Tanaka,rahul.tanaka579@example.com,Austin,Tx,Ca,2025-04-06,Standard,False
TES-C1188,Ava Chen,ava.chen407@example.com,Seattle,Wa,Ca,2021-07-29,Standard,False
TES-C10872,Michael Yamada,michael.yamada359@example.com,Shanghai,Cn,Ca,2023-01-25,Insider,False
TES-C4294,Zoe Anderson,zoe.anderson348@example.com,Los Angeles,Ca,Jp,2023-11-14,Standard,False
TES-C6566,Mohammed Kumar,mohammed.kumar200@example.com,Austin,Tx,Uk,2023-09-07,Referral Program,False
TES-C9846,Maria Anderson,maria.anderson615@example.com,Seattle,Wa,Cn,2023-11-28,Referral Program,False
TES-C5598,fatima lee,,Berlin,De,Ca,2022-03-03,Insider,True
TES-C7572,Sofia Patel,sofia.patel876@example.com,Los Angeles,Ca,Ca,2022-04-23,Referral Program,False
TES-C10628,Mohammed Sharma,mohammed.sharma408@example.com,Shanghai,Cn,Cn,2022-03-28,Insider,False
TES-C6512,Zoe Patel,zoe.patel625@example.com,Berlin,De,Cn,2025-06-24,Insider,False
TES-C3407,james suzuki,james.suzuki653@example.com,Los Angeles,Ca,Jp,2021-04-02,Standard,False
TES-C9001,David Yamada,david.yamada128@example.com,Miami,Fl,Ca,2022-09-25,Referral Program,False
TES-C5125,Liam Smith,liam.smith828@example.com,Shanghai,Cn,Ca,2022-09-16,Insider,False
TES-C5891,NOAH WILSON,noah.wilson906@example.com,San Francisco,Ca,Jp,2025-12-01,Insider,False
TES-C8945,emma lee,,New York,Ny,Us,2024-05-07,Standard,True
TES-C8475,Olivia Smith,olivia.smith227@example.com,Seattle,Wa,Jp,2024-08-17,Insider,False
TES-C9291,Zoe Kim,zoe.kim514@example.com,San Francisco,Ca,Jp,2021-12-07,Insider,False
TES-C4694,Priya Lee,priya.lee408@example.com,Los Angeles,Ca,Ca,2023-01-21,Standard,False
TES-C7839,Anna Müller,anna.müller326@example.com,Berlin,De,Jp,2024-04-23,Referral Program,False
TES-C9303, Maria Anderson ,maria.anderson621@example.com,New York,Ny,Ca,2025-12-19,Referral Program,False
TES-C6234,James Kumar,james.kumar693@example.com,Shanghai,Cn,De,2025-06-18,Referral Program,False
TES-C8084,David Patel,david.patel19@example.com,Berlin,De,Jp,2021-04-11,Insider,False
TES-C9037,Chen Lee,chen.lee521@example.com,Berlin,De,Jp,2025-01-06,Referral Program,False
TES-C1063,Sara Wilson,sara.wilson123@example.com,Shanghai,Cn,Cn,2021-10-09,Standard,False
TES-C4745,Anna Martin,,Chicago,Il,Us,2023-07-08,Standard,True
TES-C10775,John Tanaka,john.tanaka894@example.com,San Francisco,Ca,De,2024-02-13,Referral Program,False
TES-C7581,John Lee,john.lee299@example.com,Los Angeles,Ca,Jp,2025-12-12,Insider,False
TES-C5651,james wang,james.wang511@example.com,Berlin,De,Cn,2025-08-05,Standard,False
TES-C3609,James Tanaka,james.tanaka566@example.com,Berlin,De,Cn,2024-07-04,Standard,False
TES-C8619,Li Patel,li.patel131@example.com,Shanghai,Cn,De,2025-11-05,Referral Program,False
TES-C4801, Maria Sharma ,,Fremont,Ca,Jp,2023-07-28,Standard,True
TES-C10392,Ken Chen,ken.chen49@example.com,Austin,Tx,De,2025-08-15,Referral Program,False
TES-C8374,Liam Lee,liam.lee432@example.com,Berlin,De,Us,2021-05-04,Insider,False
TES-C3134,james wilson,james.wilson35@example.com,Shanghai,Cn,Jp,2022-01-29,Referral Program,False
TES-C7570,KEN GARCIA,ken.garcia643@example.com,Berlin,De,Cn,2021-01-07,Standard,False
TES-C3435,Zoe Patel,zoe.patel987@example.com,Berlin,De,Cn,2021-03-21,Insider,False
TES-C10282, Rahul Brown ,rahul.brown668@example.com,San Francisco,Ca,Uk,2024-05-17,Referral Program,False
TES-C2765,Priya Yamada,priya.yamada666@example.com,Berlin,De,De,2025-09-23,Referral Program,False
TES-C3581,Vivaan Müller,vivaan.müller387@example.com,Fremont,Ca,Jp,2023-02-28,Insider,False
TES-C8053,Mohammed Tanaka,mohammed.tanaka987@example.com,Berlin,De,Jp,2025-03-31,Referral Program,False
TES-C5443,Aarav Rossi,aarav.rossi859@example.com,Berlin,De,Cn,2022-04-06,Insider,False
TES-C4809,Sofia Garcia,sofia.garcia935@example.com,Berlin,De,Uk,2023-06-24,Referral Program,False
TES-C2478,Ava Yamada,ava.yamada694@example.com,Shanghai,Cn,Cn,2024-12-26,Insider,False
TES-C3988,Olivia Johnson,olivia.johnson316@example.com,Berlin,De,Jp,2025-10-29,Standard,False
TES-C8366,SARA DAVIS,sara.davis296@example.com,Shanghai,Cn,Uk,2025-06-25,Insider,False
TES-C6368,David Rossi,,New York,Ny,Uk,2022-01-21,Insider,True
TES-C4762,BEN WANG,ben.wang747@example.com,Austin,Tx,Us,2023-08-16,Standard,False
TES-C9574,Noah Singh,noah.singh92@example.com,Shanghai,Cn,Us,2025-11-25,Referral Program,False
TES-C2923,Rahul Patel,rahul.patel472@example.com,San Francisco,Ca,Uk,2021-01-08,Insider,False
TES-C6097,Maria Tanaka,maria.tanaka142@example.com,Shanghai,Cn,Uk,2023-08-05,Standard,False
TES-C8919,Sara Lee,sara.lee945@example.com,New York,Ny,Us,2024-02-25,Referral Program,False
TES-C7361,CARLOS TANAKA,carlos.tanaka868@example.com,Seattle,Wa,Cn,2023-08-01,Standard,False
TES-C5815, Carlos Garcia ,carlos.garcia897@example.com,Shanghai,Cn,Cn,2023-07-19,Standard,False
TES-C8318,Ben Tanaka,ben.tanaka188@example.com,Los Angeles,Ca,Uk,2021-08-12,Insider,False
TES-C9593,Ben Patel,ben.patel703@example.com,San Francisco,Ca,Us,2022-11-08,Unknown,False
TES-C6104,Aarav Müller,aarav.müller214@example.com,Miami,Fl,Us,2025-07-12,Referral Program,False
TES-C9139,Sara Martin,sara.martin120@example.com,Berlin,De,Cn,2025-11-13,Insider,False
TES-C3375,Wei Singh,wei.singh504@example.com,Berlin,De,Cn,2021-09-04,Referral Program,False
TES-C7474,WEI SMITH,wei.smith298@example.com,Seattle,Wa,Ca,2025-07-03,Referral Program,False
TES-C5178,James Sharma,,Shanghai,Cn,Ca,2025-04-18,Insider,True
TES-C8068,maria tanaka,maria.tanaka119@example.com,San Francisco,Ca,Cn,2022-02-23,Insider,False
TES-C9099,Zoe Anderson,zoe.anderson989@example.com,Seattle,Wa,Cn,2021-11-08,Unknown,False
TES-C2337,anna tanaka,,Seattle,Wa,De,2024-05-26,Referral Program,True
TES-C1226,Li Johnson,li.johnson886@example.com,Austin,Tx,Uk,2021-08-01,Insider,False
TES-C1735,Noah Kim,noah.kim911@example.com,Los Angeles,Ca,Jp,2025-05-29,Referral Program,False
TES-C2722,Carlos Rossi,carlos.rossi955@example.com,Los Angeles,Ca,Cn,2022-04-29,Insider,False
TES-C8067,Mohammed Singh,mohammed.singh786@example.com,Berlin,De,Uk,2021-10-09,Standard,False
TES-C8569,Michael Chen,michael.chen595@example.com,San Francisco,Ca,Us,2023-01-15,Referral Program,False
TES-C1246,Wei Martin,wei.martin355@example.com,San Francisco,Ca,Uk,2021-04-18,Referral Program,False
TES-C8438,david johnson,david.johnson27@example.com,Austin,Tx,De,2025-03-21,Insider,False
TES-C4631,LIAM MARTIN,liam.martin238@example.com,Miami,Fl,Jp,2021-01-08,Insider,False
TES-C5556,CHEN SHARMA,,Shanghai,Cn,De,2023-11-22,Referral Program,True
TES-C9516,Noah Wilson,noah.wilson790@example.com,Chicago,Il,Jp,2021-07-16,Referral Program,False
TES-C1594,mohammed anderson,,Chicago,Il,Ca,2024-05-10,Referral Program,True
TES-C3827,Liam Kumar,,Fremont,Ca,Cn,2025-01-13,Referral Program,True
TES-C6165,Sara Sharma,sara.sharma494@example.com,Austin,Tx,Us,2022-08-18,Standard,False
TES-C10936,Ava Kumar,ava.kumar269@example.com,New York,Ny,Uk,2025-12-06,Standard,False
TES-C10481,MOHAMMED SMITH,,Los Angeles,Ca,Uk,2024-09-12,Referral Program,True
TES-C2319,zoe yamada,zoe.yamada356@example.com,Miami,Fl,Us,2025-12-28,Standard,False
TES-C3058,Li Singh,li.singh265@example.com,Miami,Fl,Cn,2025-11-19,Standard,False
TES-C1469,James Martin,james.martin50@example.com,New York,Ny,Uk,2024-05-14,Standard,False
TES-C5853,James Johnson,james.johnson226@example.com,Miami,Fl,Cn,2025-01-20,Standard,False
TES-C8076,Aarav Wilson,aarav.wilson686@example.com,Miami,Fl,Uk,2024-01-25,Insider,False
TES-C7588,noah suzuki,noah.suzuki975@example.com,Miami,Fl,De,2025-06-06,Insider,False
TES-C1969,james smith,james.smith773@example.com,Austin,Tx,Uk,2022-08-09,Referral Program,False
TES-C3649,Priya Anderson,priya.anderson785@example.com,Seattle,Wa,Ca,2024-02-07,Standard,False
TES-C3829,Priya Wilson,,Miami,Fl,Us,2022-01-26,Referral Program,True
TES-C2526,Ava Brown,ava.brown368@example.com,Austin,Tx,Ca,2023-03-29,Insider,False
TES-C6634,Michael Müller,,Fremont,Ca,Ca,2024-10-12,Insider,True
TES-C6166,Chen Garcia,chen.garcia634@example.com,Seattle,Wa,Uk,2022-11-06,Insider,False
TES-C8392,Li Garcia,,Seattle,Wa,Ca,2023-09-01,Insider,True
TES-C1350,Michael Lee,michael.lee606@example.com,San Francisco,Ca,Uk,2024-09-08,Standard,False
TES-C10677,Sofia Kumar,,New York,Ny,Uk,2024-11-25,Insider,True
TES-C10465,Anna Garcia,anna.garcia887@example.com,Chicago,Il,Uk,2022-04-17,Insider,False
TES-C4343,aarav singh,,Los Angeles,Ca,Jp,2021-04-26,Insider,True
TES-C2257,Emma Wang,emma.wang984@example.com,New York,Ny,De,2021-02-08,Insider,False
TES-C9856,Sara Müller,sara.müller559@example.com,Fremont,Ca,De,2024-03-12,Standard,False
TES-C4651,john davis,john.davis939@example.com,Fremont,Ca,Jp,2025-05-15,Insider,False
TES-C6602,Liam Patel,liam.patel333@example.com,Berlin,De,Jp,2021-04-09,Insider,False
TES-C3947,noah brown,noah.brown593@example.com,Seattle,Wa,Us,2021-03-26,Referral Program,False
TES-C8667,Yuki Kim,yuki.kim948@example.com,Chicago,Il,De,2025-12-13,Referral Program,False
TES-C3027,maria singh,maria.singh947@example.com,Chicago,Il,Us,2025-10-09,Referral Program,False
TES-C3251, John Wilson ,john.wilson462@example.com,Miami,Fl,Jp,2024-12-12,Referral Program,False
TES-C9536,MICHAEL SUZUKI,michael.suzuki744@example.com,San Francisco,Ca,Jp,2023-05-06,Referral Program,False
TES-C3702,Liam Sharma,liam.sharma29@example.com,Seattle,Wa,Uk,2021-02-28,Referral Program,False
TES-C5887,Rahul Johnson,,Miami,Fl,Ca,2024-07-10,Referral Program,True
TES-C4617,Carlos Singh,carlos.singh482@example.com,Shanghai,Cn,Jp,2021-02-25,Referral Program,False
TES-C5147,Fatima Johnson,fatima.johnson37@example.com,Berlin,De,Uk,2023-10-03,Insider,False
TES-C7443,Vivaan Wilson,vivaan.wilson817@example.com,New York,Ny,Uk,2021-06-30,Referral Program,False
TES-C6315,Priya Smith,priya.smith996@example.com,New York,Ny,De,2021-10-24,Standard,False
TES-C8793,Chen Martin,chen.martin763@example.com,San Francisco,Ca,Jp,2021-11-07,Standard,False
TES-C7526,Emma Martin,emma.martin6@example.com,Los Angeles,Ca,Ca,2023-04-07,Referral Program,False
TES-C4968,Priya Smith,priya.smith223@example.com,Austin,Tx,Uk,2025-11-13,Standard,False
TES-C6173,Chen Khan,,New York,Ny,De,2022-11-04,Referral Program,True
TES-C5348,Noah Yamada,noah.yamada588@example.com,Berlin,De,Ca,2021-06-19,Referral Program,False
TES-C9130,David Sharma,david.sharma51@example.com,Seattle,Wa,Cn,2023-08-20,Referral Program,False
TES-C9596,Emma Tanaka,emma.tanaka162@example.com,Miami,Fl,Cn,2021-06-18,Insider,False
TES-C9638,Olivia Martin,olivia.martin330@example.com,Seattle,Wa,Uk,2021-08-19,Standard,False
TES-C9464,Li Wilson,li.wilson630@example.com,Chicago,Il,Cn,2021-07-20,Standard,False
TES-C1807,James Kim,james.kim853@example.com,Fremont,Ca,Uk,2021-02-16,Insider,False
TES-C10689,Liam Davis,liam.davis281@example.com,Shanghai,Cn,De,2024-09-25,Referral Program,False
TES-C10441,Fatima Khan,fatima.khan839@example.com,Shanghai,Cn,De,2022-09-24,Insider,False
TES-C4657,LI GARCIA,li.garcia523@example.com,Los Angeles,Ca,Ca,2024-05-05,Standard,False
TES-C10850,PRIYA WANG,priya.wang182@example.com,New York,Ny,Jp,2025-12-16,Standard,False
TES-C3523, Emma Tanaka ,emma.tanaka281@example.com,San Francisco,Ca,Jp,2023-05-09,Referral Program,False
TES-C5660, Olivia Kumar ,olivia.kumar316@example.com,New York,Ny,Cn,2021-10-15,Standard,False
TES-C4800,Michael Kumar,michael.kumar392@example.com,Fremont,Ca,Ca,2022-09-08,Standard,False
TES-C7354,Liam Lee,liam.lee394@example.com,Los Angeles,Ca,Us,2024-01-14,Insider,False
TES-C5093,Liam Singh,liam.singh907@example.com,San Francisco,Ca,Ca,2025-06-08,Referral Program,False
TES-C9342,LIAM YAMADA,liam.yamada868@example.com,Chicago,Il,Uk,2022-07-14,Standard,False
TES-C7274,John Suzuki,john.suzuki676@example.com,San Francisco,Ca,Ca,2025-08-02,Insider,False
TES-C3788,Priya Johnson,priya.johnson82@example.com,Austin,Tx,Cn,2021-01-08,Insider,False
TES-C3943,Ava Patel,ava.patel361@example.com,Fremont,Ca,Cn,2021-12-10,Referral Program,False
TES-C4434,Wei Kumar,wei.kumar224@example.com,Austin,Tx,Us,2025-07-01,Standard,False
TES-C5452,ANNA KIM,anna.kim216@example.com,Chicago,Il,Uk,2021-08-29,Referral Program,False
TES-C7073,Ava Rossi,ava.rossi872@example.com,New York,Ny,Us,2021-07-30,Insider,False
TES-C8331,Zoe Rossi,zoe.rossi707@example.com,Miami,Fl,Cn,2022-02-13,Referral Program,False
TES-C4746,Carlos Kumar,carlos.kumar468@example.com,Los Angeles,Ca,De,2021-04-21,Referral Program,False
TES-C8554,Liam Sharma,liam.sharma349@example.com,Chicago,Il,Jp,2022-08-09,Insider,False
TES-C9294,Priya Singh,priya.singh633@example.com,Shanghai,Cn,Cn,2021-01-25,Standard,False
TES-C2038,MICHAEL GARCIA,michael.garcia807@example.com,New York,Ny,Us,2024-09-27,Standard,False
TES-C1211, Fatima Chen ,fatima.chen408@example.com,Berlin,De,Ca,2023-11-01,Referral Program,False
TES-C8785,anna khan,anna.khan153@example.com,Shanghai,Cn,Cn,2025-12-12,Referral Program,False
TES-C1067,Fatima Martin,fatima.martin692@example.com,New York,Ny,Jp,2021-02-24,Standard,False
TES-C4068,Wei Davis,wei.davis901@example.com,Fremont,Ca,Cn,2023-05-08,Insider,False
TES-C9131,John Kim,john.kim38@example.com,Shanghai,Cn,De,2023-03-22,Referral Program,False
TES-C5703,Ken Suzuki,ken.suzuki399@example.com,Miami,Fl,Uk,2025-07-18,Standard,False
TES-C3015,Aditya Kim,aditya.kim816@example.com,New York,Ny,Ca,2025-12-31,Insider,False
TES-C9736,Li Anderson,li.anderson901@example.com,Shanghai,Cn,Jp,2025-06-03,Referral Program,False
TES-C3449,Wei Sharma,wei.sharma42@example.com,New York,Ny,Ca,2025-12-06,Referral Program,False
TES-C6392,Ava Singh,ava.singh65@example.com,San Francisco,Ca,Cn,2023-10-14,Referral Program,False
TES-C7278,emma tanaka,emma.tanaka935@example.com,Los Angeles,Ca,Uk,2021-08-20,Unknown,False
TES-C1007,Vivaan Tanaka,vivaan.tanaka118@example.com,San Francisco,Ca,Jp,2025-05-01,Standard,False
TES-C4549,fatima rossi,fatima.rossi33@example.com,Berlin,De,Us,2023-03-10,Referral Program,False
TES-C1721,James Brown,james.brown88@example.com,Shanghai,Cn,Ca,2023-08-13,Standard,False
TES-C5375,Chen Kim,chen.kim43@example.com,Fremont,Ca,Uk,2022-09-06,Referral Program,False
TES-C5411,Li Davis,li.davis247@example.com,Fremont,Ca,De,2023-11-10,Standard,False
TES-C7925,Liam Brown,liam.brown981@example.com,Austin,Tx,Uk,2023-05-31,Referral Program,False
TES-C3453,Fatima Chen,fatima.chen827@example.com,San Francisco,Ca,Jp,2024-07-03,Standard,False
TES-C1384,Yuki Khan,yuki.khan820@example.com,Los Angeles,Ca,De,2022-12-24,Standard,False
TES-C9772,Mohammed Khan,mohammed.khan642@example.com,Austin,Tx,Jp,2022-08-31,Standard,False
TES-C9000,maria rossi,maria.rossi686@example.com,Los Angeles,Ca,De,2021-08-25,Referral Program,False
TES-C8711,David Müller,david.müller506@example.com,Austin,Tx,Jp,2022-06-04,Standard,False
TES-C3878,David Johnson,david.johnson740@example.com,Seattle,Wa,Cn,2024-05-29,Referral Program,False
TES-C6470,David Davis,,Berlin,De,Ca,2024-11-29,Standard,True
TES-C10186,Li Garcia,li.garcia537@example.com,Chicago,Il,Jp,2023-07-17,Standard,False
TES-C6152,JOHN SMITH,john.smith274@example.com,Miami,Fl,Jp,2023-02-24,Insider,False
TES-C10634,Anna Suzuki,anna.suzuki954@example.com,New York,Ny,Jp,2022-05-04,Standard,False
TES-C2588,Mohammed Garcia,mohammed.garcia434@example.com,San Francisco,Ca,Ca,2023-03-29,Insider,False
TES-C6945,DAVID KUMAR,david.kumar20@example.com,Fremont,Ca,De,2022-05-03,Referral Program,False
TES-C9422,Ben Chen,ben.chen785@example.com,Seattle,Wa,Ca,2022-07-11,Insider,False
TES-C3874,Li Anderson,li.anderson60@example.com,San Francisco,Ca,Us,2024-08-25,Insider,False
TES-C10978,Emma Tanaka,emma.tanaka958@example.com,Chicago,Il,Uk,2023-03-02,Referral Program,False
TES-C7175,MICHAEL JOHNSON,michael.johnson266@example.com,Chicago,Il,Us,2024-08-09,Insider,False
TES-C7478,Ben Tanaka,ben.tanaka745@example.com,New York,Ny,Cn,2024-05-31,Insider,False
TES-C7564,Ken Khan,ken.khan964@example.com,New York,Ny,Ca,2022-04-24,Referral Program,False
TES-C6237,Ken Singh,ken.singh381@example.com,Chicago,Il,Uk,2024-12-23,Insider,False
TES-C10735,Aditya Tanaka,aditya.tanaka854@example.com,San Francisco,Ca,Us,2023-04-26,Insider,False
TES-C5955,Chen Wilson,chen.wilson780@example.com,Chicago,Il,Ca,2025-02-08,Insider,False
TES-C3271,Mohammed Sharma,mohammed.sharma431@example.com,Fremont,Ca,Uk,2024-10-01,Insider,False
TES-C1111,Ken Yamada,ken.yamada148@example.com,Seattle,Wa,Ca,2022-04-26,Referral Program,False
TES-C3934,wei chen,wei.chen392@example.com,Shanghai,Cn,De,2023-03-27,Standard,False
TES-C10013,Mohammed Smith,mohammed.smith836@example.com,Los Angeles,Ca,Uk,2021-02-15,Referral Program,False
TES-C7021,LI WILSON,li.wilson335@example.com,Fremont,Ca,Uk,2025-02-19,Standard,False
TES-C8058,Olivia Davis,olivia.davis974@example.com,Seattle,Wa,Cn,2025-08-15,Insider,False
TES-C7293,Carlos Suzuki,carlos.suzuki752@example.com,Miami,Fl,De,2021-09-19,Standard,False
TES-C6434,Ava Kim,ava.kim447@example.com,Austin,Tx,Cn,2024-05-13,Standard,False
TES-C1775,Anna Müller,anna.müller733@example.com,Miami,Fl,Us,2023-07-23,Insider,False
TES-C4677,Rahul Sharma,rahul.sharma457@example.com,New York,Ny,Us,2021-04-30,Insider,False
TES-C3203,Fatima Yamada,fatima.yamada856@example.com,Los Angeles,Ca,Ca,2022-05-03,Referral Program,False
TES-C5018,SARA KUMAR,sara.kumar426@example.com,New York,Ny,Us,2024-12-18,Referral Program,False
TES-C3297,Yuki Anderson,yuki.anderson930@example.com,Seattle,Wa,Uk,2021-03-26,Referral Program,False
TES-C10858,MARIA ROSSI,maria.rossi912@example.com,San Francisco,Ca,Cn,2022-10-27,Insider,False
TES-C1635,Ben Rossi,ben.rossi991@example.com,Seattle,Wa,Cn,2023-09-02,Insider,False
TES-C5499,Zoe Lee,zoe.lee311@example.com,Seattle,Wa,De,2025-05-23,Referral Program,False
TES-C3332,Liam Lee,liam.lee583@example.com,San Francisco,Ca,Cn,2022-08-24,Unknown,False
TES-C7050,MARIA JOHNSON,maria.johnson203@example.com,Fremont,Ca,Ca,2024-02-12,Standard,False
TES-C2459,Noah Anderson,noah.anderson344@example.com,New York,Ny,Jp,2022-07-30,Insider,False
TES-C5299,Aditya Kim,aditya.kim952@example.com,Miami,Fl,De,2023-01-04,Standard,False
TES-C9183, Fatima Sharma ,fatima.sharma744@example.com,Chicago,Il,Ca,2021-01-10,Referral Program,False
TES-C7370,Olivia Smith,,Austin,Tx,Jp,2025-02-25,Referral Program,True
TES-C1550,Aditya Lee,aditya.lee4@example.com,Austin,Tx,Us,2025-01-13,Referral Program,False
TES-C8481,MARIA SINGH,maria.singh194@example.com,Miami,Fl,De,2022-02-21,Standard,False
TES-C4659,Priya Patel,priya.patel241@example.com,Shanghai,Cn,De,2023-09-17,Insider,False
TES-C2077,MICHAEL LEE,michael.lee210@example.com,Miami,Fl,Jp,2021-12-22,Standard,False
TES-C9148,Li Rossi,li.rossi724@example.com,Miami,Fl,Cn,2025-09-21,Insider,False
TES-C10793,Yuki Kim,yuki.kim847@example.com,New York,Ny,Jp,2024-08-09,Standard,False
TES-C7415,David Lee,david.lee767@example.com,Seattle,Wa,Us,2021-12-05,Insider,False
TES-C5260,Maria Chen,maria.chen70@example.com,Miami,Fl,De,2025-09-03,Insider,False
TES-C8722,LI WANG,,Shanghai,Cn,Cn,2021-01-19,Standard,True
TES-C10353,Ava Tanaka,ava.tanaka282@example.com,Seattle,Wa,Jp,2023-10-26,Standard,False
TES-C8511,vivaan wilson,vivaan.wilson197@example.com,Shanghai,Cn,Us,2021-01-12,Insider,False
TES-C1691,Emma Chen,emma.chen76@example.com,Miami,Fl,Cn,2025-11-21,Insider,False
TES-C10352,Rahul Davis,,Austin,Tx,Cn,2023-01-27,Standard,True
TES-C8425,VIVAAN TANAKA,vivaan.tanaka396@example.com,New York,Ny,Uk,2022-06-18,Insider,False
TES-C4459,Chen Yamada,chen.yamada447@example.com,Los Angeles,Ca,Uk,2021-09-23,Referral Program,False
TES-C3406,Zoe Chen,zoe.chen819@example.com,San Francisco,Ca,Uk,2024-07-04,Insider,False
TES-C8031,Sofia Khan,sofia.khan38@example.com,Shanghai,Cn,De,2024-10-25,Insider,False
TES-C3475,Ken Suzuki,ken.suzuki700@example.com,Austin,Tx,Cn,2024-06-18,Insider,False
TES-C2350,Zoe Sharma,zoe.sharma601@example.com,Austin,Tx,Ca,2021-03-15,Standard,False
TES-C3439,David Tanaka,david.tanaka901@example.com,San Francisco,Ca,Cn,2025-06-08,Insider,False
TES-C2835,Ben Tanaka,ben.tanaka430@example.com,Berlin,De,Cn,2024-02-02,Standard,False
TES-C7110,James Kumar,james.kumar382@example.com,Berlin,De,Us,2024-02-27,Standard,False
TES-C8670,Priya Davis,priya.davis33@example.com,Miami,Fl,De,2021-10-23,Insider,False
TES-C1590,Sofia Khan,sofia.khan14@example.com,San Francisco,Ca,De,2023-07-29,Unknown,False
TES-C1254,Ben Tanaka,ben.tanaka973@example.com,New York,Ny,Us,2021-12-31,Standard,False
TES-C7734,Vivaan Martin,vivaan.martin441@example.com,Los Angeles,Ca,Ca,2021-01-12,Referral Program,False
TES-C2712,Maria Kumar,maria.kumar543@example.com,Chicago,Il,Uk,2025-06-18,Standard,False
TES-C3241,John Wang,john.wang832@example.com,New York,Ny,De,2024-06-25,Insider,False
TES-C6453,Yuki Khan,yuki.khan656@example.com,Fremont,Ca,Us,2025-02-15,Referral Program,False
TES-C6531,Ken Wang,ken.wang173@example.com,Chicago,Il,Jp,2021-11-12,Referral Program,False
TES-C7200,mohammed tanaka,,Seattle,Wa,Jp,2023-04-02,Referral Program,True
TES-C4441,Vivaan Kumar,vivaan.kumar967@example.com,Fremont,Ca,Jp,2023-06-26,Standard,False
TES-C3030, Wei Kumar ,wei.kumar359@example.com,Fremont,Ca,De,2025-01-21,Referral Program,False
TES-C4470,Vivaan Suzuki,vivaan.suzuki785@example.com,Fremont,Ca,De,2021-11-18,Insider,False
TES-C8914,Ken Anderson,ken.anderson96@example.com,Fremont,Ca,Us,2025-12-26,Referral Program,False
TES-C5337,Mohammed Singh,mohammed.singh275@example.com,Miami,Fl,Ca,2022-03-04,Insider,False
TES-C4466,Mohammed Khan,mohammed.khan593@example.com,New York,Ny,De,2022-11-16,Referral Program,False
TES-C1407,Ava Kumar,ava.kumar671@example.com,Shanghai,Cn,Us,2022-02-11,Standard,False
TES-C3155,Mohammed Yamada,mohammed.yamada120@example.com,Miami,Fl,Uk,2022-12-19,Insider,False
TES-C6558,Ben Tanaka,ben.tanaka505@example.com,Chicago,Il,Ca,2024-06-22,Referral Program,False
TES-C4290,michael lee,michael.lee199@example.com,Austin,Tx,De,2022-02-12,Referral Program,False
TES-C8679,Liam Müller,liam.müller943@example.com,Austin,Tx,Jp,2025-02-28,Insider,False
TES-C5638,KEN DAVIS,ken.davis359@example.com,Shanghai,Cn,Us,2025-07-22,Standard,False
TES-C8748,Olivia Kumar,olivia.kumar169@example.com,Berlin,De,Jp,2023-02-05,Referral Program,False
TES-C2761,Emma Suzuki,,Fremont,Ca,Uk,2025-06-26,Referral Program,True
TES-C8143,Maria Lee,maria.lee213@example.com,Miami,Fl,Uk,2021-08-28,Referral Program,False
TES-C9980,Fatima Singh,fatima.singh632@example.com,Los Angeles,Ca,Cn,2022-08-06,Standard,False
TES-C7357,VIVAAN PATEL,vivaan.patel835@example.com,Fremont,Ca,Jp,2023-10-12,Standard,False
TES-C7856,Michael Singh,michael.singh925@example.com,New York,Ny,Cn,2024-01-15,Insider,False
TES-C7325,Mohammed Yamada,mohammed.yamada627@example.com,Berlin,De,Cn,2022-03-06,Insider,False
TES-C6200,Mohammed Patel,mohammed.patel521@example.com,Austin,Tx,Jp,2024-11-25,Standard,False
TES-C3969,Ava Müller,ava.müller751@example.com,Miami,Fl,Jp,2022-03-10,Standard,False
TES-C8869, Yuki Chen ,yuki.chen962@example.com,Fremont,Ca,Ca,2021-08-06,Standard,False
TES-C10188,Anna Chen,anna.chen505@example.com,Chicago,Il,Uk,2022-05-16,Standard,False
TES-C10486, Ben Wilson ,ben.wilson755@example.com,New York,Ny,De,2021-10-24,Referral Program,False
TES-C3452,Sofia Martin,,Fremont,Ca,Jp,2025-12-01,Insider,True
TES-C1100,Ken Patel,ken.patel293@example.com,San Francisco,Ca,Us,2025-10-04,Insider,False
TES-C8650,Aarav Singh,aarav.singh242@example.com,Miami,Fl,Us,2024-06-06,Referral Program,False
TES-C8735,Aditya Brown,aditya.brown153@example.com,Seattle,Wa,De,2023-01-06,Referral Program,False
TES-C7791,Olivia Johnson,olivia.johnson251@example.com,Miami,Fl,Jp,2021-06-12,Insider,False
TES-C2293,Aarav Sharma,aarav.sharma326@example.com,San Francisco,Ca,Cn,2021-01-16,Standard,False
TES-C8910,Mohammed Brown,mohammed.brown854@example.com,Miami,Fl,Cn,2024-09-04,Standard,False
TES-C8504,Ava Rossi,ava.rossi841@example.com,Austin,Tx,Uk,2022-05-17,Insider,False
TES-C9851, Chen Yamada ,chen.yamada495@example.com,Miami,Fl,Ca,2024-10-08,Referral Program,False
TES-C8583,Priya Wang,priya.wang578@example.com,Los Angeles,Ca,Ca,2022-12-02,Referral Program,False
TES-C10878,Vivaan Anderson,vivaan.anderson975@example.com,New York,Ny,Cn,2022-07-29,Insider,False
TES-C3865,Yuki Kim,yuki.kim464@example.com,Fremont,Ca,Cn,2023-09-21,Referral Program,False
TES-C5587,Emma Kumar,emma.kumar941@example.com,Los Angeles,Ca,Cn,2022-12-03,Insider,False
TES-C3528,Aditya Rossi,aditya.rossi77@example.com,Berlin,De,Jp,2021-09-28,Insider,False
TES-C5631,John Brown,john.brown132@example.com,New York,Ny,Cn,2023-08-29,Insider,False
TES-C8130,Ben Yamada,ben.yamada354@example.com,Chicago,Il,Us,2024-11-13,Insider,False
TES-C2738,Carlos Anderson,carlos.anderson192@example.com,Fremont,Ca,Cn,2025-06-14,Referral Program,False
TES-C4260, Anna Tanaka ,,Berlin,De,Jp,2022-09-17,Insider,True
TES-C1876,Yuki Suzuki,yuki.suzuki433@example.com,Seattle,Wa,Ca,2023-01-01,Unknown,False
TES-C4099,Li Brown,li.brown46@example.com,New York,Ny,Cn,2024-12-09,Standard,False
TES-C4034,David Wilson,david.wilson919@example.com,Chicago,Il,Ca,2025-12-16,Insider,False
TES-C10078,Wei Lee,wei.lee446@example.com,Austin,Tx,Cn,2025-11-15,Standard,False
TES-C3172,LI MARTIN,,Chicago,Il,Us,2025-05-30,Referral Program,True
TES-C1241,Ken Kim,ken.kim821@example.com,Shanghai,Cn,Uk,2024-07-04,Insider,False
TES-C5693,ZOE SMITH,zoe.smith616@example.com,San Francisco,Ca,De,2023-09-11,Standard,False
TES-C2608,Michael Singh,michael.singh770@example.com,Seattle,Wa,Cn,2023-03-01,Standard,False
TES-C2725,Li Wang,li.wang240@example.com,Seattle,Wa,Cn,2024-10-12,Standard,False
TES-C2000,Fatima Yamada,fatima.yamada717@example.com,Seattle,Wa,Uk,2021-06-22,Standard,False
TES-C6288, Noah Kumar ,noah.kumar731@example.com,Miami,Fl,Uk,2025-04-14,Standard,False
TES-C8943,KEN YAMADA,ken.yamada255@example.com,Austin,Tx,Jp,2025-02-13,Referral Program,False
TES-C8189,Sara Khan,sara.khan451@example.com,San Francisco,Ca,De,2025-02-25,Unknown,False
TES-C1559,Sara Yamada,sara.yamada203@example.com,Chicago,Il,Us,2025-04-25,Referral Program,False
TES-C2383,RAHUL MARTIN,rahul.martin259@example.com,San Francisco,Ca,Jp,2023-07-03,Referral Program,False
TES-C9572,AARAV ANDERSON,aarav.anderson128@example.com,Chicago,Il,Cn,2023-02-16,Standard,False
TES-C3489,James Kim,james.kim822@example.com,Seattle,Wa,Us,2022-10-10,Insider,False
TES-C1001,FATIMA BROWN,fatima.brown233@example.com,Los Angeles,Ca,Us,2024-06-19,Referral Program,False
TES-C3877,Wei Suzuki,wei.suzuki427@example.com,Miami,Fl,De,2025-12-23,Insider,False
TES-C6556,John Patel,john.patel342@example.com,Seattle,Wa,De,2025-02-12,Insider,False
TES-C2155,Sofia Kumar,sofia.kumar221@example.com,Fremont,Ca,Us,2025-05-19,Insider,False
TES-C1901,Ava Wang,ava.wang314@example.com,San Francisco,Ca,Cn,2024-02-06,Standard,False
TES-C2255, Emma Tanaka ,,Berlin,De,Jp,2024-04-08,Referral Program,True
TES-C7068,maria anderson,maria.anderson105@example.com,San Francisco,Ca,Uk,2025-07-08,Referral Program,False
TES-C5224,Carlos Kumar,carlos.kumar376@example.com,Berlin,De,Jp,2021-03-28,Standard,False
TES-C9867,Noah Sharma,noah.sharma314@example.com,New York,Ny,Ca,2025-09-29,Referral Program,False
TES-C2518,Sara Garcia,sara.garcia906@example.com,Los Angeles,Ca,Cn,2021-03-19,Standard,False
TES-C4094,Maria Rossi,maria.rossi36@example.com,Fremont,Ca,Uk,2023-11-21,Insider,False
TES-C4729,Rahul Martin,rahul.martin482@example.com,Fremont,Ca,Us,2023-10-13,Insider,False
TES-C6024,Michael Martin,michael.martin153@example.com,Los Angeles,Ca,Uk,2025-09-19,Unknown,False
TES-C2231,Michael Smith,michael.smith414@example.com,Shanghai,Cn,Us,2025-07-30,Insider,False
TES-C4569,Carlos Smith,carlos.smith568@example.com,Chicago,Il,Cn,2021-02-04,Insider,False
TES-C2452,Ken Brown,ken.brown83@example.com,Chicago,Il,Ca,2023-01-16,Insider,False
TES-C5023,VIVAAN PATEL,vivaan.patel251@example.com,New York,Ny,Uk,2025-08-06,Standard,False
TES-C1773,Zoe Müller,zoe.müller680@example.com,New York,Ny,Uk,2022-10-19,Standard,False
TES-C8545,Aditya Kumar,aditya.kumar187@example.com,Shanghai,Cn,Jp,2025-11-22,Referral Program,False
TES-C10400,Liam Brown,liam.brown193@example.com,New York,Ny,Uk,2024-10-31,Standard,False
TES-C3129,Rahul Yamada,rahul.yamada611@example.com,Los Angeles,Ca,Uk,2021-12-29,Standard,False
TES-C7597,Wei Rossi,wei.rossi700@example.com,Miami,Fl,De,2023-04-03,Insider,False
TES-C8231,Liam Smith,liam.smith493@example.com,Berlin,De,Ca,2024-04-01,Insider,False
TES-C9389,Chen Chen,chen.chen70@example.com,Fremont,Ca,De,2025-02-23,Standard,False
TES-C3038, John Chen ,john.chen24@example.com,Austin,Tx,Ca,2025-12-31,Standard,False
TES-C5869,Priya Singh,priya.singh702@example.com,New York,Ny,Uk,2024-12-28,Standard,False
TES-C5570,Ken Garcia,ken.garcia221@example.com,Shanghai,Cn,Jp,2022-09-20,Insider,False
TES-C10285,Sara Smith,,San Francisco,Ca,Cn,2025-02-11,Referral Program,True
TES-C7095,Noah Wilson,noah.wilson997@example.com,Fremont,Ca,Cn,2023-12-08,Insider,False
TES-C9359,Li Rossi,li.rossi39@example.com,Austin,Tx,De,2022-07-24,Insider,False
TES-C7336,Maria Kumar,maria.kumar207@example.com,Miami,Fl,De,2021-10-28,Referral Program,False
TES-C7616,Sofia Müller,sofia.müller468@example.com,San Francisco,Ca,De,2025-04-14,Referral Program,False
TES-C7163,Chen Chen,chen.chen770@example.com,Shanghai,Cn,Cn,2025-03-11,Referral Program,False
TES-C9056,Noah Davis,noah.davis835@example.com,Los Angeles,Ca,Jp,2022-04-15,Unknown,False
TES-C9724,Fatima Müller,fatima.müller86@example.com,New York,Ny,Cn,2021-08-23,Referral Program,False
TES-C5151,Ava Suzuki,,Chicago,Il,Jp,2023-12-28,Standard,True
TES-C3019,ADITYA ROSSI,aditya.rossi246@example.com,Miami,Fl,De,2023-12-30,Insider,False
TES-C7710,PRIYA TANAKA,priya.tanaka57@example.com,Seattle,Wa,Cn,2025-02-24,Referral Program,False
TES-C4347,Yuki Lee,yuki.lee47@example.com,Miami,Fl,Uk,2021-04-10,Insider,False
TES-C2577,ADITYA JOHNSON,aditya.johnson470@example.com,Miami,Fl,Jp,2025-12-07,Insider,False
TES-C4982,Michael Rossi,michael.rossi625@example.com,San Francisco,Ca,Uk,2023-05-03,Standard,False
TES-C3800,Yuki Lee,yuki.lee686@example.com,Austin,Tx,Uk,2025-03-12,Insider,False
TES-C1717,fatima wilson,,Austin,Tx,Ca,2023-06-23,Insider,True
TES-C2438,Ava Suzuki,ava.suzuki565@example.com,New York,Ny,Jp,2024-12-26,Insider,False
TES-C10027,Sara Martin,,Austin,Tx,Us,2025-04-10,Insider,True
TES-C2196,aarav anderson,aarav.anderson278@example.com,Los Angeles,Ca,Cn,2021-09-15,Standard,False
TES-C6164,Ken Brown,ken.brown114@example.com,Miami,Fl,Uk,2022-02-20,Insider,False
TES-C7837,Wei Smith,wei.smith631@example.com,Austin,Tx,Cn,2025-09-18,Referral Program,False
TES-C9906,Emma Sharma,emma.sharma689@example.com,Seattle,Wa,Jp,2024-05-13,Referral Program,False
TES-C10845,Aarav Wang,aarav.wang875@example.com,Austin,Tx,Ca,2023-12-08,Standard,False
TES-C4615,Liam Davis,liam.davis717@example.com,Shanghai,Cn,Cn,2025-02-05,Referral Program,False
TES-C4603,wei smith,wei.smith535@example.com,Los Angeles,Ca,De,2021-01-02,Referral Program,False
TES-C6576,Aarav Martin,aarav.martin33@example.com,Chicago,Il,Uk,2024-08-03,Standard,False
TES-C2538,Aditya Khan,aditya.khan66@example.com,Miami,Fl,Uk,2021-10-15,Referral Program,False
TES-C6059,CHEN BROWN,chen.brown529@example.com,San Francisco,Ca,Cn,2024-06-02,Standard,False
TES-C5657,David Singh,david.singh618@example.com,New York,Ny,Ca,2021-09-01,Standard,False
TES-C7792,Zoe Anderson,zoe.anderson836@example.com,New York,Ny,Cn,2024-10-16,Insider,False
TES-C8915, Ava Rossi ,ava.rossi6@example.com,San Francisco,Ca,Us,2023-07-01,Referral Program,False
TES-C7686,YUKI KUMAR,yuki.kumar547@example.com,Chicago,Il,Uk,2021-12-15,Standard,False
TES-C1400,Aditya Smith,aditya.smith183@example.com,San Francisco,Ca,Ca,2024-03-07,Standard,False
TES-C2630,Anna Müller,,Shanghai,Cn,Uk,2022-07-09,Standard,True
TES-C10003,DAVID LEE,david.lee500@example.com,Fremont,Ca,Us,2021-02-12,Insider,False
TES-C6373,James Müller,james.müller896@example.com,Fremont,Ca,Uk,2024-03-31,Insider,False
TES-C4126,Chen Yamada,chen.yamada163@example.com,Los Angeles,Ca,Us,2022-01-21,Unknown,False
TES-C9146,Michael Singh,michael.singh454@example.com,Miami,Fl,Jp,2025-04-28,Referral Program,False
TES-C2258,Wei Kumar,wei.kumar627@example.com,Berlin,De,Jp,2024-10-25,Insider,False
TES-C4311,LIAM LEE,liam.lee753@example.com,Fremont,Ca,Cn,2023-04-12,Standard,False
TES-C3483,Noah Patel,noah.patel500@example.com,Seattle,Wa,De,2021-06-21,Insider,False
TES-C9551,david smith,david.smith960@example.com,Seattle,Wa,Jp,2024-05-13,Standard,False
TES-C7181,Rahul Yamada,rahul.yamada988@example.com,Los Angeles,Ca,Jp,2022-09-16,Standard,False
TES-C7719,RAHUL YAMADA,rahul.yamada462@example.com,Chicago,Il,Us,2023-04-12,Insider,False
TES-C6098,olivia kim,olivia.kim663@example.com,Los Angeles,Ca,Us,2021-10-18,Referral Program,False
TES-C9699,CHEN BROWN,,Chicago,Il,Us,2022-11-09,Standard,True
TES-C5965,Mohammed Singh,mohammed.singh923@example.com,Berlin,De,Jp,2024-11-12,Insider,False
TES-C1858,sofia yamada,sofia.yamada162@example.com,Chicago,Il,Ca,2022-04-27,Standard,False
TES-C2953,Sara Davis,sara.davis313@example.com,Miami,Fl,Cn,2025-03-25,Referral Program,False
TES-C1762,Maria Sharma,maria.sharma599@example.com,Chicago,Il,De,2023-03-03,Referral Program,False
TES-C9388,Rahul Kumar,rahul.kumar405@example.com,Los Angeles,Ca,Jp,2023-12-10,Referral Program,False
TES-C9276,Li Sharma,li.sharma970@example.com,Chicago,Il,Ca,2021-05-27,Insider,False
TES-C4705,ANNA CHEN,anna.chen860@example.com,Chicago,Il,Us,2024-01-25,Insider,False
TES-C6848,Carlos Chen,carlos.chen237@example.com,New York,Ny,Uk,2021-02-09,Standard,False
TES-C8633,Noah Martin,noah.martin313@example.com,Seattle,Wa,Us,2022-03-28,Standard,False
TES-C2012,Mohammed Martin,mohammed.martin125@example.com,Miami,Fl,Uk,2022-09-12,Insider,False
TES-C3401,Noah Sharma,noah.sharma671@example.com,Seattle,Wa,Cn,2024-01-15,Insider,False
TES-C7927, Rahul Khan ,rahul.khan736@example.com,Chicago,Il,Us,2025-08-25,Referral Program,False
TES-C5708, Ken Tanaka ,,Austin,Tx,Uk,2025-04-03,Insider,True
TES-C1611,Liam Wilson,liam.wilson935@example.com,Chicago,Il,Jp,2023-08-05,Referral Program,False
TES-C8809,Chen Garcia,,Fremont,Ca,Ca,2023-11-21,Insider,True
TES-C4951,aditya khan,aditya.khan860@example.com,Seattle,Wa,Us,2021-03-21,Insider,False
TES-C8768,Ben Brown,,Miami,Fl,De,2025-05-23,Insider,True
TES-C1972,Chen Müller,chen.müller233@example.com,Chicago,Il,De,2025-03-17,Standard,False
TES-C4496,James Yamada,james.yamada350@example.com,Berlin,De,De,2021-12-11,Referral Program,False
TES-C8428,Olivia Smith,olivia.smith681@example.com,Berlin,De,Jp,2021-08-08,Referral Program,False
TES-C10208,Mohammed Suzuki,mohammed.suzuki195@example.com,Austin,Tx,Cn,2025-10-17,Insider,False
TES-C8038,Ben Smith,ben.smith637@example.com,Seattle,Wa,Uk,2025-07-13,Insider,False
TES-C1707,Mohammed Johnson,,Berlin,De,Ca,2021-07-15,Referral Program,True
TES-C5458,Vivaan Chen,vivaan.chen402@example.com,Berlin,De,Uk,2025-02-15,Referral Program,False
TES-C8681,Emma Wilson,emma.wilson938@example.com,Seattle,Wa,Cn,2025-04-26,Standard,False
TES-C2912,Aarav Davis,aarav.davis143@example.com,Fremont,Ca,Uk,2025-01-26,Insider,False
TES-C3725,Ava Rossi,ava.rossi590@example.com,Berlin,De,De,2024-04-16,Insider,False
TES-C6216,Yuki Suzuki,yuki.suzuki822@example.com,Fremont,Ca,Ca,2021-03-31,Insider,False
TES-C9569,Sofia Rossi,sofia.rossi963@example.com,Los Angeles,Ca,Uk,2022-04-14,Insider,False
TES-C1905,Aditya Rossi,aditya.rossi954@example.com,New York,Ny,Uk,2025-05-21,Standard,False
TES-C10928,Mohammed Wilson,mohammed.wilson688@example.com,Chicago,Il,Cn,2023-01-06,Referral Program,False
TES-C6224,Noah Patel,noah.patel459@example.com,Shanghai,Cn,Ca,2024-06-03,Standard,False
TES-C3423,Fatima Khan,fatima.khan647@example.com,Los Angeles,Ca,Ca,2024-10-16,Referral Program,False
TES-C5408,VIVAAN YAMADA,vivaan.yamada717@example.com,Chicago,Il,Cn,2022-07-21,Insider,False
TES-C10587,LI JOHNSON,li.johnson115@example.com,Austin,Tx,Ca,2025-08-04,Insider,False
TES-C5628,James Smith,james.smith289@example.com,Seattle,Wa,Uk,2022-06-21,Standard,False
TES-C1568,Rahul Yamada,rahul.yamada423@example.com,Austin,Tx,De,2021-10-24,Standard,False
TES-C2210,Sofia Davis,sofia.davis326@example.com,Seattle,Wa,De,2023-01-02,Standard,False
TES-C8402,Ava Kim,,Chicago,Il,Uk,2024-05-12,Standard,True
TES-C4350,James Brown,james.brown194@example.com,Miami,Fl,Cn,2022-07-27,Insider,False
TES-C10880,Vivaan Patel,vivaan.patel138@example.com,Fremont,Ca,Ca,2025-04-05,Standard,False
TES-C10933,Aditya Rossi,aditya.rossi27@example.com,Los Angeles,Ca,Jp,2025-01-14,Referral Program,False
TES-C8253,James Brown,james.brown886@example.com,Miami,Fl,Cn,2024-05-18,Standard,False
TES-C6875,Rahul Chen,rahul.chen52@example.com,Austin,Tx,Ca,2023-06-15,Insider,False
TES-C6436,AARAV SUZUKI,,Austin,Tx,De,2022-09-26,Referral Program,True
TES-C8465,Michael Kim,michael.kim537@example.com,Miami,Fl,Uk,2021-05-21,Insider,False
TES-C8472, Maria Johnson ,maria.johnson540@example.com,Chicago,Il,Ca,2025-12-18,Insider,False
TES-C4514,Rahul Khan,rahul.khan128@example.com,Austin,Tx,Jp,2025-03-16,Standard,False
TES-C6338,Fatima Müller,,Austin,Tx,Ca,2023-12-29,Standard,True
TES-C1333,Mohammed Yamada,,Seattle,Wa,Us,2024-04-27,Standard,True
TES-C6020,Aarav Garcia,aarav.garcia387@example.com,Seattle,Wa,Jp,2024-08-17,Insider,False
TES-C3345,Noah Rossi,noah.rossi306@example.com,Berlin,De,Jp,2023-08-06,Standard,False
TES-C3034,Ken Müller,,Berlin,De,Cn,2025-04-15,Insider,True
TES-C8836,Sara Anderson,sara.anderson14@example.com,Miami,Fl,Jp,2021-02-16,Standard,False
TES-C7990,fatima martin,fatima.martin388@example.com,Los Angeles,Ca,De,2024-02-07,Referral Program,False
TES-C1925,MARIA SUZUKI,maria.suzuki359@example.com,Berlin,De,Jp,2021-11-11,Insider,False
TES-C5032,Liam Rossi,liam.rossi913@example.com,Seattle,Wa,Cn,2023-07-04,Standard,False
TES-C2968,WEI MÜLLER,wei.müller850@example.com,Los Angeles,Ca,Ca,2025-08-21,Referral Program,False
TES-C2456,Mohammed Anderson,mohammed.anderson528@example.com,Fremont,Ca,Us,2025-08-20,Referral Program,False
TES-C7615,Noah Wilson,noah.wilson133@example.com,Berlin,De,Uk,2022-06-30,Insider,False
TES-C5204,priya singh,priya.singh110@example.com,Miami,Fl,Jp,2023-02-24,Standard,False
TES-C9624, Chen Chen ,chen.chen336@example.com,Seattle,Wa,Us,2024-08-20,Standard,False
TES-C4043,Ken Smith,ken.smith790@example.com,New York,Ny,Uk,2024-02-28,Referral Program,False
TES-C8713,vivaan müller,vivaan.müller180@example.com,Fremont,Ca,Cn,2024-03-04,Standard,False
TES-C2937,LI MARTIN,li.martin895@example.com,Miami,Fl,De,2025-08-02,Standard,False
TES-C7803,Michael Wilson,,New York,Ny,Ca,2022-12-01,Referral Program,True
TES-C10271,Rahul Smith,rahul.smith587@example.com,Fremont,Ca,Us,2022-11-18,Insider,False
TES-C10762, John Anderson ,john.anderson353@example.com,San Francisco,Ca,Us,2024-11-16,Insider,False
TES-C2382,David Kumar,david.kumar682@example.com,Miami,Fl,De,2021-12-24,Insider,False
TES-C6961,Priya Martin,,New York,Ny,Uk,2023-01-02,Insider,True
TES-C3844,Carlos Davis,carlos.davis493@example.com,San Francisco,Ca,Uk,2025-04-10,Standard,False
TES-C6710,sofia martin,sofia.martin99@example.com,Fremont,Ca,Jp,2023-05-04,Standard,False
TES-C2853,Sara Kumar,sara.kumar999@example.com,Chicago,Il,Ca,2025-05-29,Insider,False
TES-C1978,john wang,john.wang751@example.com,Austin,Tx,Uk,2024-01-11,Insider,False
TES-C1713,Carlos Singh,carlos.singh904@example.com,Chicago,Il,Ca,2024-10-29,Standard,False
TES-C8516,James Suzuki,james.suzuki426@example.com,Austin,Tx,Ca,2022-05-09,Insider,False
TES-C1414,Michael Wang,michael.wang494@example.com,New York,Ny,Us,2023-01-16,Insider,False
TES-C10272,priya müller,priya.müller591@example.com,Chicago,Il,Cn,2021-05-30,Unknown,False
TES-C6148,Rahul Kim,rahul.kim107@example.com,Austin,Tx,Uk,2022-11-06,Standard,False
TES-C1936,ZOE BROWN,zoe.brown609@example.com,Chicago,Il,Ca,2023-04-23,Standard,False
TES-C7299,Mohammed Wang,mohammed.wang415@example.com,San Francisco,Ca,Jp,2023-03-10,Insider,False
TES-C10818,Chen Garcia,chen.garcia10@example.com,San Francisco,Ca,Uk,2023-04-03,Standard,False
TES-C6885,Fatima Yamada,fatima.yamada695@example.com,Miami,Fl,Cn,2022-08-13,Referral Program,False
TES-C10939,ken tanaka,ken.tanaka868@example.com,Shanghai,Cn,Jp,2023-01-04,Referral Program,False
TES-C6291,David Khan,david.khan172@example.com,Berlin,De,Us,2021-09-17,Insider,False
TES-C4916,SARA ROSSI,sara.rossi538@example.com,Miami,Fl,Jp,2025-09-18,Referral Program,False
TES-C3964,Li Johnson,li.johnson537@example.com,Miami,Fl,Uk,2023-08-29,Insider,False
TES-C2796,Ben Patel,ben.patel920@example.com,Shanghai,Cn,De,2025-07-14,Referral Program,False
TES-C5972,Carlos Lee,carlos.lee888@example.com,New York,Ny,Ca,2025-10-22,Standard,False
TES-C4124,mohammed martin,mohammed.martin879@example.com,Shanghai,Cn,Jp,2023-08-30,Referral Program,False
TES-C10294,Carlos Wilson,carlos.wilson223@example.com,Shanghai,Cn,Cn,2025-03-12,Insider,False
TES-C9701, John Martin ,john.martin174@example.com,Seattle,Wa,Cn,2024-10-02,Unknown,False
TES-C8984,Aditya Rossi,aditya.rossi290@example.com,Los Angeles,Ca,Us,2022-09-14,Referral Program,False
TES-C9889,John Brown,john.brown701@example.com,Chicago,Il,Cn,2025-10-07,Insider,False
TES-C1816,OLIVIA KUMAR,olivia.kumar35@example.com,Chicago,Il,Us,2025-04-05,Standard,False
TES-C5872,ADITYA DAVIS,aditya.davis841@example.com,Seattle,Wa,Jp,2024-01-05,Unknown,False
TES-C4336,james lee,james.lee95@example.com,Chicago,Il,Jp,2023-02-09,Insider,False
TES-C8241,Olivia Suzuki,olivia.suzuki58@example.com,Miami,Fl,Ca,2023-03-20,Referral Program,False
TES-C4901,carlos chen,carlos.chen466@example.com,San Francisco,Ca,Us,2023-07-30,Referral Program,False
TES-C2694,Sofia Martin,sofia.martin971@example.com,Shanghai,Cn,Jp,2021-02-14,Referral Program,False
TES-C1577,Maria Davis,maria.davis433@example.com,Berlin,De,De,2022-01-26,Standard,False
TES-C4323,Aarav Singh,aarav.singh723@example.com,Fremont,Ca,Jp,2025-10-12,Insider,False
TES-C7994,Aarav Johnson,aarav.johnson683@example.com,Shanghai,Cn,Cn,2025-06-30,Referral Program,False
TES-C4831,Aditya Chen,aditya.chen70@example.com,Chicago,Il,Ca,2021-05-03,Referral Program,False
TES-C10297,Zoe Tanaka,,San Francisco,Ca,Uk,2023-11-23,Referral Program,True
TES-C2700,Michael Singh,michael.singh594@example.com,Chicago,Il,De,2024-07-16,Standard,False
TES-C2769,ZOE PATEL,zoe.patel627@example.com,Austin,Tx,Cn,2021-04-03,Standard,False
TES-C7972,Olivia Yamada,,New York,Ny,Us,2021-05-25,Referral Program,True
TES-C3069,RAHUL WANG,rahul.wang133@example.com,Miami,Fl,Jp,2024-11-07,Standard,False
TES-C5099,Olivia Sharma,,Los Angeles,Ca,Jp,2022-05-04,Referral Program,True
TES-C9244,Zoe Anderson,zoe.anderson237@example.com,Fremont,Ca,Cn,2021-04-02,Standard,False
TES-C2999,Anna Singh,anna.singh169@example.com,Berlin,De,Uk,2022-12-14,Referral Program,False
TES-C8740,Noah Suzuki,noah.suzuki448@example.com,Shanghai,Cn,Cn,2023-04-07,Referral Program,False
TES-C8916,Olivia Yamada,olivia.yamada790@example.com,Miami,Fl,Jp,2022-11-10,Insider,False
TES-C6823,Rahul Johnson,rahul.johnson72@example.com,Chicago,Il,Ca,2022-06-23,Standard,False
TES-C10265,Vivaan Khan,vivaan.khan623@example.com,San Francisco,Ca,Cn,2022-12-15,Standard,False
TES-C8115,Aarav Smith,aarav.smith774@example.com,San Francisco,Ca,Ca,2024-09-25,Referral Program,False
TES-C2331,Sofia Garcia,sofia.garcia134@example.com,Shanghai,Cn,Cn,2022-09-20,Standard,False
TES-C1585,Olivia Singh,olivia.singh380@example.com,San Francisco,Ca,Us,2025-02-24,Referral Program,False
TES-C3151,Sara Sharma,sara.sharma137@example.com,Fremont,Ca,Cn,2022-08-26,Standard,False
TES-C3568,Noah Lee,noah.lee625@example.com,Seattle,Wa,Uk,2021-04-11,Insider,False
TES-C1443,Aarav Lee,aarav.lee80@example.com,New York,Ny,De,2025-11-29,Standard,False
TES-C6591,Noah Tanaka,noah.tanaka660@example.com,Miami,Fl,Cn,2024-07-14,Referral Program,False
TES-C3894,Emma Chen,emma.chen747@example.com,Austin,Tx,Uk,2022-09-20,Referral Program,False
TES-C1296,Aarav Khan,aarav.khan237@example.com,New York,Ny,Jp,2025-10-05,Referral Program,False
TES-C8848,Li Johnson,li.johnson105@example.com,Los Angeles,Ca,Cn,2023-02-01,Referral Program,False
TES-C1500,Olivia Chen,olivia.chen49@example.com,Fremont,Ca,Us,2022-11-17,Unknown,False
TES-C9254,Mohammed Kumar,mohammed.kumar7@example.com,Seattle,Wa,Cn,2025-07-31,Referral Program,False
TES-C2189,ADITYA ANDERSON,aditya.anderson227@example.com,New York,Ny,Ca,2022-07-04,Standard,False
TES-C8688,rahul patel,rahul.patel998@example.com,San Francisco,Ca,De,2024-08-20,Standard,False
TES-C2030,Michael Patel,michael.patel825@example.com,Los Angeles,Ca,Us,2025-12-16,Insider,False
TES-C3738,Sofia Kumar,,New York,Ny,Jp,2024-09-13,Insider,True
TES-C2676,Emma Kumar,emma.kumar395@example.com,Fremont,Ca,Cn,2021-03-20,Insider,False
TES-C7626,Noah Brown,noah.brown410@example.com,Austin,Tx,Uk,2022-06-07,Insider,False
TES-C2264,Maria Khan,,New York,Ny,Jp,2024-04-24,Referral Program,True
TES-C3461,Yuki Rossi,yuki.rossi287@example.com,Los Angeles,Ca,Us,2024-07-23,Insider,False
TES-C4443,Anna Wang,anna.wang290@example.com,Seattle,Wa,Uk,2024-01-09,Insider,False
TES-C1271,Aarav Anderson,aarav.anderson527@example.com,Shanghai,Cn,Uk,2024-08-12,Referral Program,False
TES-C1799,Chen Tanaka,chen.tanaka254@example.com,Fremont,Ca,Jp,2023-05-16,Referral Program,False
TES-C3175,Sofia Rossi,sofia.rossi867@example.com,Los Angeles,Ca,Uk,2021-09-13,Referral Program,False
TES-C1472,David Kim,david.kim158@example.com,Fremont,Ca,De,2023-01-26,Referral Program,False
TES-C2980,ava smith,ava.smith13@example.com,New York,Ny,Uk,2024-01-22,Standard,False
TES-C6055,Emma Wilson,emma.wilson250@example.com,New York,Ny,De,2025-12-22,Referral Program,False
TES-C10053,Mohammed Wilson,mohammed.wilson2@example.com,Seattle,Wa,Cn,2024-04-05,Standard,False
TES-C4361,ANNA WANG,anna.wang232@example.com,Shanghai,Cn,De,2022-06-17,Standard,False
TES-C2925,Vivaan Kim,vivaan.kim914@example.com,Los Angeles,Ca,De,2023-01-26,Unknown,False
TES-C9058,Emma Anderson,emma.anderson614@example.com,Shanghai,Cn,Cn,2024-06-19,Referral Program,False
TES-C2202,Ava Martin,ava.martin770@example.com,Miami,Fl,Jp,2023-07-17,Standard,False
TES-C5769,Vivaan Chen,vivaan.chen427@example.com,Fremont,Ca,De,2023-12-23,Unknown,False
TES-C5026,Ken Lee,ken.lee388@example.com,Chicago,Il,Uk,2025-01-27,Standard,False
TES-C2585, David Chen ,david.chen76@example.com,Austin,Tx,Jp,2021-06-13,Insider,False
TES-C2620,BEN SMITH,ben.smith392@example.com,Miami,Fl,Uk,2023-04-11,Standard,False
TES-C8346,Ken Wilson,ken.wilson947@example.com,Berlin,De,De,2022-06-03,Referral Program,False
TES-C1365,Emma Davis,emma.davis541@example.com,Fremont,Ca,Jp,2024-10-22,Referral Program,False
TES-C1534,Noah Smith,noah.smith870@example.com,San Francisco,Ca,Ca,2025-05-20,Insider,False
TES-C8277,FATIMA ANDERSON,fatima.anderson973@example.com,Los Angeles,Ca,Us,2023-12-12,Standard,False
TES-C2865,Carlos Chen,carlos.chen490@example.com,San Francisco,Ca,Ca,2024-06-08,Standard,False
TES-C1607,Aditya Brown,aditya.brown469@example.com,Fremont,Ca,Ca,2021-07-14,Insider,False
TES-C4797,MICHAEL CHEN,michael.chen532@example.com,Austin,Tx,Cn,2021-12-28,Standard,False
TES-C4346,YUKI SHARMA,yuki.sharma544@example.com,Los Angeles,Ca,Jp,2024-05-04,Referral Program,False
TES-C6353,Liam Suzuki,liam.suzuki987@example.com,Austin,Tx,Jp,2021-04-05,Insider,False
TES-C3242,Emma Anderson,emma.anderson512@example.com,Fremont,Ca,Us,2024-04-06,Referral Program,False
TES-C4416,Rahul Kumar,rahul.kumar664@example.com,San Francisco,Ca,Jp,2024-06-21,Standard,False
TES-C7553,Olivia Rossi,olivia.rossi150@example.com,Chicago,Il,Cn,2024-02-27,Insider,False
TES-C5881,Michael Yamada,michael.yamada785@example.com,San Francisco,Ca,De,2024-05-26,Referral Program,False
TES-C4358,Ken Brown,ken.brown304@example.com,Austin,Tx,Uk,2021-02-08,Insider,False
TES-C3591,SARA LEE,sara.lee702@example.com,Seattle,Wa,Jp,2023-10-30,Standard,False
TES-C9794,Ava Müller,ava.müller459@example.com,Los Angeles,Ca,Us,2025-07-04,Standard,False
TES-C4897,Ben Suzuki,ben.suzuki166@example.com,Miami,Fl,Cn,2023-12-22,Insider,False
TES-C6816,Chen Kumar,chen.kumar621@example.com,Miami,Fl,Cn,2024-05-11,Standard,False
TES-C4134,Maria Khan,maria.khan892@example.com,Los Angeles,Ca,Ca,2025-03-11,Insider,False
TES-C4012,Zoe Wang,,Fremont,Ca,Cn,2023-11-10,Referral Program,True
TES-C7077,ADITYA MÜLLER,aditya.müller468@example.com,Miami,Fl,Ca,2021-09-22,Unknown,False
TES-C3188,AVA MÜLLER,ava.müller449@example.com,New York,Ny,Jp,2022-02-09,Insider,False
TES-C5718,Maria Patel,maria.patel105@example.com,Austin,Tx,Cn,2022-08-26,Referral Program,False
TES-C3382,ADITYA YAMADA,aditya.yamada35@example.com,Fremont,Ca,Us,2023-03-05,Standard,False
TES-C9426,James Smith,james.smith826@example.com,Austin,Tx,Us,2025-05-09,Insider,False
TES-C1643,Priya Martin,priya.martin713@example.com,Los Angeles,Ca,Uk,2024-02-04,Referral Program,False
TES-C5223,Sofia Smith,sofia.smith913@example.com,San Francisco,Ca,Jp,2022-12-04,Unknown,False
TES-C1730,JAMES DAVIS,james.davis418@example.com,Los Angeles,Ca,Cn,2021-03-22,Standard,False
TES-C5274,Noah Anderson,noah.anderson548@example.com,New York,Ny,De,2025-01-06,Unknown,False
TES-C4721,Emma Patel,,Fremont,Ca,Uk,2022-08-20,Insider,True
TES-C10430,Chen Khan,chen.khan291@example.com,Shanghai,Cn,Cn,2022-03-12,Referral Program,False
TES-C2812,Aarav Kim,aarav.kim714@example.com,Seattle,Wa,De,2024-07-18,Unknown,False
TES-C5254,Ken Müller,ken.müller804@example.com,Austin,Tx,De,2024-05-21,Referral Program,False
TES-C7418,Sofia Davis,sofia.davis796@example.com,Shanghai,Cn,Us,2025-09-04,Insider,False
TES-C4138,michael rossi,michael.rossi993@example.com,Shanghai,Cn,Ca,2022-10-24,Standard,False
TES-C1140,David Smith,david.smith548@example.com,Berlin,De,Jp,2024-11-26,Insider,False
TES-C1750,Maria Smith,maria.smith660@example.com,Austin,Tx,Us,2022-03-14,Insider,False
TES-C4680,Anna Kim,anna.kim653@example.com,Miami,Fl,Cn,2023-08-17,Referral Program,False
TES-C8432, Anna Garcia ,anna.garcia100@example.com,Fremont,Ca,Uk,2022-08-31,Referral Program,False
TES-C10644,Vivaan Yamada,vivaan.yamada80@example.com,Los Angeles,Ca,De,2024-10-08,Standard,False
TES-C6538,James Lee,james.lee55@example.com,Los Angeles,Ca,Uk,2025-10-13,Insider,False
TES-C2989,Noah Wang,noah.wang459@example.com,San Francisco,Ca,Cn,2023-03-30,Insider,False
TES-C9440,Rahul Müller,,Shanghai,Cn,De,2024-07-31,Standard,True
TES-C10185,Carlos Martin,carlos.martin914@example.com,Berlin,De,Us,2022-01-14,Insider,False
TES-C1694,John Tanaka,,Miami,Fl,Ca,2022-10-26,Insider,True
TES-C10861,liam sharma,liam.sharma188@example.com,Berlin,De,De,2025-06-21,Insider,False
TES-C5354,DAVID ANDERSON,david.anderson755@example.com,Berlin,De,Ca,2022-07-01,Insider,False
TES-C8973, Vivaan Chen ,vivaan.chen432@example.com,Los Angeles,Ca,Uk,2022-10-21,Insider,False
TES-C2467,Maria Davis,maria.davis387@example.com,Los Angeles,Ca,Uk,2025-03-02,Referral Program,False
TES-C1815,Sara Brown,sara.brown772@example.com,Seattle,Wa,De,2023-11-01,Referral Program,False
TES-C6411,Wei Suzuki,wei.suzuki422@example.com,Fremont,Ca,Jp,2024-08-26,Standard,False
TES-C9676,Zoe Kim,zoe.kim290@example.com,San Francisco,Ca,Ca,2023-02-09,Standard,False
TES-C4087,Aarav Suzuki,aarav.suzuki476@example.com,Los Angeles,Ca,Ca,2023-09-29,Standard,False
TES-C8571,ADITYA SUZUKI,,Shanghai,Cn,Us,2023-10-13,Referral Program,True
TES-C4384,Ben Chen,ben.chen588@example.com,New York,Ny,Cn,2021-04-21,Insider,False
TES-C9076,Carlos Kim,carlos.kim236@example.com,Los Angeles,Ca,Cn,2025-08-31,Referral Program,False
TES-C6866, Ava Kim ,ava.kim168@example.com,Shanghai,Cn,De,2021-10-02,Insider,False
TES-C5214,JOHN TANAKA,john.tanaka271@example.com,New York,Ny,Ca,2023-03-01,Insider,False
TES-C4207,Liam Smith,liam.smith652@example.com,Fremont,Ca,De,2025-11-14,Insider,False
TES-C3374,Vivaan Wilson,vivaan.wilson664@example.com,Miami,Fl,Jp,2023-07-03,Standard,False
TES-C9512,li müller,li.müller975@example.com,Fremont,Ca,Ca,2025-04-28,Referral Program,False
TES-C5706,li patel,,Fremont,Ca,Us,2022-09-06,Standard,True
TES-C3106,Chen Chen,chen.chen711@example.com,Seattle,Wa,De,2022-11-10,Insider,False
TES-C1554,liam martin,,Berlin,De,De,2024-01-21,Referral Program,True
TES-C1075,Aditya Suzuki,aditya.suzuki124@example.com,New York,Ny,Cn,2023-06-30,Insider,False
TES-C8081,Li Martin,li.martin994@example.com,Los Angeles,Ca,Uk,2025-06-07,Insider,False
TES-C7288,Emma Yamada,,New York,Ny,Jp,2023-04-18,Standard,True
TES-C7726,David Yamada,david.yamada377@example.com,Chicago,Il,Us,2024-04-21,Standard,False
TES-C5664,Yuki Kim,yuki.kim91@example.com,New York,Ny,Ca,2022-05-30,Referral Program,False
TES-C6956,Li Patel,li.patel158@example.com,Los Angeles,Ca,Us,2024-11-25,Referral Program,False
TES-C1872,Aditya Davis,aditya.davis84@example.com,New York,Ny,De,2021-07-24,Standard,False
TES-C7878,Anna Garcia,anna.garcia981@example.com,Berlin,De,De,2022-01-28,Standard,False
TES-C1179,Rahul Rossi,,San Francisco,Ca,Cn,2024-06-12,Standard,True
TES-C1638,David Brown,,Miami,Fl,De,2024-06-29,Standard,True
TES-C8141,Li Tanaka,li.tanaka190@example.com,Chicago,Il,Uk,2025-04-24,Referral Program,False
TES-C10624,Liam Sharma,liam.sharma933@example.com,New York,Ny,Uk,2023-09-16,Insider,False
TES-C1385,ZOE YAMADA,zoe.yamada832@example.com,Fremont,Ca,Uk,2022-02-02,Standard,False
TES-C10580,Noah Chen,noah.chen341@example.com,San Francisco,Ca,Us,2021-05-10,Insider,False
TES-C4674,Ava Brown,ava.brown78@example.com,San Francisco,Ca,Cn,2023-09-18,Referral Program,False
TES-C1487,Michael Anderson,michael.anderson144@example.com,Seattle,Wa,Us,2022-04-22,Standard,False
TES-C5945,sara tanaka,,Austin,Tx,Jp,2022-06-12,Standard,True
TES-C9243,maria martin,maria.martin959@example.com,Miami,Fl,Cn,2025-09-07,Standard,False
TES-C4055,Sara Kim,sara.kim214@example.com,New York,Ny,Cn,2022-07-29,Standard,False
TES-C8097,Sara Kim,sara.kim562@example.com,Fremont,Ca,De,2023-08-21,Insider,False
TES-C3731,Ken Yamada,ken.yamada165@example.com,Chicago,Il,De,2023-12-07,Referral Program,False
TES-C10325,Chen Martin,chen.martin55@example.com,Austin,Tx,Ca,2023-02-13,Referral Program,False
TES-C10528,Zoe Singh,zoe.singh821@example.com,San Francisco,Ca,Uk,2022-03-07,Insider,False
TES-C1325,Ava Chen,ava.chen442@example.com,Seattle,Wa,Jp,2025-02-02,Standard,False
TES-C8622,vivaan davis,vivaan.davis894@example.com,Seattle,Wa,Ca,2025-04-06,Insider,False
TES-C6115,Yuki Lee,,New York,Ny,Uk,2024-01-21,Referral Program,True
TES-C7516,David Tanaka,,Los Angeles,Ca,De,2025-08-03,Insider,True
TES-C8410,LI SINGH,li.singh603@example.com,Austin,Tx,Jp,2024-03-15,Insider,False
TES-C8754,David Chen,david.chen131@example.com,Austin,Tx,Us,2025-11-08,Referral Program,False
TES-C8325,VIVAAN DAVIS,vivaan.davis525@example.com,Miami,Fl,Ca,2023-02-17,Insider,False
TES-C3500,Vivaan Kumar,vivaan.kumar449@example.com,Miami,Fl,Cn,2022-02-26,Insider,False
TES-C4649,Li Wilson,li.wilson912@example.com,Fremont,Ca,Ca,2021-03-29,Insider,False
TES-C2862,Wei Chen,wei.chen837@example.com,Fremont,Ca,Jp,2024-11-03,Insider,False
TES-C3611,Vivaan Müller,vivaan.müller510@example.com,Berlin,De,De,2025-01-16,Standard,False
TES-C1615,John Sharma,john.sharma425@example.com,Seattle,Wa,Us,2022-12-12,Insider,False
TES-C7417,Maria Brown,maria.brown646@example.com,Fremont,Ca,Ca,2022-08-06,Standard,False
TES-C4558,Noah Suzuki,,Fremont,Ca,Us,2022-06-16,Insider,True
TES-C7932,Aarav Brown,aarav.brown573@example.com,New York,Ny,Jp,2025-07-21,Standard,False
TES-C3779,Carlos Martin,carlos.martin599@example.com,Los Angeles,Ca,De,2023-08-31,Standard,False
TES-C7923,Ava Johnson,ava.johnson714@example.com,Seattle,Wa,Jp,2021-12-19,Standard,False
TES-C10882,Maria Martin,maria.martin635@example.com,Shanghai,Cn,Jp,2025-06-21,Insider,False
TES-C2829,Ava Wang,ava.wang468@example.com,Shanghai,Cn,Us,2023-08-23,Referral Program,False
TES-C8647, Zoe Wilson ,zoe.wilson381@example.com,Miami,Fl,Uk,2021-05-01,Referral Program,False
TES-C7498,Yuki Wang,yuki.wang202@example.com,New York,Ny,Us,2024-05-18,Insider,False
TES-C1983,Emma Khan,,Los Angeles,Ca,Us,2025-02-17,Insider,True
TES-C3907,Aarav Martin,aarav.martin938@example.com,Los Angeles,Ca,Us,2023-11-16,Insider,False
TES-C8887,Liam Brown,liam.brown981@example.com,Seattle,Wa,De,2021-07-18,Referral Program,False
TES-C1823,Zoe Singh,zoe.singh889@example.com,Chicago,Il,Jp,2023-05-14,Referral Program,False
TES-C3405,Li Anderson,li.anderson226@example.com,Chicago,Il,Ca,2022-11-27,Standard,False
TES-C4907,Sofia Tanaka,sofia.tanaka901@example.com,Los Angeles,Ca,De,2023-11-19,Referral Program,False
TES-C7712,Maria Smith,,Shanghai,Cn,Ca,2023-04-06,Insider,True
TES-C8654,Fatima Martin,fatima.martin768@example.com,San Francisco,Ca,De,2025-01-13,Referral Program,False
TES-C5070,Yuki Yamada,yuki.yamada805@example.com,Shanghai,Cn,Us,2022-01-23,Referral Program,False
TES-C8088,Vivaan Patel,vivaan.patel240@example.com,Shanghai,Cn,Ca,2023-11-02,Insider,False
TES-C9517,Emma Davis,emma.davis107@example.com,Seattle,Wa,Us,2021-01-22,Insider,False
TES-C10126,Zoe Smith,zoe.smith34@example.com,Fremont,Ca,De,2025-06-25,Unknown,False
TES-C5802,Aditya Chen,aditya.chen530@example.com,New York,Ny,Jp,2024-03-29,Referral Program,False
TES-C3838,Li Martin,li.martin161@example.com,Seattle,Wa,Us,2025-03-25,Insider,False
TES-C4708,Mohammed Smith,mohammed.smith770@example.com,Berlin,De,De,2021-11-14,Standard,False
TES-C4363,Ben Patel,ben.patel19@example.com,Los Angeles,Ca,Us,2023-07-23,Referral Program,False
TES-C6522,Priya Smith,priya.smith43@example.com,Berlin,De,De,2022-11-13,Standard,False
TES-C8577,Chen Garcia,chen.garcia770@example.com,Shanghai,Cn,Uk,2022-11-05,Referral Program,False
TES-C2026,mohammed anderson,,Austin,Tx,Uk,2025-05-18,Standard,True
TES-C3043,Ben Khan,ben.khan50@example.com,Austin,Tx,Jp,2021-06-14,Insider,False
TES-C8418,Carlos Suzuki,carlos.suzuki81@example.com,Chicago,Il,Ca,2021-10-23,Insider,False
TES-C6365,john lee,john.lee159@example.com,Berlin,De,Jp,2024-11-22,Insider,False
TES-C1366,Emma Khan,,San Francisco,Ca,Uk,2024-06-01,Insider,True
TES-C3145,Priya Patel,priya.patel51@example.com,Seattle,Wa,De,2024-09-04,Referral Program,False
TES-C9835,Priya Kumar,priya.kumar430@example.com,Berlin,De,Ca,2021-09-13,Referral Program,False
TES-C1258,John Wang,john.wang439@example.com,San Francisco,Ca,De,2025-10-04,Insider,False
TES-C2532,Michael Johnson,michael.johnson433@example.com,Miami,Fl,Ca,2023-01-11,Standard,False
TES-C6557,Sofia Anderson,sofia.anderson770@example.com,Austin,Tx,Ca,2022-06-09,Insider,False
TES-C2145,LI WANG,li.wang558@example.com,Los Angeles,Ca,Cn,2022-05-27,Referral Program,False
TES-C3625,Sofia Tanaka,sofia.tanaka450@example.com,Shanghai,Cn,Ca,2023-06-27,Insider,False
TES-C1990,Sara Wang,sara.wang815@example.com,Berlin,De,Us,2024-06-27,Referral Program,False
TES-C8923,Michael Sharma,michael.sharma753@example.com,Miami,Fl,Cn,2023-08-31,Standard,False
TES-C10045,Ken Kim,ken.kim680@example.com,Los Angeles,Ca,Ca,2022-12-16,Referral Program,False
TES-C7534,Zoe Chen,zoe.chen226@example.com,Fremont,Ca,Jp,2021-08-18,Referral Program,False
TES-C8283,Chen Lee,chen.lee772@example.com,Seattle,Wa,Uk,2024-06-26,Insider,False
TES-C3359,MOHAMMED MÜLLER,mohammed.müller630@example.com,Berlin,De,Cn,2023-05-15,Standard,False
TES-C1868,sara tanaka,sara.tanaka955@example.com,Seattle,Wa,Jp,2022-08-21,Standard,False
TES-C7054,MICHAEL MARTIN,michael.martin886@example.com,Fremont,Ca,Uk,2021-01-04,Insider,False
TES-C7555,VIVAAN ANDERSON,vivaan.anderson197@example.com,Fremont,Ca,De,2025-10-19,Insider,False
TES-C4976,Ken Wilson,ken.wilson363@example.com,Los Angeles,Ca,Us,2024-01-20,Standard,False
TES-C2973,emma chen,emma.chen723@example.com,Chicago,Il,De,2022-09-28,Insider,False
TES-C10418,mohammed tanaka,mohammed.tanaka251@example.com,Fremont,Ca,Ca,2021-10-23,Insider,False
TES-C4504,Carlos Singh,carlos.singh416@example.com,Seattle,Wa,Cn,2023-12-24,Referral Program,False
TES-C3218,Carlos Yamada,carlos.yamada894@example.com,Chicago,Il,Jp,2024-12-23,Insider,False
TES-C5376,Liam Wilson,liam.wilson879@example.com,Berlin,De,Cn,2024-07-28,Insider,False
TES-C1216,Ken Singh,ken.singh523@example.com,Chicago,Il,Us,2024-05-26,Standard,False
TES-C5400,Olivia Sharma,olivia.sharma252@example.com,Seattle,Wa,Cn,2025-01-30,Insider,False
TES-C1307,James Singh,james.singh129@example.com,Austin,Tx,Us,2024-11-05,Referral Program,False
TES-C2307,Yuki Lee,yuki.lee797@example.com,Fremont,Ca,Jp,2022-10-06,Insider,False
TES-C7365,Zoe Johnson,zoe.johnson569@example.com,Seattle,Wa,Ca,2023-09-16,Insider,False
TES-C2804,SOFIA GARCIA,sofia.garcia610@example.com,Berlin,De,Jp,2023-05-18,Standard,False
TES-C5807,Olivia Kumar,olivia.kumar442@example.com,Berlin,De,Jp,2024-01-13,Standard,False
TES-C3890,David Yamada,david.yamada124@example.com,Fremont,Ca,Jp,2025-03-29,Insider,False
TES-C3114,aarav lee,aarav.lee590@example.com,Seattle,Wa,Jp,2025-11-10,Standard,False
TES-C6891,Zoe Suzuki,zoe.suzuki616@example.com,Miami,Fl,De,2022-08-17,Insider,False
TES-C7543,Aditya Rossi,aditya.rossi552@example.com,San Francisco,Ca,Ca,2025-05-03,Standard,False
TES-C2957,Chen Kim,chen.kim573@example.com,Chicago,Il,Uk,2022-07-18,Standard,False
TES-C8519,NOAH PATEL,noah.patel108@example.com,Seattle,Wa,De,2022-06-10,Standard,False
TES-C3876,Olivia Davis,olivia.davis956@example.com,Los Angeles,Ca,Cn,2022-10-30,Standard,False
TES-C9510,Ken Garcia,ken.garcia11@example.com,New York,Ny,De,2021-02-19,Insider,False
TES-C6563,Wei Garcia,wei.garcia464@example.com,Shanghai,Cn,Cn,2024-11-16,Standard,False
TES-C9221,Zoe Yamada,zoe.yamada695@example.com,Chicago,Il,Cn,2025-12-08,Insider,False
TES-C8760,Wei Wilson,wei.wilson45@example.com,Chicago,Il,Cn,2023-03-22,Referral Program,False
TES-C1997,Carlos Garcia,carlos.garcia262@example.com,Chicago,Il,Uk,2021-03-27,Standard,False
TES-C8555,Li Wang,li.wang194@example.com,New York,Ny,Ca,2022-08-17,Referral Program,False
TES-C8101,Ken Singh,ken.singh935@example.com,Fremont,Ca,Ca,2024-05-03,Insider,False
TES-C3984,Ava Müller,ava.müller328@example.com,Austin,Tx,De,2025-05-21,Insider,False
TES-C2500,WEI CHEN,wei.chen629@example.com,Austin,Tx,Uk,2022-04-14,Insider,False
TES-C9403,Liam Tanaka,liam.tanaka279@example.com,Seattle,Wa,Cn,2022-06-18,Referral Program,False
TES-C10427,Priya Kim,priya.kim224@example.com,Chicago,Il,Uk,2023-02-25,Insider,False
TES-C1786,Fatima Singh,fatima.singh367@example.com,San Francisco,Ca,Us,2024-09-28,Insider,False
TES-C1412,Aditya Chen,aditya.chen795@example.com,Shanghai,Cn,Cn,2023-11-28,Referral Program,False
TES-C1209,Aarav Davis,aarav.davis589@example.com,San Francisco,Ca,Us,2024-08-08,Standard,False
TES-C1129,Li Rossi,li.rossi379@example.com,Shanghai,Cn,Ca,2022-10-29,Standard,False
TES-C4450,Aditya Wilson,aditya.wilson111@example.com,Austin,Tx,Us,2025-09-01,Referral Program,False
TES-C2461,emma khan,emma.khan148@example.com,Fremont,Ca,Uk,2021-10-09,Referral Program,False
TES-C10415,Sofia Johnson,sofia.johnson588@example.com,Berlin,De,Cn,2024-07-28,Referral Program,False
TES-C1795,Aarav Johnson,aarav.johnson862@example.com,Los Angeles,Ca,Ca,2021-12-07,Insider,False
TES-C5352,SOFIA LEE,sofia.lee666@example.com,Chicago,Il,Uk,2024-03-21,Referral Program,False
TES-C3356,James Chen,james.chen587@example.com,New York,Ny,Uk,2022-09-21,Standard,False
TES-C10913,liam kumar,liam.kumar365@example.com,Berlin,De,De,2023-02-22,Standard,False
TES-C9067,ZOE JOHNSON,zoe.johnson117@example.com,Berlin,De,Cn,2022-10-03,Referral Program,False
TES-C9599,Sara Garcia,sara.garcia445@example.com,Fremont,Ca,Cn,2025-02-05,Insider,False
TES-C4359,Priya Kumar,priya.kumar719@example.com,Shanghai,Cn,Uk,2024-09-02,Standard,False
TES-C2606,John Kumar,john.kumar25@example.com,Miami,Fl,Ca,2023-08-29,Standard,False
TES-C5909,Wei Kim,wei.kim209@example.com,Chicago,Il,Cn,2025-06-07,Insider,False
TES-C10413,Aarav Suzuki,aarav.suzuki799@example.com,Los Angeles,Ca,De,2022-07-13,Standard,False
TES-C6705,Vivaan Smith,vivaan.smith35@example.com,Chicago,Il,Uk,2024-10-31,Standard,False
TES-C10237,Sofia Yamada,sofia.yamada16@example.com,Fremont,Ca,Cn,2023-01-17,Referral Program,False
TES-C2298,anna wilson,anna.wilson553@example.com,Chicago,Il,Uk,2024-02-02,Referral Program,False
TES-C5925,DAVID CHEN,david.chen280@example.com,Miami,Fl,Cn,2025-10-18,Unknown,False
TES-C4096,Li Wang,li.wang592@example.com,Austin,Tx,Jp,2025-01-12,Insider,False
TES-C3176,Aarav Johnson,aarav.johnson98@example.com,Fremont,Ca,Ca,2025-11-22,Referral Program,False
TES-C1886,Zoe Khan,zoe.khan11@example.com,Miami,Fl,Jp,2022-08-19,Unknown,False
TES-C9556,Ava Müller,ava.müller20@example.com,Los Angeles,Ca,Cn,2021-07-05,Referral Program,False
TES-C10411,ava martin,ava.martin877@example.com,Chicago,Il,Cn,2025-11-20,Insider,False
TES-C1217,ADITYA LEE,aditya.lee410@example.com,Chicago,Il,Jp,2023-06-12,Standard,False
TES-C2212,Rahul Johnson,rahul.johnson239@example.com,Fremont,Ca,Ca,2023-07-01,Insider,False
TES-C9928,Carlos Patel,carlos.patel540@example.com,Los Angeles,Ca,De,2023-12-23,Referral Program,False
TES-C3067,anna rossi,anna.rossi309@example.com,Austin,Tx,Us,2021-04-05,Referral Program,False
TES-C1080,Wei Kim,wei.kim755@example.com,Fremont,Ca,Jp,2023-01-28,Insider,False
TES-C5797, Yuki Müller ,yuki.müller80@example.com,Miami,Fl,Ca,2023-03-27,Referral Program,False
TES-C10993,Ben Anderson,ben.anderson150@example.com,New York,Ny,Uk,2025-04-28,Insider,False
TES-C6796,Michael Lee,michael.lee43@example.com,Seattle,Wa,De,2022-09-26,Referral Program,False
TES-C9450,mohammed martin,mohammed.martin490@example.com,Berlin,De,Us,2023-10-16,Insider,False
TES-C3422,ANNA TANAKA,,Berlin,De,Ca,2024-07-18,Standard,True
TES-C4547,Noah Lee,noah.lee151@example.com,San Francisco,Ca,Us,2023-01-11,Referral Program,False
TES-C8273,Noah Martin,noah.martin508@example.com,Fremont,Ca,Cn,2021-07-24,Standard,False
TES-C10902,Priya Kim,priya.kim416@example.com,Chicago,Il,Uk,2021-05-31,Insider,False
TES-C8485,Fatima Rossi,fatima.rossi883@example.com,San Francisco,Ca,Ca,2021-12-19,Standard,False
TES-C10617,Yuki Smith,yuki.smith394@example.com,Austin,Tx,Uk,2021-11-25,Referral Program,False
TES-C2890,Yuki Lee,,Fremont,Ca,Cn,2023-10-08,Referral Program,True
TES-C10603,Aarav Martin,aarav.martin945@example.com,Shanghai,Cn,Jp,2021-07-18,Referral Program,False
TES-C8408,James Davis,james.davis859@example.com,Seattle,Wa,Ca,2023-12-17,Standard,False
TES-C5568,Yuki Anderson,yuki.anderson428@example.com,Chicago,Il,De,2022-10-24,Standard,False
TES-C8343,fatima kim,fatima.kim239@example.com,Austin,Tx,De,2023-03-17,Unknown,False
TES-C9075,SARA GARCIA,sara.garcia496@example.com,New York,Ny,Us,2023-06-17,Standard,False
TES-C3212,Li Tanaka,li.tanaka960@example.com,Austin,Tx,Jp,2024-11-20,Insider,False
TES-C6709,ken wang,ken.wang315@example.com,Miami,Fl,Us,2024-12-30,Insider,False
TES-C1355,Carlos Garcia,carlos.garcia296@example.com,Fremont,Ca,Cn,2021-01-20,Referral Program,False
TES-C6897,Li Müller,li.müller862@example.com,Austin,Tx,Jp,2024-11-01,Insider,False
TES-C6974,Ben Martin,ben.martin496@example.com,Chicago,Il,De,2023-06-01,Referral Program,False
TES-C6101,Fatima Johnson,fatima.johnson594@example.com,San Francisco,Ca,Us,2024-01-01,Referral Program,False
TES-C10330,John Garcia,john.garcia535@example.com,Miami,Fl,Jp,2021-06-30,Insider,False
TES-C8114,Noah Martin,noah.martin888@example.com,Seattle,Wa,Cn,2023-10-27,Referral Program,False
TES-C2023,Ava Lee,ava.lee22@example.com,Los Angeles,Ca,Uk,2025-09-07,Insider,False
TES-C6703,Maria Sharma,maria.sharma419@example.com,Miami,Fl,Us,2023-01-07,Insider,False
TES-C6675,RAHUL TANAKA,rahul.tanaka892@example.com,Miami,Fl,Cn,2023-06-02,Insider,False
TES-C1370,Li Wilson,li.wilson653@example.com,Shanghai,Cn,Cn,2021-02-17,Insider,False
TES-C10926, Rahul Garcia ,rahul.garcia953@example.com,New York,Ny,Uk,2021-08-19,Referral Program,False
TES-C3629,Zoe Yamada,zoe.yamada46@example.com,Miami,Fl,Uk,2025-05-22,Standard,False
TES-C6744,Olivia Smith,olivia.smith912@example.com,New York,Ny,Ca,2021-09-18,Standard,False
TES-C8870,Rahul Patel,rahul.patel881@example.com,Berlin,De,De,2023-02-11,Referral Program,False
TES-C4116,James Patel,,San Francisco,Ca,Jp,2024-11-17,Standard,True
TES-C8052,Emma Johnson,emma.johnson254@example.com,Los Angeles,Ca,De,2025-07-04,Insider,False
TES-C5491,James Anderson,james.anderson417@example.com,Berlin,De,Jp,2023-07-03,Referral Program,False
TES-C10261,yuki khan,yuki.khan387@example.com,San Francisco,Ca,Uk,2023-03-12,Standard,False
TES-C1146,Carlos Khan,carlos.khan968@example.com,Fremont,Ca,De,2021-01-30,Unknown,False
TES-C5758,Sara Wang,sara.wang531@example.com,Austin,Tx,Jp,2023-01-16,Insider,False
TES-C10329,Noah Müller,noah.müller409@example.com,Berlin,De,Uk,2024-02-16,Insider,False
TES-C3206,Priya Tanaka,priya.tanaka956@example.com,Shanghai,Cn,Us,2021-04-25,Unknown,False
TES-C10429,yuki kim,yuki.kim290@example.com,Chicago,Il,Cn,2021-11-15,Standard,False
TES-C5148,Maria Wang,maria.wang728@example.com,Chicago,Il,Ca,2021-12-23,Referral Program,False
TES-C1676,David Johnson,david.johnson916@example.com,Shanghai,Cn,Uk,2024-12-13,Insider,False
TES-C7874,Vivaan Garcia,vivaan.garcia766@example.com,Miami,Fl,De,2022-10-08,Standard,False
TES-C9790,BEN SINGH,ben.singh961@example.com,Los Angeles,Ca,De,2024-09-26,Insider,False
TES-C1860,Carlos Smith,carlos.smith77@example.com,Los Angeles,Ca,Uk,2024-06-17,Referral Program,False
TES-C9182,Maria Wilson,maria.wilson666@example.com,Los Angeles,Ca,Ca,2023-10-22,Standard,False
TES-C2845,Maria Sharma,maria.sharma126@example.com,Los Angeles,Ca,Ca,2023-01-15,Insider,False
TES-C2613,Wei Garcia,wei.garcia843@example.com,Fremont,Ca,Us,2022-07-19,Insider,False
TES-C1612,BEN TANAKA,ben.tanaka37@example.com,Shanghai,Cn,Ca,2025-02-24,Standard,False
TES-C3575,Ken Sharma,ken.sharma783@example.com,Berlin,De,Cn,2022-03-18,Referral Program,False
TES-C6787,James Tanaka,james.tanaka673@example.com,Austin,Tx,Jp,2023-02-17,Referral Program,False
TES-C2552,Carlos Garcia,carlos.garcia183@example.com,Chicago,Il,De,2021-06-17,Standard,False
TES-C7410,James Smith,james.smith286@example.com,Berlin,De,Cn,2021-05-23,Insider,False
TES-C7052,Ken Tanaka,ken.tanaka996@example.com,New York,Ny,Uk,2025-12-02,Referral Program,False
TES-C10165,Mohammed Singh,mohammed.singh768@example.com,Berlin,De,Us,2021-06-03,Standard,False
TES-C7551, Aarav Brown ,,Los Angeles,Ca,Uk,2023-01-04,Unknown,True
TES-C8064,Olivia Khan,olivia.khan373@example.com,Los Angeles,Ca,Ca,2025-11-11,Insider,False
TES-C7795,BEN JOHNSON,ben.johnson933@example.com,New York,Ny,Uk,2022-11-23,Standard,False
TES-C8227,Mohammed Garcia,mohammed.garcia577@example.com,Fremont,Ca,Uk,2021-03-26,Referral Program,False
TES-C6464, Ben Khan ,ben.khan780@example.com,Los Angeles,Ca,Us,2025-03-11,Insider,False
TES-C5080,Mohammed Wilson,mohammed.wilson78@example.com,New York,Ny,Cn,2022-10-17,Standard,False
TES-C4152,James Wilson,james.wilson870@example.com,Austin,Tx,Ca,2022-10-24,Referral Program,False
TES-C5525,Aditya Kim,aditya.kim261@example.com,Chicago,Il,Cn,2021-01-24,Insider,False
TES-C8736,David Müller,david.müller955@example.com,Fremont,Ca,Jp,2025-02-11,Insider,False
TES-C5558,Ben Sharma,ben.sharma815@example.com,Seattle,Wa,De,2021-01-30,Standard,False
TES-C1613,Carlos Chen,carlos.chen955@example.com,Seattle,Wa,Jp,2021-03-23,Standard,False
TES-C7014,Aditya Tanaka,aditya.tanaka909@example.com,Berlin,De,Uk,2025-08-30,Referral Program,False
TES-C10221,Michael Lee,michael.lee790@example.com,Berlin,De,Us,2021-10-02,Referral Program,False
TES-C6953,Rahul Garcia,rahul.garcia844@example.com,New York,Ny,Us,2024-03-11,Standard,False
TES-C4863,Ben Martin,ben.martin200@example.com,San Francisco,Ca,Jp,2022-06-10,Standard,False
TES-C9324,Ben Rossi,ben.rossi721@example.com,Berlin,De,Cn,2025-12-06,Insider,False
TES-C8014,james suzuki,james.suzuki110@example.com,Austin,Tx,De,2023-04-23,Insider,False
TES-C6851,Fatima Khan,fatima.khan150@example.com,Chicago,Il,Uk,2025-02-20,Standard,False
TES-C6646, Emma Müller ,emma.müller214@example.com,Shanghai,Cn,Cn,2025-04-04,Standard,False
TES-C3802,chen smith,chen.smith575@example.com,Seattle,Wa,Cn,2024-07-25,Insider,False
TES-C7808,Emma Kumar,emma.kumar636@example.com,Seattle,Wa,Jp,2022-02-21,Standard,False
TES-C10943,Priya Sharma,priya.sharma78@example.com,San Francisco,Ca,De,2025-09-07,Referral Program,False
TES-C7828,ava davis,ava.davis955@example.com,Seattle,Wa,Jp,2022-04-17,Insider,False
TES-C3554,Anna Müller,anna.müller128@example.com,Shanghai,Cn,De,2022-11-07,Insider,False
TES-C4619,Ava Kim,ava.kim74@example.com,Chicago,Il,De,2024-01-25,Referral Program,False
TES-C10092,Sara Kumar,sara.kumar958@example.com,Fremont,Ca,De,2022-09-28,Standard,False
TES-C5927,vivaan garcia,vivaan.garcia612@example.com,Seattle,Wa,Jp,2024-03-25,Insider,False
TES-C4100,Fatima Johnson,fatima.johnson504@example.com,Fremont,Ca,Jp,2024-01-16,Referral Program,False
TES-C5047,Aditya Suzuki,aditya.suzuki487@example.com,New York,Ny,Us,2023-01-20,Insider,False
TES-C5550,Carlos Yamada,carlos.yamada923@example.com,Los Angeles,Ca,Ca,2024-11-17,Standard,False
TES-C8313,Rahul Davis,rahul.davis439@example.com,Chicago,Il,Cn,2025-08-20,Insider,False
TES-C10691,OLIVIA ROSSI,olivia.rossi669@example.com,New York,Ny,Jp,2024-06-19,Insider,False
TES-C5900,Ben Lee,ben.lee775@example.com,San Francisco,Ca,Ca,2023-08-20,Insider,False
TES-C5135,emma sharma,emma.sharma841@example.com,San Francisco,Ca,De,2024-10-23,Standard,False
TES-C5812,Chen Kumar,chen.kumar808@example.com,Shanghai,Cn,De,2025-03-30,Insider,False
TES-C2641,Carlos Sharma,carlos.sharma283@example.com,Los Angeles,Ca,Uk,2023-08-17,Insider,False
TES-C5343,Mohammed Martin,mohammed.martin896@example.com,Miami,Fl,Us,2023-08-23,Standard,False
TES-C2799,CARLOS YAMADA,carlos.yamada328@example.com,Los Angeles,Ca,Us,2021-02-10,Referral Program,False
TES-C7142,Mohammed Johnson,mohammed.johnson604@example.com,Fremont,Ca,Cn,2021-08-16,Referral Program,False
TES-C5206,Rahul Lee,rahul.lee639@example.com,Fremont,Ca,Cn,2023-10-24,Insider,False
TES-C1463,Emma Yamada,emma.yamada343@example.com,Chicago,Il,Cn,2022-06-10,Referral Program,False
TES-C9414,Wei Lee,wei.lee915@example.com,Los Angeles,Ca,Us,2024-09-29,Standard,False
TES-C1395,Rahul Yamada,rahul.yamada521@example.com,New York,Ny,Jp,2022-10-05,Insider,False
TES-C7319,Michael Wang,michael.wang546@example.com,San Francisco,Ca,Jp,2021-04-21,Unknown,False
TES-C9112,James Johnson,james.johnson905@example.com,New York,Ny,De,2025-07-15,Insider,False
TES-C6606,Yuki Anderson,yuki.anderson834@example.com,Berlin,De,Ca,2022-06-09,Insider,False
TES-C2274,ava davis,ava.davis224@example.com,Berlin,De,De,2022-04-01,Referral Program,False
TES-C8075,James Anderson,james.anderson326@example.com,Miami,Fl,Us,2022-08-30,Insider,False
TES-C7810,Wei Smith,wei.smith274@example.com,Chicago,Il,De,2023-04-14,Standard,False
TES-C1348,Wei Rossi,wei.rossi818@example.com,Austin,Tx,Us,2025-04-30,Insider,False
TES-C3282,Sofia Kumar,sofia.kumar992@example.com,Los Angeles,Ca,Uk,2024-06-27,Insider,False
TES-C7663,Ben Müller,ben.müller181@example.com,Austin,Tx,De,2023-09-22,Referral Program,False
TES-C6616,Olivia Lee,olivia.lee204@example.com,Seattle,Wa,Ca,2023-12-06,Insider,False
TES-C6158,Ken Kim,ken.kim662@example.com,Berlin,De,De,2021-01-02,Standard,False
TES-C5101,EMMA GARCIA,emma.garcia819@example.com,Los Angeles,Ca,De,2025-05-30,Insider,False
TES-C2313,Wei Müller,wei.müller747@example.com,Chicago,Il,Ca,2022-10-29,Referral Program,False
TES-C3234,Noah Davis,noah.davis433@example.com,Seattle,Wa,Uk,2025-01-17,Standard,False
TES-C9515,Michael Wilson,michael.wilson697@example.com,Shanghai,Cn,Uk,2024-05-01,Standard,False
TES-C4409,Ava Lee,ava.lee532@example.com,San Francisco,Ca,Jp,2023-09-28,Standard,False
TES-C2025,aditya chen,aditya.chen443@example.com,Los Angeles,Ca,De,2024-12-15,Standard,False
TES-C7660,Ava Garcia,ava.garcia725@example.com,Austin,Tx,Ca,2025-02-03,Referral Program,False
TES-C3090,Olivia Anderson,olivia.anderson908@example.com,San Francisco,Ca,Ca,2023-08-10,Referral Program,False
TES-C9225,Rahul Johnson,rahul.johnson221@example.com,San Francisco,Ca,Ca,2023-12-03,Referral Program,False
TES-C2611,Anna Garcia,,Austin,Tx,Cn,2023-03-09,Standard,True
TES-C6029,Chen Johnson,chen.johnson341@example.com,Berlin,De,Jp,2024-05-23,Standard,False
TES-C10830,Mohammed Garcia,mohammed.garcia321@example.com,Seattle,Wa,Uk,2024-11-22,Insider,False
TES-C1273,Aarav Yamada,aarav.yamada948@example.com,Fremont,Ca,De,2024-11-06,Standard,False
TES-C9488,Ava Rossi,ava.rossi283@example.com,Seattle,Wa,Cn,2021-05-02,Referral Program,False
TES-C5031,Aditya Wang,aditya.wang28@example.com,San Francisco,Ca,De,2024-04-03,Standard,False
TES-C6424,Maria Davis,maria.davis652@example.com,Miami,Fl,Cn,2023-12-18,Standard,False
TES-C8664,Liam Brown,liam.brown157@example.com,Fremont,Ca,Ca,2021-02-11,Insider,False
TES-C2315,Ken Suzuki,ken.suzuki991@example.com,Seattle,Wa,De,2025-08-06,Standard,False
TES-C8302,Ava Kim,ava.kim242@example.com,San Francisco,Ca,De,2022-04-12,Referral Program,False
TES-C5205,Noah Kumar,noah.kumar316@example.com,Shanghai,Cn,Jp,2023-05-12,Insider,False
TES-C8012, James Smith ,james.smith577@example.com,Los Angeles,Ca,Cn,2021-09-20,Standard,False
TES-C9598,Chen Suzuki,chen.suzuki613@example.com,Fremont,Ca,Jp,2025-05-20,Standard,False
TES-C1436,Yuki Garcia,yuki.garcia987@example.com,Shanghai,Cn,Cn,2021-04-24,Standard,False
TES-C2627,Ben Singh,ben.singh501@example.com,Austin,Tx,De,2025-06-05,Standard,False
TES-C8239,Ben Müller,,Miami,Fl,Us,2021-08-10,Referral Program,True
TES-C6562,priya khan,priya.khan158@example.com,New York,Ny,Ca,2021-09-04,Standard,False
TES-C5833,zoe kim,zoe.kim778@example.com,Seattle,Wa,De,2024-02-19,Referral Program,False
TES-C3604,Carlos Singh,carlos.singh60@example.com,San Francisco,Ca,Us,2021-04-16,Referral Program,False
TES-C8909,Wei Smith,wei.smith850@example.com,Seattle,Wa,De,2022-03-15,Standard,False
TES-C3094,Vivaan Khan,vivaan.khan508@example.com,Los Angeles,Ca,Us,2025-12-04,Referral Program,False
TES-C1962,Vivaan Khan,vivaan.khan54@example.com,Los Angeles,Ca,Cn,2024-08-18,Standard,False
TES-C1262,Noah Müller,noah.müller490@example.com,Los Angeles,Ca,De,2024-04-30,Referral Program,False
TES-C4090, John Patel ,john.patel170@example.com,Austin,Tx,De,2021-02-25,Insider,False
TES-C10786,Emma Lee,emma.lee548@example.com,Chicago,Il,Jp,2025-11-13,Referral Program,False
TES-C4775,Yuki Khan,yuki.khan120@example.com,Berlin,De,Jp,2025-06-14,Referral Program,False
TES-C8839,Ken Tanaka,ken.tanaka383@example.com,Austin,Tx,Jp,2023-06-21,Insider,False
TES-C10301,Olivia Wang,olivia.wang585@example.com,Fremont,Ca,Us,2022-09-09,Insider,False
TES-C2497,Mohammed Johnson,mohammed.johnson748@example.com,San Francisco,Ca,Cn,2024-03-16,Referral Program,False
TES-C10263,Chen Yamada,chen.yamada51@example.com,Austin,Tx,Uk,2023-05-01,Referral Program,False
TES-C3040,Ava Davis,ava.davis937@example.com,Fremont,Ca,Us,2022-01-26,Insider,False
TES-C1949,Vivaan Chen,vivaan.chen394@example.com,San Francisco,Ca,Uk,2022-05-30,Insider,False
TES-C6416,Yuki Wang,yuki.wang610@example.com,Fremont,Ca,Cn,2022-12-14,Insider,False
TES-C7147, David Chen ,david.chen874@example.com,New York,Ny,Jp,2024-03-07,Referral Program,False
TES-C3323,John Martin,john.martin273@example.com,Austin,Tx,De,2024-09-04,Referral Program,False
TES-C5822,Mohammed Yamada,mohammed.yamada523@example.com,Fremont,Ca,Ca,2024-09-04,Referral Program,False
TES-C9698,aarav khan,aarav.khan574@example.com,Shanghai,Cn,De,2022-02-09,Standard,False
TES-C10905,ben davis,ben.davis161@example.com,Miami,Fl,Us,2025-02-10,Standard,False
TES-C9361,Aarav Brown,aarav.brown745@example.com,San Francisco,Ca,De,2025-09-12,Standard,False
TES-C8181,Anna Johnson,anna.johnson200@example.com,Shanghai,Cn,Us,2023-04-18,Insider,False
TES-C4314,Priya Chen,priya.chen573@example.com,Austin,Tx,De,2023-10-29,Insider,False
TES-C4390,Aditya Martin,,Chicago,Il,De,2021-06-09,Standard,True
TES-C8564,Noah Khan,noah.khan536@example.com,Seattle,Wa,Jp,2023-01-25,Insider,False
TES-C7134,Sofia Müller,sofia.müller980@example.com,Los Angeles,Ca,Cn,2021-09-15,Standard,False
TES-C5874,Ava Wang,,Fremont,Ca,Us,2023-10-13,Referral Program,True
TES-C7179,Carlos Patel,carlos.patel910@example.com,Chicago,Il,Jp,2021-03-06,Standard,False
TES-C2926,sofia singh,sofia.singh242@example.com,Los Angeles,Ca,Jp,2023-02-17,Referral Program,False
TES-C7038,Ken Smith,ken.smith628@example.com,Berlin,De,Ca,2023-05-16,Insider,False
TES-C7191,John Müller,,Shanghai,Cn,Us,2022-11-22,Standard,True
TES-C4893,Sofia Sharma,sofia.sharma108@example.com,Los Angeles,Ca,Us,2024-12-24,Unknown,False
TES-C10747,ken martin,ken.martin579@example.com,San Francisco,Ca,Uk,2025-04-25,Referral Program,False
TES-C10720,Mohammed Kumar,mohammed.kumar228@example.com,Chicago,Il,Ca,2024-07-11,Insider,False
TES-C4681,Anna Brown,anna.brown414@example.com,New York,Ny,De,2025-03-13,Referral Program,False
TES-C10956,CHEN WANG,chen.wang525@example.com,New York,Ny,Uk,2025-08-09,Standard,False
TES-C4203,Sofia Khan,sofia.khan924@example.com,Chicago,Il,Uk,2023-04-18,Referral Program,False
TES-C10558,Chen Anderson,chen.anderson321@example.com,Austin,Tx,Jp,2024-05-06,Standard,False
TES-C1728,James Chen,james.chen684@example.com,Chicago,Il,Jp,2022-01-03,Standard,False
TES-C7397,Fatima Johnson,fatima.johnson548@example.com,Shanghai,Cn,Us,2023-01-18,Referral Program,False
TES-C8965,Sara Garcia,sara.garcia539@example.com,Berlin,De,Cn,2024-07-10,Insider,False
TES-C7679,John Kumar,,Fremont,Ca,Cn,2022-02-11,Insider,True
TES-C9035,Sofia Singh,sofia.singh635@example.com,Miami,Fl,Cn,2024-08-24,Referral Program,False
TES-C10436,Rahul Martin,rahul.martin270@example.com,Miami,Fl,Uk,2021-05-13,Standard,False
TES-C6125,Maria Chen,maria.chen861@example.com,New York,Ny,Ca,2022-08-06,Insider,False
TES-C7613,Noah Garcia,noah.garcia681@example.com,San Francisco,Ca,Cn,2024-01-25,Referral Program,False
TES-C10308,David Kumar,david.kumar536@example.com,Seattle,Wa,Ca,2023-04-03,Standard,False
TES-C5992,Mohammed Martin,mohammed.martin521@example.com,San Francisco,Ca,Ca,2024-03-20,Unknown,False
TES-C4268,Sara Chen,sara.chen197@example.com,Fremont,Ca,Uk,2021-02-11,Standard,False
TES-C6958, John Rossi ,john.rossi252@example.com,New York,Ny,Ca,2024-11-19,Referral Program,False
TES-C6039,Carlos Davis,carlos.davis839@example.com,Chicago,Il,Uk,2025-06-30,Standard,False
TES-C1198,Emma Brown,emma.brown890@example.com,New York,Ny,Uk,2025-05-19,Insider,False
TES-C10737,mohammed garcia,mohammed.garcia36@example.com,Los Angeles,Ca,Uk,2024-02-21,Referral Program,False
TES-C6928,James Khan,james.khan833@example.com,San Francisco,Ca,Ca,2021-05-19,Standard,False
TES-C1648, Michael Smith ,michael.smith435@example.com,Seattle,Wa,Jp,2021-11-16,Standard,False
TES-C7502,Emma Brown,emma.brown68@example.com,Miami,Fl,Uk,2024-06-17,Standard,False
TES-C4647,Li Smith,li.smith837@example.com,Berlin,De,De,2025-04-28,Standard,False
TES-C5284,Olivia Suzuki,olivia.suzuki112@example.com,Shanghai,Cn,De,2024-03-27,Insider,False
TES-C9479,ava anderson,ava.anderson100@example.com,Seattle,Wa,Ca,2024-08-18,Referral Program,False
TES-C9460,Emma Smith,emma.smith597@example.com,San Francisco,Ca,Cn,2024-03-22,Unknown,False
TES-C3135,Anna Wilson,anna.wilson113@example.com,San Francisco,Ca,De,2024-07-26,Standard,False
TES-C10635,Fatima Smith,fatima.smith153@example.com,Shanghai,Cn,Us,2023-05-09,Referral Program,False
TES-C10538,John Singh,john.singh323@example.com,Los Angeles,Ca,Cn,2025-02-07,Referral Program,False
TES-C5442,Fatima Martin,fatima.martin971@example.com,Chicago,Il,Jp,2024-08-20,Insider,False
TES-C8006,Priya Kumar,priya.kumar411@example.com,Seattle,Wa,Uk,2023-04-23,Standard,False
TES-C2998,SOFIA SMITH,sofia.smith26@example.com,San Francisco,Ca,Us,2024-05-26,Referral Program,False
TES-C6463,Aditya Johnson,aditya.johnson208@example.com,Miami,Fl,Jp,2022-02-14,Insider,False
TES-C3358,Fatima Johnson,,Berlin,De,Us,2024-04-17,Unknown,True
TES-C6565,Liam Müller,liam.müller375@example.com,Austin,Tx,Jp,2022-07-22,Referral Program,False
TES-C8154,Emma Müller,emma.müller572@example.com,Austin,Tx,Jp,2025-01-07,Insider,False
TES-C8546,Michael Wang,michael.wang343@example.com,Seattle,Wa,De,2022-08-16,Insider,False
TES-C1724,Yuki Davis,yuki.davis969@example.com,Shanghai,Cn,Ca,2025-07-14,Standard,False
TES-C4372,Vivaan Suzuki,vivaan.suzuki324@example.com,Austin,Tx,Uk,2021-04-01,Referral Program,False
TES-C2860,Michael Yamada,michael.yamada313@example.com,Fremont,Ca,Us,2022-02-21,Referral Program,False
TES-C10087,Zoe Tanaka,zoe.tanaka246@example.com,Fremont,Ca,Jp,2022-10-14,Referral Program,False
TES-C1548,Carlos Martin,carlos.martin540@example.com,Seattle,Wa,De,2024-05-30,Unknown,False
TES-C6678,EMMA WANG,emma.wang241@example.com,Miami,Fl,Cn,2022-06-26,Insider,False
TES-C10953,Anna Patel,anna.patel143@example.com,Austin,Tx,Ca,2023-04-19,Standard,False
TES-C5372,Ken Chen,ken.chen595@example.com,Chicago,Il,Cn,2023-11-12,Insider,False
TES-C4763,Carlos Chen,carlos.chen379@example.com,Berlin,De,Jp,2021-01-10,Insider,False
TES-C9101,Wei Suzuki,wei.suzuki792@example.com,Fremont,Ca,Us,2021-02-01,Insider,False
TES-C5836,Carlos Martin,carlos.martin44@example.com,Berlin,De,Uk,2025-01-03,Standard,False
TES-C1722,Zoe Lee,zoe.lee144@example.com,Miami,Fl,Jp,2021-12-09,Referral Program,False
TES-C10962,Carlos Rossi,,Fremont,Ca,Us,2025-12-10,Standard,True
TES-C6133,Yuki Müller,yuki.müller593@example.com,Austin,Tx,Cn,2024-01-27,Insider,False
TES-C3440,Ben Garcia,ben.garcia337@example.com,Austin,Tx,Cn,2021-01-14,Referral Program,False
TES-C2105,Sofia Tanaka,sofia.tanaka749@example.com,Miami,Fl,De,2024-09-13,Referral Program,False
TES-C10508,liam sharma,liam.sharma365@example.com,Austin,Tx,Ca,2022-09-20,Insider,False
TES-C4157,Sofia Rossi,sofia.rossi533@example.com,Berlin,De,Uk,2025-07-23,Standard,False
TES-C7871,Chen Lee,chen.lee716@example.com,Chicago,Il,De,2022-09-16,Insider,False
TES-C6804,Zoe Martin,zoe.martin636@example.com,Berlin,De,Jp,2024-10-31,Referral Program,False
TES-C10776,Noah Anderson,noah.anderson162@example.com,Fremont,Ca,Jp,2021-02-23,Insider,False
TES-C8080,Ken Lee,ken.lee445@example.com,Miami,Fl,De,2022-03-27,Referral Program,False
TES-C3150,David Singh,david.singh505@example.com,Chicago,Il,De,2022-02-11,Insider,False
TES-C9870,Noah Garcia,,Miami,Fl,Ca,2024-04-27,Insider,True
TES-C9456,David Smith,david.smith245@example.com,Austin,Tx,Us,2025-08-02,Insider,False
TES-C8745,Sara Singh,sara.singh704@example.com,Austin,Tx,Jp,2021-10-23,Standard,False
TES-C2819, Maria Davis ,maria.davis725@example.com,Los Angeles,Ca,Us,2022-02-09,Insider,False
TES-C4589,Ava Wang,ava.wang386@example.com,New York,Ny,Us,2021-11-05,Referral Program,False
TES-C8367,John Sharma,john.sharma812@example.com,San Francisco,Ca,Ca,2025-10-05,Standard,False
TES-C2781,Chen Johnson,chen.johnson601@example.com,Fremont,Ca,De,2025-10-15,Unknown,False
TES-C4665,carlos kumar,carlos.kumar912@example.com,Austin,Tx,De,2023-02-20,Referral Program,False
TES-C10012,Sofia Wang,,New York,Ny,Us,2022-10-29,Insider,True
TES-C9785,Fatima Yamada,,Seattle,Wa,De,2025-10-23,Standard,True
TES-C4973,Sofia Kumar,sofia.kumar67@example.com,Austin,Tx,Uk,2022-12-20,Insider,False
TES-C7153,mohammed singh,mohammed.singh973@example.com,Shanghai,Cn,Uk,2023-07-27,Standard,False
TES-C3417,Wei Brown,wei.brown48@example.com,Austin,Tx,Ca,2022-03-31,Referral Program,False
TES-C3141,Ava Davis,ava.davis311@example.com,Shanghai,Cn,Us,2025-12-12,Referral Program,False
TES-C3818,SARA KHAN,sara.khan821@example.com,San Francisco,Ca,Jp,2023-02-21,Insider,False
TES-C7886, Sara Patel ,sara.patel210@example.com,New York,Ny,Ca,2025-02-22,Insider,False
TES-C9264,Mohammed Anderson,mohammed.anderson799@example.com,Fremont,Ca,De,2025-05-10,Referral Program,False
TES-C8149,James Yamada,james.yamada442@example.com,Berlin,De,De,2025-01-17,Standard,False
TES-C7189,Ben Müller,ben.müller771@example.com,Miami,Fl,Ca,2024-05-06,Referral Program,False
TES-C6249,JAMES ROSSI,james.rossi381@example.com,Austin,Tx,Uk,2024-01-17,Standard,False
TES-C1791,Yuki Smith,yuki.smith886@example.com,Chicago,Il,Cn,2025-04-20,Standard,False
TES-C9357,Noah Davis,noah.davis359@example.com,Los Angeles,Ca,Ca,2023-04-12,Unknown,False
TES-C7400,Yuki Yamada,yuki.yamada52@example.com,Seattle,Wa,Ca,2024-04-16,Referral Program,False
TES-C7698,Wei Müller,wei.müller776@example.com,Chicago,Il,Ca,2023-12-11,Insider,False
TES-C2879,Chen Müller,chen.müller365@example.com,Seattle,Wa,Uk,2023-06-21,Insider,False
TES-C8147,Anna Müller,,Los Angeles,Ca,Uk,2024-07-17,Unknown,True
TES-C8417,fatima anderson,fatima.anderson411@example.com,Shanghai,Cn,De,2025-12-06,Referral Program,False
TES-C7057,David Wilson,david.wilson206@example.com,Shanghai,Cn,Cn,2021-02-19,Referral Program,False
TES-C3870,Mohammed Chen,mohammed.chen917@example.com,Miami,Fl,De,2021-08-15,Standard,False
TES-C10977,Aarav Wilson,aarav.wilson764@example.com,Miami,Fl,Uk,2023-01-16,Referral Program,False
TES-C1889,Ben Wilson,ben.wilson580@example.com,Chicago,Il,Us,2025-01-29,Standard,False
TES-C8712,John Anderson,john.anderson951@example.com,Shanghai,Cn,De,2024-09-02,Insider,False
TES-C8614,rahul anderson,rahul.anderson543@example.com,Shanghai,Cn,Us,2023-10-07,Referral Program,False
TES-C3923,Michael Patel,michael.patel552@example.com,Shanghai,Cn,Jp,2021-08-16,Referral Program,False
TES-C4253,Anna Patel,anna.patel782@example.com,San Francisco,Ca,Cn,2025-03-02,Standard,False
TES-C5518,Noah Johnson,noah.johnson348@example.com,Austin,Tx,De,2024-04-25,Insider,False
TES-C5052,Liam Smith,liam.smith328@example.com,Seattle,Wa,Jp,2023-06-16,Insider,False
TES-C5926,Mohammed Rossi,mohammed.rossi933@example.com,Seattle,Wa,Cn,2021-10-18,Referral Program,False
TES-C8254,Ava Khan,ava.khan489@example.com,Seattle,Wa,Cn,2023-07-25,Referral Program,False
TES-C9669,James Kumar,james.kumar617@example.com,Fremont,Ca,Cn,2025-09-02,Standard,False
TES-C9734,emma wang,emma.wang891@example.com,New York,Ny,De,2025-08-23,Standard,False
TES-C7072,Mohammed Johnson,mohammed.johnson767@example.com,Seattle,Wa,De,2024-05-28,Insider,False
TES-C10983,Liam Suzuki,liam.suzuki527@example.com,San Francisco,Ca,Cn,2024-12-29,Referral Program,False
TES-C2216,Sara Johnson,sara.johnson616@example.com,Fremont,Ca,Cn,2023-03-06,Insider,False
TES-C6817,Fatima Lee,fatima.lee109@example.com,Shanghai,Cn,Us,2022-11-01,Insider,False
TES-C2847, Li Müller ,li.müller386@example.com,Austin,Tx,Ca,2023-09-03,Insider,False
TES-C9760,Anna Anderson,anna.anderson774@example.com,Fremont,Ca,Us,2022-02-18,Referral Program,False
TES-C1766,Aarav Patel,aarav.patel530@example.com,Fremont,Ca,Us,2021-03-15,Standard,False
TES-C6445,Aditya Lee,aditya.lee753@example.com,Seattle,Wa,Us,2025-10-02,Standard,False
TES-C10199,Anna Lee,anna.lee93@example.com,Shanghai,Cn,De,2022-04-28,Standard,False
TES-C6693,Ava Yamada,ava.yamada292@example.com,Shanghai,Cn,Us,2025-12-15,Standard,False
TES-C1016,Olivia Wang,olivia.wang188@example.com,Shanghai,Cn,Us,2024-11-19,Insider,False
TES-C1449,Fatima Singh,fatima.singh58@example.com,Fremont,Ca,Jp,2021-02-14,Referral Program,False
TES-C1470,BEN KUMAR,ben.kumar310@example.com,New York,Ny,Us,2023-02-22,Standard,False
TES-C3078,Vivaan Smith,vivaan.smith229@example.com,Berlin,De,Cn,2023-01-01,Referral Program,False
TES-C6432,Ken Kumar,,Austin,Tx,Us,2024-01-20,Referral Program,True
TES-C4930,Priya Anderson,,Austin,Tx,Cn,2024-04-01,Standard,True
TES-C6257,Ken Anderson,ken.anderson714@example.com,Chicago,Il,Cn,2024-08-25,Standard,False
TES-C1257,Li Singh,li.singh760@example.com,Los Angeles,Ca,Jp,2023-10-03,Insider,False
TES-C8176,Wei Khan,wei.khan624@example.com,Shanghai,Cn,Cn,2024-04-04,Insider,False
TES-C1592,SOFIA WANG,sofia.wang740@example.com,Austin,Tx,Us,2023-10-11,Insider,False
TES-C9451,Noah Chen,noah.chen560@example.com,Miami,Fl,Ca,2021-02-03,Insider,False
TES-C3087,Vivaan Kumar,vivaan.kumar125@example.com,Seattle,Wa,Jp,2022-09-22,Referral Program,False
TES-C4225,David Rossi,david.rossi941@example.com,Los Angeles,Ca,Uk,2025-02-23,Referral Program,False
TES-C4819,David Davis,david.davis70@example.com,Los Angeles,Ca,De,2022-02-21,Referral Program,False
TES-C8381, Fatima Rossi ,fatima.rossi325@example.com,Austin,Tx,Us,2021-09-06,Standard,False
TES-C10312,David Wilson,david.wilson588@example.com,Seattle,Wa,De,2025-03-02,Referral Program,False
TES-C10335, Sara Wang ,,Austin,Tx,De,2022-09-23,Referral Program,True
TES-C7229,Carlos Singh,carlos.singh967@example.com,Chicago,Il,Ca,2021-05-12,Referral Program,False
TES-C7047,Ben Suzuki,ben.suzuki158@example.com,Berlin,De,Ca,2023-02-13,Insider,False
TES-C7720,Emma Rossi,emma.rossi783@example.com,San Francisco,Ca,Us,2023-02-24,Insider,False
TES-C10228,SOFIA KHAN,sofia.khan157@example.com,San Francisco,Ca,Jp,2025-08-02,Standard,False
TES-C6734,Liam Khan,liam.khan969@example.com,San Francisco,Ca,Uk,2021-05-07,Unknown,False
TES-C8089, Priya Lee ,priya.lee255@example.com,Shanghai,Cn,Ca,2024-06-05,Standard,False
TES-C10641,David Chen,david.chen305@example.com,Miami,Fl,Us,2022-06-22,Standard,False
TES-C7489,Aarav Wang,aarav.wang943@example.com,Austin,Tx,Us,2023-08-13,Standard,False
TES-C5510,Priya Davis,priya.davis100@example.com,Chicago,Il,Ca,2025-08-17,Referral Program,False
TES-C2267, Sara Anderson ,sara.anderson715@example.com,Chicago,Il,Us,2023-10-29,Standard,False
TES-C10885,Mohammed Suzuki,mohammed.suzuki797@example.com,Chicago,Il,Uk,2025-11-12,Standard,False
TES-C7227,Maria Chen,maria.chen810@example.com,Austin,Tx,Us,2024-12-30,Standard,False
TES-C8815,Emma Brown,emma.brown343@example.com,Berlin,De,De,2023-05-25,Standard,False
TES-C7166,Aarav Suzuki,aarav.suzuki618@example.com,Seattle,Wa,Us,2024-10-09,Unknown,False
TES-C9523,Liam Suzuki,liam.suzuki784@example.com,Chicago,Il,De,2023-03-26,Standard,False
TES-C7405,MARIA SMITH,maria.smith270@example.com,New York,Ny,Cn,2024-06-09,Insider,False
TES-C2163,Olivia Wang,olivia.wang198@example.com,Shanghai,Cn,Jp,2025-06-01,Standard,False
TES-C9645,Li Tanaka,li.tanaka399@example.com,New York,Ny,Us,2023-11-23,Insider,False
TES-C3691,Li Davis,li.davis718@example.com,Fremont,Ca,Ca,2024-10-24,Referral Program,False
TES-C10765,mohammed lee,mohammed.lee255@example.com,Seattle,Wa,Jp,2025-09-17,Unknown,False
TES-C8685,Olivia Chen,olivia.chen113@example.com,Fremont,Ca,Ca,2023-08-19,Referral Program,False
TES-C4471,James Kim,james.kim798@example.com,Shanghai,Cn,Us,2024-06-19,Standard,False
TES-C8369,Chen Sharma,chen.sharma446@example.com,Seattle,Wa,Us,2024-02-23,Insider,False
TES-C10709,Michael Garcia,michael.garcia202@example.com,San Francisco,Ca,De,2021-12-17,Standard,False
TES-C1357,michael wilson,michael.wilson341@example.com,Miami,Fl,Jp,2025-01-28,Referral Program,False
TES-C1882,Li Martin,li.martin317@example.com,Chicago,Il,Jp,2025-07-18,Standard,False
TES-C5381,Yuki Müller,yuki.müller567@example.com,Chicago,Il,De,2021-09-02,Insider,False
TES-C3968,John Garcia,john.garcia728@example.com,Miami,Fl,Uk,2025-02-15,Referral Program,False
TES-C8629,Mohammed Kim,mohammed.kim300@example.com,Austin,Tx,Uk,2022-08-22,Referral Program,False
TES-C10527,Anna Tanaka,anna.tanaka586@example.com,Austin,Tx,Uk,2024-03-30,Standard,False
TES-C9654,Sara Lee,sara.lee98@example.com,Austin,Tx,De,2021-11-07,Standard,False
TES-C7199,Noah Chen,noah.chen5@example.com,New York,Ny,De,2021-11-18,Insider,False
TES-C9197, Anna Smith ,anna.smith401@example.com,Miami,Fl,Us,2023-07-16,Standard,False
TES-C7706,Priya Johnson,priya.johnson960@example.com,New York,Ny,Jp,2023-03-15,Referral Program,False
TES-C9143,Ben Suzuki,ben.suzuki319@example.com,Shanghai,Cn,Ca,2021-04-18,Standard,False
TES-C3776,Zoe Yamada,zoe.yamada392@example.com,Fremont,Ca,Cn,2023-03-30,Referral Program,False
TES-C2329,Michael Rossi,,Seattle,Wa,Ca,2022-06-25,Standard,True
TES-C2260,Anna Garcia,anna.garcia282@example.com,Shanghai,Cn,Uk,2024-08-09,Standard,False
TES-C9714,Zoe Singh,zoe.singh335@example.com,Miami,Fl,Uk,2022-03-04,Insider,False
TES-C1738,Aarav Wang,aarav.wang632@example.com,San Francisco,Ca,Jp,2025-09-05,Insider,False
TES-C4805,Li Tanaka,li.tanaka567@example.com,Seattle,Wa,Jp,2024-04-27,Referral Program,False
TES-C6302,Li Wang,li.wang255@example.com,Chicago,Il,De,2022-09-12,Standard,False
TES-C1544,Priya Tanaka,priya.tanaka454@example.com,Shanghai,Cn,Cn,2021-06-25,Standard,False
TES-C10997, Fatima Wang ,fatima.wang232@example.com,Miami,Fl,Ca,2022-01-04,Referral Program,False
TES-C2033,John Tanaka,john.tanaka938@example.com,Austin,Tx,Us,2025-05-28,Insider,False
TES-C5401,Michael Singh,michael.singh31@example.com,San Francisco,Ca,Uk,2025-07-08,Insider,False
TES-C2453,John Wilson,john.wilson860@example.com,Chicago,Il,Us,2025-02-17,Referral Program,False
TES-C2254,Carlos Müller,carlos.müller377@example.com,Chicago,Il,De,2024-09-16,Insider,False
TES-C3995,Fatima Tanaka,fatima.tanaka18@example.com,Seattle,Wa,Us,2022-12-02,Insider,False
TES-C6026,Emma Lee,emma.lee482@example.com,Chicago,Il,Uk,2022-01-01,Referral Program,False
TES-C10611,Ken Sharma,ken.sharma539@example.com,Austin,Tx,De,2022-07-18,Standard,False
TES-C5560,David Kim,david.kim342@example.com,San Francisco,Ca,De,2022-10-02,Referral Program,False
TES-C6163,Mohammed Khan,mohammed.khan743@example.com,Chicago,Il,Cn,2025-11-07,Standard,False
TES-C3167,sofia khan,sofia.khan643@example.com,Chicago,Il,Cn,2022-03-25,Standard,False
TES-C10248,Liam Lee,liam.lee14@example.com,Fremont,Ca,De,2024-01-18,Insider,False
TES-C6321,Zoe Sharma,zoe.sharma77@example.com,Seattle,Wa,Cn,2024-11-26,Insider,False
TES-C9646,Rahul Brown,rahul.brown53@example.com,Shanghai,Cn,Us,2021-07-30,Insider,False
TES-C7715,Li Martin,,Fremont,Ca,De,2025-02-21,Standard,True
TES-C4601,Aarav Brown,aarav.brown828@example.com,New York,Ny,Us,2021-02-14,Referral Program,False
TES-C1781,Rahul Brown,rahul.brown260@example.com,Chicago,Il,De,2023-01-17,Insider,False
TES-C3670,Noah Singh,noah.singh835@example.com,Chicago,Il,Cn,2022-03-10,Referral Program,False
TES-C2064,Emma Lee,emma.lee339@example.com,Fremont,Ca,Uk,2023-05-06,Standard,False
TES-C6401,Olivia Johnson,olivia.johnson586@example.com,Berlin,De,Us,2025-09-02,Insider,False
TES-C4050,LI KHAN,li.khan268@example.com,Chicago,Il,Uk,2025-11-11,Referral Program,False
TES-C1855,ADITYA GARCIA,aditya.garcia601@example.com,Fremont,Ca,De,2025-11-08,Referral Program,False
TES-C1788,Maria Sharma,maria.sharma334@example.com,Berlin,De,Cn,2021-06-05,Referral Program,False
TES-C4033,Li Kim,li.kim731@example.com,Chicago,Il,Jp,2024-11-27,Referral Program,False
TES-C2977,LI SHARMA,li.sharma355@example.com,Austin,Tx,Uk,2025-04-03,Insider,False
TES-C9904,Vivaan Davis,vivaan.davis417@example.com,Shanghai,Cn,Cn,2025-11-24,Standard,False
TES-C10879, Rahul Wilson ,rahul.wilson558@example.com,Austin,Tx,Ca,2022-08-11,Insider,False
TES-C7657,AVA KIM,ava.kim194@example.com,Chicago,Il,Jp,2024-11-07,Referral Program,False
TES-C6604,Sara Kumar,,Fremont,Ca,Cn,2023-08-03,Standard,True
TES-C4373,Yuki Kumar,yuki.kumar841@example.com,Shanghai,Cn,Cn,2023-10-11,Insider,False
TES-C5770,Rahul Wilson,rahul.wilson537@example.com,Chicago,Il,Jp,2024-04-09,Referral Program,False
TES-C8788,JAMES KHAN,james.khan608@example.com,Miami,Fl,Us,2021-03-09,Standard,False
TES-C10703,John Kumar,john.kumar320@example.com,Fremont,Ca,Ca,2022-04-13,Standard,False
TES-C7833,yuki tanaka,yuki.tanaka680@example.com,Austin,Tx,De,2021-02-27,Insider,False
TES-C3748,Wei Sharma,wei.sharma817@example.com,Austin,Tx,Uk,2022-03-18,Insider,False
TES-C8099,ava garcia,ava.garcia232@example.com,Berlin,De,Uk,2023-12-18,Standard,False
TES-C8258,Sara Suzuki,sara.suzuki458@example.com,Seattle,Wa,Cn,2023-07-20,Insider,False
TES-C5237,KEN SUZUKI,ken.suzuki350@example.com,Miami,Fl,De,2021-09-12,Referral Program,False
TES-C1697,David Brown,david.brown385@example.com,Miami,Fl,Uk,2021-09-05,Unknown,False
TES-C10597,Sara Khan,sara.khan768@example.com,Seattle,Wa,Ca,2022-02-06,Insider,False
TES-C2659,Fatima Chen,fatima.chen542@example.com,Austin,Tx,Ca,2025-10-02,Referral Program,False
TES-C2032,Vivaan Anderson,vivaan.anderson90@example.com,Fremont,Ca,Us,2025-11-03,Referral Program,False
TES-C6414,ben patel,ben.patel356@example.com,San Francisco,Ca,Ca,2023-01-24,Standard,False
TES-C6171,Ken Anderson,ken.anderson900@example.com,San Francisco,Ca,De,2023-05-05,Insider,False
TES-C4047,James Khan,james.khan683@example.com,Berlin,De,Uk,2025-01-18,Standard,False
TES-C2022,Michael Johnson,michael.johnson289@example.com,Berlin,De,Ca,2024-08-04,Insider,False
TES-C6350,Chen Khan,chen.khan513@example.com,Miami,Fl,Us,2021-08-17,Standard,False
TES-C2049,Carlos Garcia,carlos.garcia227@example.com,Shanghai,Cn,Cn,2024-10-01,Standard,False
TES-C8821,Priya Tanaka,priya.tanaka145@example.com,Fremont,Ca,Cn,2025-07-30,Standard,False
TES-C1479,James Chen,james.chen866@example.com,Chicago,Il,Cn,2022-03-03,Insider,False
TES-C8523,Zoe Kumar,,Berlin,De,Us,2025-11-02,Insider,True
TES-C8345,Noah Patel,noah.patel461@example.com,Miami,Fl,De,2023-04-25,Insider,False
TES-C2316,Maria Kim,maria.kim578@example.com,San Francisco,Ca,Us,2021-08-04,Referral Program,False
TES-C6758,Aditya Martin,aditya.martin518@example.com,Fremont,Ca,Ca,2021-09-28,Standard,False
TES-C7693,Zoe Khan,zoe.khan764@example.com,Austin,Tx,Us,2023-05-31,Insider,False
TES-C8256,Fatima Brown,fatima.brown202@example.com,San Francisco,Ca,Us,2025-08-06,Insider,False
TES-C3875,Noah Davis,noah.davis456@example.com,San Francisco,Ca,Uk,2022-10-23,Insider,False
TES-C6383,Carlos Lee,carlos.lee574@example.com,Seattle,Wa,Ca,2025-06-20,Standard,False
TES-C5073,ZOE SMITH,zoe.smith282@example.com,San Francisco,Ca,Uk,2021-01-29,Referral Program,False
TES-C3641,Aditya Khan,aditya.khan841@example.com,Chicago,Il,Ca,2024-05-22,Referral Program,False
TES-C1221, Michael Johnson ,michael.johnson181@example.com,Austin,Tx,Ca,2023-11-02,Standard,False
TES-C1527, Yuki Brown ,yuki.brown62@example.com,Shanghai,Cn,Us,2022-09-02,Referral Program,False
TES-C9718,Ken Martin,ken.martin730@example.com,Berlin,De,Uk,2022-08-31,Unknown,False
TES-C2341,sara tanaka,sara.tanaka759@example.com,New York,Ny,Ca,2022-12-09,Referral Program,False
TES-C6911,Sara Brown,sara.brown174@example.com,Chicago,Il,Uk,2025-03-29,Insider,False
TES-C3871,Anna Singh,anna.singh335@example.com,San Francisco,Ca,Us,2021-05-24,Standard,False
TES-C1619,aditya kim,,Los Angeles,Ca,Jp,2025-12-09,Insider,True
TES-C5497,Liam Tanaka,liam.tanaka888@example.com,Shanghai,Cn,De,2023-11-17,Referral Program,False
TES-C2915,Li Johnson,li.johnson587@example.com,Austin,Tx,De,2021-11-25,Referral Program,False
TES-C2782,John Wilson,,New York,Ny,De,2021-03-08,Insider,True
TES-C7432,Aditya Wang,aditya.wang917@example.com,Los Angeles,Ca,Uk,2024-07-16,Insider,False
TES-C2599,Sara Sharma,sara.sharma110@example.com,San Francisco,Ca,Uk,2025-07-21,Referral Program,False
TES-C4578,Ken Tanaka,ken.tanaka587@example.com,San Francisco,Ca,Uk,2021-02-06,Insider,False
TES-C10309,LI WILSON,li.wilson672@example.com,Chicago,Il,Jp,2023-04-20,Standard,False
TES-C9627,Zoe Müller,zoe.müller533@example.com,Seattle,Wa,Us,2023-09-06,Standard,False
TES-C10184,Chen Yamada,chen.yamada145@example.com,Austin,Tx,De,2022-06-30,Insider,False
TES-C2418,fatima rossi,fatima.rossi321@example.com,Berlin,De,Uk,2024-11-25,Standard,False
TES-C4093,Carlos Johnson,carlos.johnson658@example.com,Los Angeles,Ca,Jp,2021-09-28,Standard,False
TES-C3079,Aditya Rossi,aditya.rossi152@example.com,San Francisco,Ca,Cn,2025-07-31,Standard,False
TES-C2625,yuki khan,yuki.khan895@example.com,Shanghai,Cn,Ca,2022-11-11,Standard,False
TES-C2944,Aarav Chen,aarav.chen316@example.com,Shanghai,Cn,De,2023-06-09,Referral Program,False
TES-C3942,Chen Lee,chen.lee973@example.com,Chicago,Il,Jp,2022-01-25,Insider,False
TES-C6285,Aarav Wang,,Miami,Fl,Us,2023-06-17,Standard,True
TES-C9193,sara müller,sara.müller861@example.com,Shanghai,Cn,Cn,2022-11-23,Standard,False
TES-C5574,Anna Yamada,anna.yamada199@example.com,New York,Ny,Ca,2022-11-26,Unknown,False
TES-C5165,Priya Lee,priya.lee704@example.com,Los Angeles,Ca,De,2024-06-11,Standard,False
TES-C4469,Carlos Smith,,Seattle,Wa,Jp,2022-02-17,Referral Program,True
TES-C9277,david kumar,david.kumar821@example.com,Seattle,Wa,Cn,2023-10-29,Insider,False
TES-C6799,Zoe Müller,zoe.müller239@example.com,Seattle,Wa,Jp,2024-03-03,Referral Program,False
TES-C10172,Anna Garcia,anna.garcia880@example.com,Seattle,Wa,Jp,2021-06-13,Insider,False
TES-C7970,Yuki Singh,yuki.singh531@example.com,Berlin,De,Uk,2023-01-10,Standard,False
TES-C10412, Emma Singh ,emma.singh870@example.com,Fremont,Ca,Cn,2021-05-31,Insider,False
TES-C10320,John Johnson,john.johnson91@example.com,New York,Ny,De,2022-06-14,Referral Program,False
TES-C1234,Ava Anderson,ava.anderson331@example.com,Miami,Fl,Jp,2023-05-01,Insider,False
TES-C5077,MOHAMMED ROSSI,mohammed.rossi324@example.com,Chicago,Il,Us,2024-10-03,Referral Program,False
TES-C3932,Ben Rossi,ben.rossi355@example.com,Shanghai,Cn,Us,2025-09-30,Unknown,False
TES-C8455,Maria Lee,maria.lee257@example.com,San Francisco,Ca,Jp,2022-07-15,Standard,False
TES-C10111,NOAH PATEL,noah.patel433@example.com,Miami,Fl,Ca,2021-11-19,Standard,False
TES-C8122,Yuki Suzuki,yuki.suzuki294@example.com,San Francisco,Ca,Jp,2024-06-26,Unknown,False
TES-C8228,Aarav Müller,aarav.müller488@example.com,Chicago,Il,De,2021-07-12,Standard,False
TES-C9198,Rahul Wang,rahul.wang202@example.com,Los Angeles,Ca,Jp,2024-11-26,Referral Program,False
TES-C9876,Li Patel,li.patel588@example.com,Austin,Tx,Jp,2021-04-26,Referral Program,False
TES-C5166,ANNA JOHNSON,anna.johnson543@example.com,Seattle,Wa,Us,2022-05-12,Insider,False
TES-C4513,Carlos Wang,carlos.wang176@example.com,San Francisco,Ca,Us,2023-09-06,Referral Program,False
TES-C7409,Rahul Tanaka,rahul.tanaka174@example.com,New York,Ny,Cn,2025-01-05,Insider,False
TES-C2369, Ben Singh ,ben.singh88@example.com,Seattle,Wa,Cn,2024-11-18,Referral Program,False
TES-C3888,Ava Wang,,Miami,Fl,Cn,2025-10-04,Referral Program,True
TES-C5938, James Tanaka ,,Chicago,Il,Cn,2023-07-26,Insider,True
TES-C10257,li martin,li.martin555@example.com,Seattle,Wa,Jp,2025-11-27,Standard,False
TES-C1002,Priya Davis,,Austin,Tx,Jp,2024-08-23,Standard,True
TES-C6501, Vivaan Garcia ,vivaan.garcia102@example.com,Miami,Fl,Cn,2023-07-08,Insider,False
TES-C4241,Ben Garcia,ben.garcia816@example.com,San Francisco,Ca,Cn,2024-11-07,Referral Program,False
TES-C2825,John Chen,john.chen333@example.com,Berlin,De,De,2024-09-09,Standard,False
TES-C5294,John Johnson,john.johnson855@example.com,Berlin,De,Jp,2022-04-26,Insider,False
TES-C10862,maria suzuki,maria.suzuki793@example.com,Fremont,Ca,Ca,2024-11-20,Referral Program,False
TES-C4127,Chen Yamada,chen.yamada628@example.com,San Francisco,Ca,De,2024-03-25,Insider,False
TES-C3484,Michael Johnson,michael.johnson154@example.com,San Francisco,Ca,Ca,2021-07-11,Insider,False
TES-C8780, Chen Martin ,chen.martin123@example.com,Fremont,Ca,Jp,2022-02-19,Insider,False
TES-C1182,Aditya Yamada,aditya.yamada400@example.com,Seattle,Wa,De,2021-10-26,Insider,False
TES-C7091,mohammed yamada,mohammed.yamada416@example.com,Shanghai,Cn,De,2022-05-23,Insider,False
TES-C2221,Liam Rossi,liam.rossi486@example.com,Shanghai,Cn,Uk,2025-01-05,Insider,False
TES-C2858,David Khan,david.khan533@example.com,Chicago,Il,Cn,2022-09-24,Standard,False
TES-C1737,Li Chen,li.chen389@example.com,Los Angeles,Ca,Uk,2023-04-02,Standard,False
TES-C6846,Rahul Singh,rahul.singh614@example.com,Berlin,De,Uk,2024-07-21,Standard,False
TES-C2965,Chen Johnson,chen.johnson105@example.com,Seattle,Wa,Cn,2022-06-20,Standard,False
TES-C3880,Maria Tanaka,maria.tanaka166@example.com,Shanghai,Cn,De,2023-07-04,Standard,False
TES-C5578,Carlos Sharma,carlos.sharma10@example.com,Miami,Fl,Uk,2021-01-28,Standard,False
TES-C10719,noah smith,noah.smith839@example.com,Shanghai,Cn,Ca,2022-01-14,Insider,False
TES-C5811, Noah Singh ,noah.singh536@example.com,Chicago,Il,Cn,2021-09-15,Standard,False
TES-C2354,Chen Patel,chen.patel547@example.com,New York,Ny,Ca,2022-11-29,Referral Program,False
TES-C9973,Ken Tanaka,ken.tanaka995@example.com,Miami,Fl,Ca,2025-09-09,Referral Program,False
TES-C8259,Aarav Singh,aarav.singh894@example.com,Fremont,Ca,Jp,2022-10-27,Referral Program,False
TES-C3398,Yuki Patel,yuki.patel734@example.com,Fremont,Ca,Cn,2021-01-21,Standard,False
TES-C4302,Aditya Johnson,aditya.johnson64@example.com,New York,Ny,Jp,2024-07-23,Standard,False
TES-C10519,SOFIA TANAKA,sofia.tanaka762@example.com,Seattle,Wa,Cn,2025-04-30,Referral Program,False
TES-C6668,Zoe Kumar,zoe.kumar658@example.com,Miami,Fl,De,2022-10-07,Unknown,False
TES-C3130,Yuki Müller,yuki.müller893@example.com,New York,Ny,Jp,2022-08-22,Standard,False
TES-C1631,Liam Suzuki,liam.suzuki171@example.com,Fremont,Ca,Jp,2021-07-01,Referral Program,False
TES-C4585,Michael Wang,michael.wang815@example.com,Berlin,De,Ca,2025-11-26,Referral Program,False
TES-C6713,Anna Lee,anna.lee579@example.com,San Francisco,Ca,Cn,2021-05-03,Insider,False
TES-C8364,Zoe Wilson,,Chicago,Il,Jp,2021-10-07,Standard,True
TES-C9446,SOFIA WILSON,sofia.wilson494@example.com,Los Angeles,Ca,Us,2022-01-20,Standard,False
TES-C7917,FATIMA MARTIN,,Seattle,Wa,Uk,2022-12-03,Insider,True
TES-C3998,Carlos Sharma,carlos.sharma410@example.com,Los Angeles,Ca,Cn,2024-09-23,Standard,False
TES-C8186, Li Kim ,li.kim922@example.com,New York,Ny,Us,2022-05-02,Insider,False
TES-C2909,OLIVIA CHEN,olivia.chen454@example.com,Los Angeles,Ca,Ca,2022-04-09,Referral Program,False
TES-C9448,Ken Wang,ken.wang618@example.com,Fremont,Ca,Uk,2022-01-25,Insider,False
TES-C7030,Fatima Wang,fatima.wang236@example.com,Los Angeles,Ca,Uk,2022-05-30,Standard,False
TES-C8715,John Garcia,,Austin,Tx,Us,2025-12-06,Insider,True
TES-C7318,ZOE KUMAR,zoe.kumar498@example.com,Shanghai,Cn,Ca,2024-02-24,Standard,False
TES-C8192,Carlos Wang,carlos.wang415@example.com,Miami,Fl,Us,2021-08-16,Standard,False
TES-C6520,Chen Davis,chen.davis214@example.com,Fremont,Ca,Jp,2023-06-14,Insider,False
TES-C6168,MOHAMMED SINGH,mohammed.singh459@example.com,San Francisco,Ca,Uk,2025-10-29,Standard,False
TES-C7402,ava chen,ava.chen223@example.com,Miami,Fl,Ca,2025-06-02,Referral Program,False
TES-C5798,Aditya Smith,aditya.smith331@example.com,Miami,Fl,Jp,2025-01-15,Referral Program,False
TES-C2985,Liam Tanaka,liam.tanaka596@example.com,Shanghai,Cn,Us,2021-04-23,Standard,False
TES-C5879,Aditya Sharma,aditya.sharma971@example.com,Chicago,Il,Cn,2025-09-09,Insider,False
TES-C2827,Aarav Wilson,aarav.wilson110@example.com,San Francisco,Ca,De,2024-04-17,Referral Program,False
TES-C6923,WEI PATEL,wei.patel886@example.com,Fremont,Ca,Cn,2025-12-29,Referral Program,False
TES-C10575,AARAV SUZUKI,aarav.suzuki8@example.com,New York,Ny,Jp,2024-01-15,Insider,False
TES-C3930,Aarav Rossi,aarav.rossi264@example.com,Austin,Tx,De,2024-08-27,Insider,False
TES-C8036,Mohammed Yamada,mohammed.yamada524@example.com,Berlin,De,De,2022-03-03,Unknown,False
TES-C3922,Noah Wilson,noah.wilson970@example.com,Berlin,De,Uk,2023-07-15,Insider,False
TES-C6883,Aarav Kim,aarav.kim611@example.com,Austin,Tx,Jp,2025-09-04,Insider,False
TES-C2747,Yuki Kumar,yuki.kumar472@example.com,Los Angeles,Ca,Uk,2021-09-08,Insider,False
TES-C1174,Noah Garcia,noah.garcia501@example.com,Fremont,Ca,De,2022-10-04,Insider,False
TES-C2666,David Davis,david.davis858@example.com,Fremont,Ca,Cn,2025-04-19,Referral Program,False
TES-C7322,ANNA JOHNSON,anna.johnson74@example.com,Los Angeles,Ca,Ca,2023-10-15,Insider,False
TES-C7255,Zoe Kim,zoe.kim961@example.com,Chicago,Il,Cn,2023-08-06,Insider,False
TES-C4058, Ken Johnson ,,Los Angeles,Ca,Ca,2022-05-07,Standard,True
TES-C2355,Yuki Sharma,yuki.sharma89@example.com,Los Angeles,Ca,Ca,2021-07-04,Standard,False
TES-C4073,Aarav Khan,aarav.khan454@example.com,Fremont,Ca,Cn,2024-09-07,Referral Program,False
TES-C7785,Ava Wilson,ava.wilson92@example.com,Chicago,Il,De,2023-03-31,Insider,False
TES-C6775,Mohammed Kim,mohammed.kim263@example.com,Chicago,Il,Ca,2022-12-31,Standard,False
TES-C10499,Sara Wang,,Chicago,Il,Cn,2021-01-09,Standard,True
TES-C7586,SOFIA SMITH,sofia.smith13@example.com,New York,Ny,Ca,2024-04-16,Standard,False
TES-C9518,CARLOS GARCIA,carlos.garcia707@example.com,Fremont,Ca,Ca,2024-07-07,Insider,False
TES-C9337,ken martin,,Shanghai,Cn,De,2022-06-04,Insider,True
TES-C9659,Priya Suzuki,priya.suzuki566@example.com,Miami,Fl,De,2023-04-24,Referral Program,False
TES-C10345,David Chen,david.chen469@example.com,Austin,Tx,De,2024-04-07,Referral Program,False
TES-C2017,BEN WILSON,ben.wilson428@example.com,San Francisco,Ca,Us,2021-10-06,Standard,False
TES-C4018,wei sharma,wei.sharma790@example.com,Miami,Fl,Cn,2022-06-01,Standard,False
TES-C6984,Liam Wang,liam.wang382@example.com,Shanghai,Cn,De,2023-07-31,Insider,False
TES-C2343,LIAM DAVIS,liam.davis571@example.com,Chicago,Il,Ca,2022-07-06,Standard,False
TES-C9080,Aarav Kumar,,New York,Ny,Uk,2025-06-17,Standard,True
TES-C4287,Liam Singh,liam.singh888@example.com,Berlin,De,Uk,2025-05-25,Insider,False
TES-C4380,noah davis,,Berlin,De,Cn,2022-03-19,Referral Program,True
TES-C1481,LI SINGH,li.singh85@example.com,Chicago,Il,Ca,2024-03-20,Referral Program,False
TES-C9743,Aditya Tanaka,aditya.tanaka746@example.com,New York,Ny,Uk,2024-03-01,Referral Program,False
TES-C2810,Maria Martin,maria.martin42@example.com,Chicago,Il,De,2021-06-29,Insider,False
TES-C8620,Sara Khan,sara.khan529@example.com,New York,Ny,De,2022-04-25,Referral Program,False
TES-C5250,Ken Garcia,ken.garcia592@example.com,New York,Ny,Uk,2025-10-29,Referral Program,False
TES-C6329,Ken Rossi,ken.rossi992@example.com,Berlin,De,Uk,2024-05-04,Insider,False
TES-C7796,James Sharma,james.sharma935@example.com,Miami,Fl,Uk,2025-08-19,Standard,False
TES-C10114,Fatima Martin,fatima.martin832@example.com,San Francisco,Ca,Ca,2023-01-23,Referral Program,False
TES-C3334,Ben Wang,ben.wang804@example.com,Miami,Fl,Cn,2021-12-16,Insider,False
TES-C2384,Ben Chen,ben.chen39@example.com,Chicago,Il,Us,2025-10-21,Standard,False
TES-C2003,Carlos Wilson,carlos.wilson545@example.com,Los Angeles,Ca,Cn,2021-07-27,Standard,False
TES-C10693,Ken Chen,ken.chen840@example.com,Miami,Fl,Ca,2022-11-06,Referral Program,False
TES-C4766,Mohammed Lee,mohammed.lee530@example.com,Miami,Fl,Ca,2023-12-19,Insider,False
TES-C2020,Noah Khan,noah.khan836@example.com,Fremont,Ca,Uk,2023-11-09,Standard,False
TES-C10095,Sara Wang,sara.wang865@example.com,New York,Ny,De,2023-07-29,Standard,False
TES-C5193,Emma Anderson,emma.anderson967@example.com,Fremont,Ca,Ca,2025-05-21,Referral Program,False
TES-C3619,Emma Davis,,Miami,Fl,Us,2025-05-08,Insider,True
TES-C9392,yuki suzuki,yuki.suzuki555@example.com,Los Angeles,Ca,Us,2022-11-09,Insider,False
TES-C5804,Maria Lee,,Austin,Tx,Jp,2025-04-06,Standard,True
TES-C8724,Yuki Patel,yuki.patel295@example.com,Seattle,Wa,De,2021-01-21,Referral Program,False
TES-C9005,Maria Brown,,Berlin,De,De,2022-01-09,Insider,True
TES-C8336,sara smith,sara.smith307@example.com,Miami,Fl,Us,2025-07-03,Referral Program,False
TES-C10369,yuki lee,yuki.lee673@example.com,New York,Ny,Us,2021-08-27,Referral Program,False
TES-C9234,Chen Wilson,chen.wilson507@example.com,New York,Ny,Cn,2025-12-27,Standard,False
TES-C5489,Sara Singh,,Miami,Fl,Uk,2021-11-17,Referral Program,True
TES-C10089,Carlos Lee,carlos.lee954@example.com,Austin,Tx,Cn,2024-12-16,Standard,False
TES-C9686, Anna Smith ,anna.smith268@example.com,Fremont,Ca,Us,2023-09-13,Standard,False
TES-C1562,zoe davis,zoe.davis22@example.com,Chicago,Il,Jp,2025-05-08,Insider,False
TES-C6878,Aarav Yamada,aarav.yamada71@example.com,Chicago,Il,Jp,2022-11-06,Insider,False
TES-C3999,CHEN DAVIS,chen.davis550@example.com,Austin,Tx,Jp,2024-04-29,Insider,False
TES-C6129,Maria Yamada,maria.yamada521@example.com,Miami,Fl,Us,2025-07-04,Standard,False
TES-C2850,Chen Brown,chen.brown824@example.com,New York,Ny,Uk,2022-01-27,Insider,False
TES-C1911,Maria Lee,maria.lee581@example.com,Seattle,Wa,De,2021-11-30,Referral Program,False
TES-C10707,John Khan,john.khan874@example.com,Berlin,De,Us,2025-03-27,Referral Program,False
TES-C7257,David Martin,david.martin634@example.com,Shanghai,Cn,Ca,2023-02-07,Referral Program,False
TES-C2609,Maria Wang,maria.wang156@example.com,Berlin,De,Cn,2022-02-03,Insider,False
TES-C3764,Aarav Smith,aarav.smith832@example.com,Austin,Tx,Ca,2025-03-24,Referral Program,False
TES-C1863,Rahul Rossi,rahul.rossi169@example.com,San Francisco,Ca,Ca,2022-04-19,Insider,False
TES-C6398,priya patel,priya.patel800@example.com,Berlin,De,De,2025-07-01,Standard,False
TES-C6051,Rahul Brown,rahul.brown267@example.com,New York,Ny,Ca,2021-04-28,Referral Program,False
TES-C8324,David Rossi,david.rossi311@example.com,Seattle,Wa,De,2024-02-03,Referral Program,False
TES-C1629,Yuki Suzuki,yuki.suzuki920@example.com,Fremont,Ca,Us,2023-09-06,Referral Program,False
TES-C2291,michael chen,michael.chen751@example.com,Fremont,Ca,Jp,2025-01-09,Standard,False
TES-C8522,Maria Tanaka,maria.tanaka987@example.com,Fremont,Ca,Us,2024-09-17,Referral Program,False
TES-C5607,FATIMA PATEL,fatima.patel996@example.com,Austin,Tx,Us,2021-10-08,Referral Program,False
TES-C9202, Carlos Wilson ,carlos.wilson396@example.com,Chicago,Il,Ca,2024-10-02,Insider,False
TES-C4383,Zoe Khan,zoe.khan164@example.com,Fremont,Ca,De,2024-05-31,Standard,False
TES-C3341,Aarav Tanaka,aarav.tanaka690@example.com,Fremont,Ca,Jp,2022-01-19,Referral Program,False
TES-C4020,noah kim,noah.kim148@example.com,Los Angeles,Ca,Ca,2022-09-10,Standard,False
TES-C7845,Emma Suzuki,emma.suzuki187@example.com,Chicago,Il,Us,2024-03-27,Referral Program,False
TES-C8220,James Anderson,james.anderson796@example.com,Miami,Fl,Us,2022-02-04,Referral Program,False
TES-C8877,Olivia Wilson,olivia.wilson681@example.com,Chicago,Il,Ca,2022-12-24,Standard,False
TES-C2387,James Martin,james.martin441@example.com,New York,Ny,Jp,2025-04-23,Standard,False
TES-C2809,Sofia Johnson,,Shanghai,Cn,Ca,2022-04-17,Referral Program,True
TES-C7612,Yuki Sharma,yuki.sharma52@example.com,Chicago,Il,De,2023-01-28,Unknown,False
TES-C4540,aditya sharma,aditya.sharma116@example.com,Miami,Fl,Us,2023-02-22,Insider,False
TES-C8775,ben smith,ben.smith223@example.com,Seattle,Wa,Us,2023-03-15,Standard,False
TES-C10520,Carlos Kim,carlos.kim48@example.com,Seattle,Wa,Uk,2025-01-13,Insider,False
TES-C8852,Ken Tanaka,,Fremont,Ca,Jp,2021-08-27,Standard,True
TES-C4636,Mohammed Lee,mohammed.lee789@example.com,San Francisco,Ca,Uk,2021-07-03,Standard,False
TES-C5990,michael rossi,michael.rossi553@example.com,Fremont,Ca,Us,2022-09-30,Referral Program,False
TES-C3170,Mohammed Singh,mohammed.singh891@example.com,Seattle,Wa,Jp,2022-06-05,Standard,False
TES-C6811,Sara Singh,sara.singh453@example.com,New York,Ny,Jp,2024-06-14,Insider,False
TES-C2592,Fatima Lee,fatima.lee165@example.com,Los Angeles,Ca,De,2023-04-19,Referral Program,False
TES-C4851,Zoe Suzuki,zoe.suzuki963@example.com,Berlin,De,Us,2021-07-15,Insider,False
TES-C5533,Ava Sharma,ava.sharma360@example.com,Austin,Tx,Us,2025-03-07,Referral Program,False
TES-C10825,Ava Davis,ava.davis406@example.com,Seattle,Wa,Jp,2025-05-27,Unknown,False
TES-C1453,Liam Khan,liam.khan80@example.com,Shanghai,Cn,De,2024-11-18,Referral Program,False
TES-C4074,VIVAAN GARCIA,vivaan.garcia624@example.com,Fremont,Ca,Cn,2021-08-27,Standard,False
TES-C6185,James Wang,,Berlin,De,Us,2023-06-19,Standard,True
TES-C2828, Noah Martin ,noah.martin998@example.com,San Francisco,Ca,Jp,2022-06-06,Referral Program,False
TES-C2660,Michael Chen,michael.chen29@example.com,Austin,Tx,Cn,2021-11-30,Referral Program,False
TES-C10770,Fatima Khan,fatima.khan997@example.com,Fremont,Ca,Us,2025-08-25,Standard,False
TES-C10565,James Kim,james.kim427@example.com,Berlin,De,Us,2023-06-02,Insider,False
TES-C3656, Ava Tanaka ,ava.tanaka558@example.com,Miami,Fl,De,2021-05-31,Referral Program,False
TES-C10163,Ava Yamada,ava.yamada524@example.com,Chicago,Il,Uk,2025-11-21,Insider,False
TES-C10860,Emma Brown,emma.brown276@example.com,Chicago,Il,Cn,2024-06-29,Referral Program,False
TES-C7933,James Lee,james.lee915@example.com,Miami,Fl,Jp,2022-05-27,Standard,False
TES-C1006,Ava Tanaka,,New York,Ny,Jp,2022-06-27,Referral Program,True
TES-C5565,Ava Smith,ava.smith727@example.com,Berlin,De,Ca,2021-01-26,Referral Program,False
TES-C10840,Sofia Yamada,,Los Angeles,Ca,Jp,2023-08-21,Standard,True
TES-C7784,BEN GARCIA,ben.garcia601@example.com,Seattle,Wa,Jp,2025-08-20,Insider,False
TES-C5538,noah kumar,noah.kumar526@example.com,Shanghai,Cn,Uk,2023-04-11,Insider,False
TES-C8840,Sofia Smith,sofia.smith49@example.com,Berlin,De,Cn,2025-06-16,Standard,False
TES-C4552,James Brown,james.brown681@example.com,Miami,Fl,Us,2025-07-14,Referral Program,False
TES-C2693,Emma Müller,emma.müller272@example.com,Seattle,Wa,Us,2025-05-04,Referral Program,False
TES-C2061,Aditya Wilson,aditya.wilson507@example.com,Seattle,Wa,Ca,2023-09-18,Referral Program,False
TES-C10877,aditya sharma,aditya.sharma394@example.com,Berlin,De,Uk,2023-07-10,Insider,False
TES-C9189,Olivia Sharma,olivia.sharma655@example.com,Miami,Fl,Uk,2021-07-31,Standard,False
TES-C8272,Noah Lee,noah.lee232@example.com,Berlin,De,Ca,2024-04-28,Insider,False
TES-C8826,Michael Suzuki,michael.suzuki454@example.com,San Francisco,Ca,Ca,2022-04-06,Referral Program,False
TES-C5603,Ben Anderson,,Fremont,Ca,Us,2023-11-28,Standard,True
TES-C10982,Zoe Garcia,zoe.garcia996@example.com,San Francisco,Ca,De,2024-02-06,Referral Program,False
TES-C3326,James Sharma,james.sharma752@example.com,New York,Ny,Cn,2021-02-06,Referral Program,False
TES-C7225,Olivia Kim,olivia.kim714@example.com,Los Angeles,Ca,Jp,2022-03-08,Standard,False
TES-C1250,Noah Davis,noah.davis740@example.com,Shanghai,Cn,Us,2021-01-11,Unknown,False
TES-C5929,Ben Kim,,Chicago,Il,Ca,2025-06-13,Referral Program,True
TES-C10342,David Singh,david.singh448@example.com,Miami,Fl,Uk,2025-08-29,Insider,False
TES-C8904,Wei Kim,wei.kim765@example.com,San Francisco,Ca,Us,2021-12-30,Referral Program,False
TES-C5732,Wei Kumar,wei.kumar750@example.com,Seattle,Wa,Jp,2023-04-07,Referral Program,False
TES-C9265,Sara Martin,sara.martin140@example.com,Shanghai,Cn,De,2021-04-28,Insider,False
TES-C6250,Olivia Müller,olivia.müller177@example.com,Chicago,Il,Us,2025-09-13,Insider,False
TES-C4723,JOHN WILSON,john.wilson188@example.com,Fremont,Ca,De,2025-03-14,Insider,False
TES-C8193,Chen Sharma,chen.sharma289@example.com,Berlin,De,Jp,2024-02-10,Insider,False
TES-C10523,James Patel,james.patel162@example.com,New York,Ny,Jp,2024-01-03,Referral Program,False
TES-C2668,Emma Garcia,emma.garcia471@example.com,San Francisco,Ca,Ca,2022-05-16,Insider,False
TES-C7783,OLIVIA ANDERSON,olivia.anderson684@example.com,Shanghai,Cn,Uk,2021-08-11,Referral Program,False
TES-C3014,Li Anderson,li.anderson23@example.com,Austin,Tx,Cn,2024-09-28,Insider,False
TES-C7184,Yuki Tanaka,yuki.tanaka187@example.com,Miami,Fl,Ca,2024-08-20,Standard,False
TES-C1235,Maria Martin,,Fremont,Ca,Us,2024-01-27,Referral Program,True
TES-C8714,Olivia Kumar,olivia.kumar265@example.com,Austin,Tx,De,2025-06-06,Insider,False
TES-C1535,Olivia Garcia,olivia.garcia261@example.com,Shanghai,Cn,Jp,2025-09-20,Insider,False
TES-C10708,Liam Garcia,liam.garcia911@example.com,Fremont,Ca,Us,2022-02-25,Standard,False
TES-C7303,Olivia Wang,olivia.wang373@example.com,San Francisco,Ca,De,2025-06-19,Standard,False
TES-C4933,LI GARCIA,li.garcia364@example.com,Berlin,De,Cn,2023-12-23,Insider,False
TES-C9606,Priya Tanaka,priya.tanaka911@example.com,Shanghai,Cn,Uk,2025-07-08,Standard,False
TES-C5600,Liam Wilson,liam.wilson884@example.com,Seattle,Wa,Us,2023-12-12,Standard,False
TES-C9020,Rahul Müller,rahul.müller646@example.com,Austin,Tx,Uk,2023-09-15,Standard,False
TES-C7424,Olivia Lee,olivia.lee667@example.com,New York,Ny,Cn,2024-12-15,Standard,False
TES-C6070,James Brown,james.brown802@example.com,Miami,Fl,Jp,2025-04-30,Referral Program,False
TES-C2970,Anna Davis,anna.davis799@example.com,Los Angeles,Ca,Cn,2025-10-18,Standard,False
TES-C10423,David Singh,david.singh238@example.com,San Francisco,Ca,Us,2024-10-06,Insider,False
TES-C3837,Anna Anderson,anna.anderson324@example.com,Miami,Fl,Ca,2024-05-17,Referral Program,False
TES-C4128,Ben Suzuki,ben.suzuki701@example.com,Shanghai,Cn,Cn,2024-09-16,Referral Program,False
TES-C9200,ken yamada,ken.yamada989@example.com,Los Angeles,Ca,De,2023-10-29,Standard,False
TES-C8156,AARAV MÜLLER,aarav.müller637@example.com,Seattle,Wa,De,2024-07-29,Referral Program,False
TES-C9999,Ava Martin,ava.martin409@example.com,Berlin,De,Ca,2022-12-27,Referral Program,False
TES-C3906,Anna Sharma,anna.sharma908@example.com,New York,Ny,Ca,2021-10-25,Unknown,False
TES-C10170,Liam Suzuki,liam.suzuki258@example.com,Shanghai,Cn,Us,2022-01-15,Insider,False
TES-C3599,Michael Wang,michael.wang175@example.com,Los Angeles,Ca,De,2025-04-15,Insider,False
TES-C8073,Liam Kim,liam.kim336@example.com,Los Angeles,Ca,De,2021-10-11,Standard,False
TES-C10846,Anna Singh,anna.singh703@example.com,Austin,Tx,Ca,2025-12-15,Unknown,False
TES-C7331, Maria Sharma ,maria.sharma267@example.com,Shanghai,Cn,Uk,2023-10-27,Referral Program,False
TES-C4847,Ken Johnson,ken.johnson988@example.com,Austin,Tx,Us,2022-09-08,Standard,False
TES-C5395,Ben Müller,ben.müller769@example.com,Shanghai,Cn,Jp,2023-11-29,Standard,False
TES-C4707,rahul smith,rahul.smith667@example.com,San Francisco,Ca,Jp,2023-04-25,Referral Program,False
TES-C6119,Emma Yamada,emma.yamada224@example.com,New York,Ny,Jp,2021-07-24,Referral Program,False
TES-C2330,Rahul Rossi,rahul.rossi556@example.com,Los Angeles,Ca,De,2023-02-24,Insider,False
TES-C1304,Mohammed Chen,mohammed.chen630@example.com,Los Angeles,Ca,Ca,2024-02-24,Referral Program,False
TES-C7271,Aarav Davis,aarav.davis672@example.com,New York,Ny,Us,2025-09-11,Standard,False
TES-C3045,Rahul Anderson,rahul.anderson438@example.com,Fremont,Ca,De,2022-11-04,Unknown,False
TES-C6268, Olivia Brown ,olivia.brown485@example.com,Shanghai,Cn,De,2024-12-24,Insider,False
TES-C9269,Aditya Anderson,aditya.anderson687@example.com,San Francisco,Ca,Jp,2022-07-29,Standard,False
TES-C9925,Emma Kumar,emma.kumar508@example.com,Seattle,Wa,Ca,2022-05-30,Insider,False
TES-C9514,Emma Garcia,emma.garcia799@example.com,Seattle,Wa,Cn,2023-02-10,Referral Program,False
TES-C7152,Rahul Tanaka,rahul.tanaka325@example.com,Fremont,Ca,Cn,2023-02-26,Standard,False
TES-C2762,Carlos Sharma,carlos.sharma554@example.com,Shanghai,Cn,Us,2023-09-17,Insider,False
TES-C5009,Aditya Chen,,Shanghai,Cn,Jp,2021-08-06,Referral Program,True
TES-C3898,Mohammed Wang,,Seattle,Wa,Uk,2022-11-29,Unknown,True
TES-C9937,carlos johnson,carlos.johnson464@example.com,Seattle,Wa,Cn,2024-02-05,Insider,False
TES-C9331,Aditya Tanaka,aditya.tanaka941@example.com,Seattle,Wa,Cn,2024-08-25,Standard,False
TES-C10090,Liam Sharma,liam.sharma98@example.com,Chicago,Il,Cn,2022-10-27,Insider,False
TES-C7385,Aarav Johnson,aarav.johnson553@example.com,Shanghai,Cn,Uk,2024-08-09,Unknown,False
TES-C5379,David Anderson,david.anderson944@example.com,Austin,Tx,Us,2021-01-31,Insider,False
TES-C10516,Priya Kim,priya.kim718@example.com,Los Angeles,Ca,Us,2023-06-04,Referral Program,False
TES-C9911,MOHAMMED SMITH,mohammed.smith49@example.com,Fremont,Ca,Jp,2023-12-26,Insider,False
TES-C5964,Rahul Tanaka,rahul.tanaka158@example.com,Shanghai,Cn,Jp,2024-08-21,Standard,False
TES-C9057,Fatima Davis,fatima.davis964@example.com,Chicago,Il,Us,2023-02-23,Insider,False
TES-C7122,Liam Johnson,liam.johnson770@example.com,Chicago,Il,Ca,2023-03-16,Insider,False
TES-C4439,Liam Chen,liam.chen623@example.com,San Francisco,Ca,Uk,2022-04-10,Standard,False
TES-C6186,Emma Kim,emma.kim508@example.com,Miami,Fl,Cn,2025-11-21,Referral Program,False
TES-C6280,Michael Johnson,michael.johnson67@example.com,Shanghai,Cn,Cn,2021-06-26,Referral Program,False
TES-C7249,Emma Garcia,emma.garcia97@example.com,San Francisco,Ca,Cn,2022-07-31,Referral Program,False
TES-C9991,John Davis,john.davis633@example.com,New York,Ny,Uk,2024-11-21,Standard,False
TES-C6569,Ben Wilson,ben.wilson941@example.com,Berlin,De,Cn,2022-07-24,Referral Program,False
TES-C7548,Sofia Sharma,sofia.sharma557@example.com,Seattle,Wa,Cn,2023-09-22,Insider,False
TES-C5317, Vivaan Wilson ,vivaan.wilson268@example.com,Fremont,Ca,Uk,2024-02-06,Unknown,False
TES-C9286, Vivaan Müller ,vivaan.müller121@example.com,San Francisco,Ca,De,2022-11-23,Standard,False
TES-C7975,Sara Khan,sara.khan374@example.com,Miami,Fl,Uk,2023-11-15,Insider,False
TES-C4875,Zoe Wang,zoe.wang753@example.com,Chicago,Il,Ca,2024-11-14,Standard,False
TES-C4054,JOHN WANG,john.wang837@example.com,San Francisco,Ca,Cn,2023-11-03,Referral Program,False
TES-C4894,olivia kim,olivia.kim670@example.com,Berlin,De,Ca,2023-09-16,Standard,False
TES-C5734,Priya Patel,priya.patel143@example.com,New York,Ny,Ca,2025-12-29,Insider,False
TES-C3494,John Smith,john.smith527@example.com,San Francisco,Ca,De,2025-08-13,Standard,False
TES-C7824,michael suzuki,michael.suzuki606@example.com,Los Angeles,Ca,Us,2022-01-09,Insider,False
TES-C9321,Ava Anderson,,San Francisco,Ca,Ca,2021-11-12,Standard,True
TES-C1261,Aditya Yamada,aditya.yamada477@example.com,Seattle,Wa,De,2022-01-12,Standard,False
TES-C4351,ADITYA BROWN,aditya.brown20@example.com,Chicago,Il,De,2024-03-06,Referral Program,False
TES-C10140,sofia martin,sofia.martin505@example.com,Fremont,Ca,De,2025-08-28,Referral Program,False
TES-C6199,Sofia Müller,sofia.müller591@example.com,Fremont,Ca,Cn,2021-09-18,Referral Program,False
TES-C4249,Sara Kim,,Chicago,Il,Uk,2022-05-04,Standard,True
TES-C6648,Chen Kumar,chen.kumar72@example.com,Austin,Tx,Jp,2023-03-21,Referral Program,False
TES-C10992,Aarav Kumar,aarav.kumar352@example.com,Berlin,De,Us,2022-10-21,Insider,False
TES-C1477,Chen Khan,chen.khan550@example.com,Miami,Fl,Us,2021-02-10,Referral Program,False
TES-C8335,Yuki Lee,yuki.lee879@example.com,Los Angeles,Ca,Jp,2021-12-24,Standard,False
TES-C6136,Rahul Johnson,rahul.johnson66@example.com,Chicago,Il,Ca,2024-11-04,Referral Program,False
TES-C6962,BEN MARTIN,ben.martin765@example.com,Seattle,Wa,Uk,2023-11-12,Referral Program,False
TES-C6229,Liam Rossi,liam.rossi817@example.com,Los Angeles,Ca,Jp,2023-04-18,Referral Program,False
TES-C4731,Emma Müller,emma.müller363@example.com,Fremont,Ca,Cn,2022-05-12,Referral Program,False
TES-C7253,ben martin,ben.martin697@example.com,Austin,Tx,Jp,2021-04-07,Referral Program,False
TES-C9127,Anna Wang,anna.wang996@example.com,New York,Ny,Ca,2024-06-29,Referral Program,False
TES-C7108,Priya Anderson,priya.anderson543@example.com,Miami,Fl,Us,2024-11-22,Standard,False
TES-C4235,Carlos Khan,carlos.khan248@example.com,Los Angeles,Ca,Ca,2024-06-06,Insider,False
TES-C10298,Wei Kim,wei.kim80@example.com,Fremont,Ca,Cn,2022-11-06,Referral Program,False
TES-C7169,Carlos Anderson,carlos.anderson332@example.com,Miami,Fl,Cn,2024-09-22,Referral Program,False
TES-C7674,Anna Singh,,Shanghai,Cn,Us,2022-08-12,Standard,True
TES-C3823,Olivia Yamada,olivia.yamada460@example.com,Austin,Tx,Uk,2025-02-21,Insider,False
TES-C6155,David Singh,david.singh901@example.com,New York,Ny,Cn,2023-12-10,Standard,False
TES-C1743,Wei Brown,wei.brown578@example.com,Austin,Tx,De,2025-03-21,Referral Program,False
TES-C5749,JOHN LEE,john.lee704@example.com,New York,Ny,De,2021-04-15,Standard,False
TES-C10142,Aarav Singh,aarav.singh106@example.com,Chicago,Il,Ca,2023-06-13,Insider,False
TES-C6611,Aditya Sharma,aditya.sharma88@example.com,Miami,Fl,De,2024-01-07,Insider,False
TES-C1187,Carlos Yamada,carlos.yamada386@example.com,New York,Ny,Jp,2023-12-12,Standard,False
TES-C7315, Wei Patel ,wei.patel859@example.com,Fremont,Ca,Jp,2025-11-10,Insider,False
TES-C4632,MOHAMMED MÜLLER,mohammed.müller441@example.com,Fremont,Ca,Uk,2021-06-12,Insider,False
TES-C6007,OLIVIA SINGH,olivia.singh446@example.com,Chicago,Il,De,2021-01-12,Insider,False
TES-C10826,Sara Davis,sara.davis697@example.com,Berlin,De,De,2025-12-25,Insider,False
TES-C4137, Zoe Sharma ,zoe.sharma556@example.com,New York,Ny,Us,2024-06-03,Referral Program,False
TES-C4553,Emma Tanaka,emma.tanaka682@example.com,Los Angeles,Ca,Us,2023-09-07,Referral Program,False
TES-C9098,Sofia Khan,sofia.khan605@example.com,New York,Ny,Ca,2025-12-07,Insider,False
TES-C5601,Wei Wilson,wei.wilson778@example.com,Chicago,Il,Us,2025-01-10,Insider,False
TES-C1951,Aditya Martin,aditya.martin953@example.com,San Francisco,Ca,Ca,2023-04-24,Insider,False
TES-C10021,Ava Müller,ava.müller775@example.com,Berlin,De,De,2021-05-17,Standard,False
TES-C5572,sara kim,,Fremont,Ca,Us,2024-05-19,Insider,True
TES-C2983,Aditya Kim,aditya.kim930@example.com,Los Angeles,Ca,Jp,2025-12-21,Insider,False
TES-C8234,Anna Johnson,anna.johnson283@example.com,Shanghai,Cn,De,2024-01-28,Insider,False
TES-C4926,ADITYA WANG,aditya.wang915@example.com,Berlin,De,Us,2021-12-14,Standard,False
TES-C5483,Ben Tanaka,ben.tanaka158@example.com,Austin,Tx,De,2021-09-23,Standard,False
TES-C10198,Ben Smith,ben.smith458@example.com,Miami,Fl,Cn,2024-12-01,Standard,False
TES-C7914,Michael Kim,michael.kim15@example.com,Miami,Fl,Jp,2021-11-10,Insider,False
TES-C3202,John Davis,john.davis538@example.com,Los Angeles,Ca,De,2025-11-22,Standard,False
TES-C2063,Chen Wang,chen.wang219@example.com,San Francisco,Ca,De,2021-02-15,Unknown,False
TES-C7124,Liam Wilson,liam.wilson710@example.com,San Francisco,Ca,Ca,2024-03-02,Standard,False
TES-C5248,Chen Rossi,chen.rossi42@example.com,Seattle,Wa,Uk,2023-10-02,Referral Program,False
TES-C6062,Wei Rossi,wei.rossi59@example.com,Miami,Fl,Uk,2022-09-21,Standard,False
TES-C5898,Li Johnson,li.johnson400@example.com,Los Angeles,Ca,De,2024-01-08,Insider,False
TES-C6483,Vivaan Kim,vivaan.kim969@example.com,Los Angeles,Ca,Ca,2021-11-14,Insider,False
TES-C4475,EMMA GARCIA,emma.garcia77@example.com,Los Angeles,Ca,Ca,2024-07-31,Insider,False
TES-C6081,Sofia Yamada,sofia.yamada358@example.com,Seattle,Wa,Jp,2025-12-09,Referral Program,False
TES-C1409,Mohammed Kim,mohammed.kim460@example.com,Seattle,Wa,Jp,2023-07-26,Standard,False
TES-C7438,Noah Patel,noah.patel216@example.com,Miami,Fl,De,2023-06-09,Insider,False
TES-C6094, Li Anderson ,li.anderson565@example.com,Los Angeles,Ca,Jp,2025-03-25,Insider,False
TES-C4085,Liam Yamada,liam.yamada323@example.com,Seattle,Wa,Cn,2024-08-05,Referral Program,False
TES-C10725,KEN SMITH,ken.smith387@example.com,Seattle,Wa,Us,2022-06-14,Referral Program,False
TES-C3665,Aarav Patel,,San Francisco,Ca,Cn,2025-05-03,Standard,True
TES-C7736,Aditya Yamada,aditya.yamada762@example.com,Fremont,Ca,Ca,2023-11-04,Standard,False
TES-C4145,Aarav Kumar,aarav.kumar537@example.com,Miami,Fl,Ca,2021-10-17,Standard,False
TES-C4456,john kim,john.kim450@example.com,Miami,Fl,Uk,2022-02-27,Standard,False
TES-C2840,Emma Wilson,emma.wilson285@example.com,Chicago,Il,Uk,2025-12-19,Referral Program,False
TES-C6430,vivaan kim,vivaan.kim340@example.com,New York,Ny,Cn,2023-03-11,Referral Program,False
TES-C3262,mohammed suzuki,mohammed.suzuki397@example.com,Shanghai,Cn,Ca,2023-10-21,Insider,False
TES-C10561,ADITYA MÜLLER,aditya.müller85@example.com,Chicago,Il,Cn,2024-06-02,Insider,False
TES-C10556,Aditya Garcia,aditya.garcia126@example.com,Shanghai,Cn,De,2024-07-22,Referral Program,False
TES-C5342,Ken Brown,ken.brown669@example.com,Berlin,De,Jp,2023-06-27,Insider,False
TES-C8399,Wei Suzuki,wei.suzuki433@example.com,New York,Ny,Us,2024-12-16,Standard,False
TES-C1346,Michael Kumar,michael.kumar317@example.com,Seattle,Wa,Ca,2021-04-24,Insider,False
TES-C5559,Carlos Kim,carlos.kim374@example.com,New York,Ny,Cn,2025-02-27,Standard,False
TES-C3429,Liam Anderson,liam.anderson620@example.com,Berlin,De,Jp,2022-06-21,Standard,False
TES-C9784,Aarav Davis,aarav.davis937@example.com,Miami,Fl,Uk,2024-12-04,Referral Program,False
TES-C10578,fatima lee,fatima.lee375@example.com,Berlin,De,Us,2022-03-29,Standard,False
TES-C5181,Anna Tanaka,,Los Angeles,Ca,Cn,2025-12-26,Standard,True
TES-C3213,Ava Wilson,ava.wilson45@example.com,Miami,Fl,Uk,2022-05-07,Insider,False
TES-C5168,Olivia Johnson,olivia.johnson985@example.com,Chicago,Il,Uk,2021-10-21,Referral Program,False
TES-C6397,Carlos Wilson,carlos.wilson367@example.com,Shanghai,Cn,Uk,2024-05-26,Referral Program,False
TES-C1055,Michael Wang,michael.wang846@example.com,Berlin,De,Ca,2022-04-18,Referral Program,False
TES-C7446,David Martin,david.martin413@example.com,Austin,Tx,De,2024-07-27,Referral Program,False
TES-C7989,Ben Patel,ben.patel245@example.com,Chicago,Il,Ca,2023-08-11,Insider,False
TES-C6515,Olivia Kumar,olivia.kumar49@example.com,San Francisco,Ca,De,2021-12-01,Standard,False
TES-C9299,Li Kumar,li.kumar510@example.com,Los Angeles,Ca,De,2024-02-10,Standard,False
TES-C3397,Carlos Wang,,Miami,Fl,Uk,2025-09-11,Insider,True
TES-C4949,Liam Müller,liam.müller714@example.com,Berlin,De,Cn,2024-02-27,Referral Program,False
TES-C7835,John Davis,john.davis365@example.com,Shanghai,Cn,Ca,2023-07-17,Referral Program,False
TES-C4879,Maria Lee,maria.lee745@example.com,Fremont,Ca,Uk,2021-07-31,Referral Program,False
TES-C7727,SOFIA SHARMA,sofia.sharma885@example.com,Chicago,Il,Cn,2023-05-16,Referral Program,False
TES-C3223,Ava Johnson,ava.johnson253@example.com,Fremont,Ca,Jp,2022-05-02,Referral Program,False
TES-C9900,Maria Kim,maria.kim756@example.com,Seattle,Wa,Cn,2024-04-15,Unknown,False
TES-C5790,Yuki Wang,yuki.wang147@example.com,Chicago,Il,Cn,2025-11-10,Referral Program,False
TES-C7332,BEN KIM,ben.kim793@example.com,Shanghai,Cn,Us,2024-01-04,Insider,False
TES-C8433,EMMA YAMADA,emma.yamada204@example.com,New York,Ny,De,2023-09-02,Referral Program,False
TES-C10146,Sara Khan,sara.khan673@example.com,Los Angeles,Ca,Jp,2023-10-22,Insider,False
TES-C9205,Priya Chen,priya.chen763@example.com,Berlin,De,De,2025-03-30,Standard,False
TES-C8056,Aarav Martin,aarav.martin411@example.com,Shanghai,Cn,Cn,2022-01-11,Referral Program,False
TES-C3214,Emma Smith,emma.smith622@example.com,Fremont,Ca,Us,2024-07-20,Referral Program,False
TES-C2530,Noah Suzuki,noah.suzuki351@example.com,San Francisco,Ca,Us,2022-03-05,Insider,False
TES-C1386,vivaan suzuki,vivaan.suzuki730@example.com,Chicago,Il,Ca,2021-01-20,Insider,False
TES-C1149,LI YAMADA,,Chicago,Il,Uk,2022-09-20,Insider,True
TES-C8404,Chen Suzuki,chen.suzuki51@example.com,Chicago,Il,Ca,2025-03-01,Referral Program,False
TES-C9462,sofia wang,sofia.wang198@example.com,Chicago,Il,De,2021-01-07,Referral Program,False
TES-C2420,Ben Smith,ben.smith859@example.com,Los Angeles,Ca,Jp,2021-09-09,Standard,False
TES-C6706,Mohammed Yamada,mohammed.yamada859@example.com,Berlin,De,Us,2025-12-05,Unknown,False
TES-C4738,CHEN TANAKA,chen.tanaka634@example.com,Austin,Tx,Jp,2021-01-13,Insider,False
TES-C4086,Aditya Suzuki,aditya.suzuki507@example.com,Austin,Tx,Ca,2023-03-29,Standard,False
TES-C2182,Carlos Martin,,Austin,Tx,De,2025-10-07,Insider,True
TES-C1268,Yuki Johnson,yuki.johnson733@example.com,San Francisco,Ca,Uk,2024-09-27,Referral Program,False
TES-C3029,Priya Kim,priya.kim225@example.com,New York,Ny,Jp,2024-06-14,Insider,False
TES-C9295,MICHAEL BROWN,michael.brown35@example.com,Shanghai,Cn,De,2021-05-06,Insider,False
TES-C2178,Olivia Müller,olivia.müller411@example.com,Chicago,Il,Us,2023-10-21,Standard,False
TES-C8029,AVA DAVIS,ava.davis688@example.com,New York,Ny,Cn,2023-03-17,Insider,False
TES-C1120,olivia brown,olivia.brown116@example.com,Seattle,Wa,Ca,2022-04-04,Standard,False
TES-C9758,Ava Brown,,Berlin,De,Uk,2024-07-10,Referral Program,True
TES-C1060,PRIYA DAVIS,priya.davis91@example.com,Shanghai,Cn,Us,2025-08-09,Unknown,False
TES-C3669,Rahul Anderson,rahul.anderson294@example.com,New York,Ny,Uk,2021-09-24,Referral Program,False
TES-C3704,Aditya Lee,aditya.lee253@example.com,Seattle,Wa,Uk,2024-09-29,Insider,False
TES-C10179,Zoe Brown,zoe.brown660@example.com,Miami,Fl,Ca,2022-12-08,Insider,False
TES-C9364,Ken Brown,ken.brown190@example.com,Seattle,Wa,Jp,2021-07-05,Standard,False
TES-C7308,Ken Rossi,,Miami,Fl,Jp,2023-02-03,Insider,True
TES-C5311,Ava Yamada,ava.yamada24@example.com,Chicago,Il,Us,2024-03-24,Referral Program,False
TES-C2191,SOFIA SUZUKI,sofia.suzuki36@example.com,Miami,Fl,Us,2024-08-19,Insider,False
TES-C9951, David Kumar ,david.kumar784@example.com,Chicago,Il,Jp,2024-12-29,Referral Program,False
TES-C2558,Noah Lee,noah.lee684@example.com,Miami,Fl,De,2023-12-25,Insider,False
TES-C3915,Emma Sharma,emma.sharma439@example.com,Berlin,De,Jp,2022-01-10,Insider,False
TES-C8517,MOHAMMED KHAN,mohammed.khan536@example.com,New York,Ny,Cn,2025-03-15,Referral Program,False
TES-C8044,Sofia Anderson,sofia.anderson780@example.com,Berlin,De,Us,2025-01-29,Standard,False
TES-C4979,SOFIA BROWN,sofia.brown849@example.com,Berlin,De,De,2023-12-20,Referral Program,False
TES-C4515,Yuki Garcia,yuki.garcia655@example.com,San Francisco,Ca,Cn,2023-07-18,Referral Program,False
TES-C10402,Ava Khan,ava.khan169@example.com,New York,Ny,Cn,2025-09-21,Insider,False
TES-C6632,Sofia Rossi,,Chicago,Il,Jp,2024-03-22,Standard,True
TES-C5936,James Martin,james.martin698@example.com,Austin,Tx,Ca,2021-06-05,Standard,False
TES-C4174,Vivaan Wilson,vivaan.wilson85@example.com,Miami,Fl,Ca,2023-10-19,Insider,False
TES-C8640,Aarav Müller,aarav.müller921@example.com,Fremont,Ca,Jp,2025-12-26,Referral Program,False
TES-C8427,Vivaan Martin,vivaan.martin815@example.com,Miami,Fl,Uk,2024-02-02,Standard,False
TES-C8701,Michael Smith,michael.smith808@example.com,Fremont,Ca,Us,2025-07-17,Insider,False
TES-C7770,Fatima Wang,fatima.wang23@example.com,Los Angeles,Ca,Jp,2025-10-02,Referral Program,False
TES-C2994,Yuki Wang,yuki.wang790@example.com,Chicago,Il,Uk,2022-09-01,Unknown,False
TES-C2753,Aditya Martin,aditya.martin127@example.com,Chicago,Il,Jp,2021-03-18,Standard,False
TES-C1758,Wei Tanaka,wei.tanaka15@example.com,Los Angeles,Ca,De,2023-03-19,Referral Program,False
TES-C8961,Liam Wilson,liam.wilson982@example.com,Fremont,Ca,Ca,2022-04-04,Insider,False
TES-C4995, Yuki Chen ,,Chicago,Il,Cn,2023-05-09,Standard,True
TES-C7607,Sofia Anderson,,San Francisco,Ca,Cn,2024-12-25,Standard,True
TES-C3387, Chen Anderson ,chen.anderson882@example.com,Chicago,Il,Ca,2023-11-23,Referral Program,False
TES-C8741,Aditya Davis,aditya.davis498@example.com,Shanghai,Cn,Ca,2025-04-20,Insider,False
TES-C4355,Ava Sharma,ava.sharma100@example.com,Seattle,Wa,Us,2021-10-24,Standard,False
TES-C10614,JAMES CHEN,,Seattle,Wa,De,2023-06-24,Standard,True
TES-C6795,Olivia Smith,olivia.smith933@example.com,Chicago,Il,Us,2021-10-07,Insider,False
TES-C1404,anna singh,anna.singh569@example.com,Seattle,Wa,Jp,2024-07-31,Referral Program,False
TES-C3296,FATIMA GARCIA,fatima.garcia562@example.com,Austin,Tx,Ca,2021-05-28,Insider,False
TES-C7908,Fatima Kim,fatima.kim479@example.com,Shanghai,Cn,Cn,2021-09-19,Referral Program,False
TES-C8429,Ben Yamada,ben.yamada483@example.com,Los Angeles,Ca,De,2025-01-15,Referral Program,False
TES-C10947,Aditya Yamada,aditya.yamada934@example.com,Chicago,Il,Ca,2024-06-01,Standard,False
TES-C4167,Ben Smith,ben.smith743@example.com,Fremont,Ca,Ca,2025-08-22,Standard,False
TES-C3756,Vivaan Kumar,vivaan.kumar862@example.com,Chicago,Il,Cn,2023-07-09,Standard,False
TES-C10726,Fatima Suzuki,fatima.suzuki335@example.com,Berlin,De,Cn,2024-10-25,Referral Program,False
TES-C5439,Vivaan Wang,vivaan.wang826@example.com,Chicago,Il,Jp,2024-09-27,Referral Program,False
TES-C9308,Noah Brown,noah.brown871@example.com,Seattle,Wa,Ca,2024-12-16,Standard,False
TES-C10756,Aditya Kim,aditya.kim529@example.com,Shanghai,Cn,Ca,2022-09-29,Referral Program,False
TES-C8556,FATIMA TANAKA,fatima.tanaka977@example.com,Fremont,Ca,Ca,2022-06-10,Standard,False
TES-C7898,Ben Brown,ben.brown625@example.com,Austin,Tx,Uk,2022-10-25,Insider,False
TES-C5768,aditya müller,aditya.müller564@example.com,Los Angeles,Ca,Cn,2023-04-07,Insider,False
TES-C3084,Noah Smith,noah.smith407@example.com,Seattle,Wa,Us,2023-11-15,Standard,False
TES-C5825,James Müller,,San Francisco,Ca,Us,2024-08-30,Insider,True
TES-C2918,Fatima Kumar,fatima.kumar149@example.com,Los Angeles,Ca,Us,2024-10-30,Insider,False
TES-C5659,Aarav Müller,,Austin,Tx,Us,2024-10-08,Referral Program,True
TES-C6518,Sara Anderson,sara.anderson529@example.com,Fremont,Ca,Jp,2024-08-19,Insider,False
TES-C1896,John Patel,,Austin,Tx,Uk,2024-01-14,Standard,True
TES-C1208,yuki lee,yuki.lee500@example.com,Miami,Fl,De,2022-05-21,Referral Program,False
TES-C1069,John Kumar,john.kumar185@example.com,Fremont,Ca,Cn,2025-09-29,Referral Program,False
TES-C3598,Ken Rossi,ken.rossi328@example.com,Austin,Tx,Uk,2025-07-02,Insider,False
TES-C9866,Noah Wilson,noah.wilson835@example.com,Los Angeles,Ca,De,2021-01-13,Insider,False
TES-C9137,Sara Kim,sara.kim668@example.com,Seattle,Wa,Jp,2023-11-01,Referral Program,False
TES-C9369,Ben Singh,,Berlin,De,Ca,2025-10-02,Standard,True
TES-C7228,Zoe Müller,zoe.müller310@example.com,Chicago,Il,Jp,2023-05-31,Standard,False
TES-C1031,Emma Wang,emma.wang509@example.com,New York,Ny,De,2024-02-17,Insider,False
TES-C5460,david kim,david.kim688@example.com,Chicago,Il,Jp,2022-10-14,Insider,False
TES-C1367,carlos kim,carlos.kim348@example.com,Shanghai,Cn,Jp,2023-01-04,Referral Program,False
TES-C7310,LIAM BROWN,liam.brown880@example.com,Seattle,Wa,Ca,2022-04-06,Referral Program,False
TES-C1880,Anna Kumar,anna.kumar436@example.com,Miami,Fl,Jp,2024-01-04,Standard,False
TES-C3977,Zoe Yamada,zoe.yamada290@example.com,Berlin,De,Ca,2025-01-30,Insider,False
TES-C1130,Maria Sharma,maria.sharma982@example.com,Fremont,Ca,Uk,2023-11-15,Referral Program,False
TES-C9435,Liam Smith,liam.smith846@example.com,Berlin,De,Cn,2022-04-28,Referral Program,False
TES-C4835,Anna Chen,anna.chen820@example.com,Fremont,Ca,Us,2025-06-24,Referral Program,False
TES-C3680,Sara Rossi,sara.rossi649@example.com,Seattle,Wa,De,2023-10-09,Insider,False
TES-C7127,David Johnson,david.johnson309@example.com,Miami,Fl,Jp,2024-07-02,Unknown,False
TES-C8881,James Chen,james.chen402@example.com,Chicago,Il,Uk,2022-04-16,Standard,False
TES-C3787,mohammed müller,mohammed.müller970@example.com,Berlin,De,Jp,2021-03-28,Standard,False
TES-C9026,James Garcia,james.garcia344@example.com,Shanghai,Cn,Jp,2024-06-04,Insider,False
TES-C1361,Sofia Johnson,sofia.johnson221@example.com,New York,Ny,De,2024-11-20,Standard,False
TES-C9108,Mohammed Kumar,mohammed.kumar415@example.com,Shanghai,Cn,De,2021-08-23,Standard,False
TES-C10007,Zoe Chen,zoe.chen52@example.com,Shanghai,Cn,Us,2021-08-01,Referral Program,False
TES-C4063,Olivia Sharma,olivia.sharma710@example.com,Seattle,Wa,De,2024-11-06,Insider,False
TES-C7942,Ava Smith,,Los Angeles,Ca,Uk,2021-02-25,Standard,True
TES-C5162,Yuki Yamada,yuki.yamada785@example.com,Miami,Fl,Us,2023-03-22,Insider,False
TES-C5239,Mohammed Brown,mohammed.brown809@example.com,Fremont,Ca,Cn,2024-04-19,Standard,False
TES-C1040,Liam Kumar,liam.kumar512@example.com,Berlin,De,Ca,2025-01-18,Referral Program,False
TES-C6413,John Tanaka,john.tanaka910@example.com,Los Angeles,Ca,Jp,2023-11-28,Standard,False
TES-C10434,MARIA MÜLLER,maria.müller632@example.com,San Francisco,Ca,Jp,2022-05-18,Referral Program,False
TES-C10654,Ken Smith,ken.smith704@example.com,Fremont,Ca,Ca,2023-11-19,Standard,False
TES-C2266,Maria Garcia,maria.garcia384@example.com,Los Angeles,Ca,Ca,2025-11-18,Referral Program,False
TES-C7296,Noah Müller,noah.müller874@example.com,Seattle,Wa,Uk,2023-06-01,Standard,False
TES-C6313, Priya Sharma ,priya.sharma872@example.com,Miami,Fl,Cn,2021-01-01,Unknown,False
TES-C9493,DAVID YAMADA,,Austin,Tx,Ca,2024-02-23,Referral Program,True
TES-C6534,Michael Chen,michael.chen2@example.com,Chicago,Il,Uk,2024-06-17,Referral Program,False
TES-C7222,Sara Kim,sara.kim171@example.com,Berlin,De,Us,2021-12-04,Referral Program,False
TES-C10004,Rahul Kumar,rahul.kumar114@example.com,Berlin,De,Cn,2024-02-29,Referral Program,False
TES-C5331,Michael Wang,michael.wang798@example.com,San Francisco,Ca,Ca,2022-11-01,Referral Program,False
TES-C7485, Michael Kim ,michael.kim450@example.com,Chicago,Il,Jp,2025-08-01,Standard,False
TES-C4583,Anna Davis,anna.davis825@example.com,Chicago,Il,Jp,2025-06-16,Referral Program,False
TES-C8105,david smith,david.smith904@example.com,Seattle,Wa,Uk,2021-09-17,Insider,False
TES-C4267,Chen Patel,chen.patel6@example.com,San Francisco,Ca,Ca,2022-11-18,Standard,False
TES-C6537,Ken Müller,ken.müller792@example.com,New York,Ny,Us,2023-08-20,Standard,False
TES-C10759,Ken Patel,ken.patel262@example.com,Miami,Fl,Cn,2025-01-15,Standard,False
TES-C2551,Priya Müller,priya.müller349@example.com,Fremont,Ca,Jp,2022-01-19,Standard,False
TES-C9941, Ava Yamada ,ava.yamada877@example.com,Shanghai,Cn,Ca,2022-08-21,Insider,False
TES-C6141,Michael Singh,michael.singh305@example.com,Austin,Tx,Ca,2022-11-23,Standard,False
TES-C1356,Aarav Anderson,aarav.anderson177@example.com,Chicago,Il,Uk,2024-11-26,Insider,False
TES-C1058, Priya Wilson ,priya.wilson517@example.com,Austin,Tx,Cn,2022-08-28,Referral Program,False
TES-C6586,John Kumar,john.kumar866@example.com,Chicago,Il,Ca,2024-10-17,Insider,False
TES-C2779,Anna Lee,anna.lee429@example.com,Los Angeles,Ca,De,2024-07-03,Referral Program,False
TES-C2213,Ben Smith,ben.smith804@example.com,Seattle,Wa,Us,2021-01-24,Unknown,False
TES-C10389,Yuki Smith,yuki.smith701@example.com,Shanghai,Cn,Us,2022-06-24,Referral Program,False
TES-C8008,Emma Khan,emma.khan336@example.com,Fremont,Ca,Ca,2024-11-03,Referral Program,False
TES-C10539,Vivaan Kim,vivaan.kim683@example.com,Fremont,Ca,Ca,2025-06-13,Referral Program,False
TES-C5699,MICHAEL BROWN,michael.brown791@example.com,Berlin,De,Us,2024-08-31,Standard,False
TES-C5910,yuki müller,,Berlin,De,Jp,2023-03-23,Referral Program,True
TES-C10022,Emma Kumar,emma.kumar735@example.com,New York,Ny,Ca,2021-01-24,Standard,False
TES-C5766,Emma Martin,emma.martin887@example.com,Seattle,Wa,Ca,2023-06-16,Referral Program,False
TES-C4952,Zoe Singh,zoe.singh873@example.com,Austin,Tx,Us,2021-09-29,Referral Program,False
TES-C8267,BEN CHEN,ben.chen57@example.com,Fremont,Ca,De,2023-03-29,Referral Program,False
TES-C7904,Michael Anderson,michael.anderson414@example.com,Austin,Tx,Jp,2025-09-24,Referral Program,False
TES-C5513,AARAV ROSSI,aarav.rossi231@example.com,Fremont,Ca,Cn,2024-03-26,Referral Program,False
TES-C9770,Olivia Sharma,olivia.sharma729@example.com,San Francisco,Ca,Cn,2023-06-12,Insider,False
TES-C9100,Priya Kim,priya.kim386@example.com,Los Angeles,Ca,De,2021-02-27,Standard,False
TES-C10671,Ava Singh,,Austin,Tx,Jp,2022-02-10,Referral Program,True
TES-C7007,OLIVIA BROWN,olivia.brown589@example.com,Austin,Tx,Ca,2024-05-25,Referral Program,False
TES-C3006,Ava Yamada,ava.yamada925@example.com,Fremont,Ca,Ca,2021-04-18,Insider,False
TES-C7496,Priya Rossi,priya.rossi783@example.com,Los Angeles,Ca,Uk,2024-12-08,Unknown,False
TES-C1810,Aditya Patel,aditya.patel605@example.com,Chicago,Il,Us,2023-09-02,Unknown,False
TES-C4353,ken smith,ken.smith368@example.com,Fremont,Ca,Cn,2023-11-16,Unknown,False
TES-C7993,Chen Sharma,,Shanghai,Cn,Cn,2025-09-14,Referral Program,True
TES-C3994,Ken Anderson,ken.anderson711@example.com,Shanghai,Cn,Cn,2022-01-07,Insider,False
TES-C6687,Mohammed Martin,mohammed.martin231@example.com,Miami,Fl,Cn,2025-01-18,Standard,False
TES-C7735,Ben Chen,ben.chen387@example.com,Chicago,Il,Cn,2022-01-26,Standard,False
TES-C9744,Yuki Khan,,Chicago,Il,Us,2025-07-13,Insider,True
TES-C4978,priya yamada,priya.yamada95@example.com,Miami,Fl,Jp,2022-02-28,Standard,False
TES-C10867, Vivaan Tanaka ,vivaan.tanaka329@example.com,Berlin,De,Cn,2025-08-24,Standard,False
TES-C4084,Zoe Suzuki,zoe.suzuki179@example.com,Los Angeles,Ca,Cn,2025-08-11,Standard,False
TES-C9039,James Johnson,james.johnson398@example.com,Chicago,Il,Ca,2023-12-20,Insider,False
TES-C6072,wei suzuki,wei.suzuki707@example.com,San Francisco,Ca,De,2022-07-28,Referral Program,False
TES-C3414,vivaan garcia,vivaan.garcia496@example.com,Chicago,Il,Uk,2022-10-19,Standard,False
TES-C8967,Olivia Wang,olivia.wang353@example.com,Chicago,Il,Ca,2023-06-29,Standard,False
TES-C10576,Rahul Suzuki,rahul.suzuki208@example.com,Fremont,Ca,Jp,2024-11-23,Insider,False
TES-C3576,Maria Sharma,maria.sharma535@example.com,Los Angeles,Ca,Jp,2025-03-14,Standard,False
TES-C2929,Michael Suzuki,michael.suzuki647@example.com,Seattle,Wa,Us,2021-05-25,Standard,False
TES-C4956,Maria Davis,,Austin,Tx,Jp,2023-10-21,Standard,True
TES-C2786,carlos davis,carlos.davis970@example.com,Los Angeles,Ca,Us,2024-05-22,Standard,False
TES-C6034,carlos singh,carlos.singh454@example.com,Los Angeles,Ca,De,2024-04-12,Referral Program,False
TES-C4151,Ben Smith,ben.smith324@example.com,Austin,Tx,Uk,2022-05-01,Referral Program,False
TES-C9994,Emma Johnson,emma.johnson891@example.com,Seattle,Wa,De,2025-10-22,Insider,False
TES-C4813,Priya Kim,priya.kim273@example.com,New York,Ny,Jp,2024-02-29,Referral Program,False
TES-C3191,CARLOS YAMADA,carlos.yamada902@example.com,San Francisco,Ca,Us,2024-04-23,Referral Program,False
TES-C6826,Olivia Wilson,olivia.wilson379@example.com,Berlin,De,Cn,2021-04-10,Standard,False
TES-C2803,Emma Lee,emma.lee710@example.com,Berlin,De,Ca,2021-10-25,Standard,False
TES-C7724,Emma Davis,emma.davis177@example.com,Austin,Tx,Uk,2021-04-29,Referral Program,False
TES-C1110,Ava Wilson,ava.wilson14@example.com,Miami,Fl,Jp,2023-03-04,Standard,False
TES-C6271,Ava Anderson,ava.anderson199@example.com,Berlin,De,De,2021-06-29,Referral Program,False
TES-C5103,SOFIA TANAKA,sofia.tanaka574@example.com,San Francisco,Ca,De,2021-06-03,Standard,False
TES-C6717,Chen Chen,chen.chen122@example.com,Los Angeles,Ca,Jp,2025-03-21,Referral Program,False
TES-C1968, Rahul Yamada ,rahul.yamada614@example.com,Seattle,Wa,Ca,2023-12-30,Referral Program,False
TES-C9982,Ken Garcia,ken.garcia649@example.com,Shanghai,Cn,Uk,2023-02-10,Insider,False
TES-C10226,Ben Yamada,ben.yamada656@example.com,Chicago,Il,De,2022-03-18,Referral Program,False
TES-C9643,Michael Patel,michael.patel943@example.com,New York,Ny,De,2021-04-22,Standard,False
TES-C1776, Liam Kumar ,liam.kumar676@example.com,Miami,Fl,De,2021-01-29,Referral Program,False
TES-C8116,Aditya Anderson,aditya.anderson544@example.com,Berlin,De,Ca,2023-05-16,Standard,False
TES-C3530,John Chen,john.chen33@example.com,Miami,Fl,De,2024-07-13,Referral Program,False
TES-C7631,John Müller,john.müller650@example.com,Miami,Fl,Cn,2025-05-10,Insider,False
TES-C9285,Emma Smith,emma.smith636@example.com,Austin,Tx,De,2023-04-04,Standard,False
TES-C4873,Michael Smith,michael.smith93@example.com,San Francisco,Ca,Ca,2024-09-04,Insider,False
TES-C6005,BEN YAMADA,,San Francisco,Ca,De,2022-07-27,Referral Program,True
TES-C4321,Michael Kim,michael.kim623@example.com,Fremont,Ca,Ca,2022-07-28,Standard,False
TES-C6074,Ben Müller,ben.müller819@example.com,Seattle,Wa,Us,2022-11-01,Referral Program,False
TES-C8352,david kumar,david.kumar259@example.com,Shanghai,Cn,Uk,2025-07-10,Insider,False
TES-C7159,Vivaan Suzuki,vivaan.suzuki448@example.com,Miami,Fl,Ca,2022-04-23,Unknown,False
TES-C10394,BEN TANAKA,ben.tanaka875@example.com,Seattle,Wa,De,2022-03-05,Standard,False
TES-C4274,Zoe Lee,,Fremont,Ca,Cn,2025-06-18,Standard,True
TES-C10573,Fatima Brown,fatima.brown937@example.com,Austin,Tx,De,2025-11-29,Referral Program,False
TES-C4284,PRIYA WANG,priya.wang983@example.com,Austin,Tx,Jp,2021-05-02,Referral Program,False
TES-C10890, James Wilson ,james.wilson950@example.com,Los Angeles,Ca,Uk,2025-04-04,Insider,False
TES-C4682,Chen Müller,,Chicago,Il,Ca,2023-09-04,Referral Program,True
TES-C10315,Aditya Rossi,aditya.rossi336@example.com,Berlin,De,Ca,2024-04-15,Standard,False
TES-C9865,Sara Brown,sara.brown619@example.com,Austin,Tx,Jp,2024-03-20,Unknown,False
TES-C3709,CARLOS SUZUKI,carlos.suzuki226@example.com,San Francisco,Ca,Us,2021-10-02,Standard,False
TES-C4451,Carlos Johnson,carlos.johnson379@example.com,Fremont,Ca,Jp,2025-12-08,Standard,False
TES-C8729,Priya Singh,priya.singh520@example.com,Chicago,Il,Ca,2025-06-22,Referral Program,False
TES-C2054, Wei Rossi ,wei.rossi990@example.com,Chicago,Il,De,2023-10-22,Insider,False
TES-C7482,Ben Tanaka,ben.tanaka102@example.com,Seattle,Wa,Ca,2022-04-28,Referral Program,False
TES-C1430,Chen Kumar,chen.kumar818@example.com,Los Angeles,Ca,Jp,2023-03-18,Referral Program,False
TES-C2671,Maria Wang,maria.wang867@example.com,San Francisco,Ca,Jp,2025-08-23,Referral Program,False
TES-C7000,WEI GARCIA,wei.garcia307@example.com,Austin,Tx,Jp,2025-03-04,Insider,False
TES-C8981,Sofia Smith,sofia.smith571@example.com,Seattle,Wa,De,2022-02-07,Referral Program,False
TES-C4276,MARIA MARTIN,maria.martin124@example.com,Miami,Fl,Uk,2022-09-28,Standard,False
TES-C5050,Carlos Lee,carlos.lee455@example.com,Chicago,Il,De,2023-03-18,Insider,False
TES-C7583,MARIA MARTIN,maria.martin638@example.com,Los Angeles,Ca,De,2023-03-03,Insider,False
TES-C7500,ADITYA ROSSI,aditya.rossi309@example.com,Shanghai,Cn,Us,2023-07-29,Insider,False
TES-C8662,Sofia Wilson,sofia.wilson128@example.com,Shanghai,Cn,Us,2021-02-21,Standard,False
TES-C10687,Sara Müller,sara.müller410@example.com,Shanghai,Cn,Us,2025-06-16,Referral Program,False
TES-C1567,John Smith,john.smith7@example.com,Miami,Fl,Us,2021-09-07,Standard,False
TES-C1326,Aditya Wilson,aditya.wilson37@example.com,Miami,Fl,Jp,2023-04-02,Standard,False
TES-C5639, James Khan ,james.khan776@example.com,Miami,Fl,Cn,2023-09-22,Referral Program,False
TES-C10681,YUKI KUMAR,yuki.kumar51@example.com,New York,Ny,De,2021-01-30,Referral Program,False
TES-C4389,Aditya Kim,aditya.kim689@example.com,Shanghai,Cn,Jp,2023-04-15,Standard,False
TES-C4874,Aarav Anderson,aarav.anderson254@example.com,Berlin,De,Us,2024-05-24,Referral Program,False
TES-C2523,Sara Johnson,sara.johnson550@example.com,Fremont,Ca,Jp,2024-09-13,Standard,False
TES-C7403,Olivia Wang,olivia.wang675@example.com,Berlin,De,Ca,2024-11-02,Referral Program,False
TES-C2768,James Brown,james.brown40@example.com,Shanghai,Cn,Jp,2025-08-03,Insider,False
TES-C10478,Sofia Martin,sofia.martin526@example.com,Berlin,De,Ca,2025-11-12,Referral Program,False
TES-C3908,Sofia Kumar,sofia.kumar727@example.com,New York,Ny,De,2022-01-31,Standard,False
TES-C3399,yuki kim,yuki.kim978@example.com,San Francisco,Ca,Uk,2024-02-23,Referral Program,False
TES-C1297,Li Smith,li.smith533@example.com,Fremont,Ca,Ca,2021-04-06,Insider,False
TES-C1455,Mohammed Kim,mohammed.kim394@example.com,Seattle,Wa,De,2021-04-30,Insider,False
TES-C4066,Anna Johnson,anna.johnson246@example.com,New York,Ny,Cn,2024-12-21,Unknown,False
TES-C10183,Michael Suzuki,michael.suzuki498@example.com,Miami,Fl,De,2021-01-03,Referral Program,False
TES-C1018,James Anderson,james.anderson116@example.com,Chicago,Il,Ca,2025-06-30,Referral Program,False
TES-C9992,Emma Khan,emma.khan485@example.com,Miami,Fl,Us,2024-09-24,Standard,False
TES-C3143,Sara Wang,sara.wang535@example.com,San Francisco,Ca,Uk,2024-10-19,Referral Program,False
TES-C5725,Rahul Davis,rahul.davis720@example.com,Los Angeles,Ca,Cn,2025-05-05,Standard,False
TES-C9568,Noah Kim,,Shanghai,Cn,Cn,2021-10-09,Insider,True
TES-C2386,Sara Davis,sara.davis781@example.com,Chicago,Il,Jp,2022-11-16,Standard,False
TES-C10472,Maria Khan,maria.khan21@example.com,Miami,Fl,Cn,2024-01-31,Referral Program,False
TES-C10657,Aditya Lee,aditya.lee269@example.com,Austin,Tx,Ca,2021-07-17,Insider,False
TES-C2270,Fatima Rossi,fatima.rossi592@example.com,Austin,Tx,Jp,2024-02-08,Standard,False
TES-C6975,Sara Lee,sara.lee444@example.com,San Francisco,Ca,Cn,2021-09-10,Standard,False
TES-C9768,Sofia Rossi,sofia.rossi27@example.com,Los Angeles,Ca,Us,2024-12-05,Standard,False
TES-C9762,Yuki Johnson,yuki.johnson834@example.com,Fremont,Ca,Jp,2021-08-01,Referral Program,False
TES-C2367, Michael Kim ,michael.kim181@example.com,Miami,Fl,Jp,2022-11-06,Insider,False
TES-C2398,Emma Rossi,emma.rossi693@example.com,Chicago,Il,Uk,2024-02-25,Standard,False
TES-C6997,Maria Suzuki,maria.suzuki404@example.com,New York,Ny,Us,2025-04-27,Referral Program,False
TES-C9496,CARLOS KIM,carlos.kim941@example.com,Shanghai,Cn,Ca,2024-05-11,Referral Program,False
TES-C9141,Liam Yamada,liam.yamada378@example.com,Chicago,Il,De,2024-12-26,Referral Program,False
TES-C10673,John Smith,john.smith899@example.com,San Francisco,Ca,De,2022-11-29,Referral Program,False
TES-C1944,Aditya Davis,aditya.davis170@example.com,Fremont,Ca,De,2023-03-05,Insider,False
TES-C9335,Rahul Brown,rahul.brown932@example.com,Shanghai,Cn,Uk,2024-09-09,Referral Program,False
TES-C10563,JOHN GARCIA,john.garcia424@example.com,Miami,Fl,Cn,2022-03-09,Standard,False
TES-C9275,Aditya Brown,aditya.brown826@example.com,San Francisco,Ca,Us,2022-06-28,Insider,False
TES-C2108,Chen Suzuki,chen.suzuki236@example.com,Shanghai,Cn,Us,2023-11-01,Standard,False
TES-C9393,Anna Singh,anna.singh968@example.com,Chicago,Il,De,2025-11-09,Insider,False
TES-C5406,Zoe Yamada,zoe.yamada348@example.com,San Francisco,Ca,Us,2023-01-16,Referral Program,False
TES-C6019,Chen Anderson,chen.anderson33@example.com,New York,Ny,Uk,2022-12-28,Insider,False
TES-C9398,Yuki Khan,yuki.khan370@example.com,Chicago,Il,Cn,2024-10-31,Referral Program,False
TES-C1382,Sofia Chen,sofia.chen137@example.com,Fremont,Ca,Cn,2024-12-21,Referral Program,False
TES-C10695,Noah Rossi,noah.rossi852@example.com,Fremont,Ca,Us,2024-02-16,Insider,False
TES-C5425,Wei Kumar,wei.kumar628@example.com,Miami,Fl,Uk,2021-09-05,Referral Program,False
TES-C6440,David Johnson,david.johnson134@example.com,Fremont,Ca,Us,2025-08-01,Standard,False
TES-C7155,Rahul Yamada,rahul.yamada47@example.com,Los Angeles,Ca,Us,2023-04-17,Referral Program,False
TES-C3280,Ava Singh,ava.singh994@example.com,Chicago,Il,Uk,2025-07-01,Insider,False
TES-C9619,Olivia Suzuki,,Chicago,Il,Uk,2023-01-29,Referral Program,True
TES-C1005,zoe kim,zoe.kim218@example.com,Los Angeles,Ca,Cn,2024-02-27,Insider,False
TES-C7670, Emma Davis ,emma.davis652@example.com,Austin,Tx,Uk,2025-06-16,Standard,False
TES-C2938,priya brown,priya.brown435@example.com,San Francisco,Ca,Cn,2025-01-06,Referral Program,False
TES-C4041,Carlos Kim,carlos.kim449@example.com,Chicago,Il,Uk,2024-12-21,Referral Program,False
TES-C9326,wei wang,wei.wang694@example.com,Chicago,Il,De,2023-12-29,Standard,False
TES-C2958,maria suzuki,maria.suzuki874@example.com,Berlin,De,Us,2023-01-04,Insider,False
TES-C3726,David Johnson,david.johnson618@example.com,Fremont,Ca,Cn,2021-05-19,Unknown,False
TES-C9641,Mohammed Patel,mohammed.patel439@example.com,Chicago,Il,Ca,2024-02-27,Referral Program,False
TES-C4509,Liam Wilson,,New York,Ny,Uk,2024-01-28,Referral Program,True
TES-C1835,Rahul Khan,rahul.khan151@example.com,Miami,Fl,De,2022-03-25,Referral Program,False
TES-C1360,Carlos Singh,carlos.singh165@example.com,Los Angeles,Ca,Us,2025-08-03,Standard,False
TES-C5987,Olivia Kumar,olivia.kumar724@example.com,Fremont,Ca,Jp,2025-01-03,Standard,False
TES-C5737,James Rossi,james.rossi58@example.com,New York,Ny,Ca,2025-04-19,Referral Program,False
TES-C7603,Priya Suzuki,priya.suzuki354@example.com,Shanghai,Cn,Uk,2025-12-19,Standard,False
TES-C9773,Ben Tanaka,,Shanghai,Cn,Us,2022-09-08,Unknown,True
TES-C8832,Aarav Davis,aarav.davis126@example.com,Miami,Fl,Cn,2022-08-16,Standard,False
TES-C6585, John Yamada ,john.yamada101@example.com,Austin,Tx,Cn,2022-11-27,Standard,False
TES-C8276, Zoe Brown ,zoe.brown828@example.com,Miami,Fl,Jp,2021-05-18,Referral Program,False
TES-C5890,Wei Smith,wei.smith652@example.com,Berlin,De,De,2025-07-17,Referral Program,False
TES-C2488,Olivia Suzuki,olivia.suzuki738@example.com,Fremont,Ca,Cn,2022-04-11,Referral Program,False
TES-C3395,Ken Patel,ken.patel340@example.com,Fremont,Ca,Jp,2022-03-06,Standard,False
TES-C2299,Zoe Kim,zoe.kim952@example.com,New York,Ny,Jp,2022-06-20,Referral Program,False
TES-C3412,maria davis,maria.davis306@example.com,Austin,Tx,Us,2023-04-29,Insider,False
TES-C9905,Priya Brown,priya.brown752@example.com,Miami,Fl,Ca,2023-09-24,Unknown,False
TES-C1763,Carlos Singh,carlos.singh390@example.com,Austin,Tx,Ca,2024-10-29,Standard,False
TES-C6798,aditya tanaka,aditya.tanaka15@example.com,Berlin,De,Uk,2022-01-07,Standard,False
TES-C8918,Aditya Johnson,aditya.johnson73@example.com,Berlin,De,Ca,2023-06-22,Referral Program,False
TES-C9843,Aditya Tanaka,aditya.tanaka858@example.com,Berlin,De,Cn,2025-02-28,Referral Program,False
TES-C1945,Fatima Wilson,fatima.wilson646@example.com,Los Angeles,Ca,Us,2025-06-04,Referral Program,False
TES-C10958,Liam Wilson,liam.wilson69@example.com,Berlin,De,Cn,2023-05-22,Referral Program,False
TES-C5564,Ben Kumar,ben.kumar469@example.com,New York,Ny,Cn,2025-04-15,Insider,False
TES-C8348,Ava Tanaka,ava.tanaka485@example.com,Austin,Tx,Us,2024-01-17,Insider,False
TES-C3586,Chen Brown,chen.brown305@example.com,Fremont,Ca,De,2025-03-08,Unknown,False
TES-C3751,Ava Kumar,ava.kumar535@example.com,Austin,Tx,Jp,2022-05-16,Insider,False
TES-C5522,Noah Kim,noah.kim584@example.com,Seattle,Wa,Cn,2025-06-02,Referral Program,False
TES-C2375,CHEN YAMADA,chen.yamada545@example.com,Los Angeles,Ca,Jp,2024-09-03,Referral Program,False
TES-C10154,Carlos Brown,carlos.brown422@example.com,Chicago,Il,Jp,2021-09-27,Standard,False
TES-C2870,John Yamada,john.yamada71@example.com,Chicago,Il,De,2021-12-06,Insider,False
TES-C7264,RAHUL TANAKA,,Shanghai,Cn,Ca,2024-07-04,Standard,True
TES-C7745,Wei Chen,wei.chen107@example.com,Los Angeles,Ca,Cn,2022-08-27,Referral Program,False
TES-C8798,Chen Kim,,Shanghai,Cn,De,2023-05-16,Insider,True
TES-C2589,James Khan,james.khan863@example.com,Los Angeles,Ca,Uk,2021-07-31,Insider,False
TES-C4857,ZOE CHEN,zoe.chen694@example.com,Shanghai,Cn,Jp,2024-01-24,Insider,False
TES-C4319,Noah Sharma,noah.sharma847@example.com,Chicago,Il,Jp,2023-03-03,Insider,False
TES-C5185,Mohammed Garcia,mohammed.garcia273@example.com,Fremont,Ca,Jp,2023-08-14,Referral Program,False
TES-C6519,Rahul Kim,rahul.kim324@example.com,Los Angeles,Ca,Ca,2024-06-11,Referral Program,False
TES-C9480,Ava Suzuki,ava.suzuki181@example.com,Berlin,De,Cn,2021-09-29,Insider,False
TES-C6167,Carlos Kumar,carlos.kumar337@example.com,Seattle,Wa,Cn,2023-05-20,Referral Program,False
TES-C3012,Noah Tanaka,noah.tanaka97@example.com,Los Angeles,Ca,Cn,2023-04-30,Standard,False
TES-C7174,Chen Patel,chen.patel339@example.com,Berlin,De,Ca,2022-09-08,Standard,False
TES-C10631,Carlos Kim,carlos.kim625@example.com,Los Angeles,Ca,Us,2025-09-08,Standard,False
TES-C10153,Olivia Singh,olivia.singh248@example.com,San Francisco,Ca,Cn,2021-05-31,Standard,False
TES-C3076,Olivia Johnson,olivia.johnson690@example.com,Berlin,De,De,2023-12-20,Insider,False
TES-C1153,Zoe Davis,zoe.davis678@example.com,Shanghai,Cn,Jp,2024-06-03,Standard,False
TES-C1151,John Müller,john.müller511@example.com,Shanghai,Cn,Jp,2022-02-14,Insider,False
TES-C9328,Rahul Patel,rahul.patel199@example.com,New York,Ny,Uk,2023-10-05,Insider,False
TES-C7634,li smith,li.smith113@example.com,Chicago,Il,Us,2023-06-29,Referral Program,False
TES-C8137,Yuki Chen,yuki.chen789@example.com,Fremont,Ca,De,2021-01-29,Referral Program,False
TES-C7020,Olivia Martin,olivia.martin171@example.com,Chicago,Il,Jp,2023-09-12,Referral Program,False
TES-C7965,Chen Davis,,San Francisco,Ca,Ca,2021-12-26,Unknown,True
TES-C10552,MOHAMMED SINGH,mohammed.singh891@example.com,New York,Ny,Uk,2024-08-07,Referral Program,False
TES-C9174,Carlos Kim,carlos.kim450@example.com,New York,Ny,Cn,2022-12-23,Insider,False
TES-C6978,Yuki Lee,yuki.lee538@example.com,Miami,Fl,De,2021-04-02,Standard,False
TES-C8158,Michael Singh,michael.singh985@example.com,Fremont,Ca,De,2023-06-26,Referral Program,False
TES-C2496,Ken Lee,ken.lee342@example.com,Los Angeles,Ca,Ca,2022-06-15,Insider,False
TES-C10722,SOFIA WANG,,San Francisco,Ca,Jp,2021-06-06,Referral Program,True
TES-C7921,Olivia Rossi,olivia.rossi393@example.com,Miami,Fl,Us,2022-07-05,Insider,False
TES-C7829,Sofia Wang,sofia.wang18@example.com,Austin,Tx,Cn,2025-03-29,Insider,False
TES-C7066,Liam Patel,,New York,Ny,De,2025-02-17,Standard,True
TES-C2956,NOAH YAMADA,,Austin,Tx,Uk,2023-03-02,Standard,True
TES-C6037,PRIYA JOHNSON,priya.johnson123@example.com,Berlin,De,Jp,2022-06-09,Referral Program,False
TES-C9442,Ken Brown,ken.brown87@example.com,San Francisco,Ca,De,2024-02-20,Referral Program,False
TES-C1104,Yuki Rossi,,Shanghai,Cn,Cn,2021-06-11,Unknown,True
TES-C9903,Olivia Garcia,olivia.garcia927@example.com,Los Angeles,Ca,Jp,2024-07-04,Referral Program,False
TES-C10145,Aarav Müller,aarav.müller485@example.com,Chicago,Il,Cn,2024-01-23,Insider,False
TES-C9147,Chen Anderson,chen.anderson742@example.com,Miami,Fl,Jp,2024-04-27,Referral Program,False
TES-C9045,Priya Suzuki,priya.suzuki896@example.com,Chicago,Il,De,2024-06-30,Insider,False
TES-C2562,James Anderson,james.anderson670@example.com,Miami,Fl,Cn,2022-01-18,Standard,False
TES-C6605,Ben Suzuki,ben.suzuki781@example.com,Berlin,De,Jp,2022-04-19,Unknown,False
TES-C5577, Olivia Tanaka ,olivia.tanaka942@example.com,San Francisco,Ca,Cn,2024-08-09,Referral Program,False
TES-C3303,SARA WANG,,Austin,Tx,Us,2023-02-05,Standard,True
TES-C5262,Sara Smith,sara.smith308@example.com,Austin,Tx,Ca,2025-01-28,Referral Program,False
TES-C7906,maria lee,maria.lee597@example.com,New York,Ny,Ca,2024-11-04,Standard,False
TES-C8710,Emma Lee,,Fremont,Ca,De,2024-05-04,Referral Program,True
TES-C5665,Sara Sharma,sara.sharma298@example.com,Miami,Fl,Cn,2023-03-11,Insider,False
TES-C3935,Carlos Rossi,carlos.rossi379@example.com,Shanghai,Cn,Jp,2024-04-30,Insider,False
TES-C4883,Aarav Johnson,aarav.johnson8@example.com,Berlin,De,Ca,2024-12-08,Insider,False
TES-C4899,Aarav Martin,aarav.martin45@example.com,Seattle,Wa,Uk,2024-05-26,Referral Program,False
TES-C1617,BEN PATEL,ben.patel468@example.com,New York,Ny,Ca,2023-12-24,Referral Program,False
TES-C6525,Maria Tanaka,maria.tanaka658@example.com,Los Angeles,Ca,Uk,2022-07-18,Insider,False
TES-C1342,John Anderson,john.anderson556@example.com,Chicago,Il,Us,2024-05-31,Referral Program,False
TES-C5855,OLIVIA SHARMA,olivia.sharma191@example.com,Chicago,Il,Ca,2024-02-02,Insider,False
TES-C10649,Noah Yamada,noah.yamada777@example.com,Berlin,De,De,2023-04-06,Insider,False
TES-C3785,James Chen,james.chen701@example.com,Berlin,De,Cn,2021-12-24,Referral Program,False
TES-C1274,Anna Sharma,anna.sharma611@example.com,Berlin,De,Uk,2021-11-16,Referral Program,False
TES-C8584,Carlos Sharma,carlos.sharma509@example.com,Miami,Fl,Cn,2021-12-21,Insider,False
TES-C6267,zoe khan,zoe.khan597@example.com,San Francisco,Ca,Us,2021-07-09,Standard,False
TES-C8378,Chen Wang,chen.wang792@example.com,Austin,Tx,De,2023-07-27,Insider,False
TES-C4251,Zoe Davis,zoe.davis707@example.com,Berlin,De,Us,2021-01-12,Insider,False
TES-C10754,Sofia Wilson,sofia.wilson892@example.com,Berlin,De,Cn,2023-08-17,Insider,False
TES-C4854,Zoe Garcia,zoe.garcia20@example.com,Miami,Fl,De,2024-10-08,Insider,False
TES-C8280,Li Rossi,li.rossi475@example.com,Fremont,Ca,Uk,2021-06-25,Referral Program,False
TES-C5145,Aditya Müller,aditya.müller761@example.com,Los Angeles,Ca,Cn,2024-08-26,Standard,False
TES-C3830,JOHN PATEL,john.patel649@example.com,Miami,Fl,Jp,2022-12-23,Standard,False
TES-C2963, Ava Kim ,ava.kim296@example.com,San Francisco,Ca,Ca,2022-08-07,Insider,False
TES-C6261,Maria Rossi,maria.rossi401@example.com,Chicago,Il,De,2022-10-05,Standard,False
TES-C3539,Priya Rossi,priya.rossi729@example.com,Seattle,Wa,Cn,2025-08-18,Insider,False
TES-C4710,Priya Wang,priya.wang251@example.com,Fremont,Ca,De,2023-01-23,Insider,False
TES-C5384,maria martin,maria.martin695@example.com,Seattle,Wa,Us,2025-10-30,Referral Program,False
TES-C9892,Olivia Wang,olivia.wang589@example.com,San Francisco,Ca,Jp,2024-06-11,Standard,False
TES-C7966,JOHN SINGH,,Berlin,De,Us,2024-10-13,Standard,True
TES-C5158,Chen Smith,chen.smith431@example.com,Berlin,De,Cn,2021-10-06,Unknown,False
TES-C6600,Fatima Anderson,fatima.anderson935@example.com,San Francisco,Ca,Cn,2024-09-04,Insider,False
TES-C3227,Ken Sharma,ken.sharma172@example.com,Berlin,De,De,2024-03-09,Unknown,False
TES-C6835,carlos wang,carlos.wang121@example.com,New York,Ny,Us,2021-11-18,Insider,False
TES-C10205,sofia sharma,sofia.sharma756@example.com,Austin,Tx,Jp,2023-09-27,Referral Program,False
TES-C1800,Li Wilson,li.wilson491@example.com,San Francisco,Ca,Uk,2024-07-31,Standard,False
TES-C7466, Liam Davis ,liam.davis585@example.com,Los Angeles,Ca,Cn,2022-02-20,Referral Program,False
TES-C3543,ANNA WILSON,anna.wilson236@example.com,Chicago,Il,Ca,2024-08-20,Referral Program,False
TES-C8609,James Sharma,james.sharma232@example.com,New York,Ny,Us,2022-08-07,Referral Program,False
TES-C4696,Ava Smith,ava.smith235@example.com,Fremont,Ca,De,2025-03-09,Standard,False
TES-C4924,david khan,david.khan212@example.com,Berlin,De,De,2023-04-30,Standard,False
TES-C6297,Noah Sharma,noah.sharma299@example.com,Los Angeles,Ca,Jp,2022-06-14,Referral Program,False
TES-C10190,Ken Rossi,ken.rossi810@example.com,Miami,Fl,Uk,2021-07-06,Insider,False
TES-C6647,Yuki Lee,yuki.lee380@example.com,Los Angeles,Ca,Ca,2024-06-13,Insider,False
TES-C8895,Noah Rossi,noah.rossi772@example.com,Berlin,De,De,2023-09-24,Referral Program,False
TES-C9636,yuki tanaka,yuki.tanaka205@example.com,Seattle,Wa,Us,2023-11-28,Insider,False
TES-C10843,Ava Davis,ava.davis620@example.com,New York,Ny,De,2024-12-27,Standard,False
TES-C2546,John Yamada,john.yamada146@example.com,Seattle,Wa,Cn,2021-09-17,Insider,False
TES-C8791, Zoe Wang ,zoe.wang463@example.com,Seattle,Wa,Cn,2021-11-22,Standard,False
TES-C4029,Vivaan Chen,vivaan.chen473@example.com,Chicago,Il,De,2022-12-04,Standard,False
TES-C2474,Fatima Müller,fatima.müller679@example.com,New York,Ny,Jp,2025-05-02,Insider,False
TES-C2232,Rahul Johnson,rahul.johnson706@example.com,San Francisco,Ca,Jp,2025-09-25,Standard,False
TES-C10084,Mohammed Davis,mohammed.davis380@example.com,Los Angeles,Ca,Ca,2022-01-20,Referral Program,False
TES-C4950,Noah Patel,noah.patel88@example.com,Chicago,Il,Us,2023-06-26,Referral Program,False
TES-C3216,Liam Suzuki,liam.suzuki358@example.com,Berlin,De,Cn,2022-09-25,Standard,False
TES-C10120,aarav yamada,aarav.yamada20@example.com,Los Angeles,Ca,Cn,2024-05-31,Insider,False
TES-C8300, Michael Brown ,michael.brown730@example.com,Los Angeles,Ca,Ca,2025-02-20,Standard,False
TES-C6161,david davis,david.davis639@example.com,Chicago,Il,Cn,2022-07-13,Referral Program,False
TES-C8535,Chen Yamada,chen.yamada666@example.com,San Francisco,Ca,Jp,2023-03-20,Standard,False
TES-C1927,Anna Garcia,anna.garcia992@example.com,Chicago,Il,Jp,2022-12-27,Standard,False
TES-C8086,Aarav Davis,aarav.davis810@example.com,Fremont,Ca,Cn,2024-04-19,Insider,False
TES-C3479,Olivia Kim,olivia.kim653@example.com,San Francisco,Ca,Us,2024-04-20,Insider,False
TES-C4445,sofia davis,sofia.davis588@example.com,New York,Ny,Us,2021-03-10,Referral Program,False
TES-C10647,James Rossi,james.rossi470@example.com,Fremont,Ca,Us,2024-12-21,Insider,False
TES-C4385,Noah Rossi,noah.rossi808@example.com,Chicago,Il,Us,2025-12-14,Insider,False
TES-C7556,James Brown,james.brown84@example.com,Seattle,Wa,Us,2021-10-27,Insider,False
TES-C9513,Rahul Yamada,rahul.yamada757@example.com,Seattle,Wa,Uk,2023-07-10,Standard,False
TES-C7545,AVA MARTIN,ava.martin384@example.com,Los Angeles,Ca,Uk,2021-04-15,Unknown,False
TES-C8495,Mohammed Suzuki,mohammed.suzuki869@example.com,Fremont,Ca,Cn,2024-07-23,Referral Program,False
TES-C7772,sara wilson,sara.wilson409@example.com,Berlin,De,Jp,2024-09-24,Referral Program,False
TES-C6356,WEI YAMADA,wei.yamada879@example.com,Fremont,Ca,Cn,2023-02-27,Referral Program,False
TES-C7630,Yuki Yamada,,New York,Ny,Cn,2021-05-25,Standard,True
TES-C4963,Carlos Tanaka,carlos.tanaka543@example.com,Austin,Tx,Cn,2025-07-08,Insider,False
TES-C1464,Michael Singh,,San Francisco,Ca,Us,2025-05-13,Referral Program,True
TES-C9178,Maria Khan,maria.khan244@example.com,Shanghai,Cn,Jp,2024-10-22,Referral Program,False
TES-C3331,Zoe Garcia,zoe.garcia505@example.com,Seattle,Wa,De,2022-06-24,Standard,False
TES-C9461,Priya Chen,priya.chen745@example.com,Chicago,Il,Cn,2024-06-19,Standard,False
TES-C6925,Maria Brown,maria.brown412@example.com,Los Angeles,Ca,Ca,2025-05-06,Insider,False
TES-C1022,Anna Wang,,San Francisco,Ca,Uk,2024-02-07,Referral Program,True
TES-C3826,Chen Kumar,chen.kumar313@example.com,Berlin,De,Uk,2022-09-13,Referral Program,False
TES-C7344,WEI ANDERSON,wei.anderson480@example.com,Shanghai,Cn,De,2025-01-06,Referral Program,False
TES-C3637,Priya Chen,,San Francisco,Ca,Us,2023-11-13,Insider,True
TES-C10957,FATIMA MARTIN,fatima.martin4@example.com,San Francisco,Ca,Cn,2025-12-27,Insider,False
TES-C3555,RAHUL SUZUKI,rahul.suzuki85@example.com,Berlin,De,Us,2022-08-31,Insider,False
TES-C6465,Sara Martin,,Shanghai,Cn,Jp,2022-09-21,Insider,True
TES-C9256,Rahul Garcia,rahul.garcia730@example.com,Austin,Tx,Ca,2022-10-07,Standard,False
TES-C2940,Olivia Suzuki,olivia.suzuki335@example.com,Chicago,Il,Uk,2021-11-09,Referral Program,False
TES-C7064,Rahul Patel,rahul.patel34@example.com,Chicago,Il,Ca,2021-10-13,Insider,False
TES-C7273, Liam Martin ,liam.martin722@example.com,Austin,Tx,Jp,2021-01-08,Insider,False
TES-C2863,Noah Johnson,noah.johnson106@example.com,Chicago,Il,De,2022-11-21,Standard,False
TES-C1787,Priya Singh,priya.singh430@example.com,Seattle,Wa,Ca,2022-04-10,Referral Program,False
TES-C8725,Michael Müller,michael.müller319@example.com,Austin,Tx,De,2022-08-11,Insider,False
TES-C6969, Priya Anderson ,priya.anderson813@example.com,Seattle,Wa,Jp,2021-02-25,Standard,False
TES-C7971,carlos rossi,carlos.rossi377@example.com,Shanghai,Cn,Us,2022-06-21,Insider,False
TES-C9339,Michael Davis,michael.davis552@example.com,Shanghai,Cn,De,2024-06-17,Standard,False
TES-C2393,Li Yamada,li.yamada251@example.com,San Francisco,Ca,Cn,2023-05-07,Referral Program,False
TES-C3185,Noah Martin,noah.martin130@example.com,New York,Ny,Uk,2023-03-03,Referral Program,False
TES-C4859,Priya Lee,priya.lee635@example.com,Austin,Tx,Us,2023-10-20,Insider,False
TES-C8077,Michael Yamada,michael.yamada424@example.com,Fremont,Ca,Cn,2021-02-18,Referral Program,False
TES-C5261,Fatima Kumar,fatima.kumar125@example.com,Miami,Fl,Jp,2021-09-08,Insider,False
TES-C10633,Ken Suzuki,ken.suzuki701@example.com,Shanghai,Cn,De,2025-05-24,Insider,False
TES-C10262,Mohammed Johnson,mohammed.johnson753@example.com,San Francisco,Ca,Uk,2025-12-09,Insider,False
TES-C8719,Noah Patel,noah.patel161@example.com,Los Angeles,Ca,Us,2022-02-27,Referral Program,False
TES-C5789,Yuki Tanaka,yuki.tanaka187@example.com,Miami,Fl,Cn,2023-08-06,Insider,False
TES-C4844,Sara Davis,sara.davis680@example.com,Austin,Tx,Uk,2025-02-01,Referral Program,False
TES-C4984, Anna Davis ,anna.davis354@example.com,Chicago,Il,Us,2025-04-22,Standard,False
TES-C8534,David Sharma,david.sharma618@example.com,Shanghai,Cn,Jp,2023-09-05,Standard,False
TES-C2535,Michael Singh,michael.singh243@example.com,Seattle,Wa,De,2022-12-09,Referral Program,False
TES-C3342, Maria Lee ,maria.lee75@example.com,Miami,Fl,Jp,2024-02-19,Referral Program,False
TES-C3563,Aditya Martin,aditya.martin255@example.com,Fremont,Ca,De,2025-09-27,Standard,False
TES-C3513,SARA CHEN,,Fremont,Ca,Cn,2022-04-18,Standard,True
TES-C3559,James Smith,,Seattle,Wa,Uk,2022-07-14,Insider,True
TES-C2990,Zoe Müller,zoe.müller975@example.com,San Francisco,Ca,Us,2025-07-09,Standard,False
TES-C2275,Aarav Wilson,aarav.wilson886@example.com,Seattle,Wa,Jp,2022-04-20,Referral Program,False
TES-C7723,wei khan,wei.khan136@example.com,San Francisco,Ca,Ca,2025-09-21,Referral Program,False
TES-C8092,aarav yamada,aarav.yamada847@example.com,San Francisco,Ca,Ca,2021-11-02,Referral Program,False
TES-C10015,Michael Müller,michael.müller423@example.com,Los Angeles,Ca,De,2021-03-13,Insider,False
TES-C3501,Aarav Kim,aarav.kim679@example.com,Los Angeles,Ca,Uk,2022-07-25,Insider,False
TES-C4703,PRIYA SMITH,priya.smith449@example.com,Miami,Fl,De,2025-05-11,Referral Program,False
TES-C2407,FATIMA JOHNSON,fatima.johnson145@example.com,San Francisco,Ca,Cn,2023-10-12,Insider,False
TES-C5932,Priya Chen,priya.chen747@example.com,New York,Ny,Cn,2021-09-19,Referral Program,False
TES-C7919,RAHUL JOHNSON,rahul.johnson762@example.com,Shanghai,Cn,Cn,2025-09-21,Referral Program,False
TES-C2283,Maria Tanaka,maria.tanaka806@example.com,Berlin,De,Uk,2022-10-28,Standard,False
TES-C1347,Anna Johnson,anna.johnson900@example.com,San Francisco,Ca,Ca,2024-02-12,Referral Program,False
TES-C5318,Sofia Sharma,sofia.sharma838@example.com,Berlin,De,Cn,2021-12-29,Standard,False
TES-C9695,Olivia Wang,olivia.wang59@example.com,Seattle,Wa,Ca,2021-10-08,Standard,False
TES-C7512,Wei Müller,wei.müller148@example.com,Austin,Tx,De,2022-08-10,Referral Program,False
TES-C4142,Vivaan Suzuki,vivaan.suzuki124@example.com,Shanghai,Cn,Us,2021-01-16,Standard,False
TES-C4581,Carlos Smith,carlos.smith324@example.com,San Francisco,Ca,Cn,2024-01-09,Insider,False
TES-C3459,Ava Chen,ava.chen800@example.com,New York,Ny,Uk,2021-05-16,Referral Program,False
TES-C10437,Maria Anderson,maria.anderson740@example.com,Miami,Fl,De,2022-09-11,Standard,False
TES-C6251,Sara Anderson,sara.anderson514@example.com,New York,Ny,Ca,2021-03-11,Insider,False
TES-C10792,Maria Patel,maria.patel657@example.com,New York,Ny,Us,2025-08-26,Unknown,False
TES-C5388, Wei Wilson ,,Fremont,Ca,Us,2023-01-28,Standard,True
TES-C6718,Vivaan Singh,vivaan.singh771@example.com,Fremont,Ca,Jp,2022-03-27,Insider,False
TES-C9787,sofia garcia,sofia.garcia665@example.com,Seattle,Wa,Uk,2024-03-21,Standard,False
TES-C10314,Li Wilson,,Chicago,Il,Ca,2021-11-21,Referral Program,True
TES-C7974,Aditya Wilson,aditya.wilson818@example.com,San Francisco,Ca,Cn,2023-02-23,Referral Program,False
TES-C1415,Emma Garcia,emma.garcia223@example.com,Miami,Fl,Us,2022-04-03,Insider,False
TES-C9708,Yuki Wilson,yuki.wilson408@example.com,New York,Ny,Uk,2024-08-18,Referral Program,False
TES-C8612,David Davis,david.davis849@example.com,Fremont,Ca,De,2024-06-14,Standard,False
TES-C5493,DAVID TANAKA,david.tanaka31@example.com,Berlin,De,De,2023-04-29,Insider,False
TES-C10100,Michael Patel,michael.patel552@example.com,Seattle,Wa,De,2025-05-18,Insider,False
TES-C7843,Anna Sharma,anna.sharma565@example.com,Austin,Tx,De,2024-06-17,Insider,False
TES-C7294,Maria Lee,maria.lee387@example.com,Chicago,Il,Us,2024-08-22,Insider,False
TES-C5013,Rahul Johnson,rahul.johnson477@example.com,Berlin,De,Ca,2021-10-15,Standard,False
TES-C6934,Ava Yamada,ava.yamada748@example.com,San Francisco,Ca,Ca,2023-12-31,Insider,False
TES-C8206,Anna Martin,anna.martin873@example.com,Fremont,Ca,Uk,2023-03-16,Standard,False
TES-C3257,Ken Sharma,ken.sharma701@example.com,San Francisco,Ca,De,2021-01-08,Insider,False
TES-C3274,Priya Suzuki,priya.suzuki343@example.com,Los Angeles,Ca,Us,2022-01-27,Insider,False
TES-C7419,Michael Rossi,michael.rossi338@example.com,Fremont,Ca,Ca,2022-12-25,Standard,False
TES-C8649,Zoe Davis,zoe.davis570@example.com,Seattle,Wa,Us,2022-12-29,Standard,False
TES-C4013,Ben Kumar,ben.kumar179@example.com,San Francisco,Ca,Jp,2023-10-09,Standard,False
TES-C3023,James Smith,james.smith869@example.com,New York,Ny,Uk,2025-03-19,Standard,False
TES-C2789,Michael Suzuki,michael.suzuki270@example.com,Berlin,De,Jp,2025-05-27,Unknown,False
TES-C7168,Aditya Brown,aditya.brown415@example.com,Austin,Tx,Us,2025-04-11,Standard,False
TES-C8025,Sofia Rossi,sofia.rossi896@example.com,Austin,Tx,Uk,2022-08-07,Standard,False
TES-C6145,Emma Sharma,emma.sharma422@example.com,Austin,Tx,Ca,2022-05-16,Insider,False
TES-C10099,li singh,li.singh262@example.com,Berlin,De,De,2022-01-23,Standard,False
TES-C5288,Noah Suzuki,noah.suzuki450@example.com,San Francisco,Ca,Uk,2022-08-27,Insider,False
TES-C3290,anna smith,anna.smith868@example.com,Shanghai,Cn,Uk,2023-02-26,Referral Program,False
TES-C9797,Yuki Patel,yuki.patel709@example.com,Berlin,De,De,2025-05-20,Standard,False
TES-C4238,Ava Lee,ava.lee52@example.com,Shanghai,Cn,Ca,2025-05-02,Referral Program,False
TES-C2924,Priya Khan,priya.khan133@example.com,Los Angeles,Ca,Us,2022-12-27,Referral Program,False
TES-C9259,Li Suzuki,,Chicago,Il,Ca,2023-09-22,Standard,True
TES-C4804,Michael Tanaka,michael.tanaka326@example.com,Fremont,Ca,De,2023-08-29,Referral Program,False
TES-C2760,MOHAMMED YAMADA,mohammed.yamada251@example.com,Fremont,Ca,Us,2023-12-07,Standard,False
TES-C8885,Li Sharma,li.sharma616@example.com,Chicago,Il,Us,2025-03-21,Standard,False
TES-C4701,Ken Khan,ken.khan148@example.com,Chicago,Il,Jp,2022-06-17,Insider,False
TES-C8493,John Patel,,Austin,Tx,Jp,2022-12-10,Insider,True
TES-C9431,Sara Martin,sara.martin227@example.com,New York,Ny,Uk,2022-04-22,Standard,False
TES-C10251,Yuki Sharma,yuki.sharma906@example.com,Fremont,Ca,Cn,2022-02-04,Referral Program,False
TES-C4716,DAVID ROSSI,david.rossi447@example.com,New York,Ny,Us,2024-12-09,Insider,False
TES-C2481,Ken Sharma,ken.sharma139@example.com,Los Angeles,Ca,Uk,2023-10-23,Referral Program,False
TES-C8747,Sara Davis,sara.davis770@example.com,Miami,Fl,Uk,2024-10-21,Standard,False
TES-C3450,Michael Martin,michael.martin267@example.com,Austin,Tx,Jp,2023-03-04,Standard,False
TES-C6170,Anna Lee,anna.lee903@example.com,Los Angeles,Ca,Cn,2025-11-03,Referral Program,False
TES-C10269,Mohammed Singh,mohammed.singh316@example.com,Shanghai,Cn,Us,2022-10-07,Referral Program,False
TES-C5931,Li Lee,li.lee176@example.com,Seattle,Wa,Uk,2025-06-07,Insider,False
TES-C1167,CARLOS WANG,carlos.wang953@example.com,Seattle,Wa,Uk,2021-09-04,Insider,False
TES-C4938,Mohammed Wilson,mohammed.wilson868@example.com,San Francisco,Ca,Ca,2021-10-21,Standard,False
TES-C5380,John Davis,john.davis536@example.com,Shanghai,Cn,Cn,2024-11-23,Standard,False
TES-C3916,Fatima Chen,fatima.chen11@example.com,Berlin,De,De,2023-08-01,Insider,False
TES-C7081,Sofia Khan,sofia.khan476@example.com,Shanghai,Cn,Ca,2025-05-19,Referral Program,False
TES-C3421,ANNA JOHNSON,anna.johnson373@example.com,Fremont,Ca,Uk,2024-09-04,Standard,False
TES-C4477,Maria Wilson,maria.wilson461@example.com,Los Angeles,Ca,De,2022-11-03,Insider,False
TES-C6442,Mohammed Yamada,mohammed.yamada841@example.com,Berlin,De,Ca,2024-07-23,Referral Program,False
TES-C5350,Michael Kim,michael.kim994@example.com,Berlin,De,Uk,2023-12-08,Referral Program,False
TES-C5876,wei müller,wei.müller127@example.com,San Francisco,Ca,Jp,2024-03-09,Standard,False
TES-C9119,Michael Khan,michael.khan216@example.com,New York,Ny,De,2025-01-07,Referral Program,False
TES-C10500,Olivia Yamada,olivia.yamada804@example.com,Seattle,Wa,Us,2023-10-31,Unknown,False
TES-C7876, Rahul Kim ,rahul.kim110@example.com,New York,Ny,Uk,2025-11-29,Insider,False
TES-C3872,Noah Rossi,noah.rossi98@example.com,Berlin,De,De,2025-02-23,Insider,False
TES-C4028,Vivaan Patel,vivaan.patel571@example.com,Miami,Fl,Us,2025-04-21,Insider,False
TES-C3413,Michael Lee,michael.lee318@example.com,Berlin,De,Uk,2023-05-17,Referral Program,False
TES-C7330,olivia garcia,olivia.garcia704@example.com,Seattle,Wa,De,2024-01-19,Standard,False
TES-C5036,vivaan singh,vivaan.singh923@example.com,San Francisco,Ca,Uk,2022-01-26,Referral Program,False
TES-C3036, Liam Singh ,liam.singh196@example.com,Miami,Fl,Jp,2022-09-28,Referral Program,False
TES-C9631,chen tanaka,chen.tanaka708@example.com,New York,Ny,Ca,2025-06-27,Standard,False
TES-C8460,Liam Kumar,liam.kumar104@example.com,Los Angeles,Ca,Ca,2024-06-23,Standard,False
TES-C5870,Li Brown,li.brown664@example.com,Fremont,Ca,Jp,2021-04-11,Standard,False
TES-C6402,AARAV BROWN,aarav.brown793@example.com,San Francisco,Ca,Cn,2025-08-25,Insider,False
TES-C7521,Yuki Smith,yuki.smith622@example.com,Seattle,Wa,Us,2025-07-27,Standard,False
TES-C1243,james anderson,james.anderson993@example.com,Chicago,Il,Jp,2022-06-27,Insider,False
TES-C5566,sofia sharma,sofia.sharma673@example.com,Austin,Tx,Uk,2023-11-20,Insider,False
TES-C8145,SOFIA SUZUKI,sofia.suzuki641@example.com,Los Angeles,Ca,De,2021-07-31,Insider,False
TES-C4397,Mohammed Rossi,mohammed.rossi682@example.com,Chicago,Il,Jp,2021-09-29,Referral Program,False
TES-C6993,Sara Lee,sara.lee688@example.com,New York,Ny,Us,2024-10-16,Insider,False
TES-C10990,Li Davis,li.davis91@example.com,Miami,Fl,Uk,2021-09-14,Referral Program,False
TES-C3615,Olivia Garcia,olivia.garcia33@example.com,San Francisco,Ca,Uk,2021-11-19,Standard,False
TES-C10442,Mohammed Smith,mohammed.smith98@example.com,New York,Ny,Us,2024-03-20,Insider,False
TES-C4885,James Patel,james.patel729@example.com,Berlin,De,Jp,2022-08-08,Insider,False
TES-C8144,anna martin,anna.martin956@example.com,San Francisco,Ca,Jp,2022-06-05,Insider,False
TES-C8305,Ben Müller,ben.müller368@example.com,Berlin,De,Cn,2024-11-24,Insider,False
TES-C7513,John Müller,john.müller412@example.com,Los Angeles,Ca,Jp,2023-01-21,Standard,False
TES-C6446,Olivia Tanaka,olivia.tanaka902@example.com,Miami,Fl,Us,2023-08-30,Insider,False
TES-C7758,WEI SMITH,wei.smith811@example.com,Miami,Fl,Jp,2023-06-06,Insider,False
TES-C5646,Ken Singh,ken.singh778@example.com,Berlin,De,Us,2021-05-06,Insider,False
TES-C3631,Sofia Davis,sofia.davis414@example.com,Austin,Tx,Cn,2023-01-06,Referral Program,False
TES-C5420,Rahul Patel,rahul.patel339@example.com,San Francisco,Ca,Us,2023-12-25,Standard,False
TES-C4049,Zoe Müller,zoe.müller65@example.com,Fremont,Ca,Us,2022-06-13,Referral Program,False
TES-C5367,rahul patel,,Austin,Tx,Ca,2022-05-20,Standard,True
TES-C7412,aditya brown,aditya.brown735@example.com,Miami,Fl,De,2021-07-19,Referral Program,False
TES-C3845,RAHUL SHARMA,rahul.sharma193@example.com,Austin,Tx,Uk,2021-08-01,Standard,False
TES-C1372,Vivaan Garcia,vivaan.garcia792@example.com,Fremont,Ca,Cn,2022-12-26,Referral Program,False
TES-C3053,Michael Wang,michael.wang198@example.com,Berlin,De,Uk,2024-09-05,Standard,False
TES-C6821,David Lee,david.lee755@example.com,Shanghai,Cn,Jp,2023-10-20,Insider,False
TES-C9353,Ben Anderson,ben.anderson179@example.com,Chicago,Il,Jp,2024-02-16,Standard,False
TES-C5387,Emma Rossi,emma.rossi113@example.com,Miami,Fl,Cn,2022-07-13,Referral Program,False
TES-C7468,Fatima Kumar,fatima.kumar825@example.com,Austin,Tx,Uk,2022-07-08,Insider,False
TES-C4487,Mohammed Yamada,mohammed.yamada181@example.com,Fremont,Ca,Us,2022-02-25,Referral Program,False
TES-C8971,Carlos Chen,carlos.chen99@example.com,Fremont,Ca,Uk,2025-05-10,Insider,False
TES-C7233,Ben Wilson,ben.wilson389@example.com,Los Angeles,Ca,De,2025-06-20,Insider,False
TES-C4858,Aditya Yamada,aditya.yamada385@example.com,Fremont,Ca,Jp,2021-06-09,Referral Program,False
TES-C6692,David Kumar,david.kumar396@example.com,New York,Ny,Uk,2022-05-23,Standard,False
TES-C4175,Yuki Lee,yuki.lee28@example.com,Seattle,Wa,De,2024-01-14,Referral Program,False
TES-C4177,Ken Martin,ken.martin292@example.com,Berlin,De,De,2023-12-02,Unknown,False
TES-C1654,Liam Suzuki,,San Francisco,Ca,De,2024-03-17,Referral Program,True
TES-C7590,Aarav Kim,aarav.kim305@example.com,Seattle,Wa,Jp,2022-01-25,Standard,False
TES-C8054,Aarav Yamada,aarav.yamada254@example.com,Fremont,Ca,Uk,2021-10-24,Referral Program,False
TES-C2565, Yuki Khan ,yuki.khan186@example.com,San Francisco,Ca,Jp,2025-02-16,Referral Program,False
TES-C6058,Sara Yamada,sara.yamada242@example.com,Shanghai,Cn,Ca,2025-04-22,Insider,False
TES-C6657,Emma Yamada,,Chicago,Il,De,2023-05-29,Referral Program,True
TES-C6685,Rahul Brown,rahul.brown75@example.com,Shanghai,Cn,De,2021-04-18,Standard,False
TES-C6177,Sara Wilson,,Fremont,Ca,Cn,2021-08-01,Referral Program,True
TES-C6275,Sara Suzuki,sara.suzuki391@example.com,Seattle,Wa,Us,2023-02-04,Insider,False
TES-C7811,Rahul Johnson,rahul.johnson549@example.com,Los Angeles,Ca,Jp,2021-08-29,Insider,False
TES-C5590,Chen Müller,chen.müller542@example.com,Berlin,De,De,2024-09-13,Referral Program,False
TES-C3783,Priya Singh,priya.singh922@example.com,Shanghai,Cn,Jp,2023-01-22,Standard,False
TES-C1313,Aarav Sharma,aarav.sharma467@example.com,San Francisco,Ca,Uk,2024-11-14,Insider,False
TES-C7375,David Chen,david.chen716@example.com,Austin,Tx,Jp,2024-06-11,Referral Program,False
TES-C8854,Anna Anderson,anna.anderson200@example.com,San Francisco,Ca,Cn,2023-01-20,Insider,False
TES-C8309, Aditya Lee ,aditya.lee687@example.com,Miami,Fl,Ca,2024-08-28,Standard,False
TES-C6151, Priya Kumar ,priya.kumar613@example.com,Austin,Tx,Jp,2024-11-03,Standard,False
TES-C10945,Maria Davis,maria.davis12@example.com,Shanghai,Cn,De,2022-12-29,Referral Program,False
TES-C1774,Rahul Müller,rahul.müller225@example.com,Seattle,Wa,Uk,2025-04-10,Standard,False
TES-C3882,Ken Smith,ken.smith54@example.com,San Francisco,Ca,Jp,2023-09-15,Standard,False
TES-C1660,ANNA ROSSI,anna.rossi766@example.com,Fremont,Ca,Cn,2022-08-24,Insider,False
TES-C6812,Li Kim,li.kim431@example.com,Shanghai,Cn,De,2022-07-07,Referral Program,False
TES-C10164,Mohammed Khan,,Berlin,De,Cn,2021-10-26,Referral Program,True
TES-C9138, Ken Suzuki ,ken.suzuki765@example.com,Austin,Tx,Ca,2025-12-17,Referral Program,False
TES-C7732,Vivaan Suzuki,vivaan.suzuki471@example.com,New York,Ny,Cn,2023-10-20,Insider,False
TES-C3062,CHEN MÜLLER,chen.müller720@example.com,New York,Ny,Cn,2024-09-14,Insider,False
TES-C2920,Sofia Johnson,sofia.johnson596@example.com,Seattle,Wa,Jp,2024-09-16,Insider,False
TES-C4714,Olivia Kim,olivia.kim847@example.com,Seattle,Wa,Ca,2025-03-30,Insider,False
TES-C1575, Sofia Müller ,sofia.müller297@example.com,Berlin,De,Jp,2025-07-18,Referral Program,False
TES-C7346,Aarav Sharma,aarav.sharma115@example.com,Fremont,Ca,Cn,2025-09-22,Referral Program,False
TES-C2743,fatima davis,fatima.davis963@example.com,Seattle,Wa,De,2023-05-09,Insider,False
TES-C3158,rahul patel,rahul.patel683@example.com,Los Angeles,Ca,Us,2021-04-16,Unknown,False
TES-C4032,Chen Tanaka,,Fremont,Ca,Uk,2023-12-15,Insider,True
TES-C3021,Sara Khan,sara.khan322@example.com,Austin,Tx,Jp,2024-06-21,Insider,False
TES-C6633,liam khan,liam.khan33@example.com,Seattle,Wa,Us,2022-09-05,Standard,False
TES-C7628,Noah Patel,noah.patel767@example.com,Fremont,Ca,Jp,2022-02-07,Referral Program,False
TES-C5104,Wei Kumar,wei.kumar261@example.com,Austin,Tx,Ca,2022-01-24,Standard,False
TES-C4017,Emma Wang,emma.wang394@example.com,Berlin,De,Ca,2024-08-24,Standard,False
TES-C3123,Fatima Lee,fatima.lee711@example.com,Miami,Fl,Jp,2022-07-31,Insider,False
TES-C8813,SARA KUMAR,sara.kumar349@example.com,Seattle,Wa,Ca,2021-04-15,Referral Program,False
TES-C8928,David Singh,david.singh365@example.com,Fremont,Ca,Cn,2025-12-16,Standard,False
TES-C9301,SARA SUZUKI,sara.suzuki610@example.com,Los Angeles,Ca,Cn,2025-05-03,Unknown,False
TES-C6255,John Martin,john.martin502@example.com,Shanghai,Cn,Uk,2024-03-06,Referral Program,False
TES-C10813,Vivaan Kim,vivaan.kim420@example.com,New York,Ny,Jp,2024-09-16,Referral Program,False
TES-C8091,LIAM SMITH,liam.smith917@example.com,Berlin,De,Ca,2022-06-20,Referral Program,False
TES-C2503,Sofia Yamada,sofia.yamada437@example.com,Seattle,Wa,Ca,2023-01-02,Insider,False
TES-C6694,Noah Kumar,noah.kumar636@example.com,San Francisco,Ca,De,2022-06-10,Referral Program,False
TES-C7807,Zoe Kumar,zoe.kumar475@example.com,Berlin,De,Cn,2022-10-06,Standard,False
TES-C1454,James Smith,james.smith356@example.com,Austin,Tx,Jp,2023-10-06,Standard,False
TES-C8386,RAHUL MÜLLER,rahul.müller533@example.com,Miami,Fl,Us,2021-11-17,Referral Program,False
TES-C1061,Ava Singh,ava.singh380@example.com,New York,Ny,Ca,2022-01-28,Referral Program,False
TES-C6352,Chen Davis,chen.davis36@example.com,Chicago,Il,Cn,2022-01-19,Unknown,False
TES-C7754,david patel,david.patel669@example.com,Fremont,Ca,Uk,2025-03-23,Referral Program,False
TES-C2201,Chen Garcia,chen.garcia851@example.com,New York,Ny,Ca,2022-08-30,Referral Program,False
TES-C4252,DAVID ROSSI,david.rossi205@example.com,Shanghai,Cn,Uk,2023-05-22,Referral Program,False
TES-C10600,Aarav Brown,,Berlin,De,Jp,2024-11-08,Standard,True
TES-C4912,Ken Garcia,ken.garcia487@example.com,Los Angeles,Ca,Ca,2021-05-27,Standard,False
TES-C1931,Emma Smith,emma.smith92@example.com,San Francisco,Ca,Ca,2024-03-10,Insider,False
TES-C3646,Ben Khan,ben.khan642@example.com,San Francisco,Ca,Us,2024-12-27,Standard,False
TES-C7527,Olivia Khan,olivia.khan390@example.com,San Francisco,Ca,Jp,2023-02-06,Insider,False
TES-C9767,Liam Chen,liam.chen803@example.com,Berlin,De,De,2023-12-10,Referral Program,False
TES-C4840,James Wilson,james.wilson543@example.com,Los Angeles,Ca,Ca,2025-05-01,Standard,False
TES-C5470,AVA JOHNSON,ava.johnson75@example.com,Austin,Tx,Jp,2023-01-05,Standard,False
TES-C9877,Anna Martin,anna.martin64@example.com,Austin,Tx,Ca,2022-03-21,Standard,False
TES-C1845,MICHAEL CHEN,michael.chen165@example.com,Berlin,De,Ca,2025-06-06,Standard,False
TES-C7959,John Tanaka,john.tanaka615@example.com,Austin,Tx,Ca,2024-12-02,Standard,False
TES-C9404,Sara Yamada,sara.yamada479@example.com,Los Angeles,Ca,Uk,2022-02-02,Insider,False
TES-C8027,DAVID DAVIS,david.davis447@example.com,San Francisco,Ca,Jp,2022-08-12,Insider,False
TES-C4644,priya davis,priya.davis191@example.com,Miami,Fl,Uk,2023-10-21,Insider,False
TES-C1051,NOAH PATEL,noah.patel706@example.com,Seattle,Wa,Us,2021-04-20,Insider,False
TES-C3718,Aarav Singh,aarav.singh362@example.com,Austin,Tx,Jp,2023-05-03,Referral Program,False
TES-C10129,Noah Yamada,noah.yamada501@example.com,Berlin,De,Jp,2023-08-02,Standard,False
TES-C7003,Li Anderson,li.anderson436@example.com,Shanghai,Cn,De,2021-03-23,Insider,False
TES-C4830,fatima suzuki,fatima.suzuki782@example.com,Fremont,Ca,Us,2023-04-20,Insider,False
TES-C8666,Ken Tanaka,ken.tanaka191@example.com,San Francisco,Ca,De,2021-12-06,Insider,False
TES-C6924,Li Davis,li.davis38@example.com,Berlin,De,Ca,2024-05-19,Insider,False
TES-C10942,Carlos Johnson,carlos.johnson112@example.com,San Francisco,Ca,Jp,2023-11-26,Referral Program,False
TES-C6952,Fatima Rossi,fatima.rossi302@example.com,Miami,Fl,Ca,2024-03-20,Standard,False
TES-C7798,James Sharma,james.sharma164@example.com,Chicago,Il,Jp,2022-01-15,Unknown,False
TES-C3488,Carlos Lee,carlos.lee740@example.com,Miami,Fl,Uk,2023-10-29,Unknown,False
TES-C4579,Rahul Kim,rahul.kim24@example.com,Los Angeles,Ca,De,2025-10-03,Standard,False
TES-C7239,Ken Singh,ken.singh926@example.com,New York,Ny,De,2025-05-01,Standard,False
TES-C10985,Ken Wang,ken.wang500@example.com,Shanghai,Cn,Uk,2022-08-17,Standard,False
TES-C1210,Emma Kim,emma.kim437@example.com,Berlin,De,De,2023-08-25,Referral Program,False
TES-C5137, Rahul Khan ,,Shanghai,Cn,De,2025-07-12,Insider,True
TES-C10234,Yuki Yamada,yuki.yamada20@example.com,Chicago,Il,Ca,2021-07-21,Standard,False
TES-C9237,Vivaan Garcia,vivaan.garcia61@example.com,New York,Ny,De,2023-06-25,Referral Program,False
TES-C6655,Noah Patel,,Miami,Fl,Uk,2024-02-04,Standard,True
TES-C6582,Aarav Johnson,aarav.johnson58@example.com,Fremont,Ca,Ca,2023-02-19,Referral Program,False
TES-C9995,Fatima Rossi,fatima.rossi319@example.com,Los Angeles,Ca,Ca,2025-08-01,Referral Program,False
TES-C6948,Yuki Rossi,yuki.rossi560@example.com,Miami,Fl,Jp,2025-06-02,Insider,False
TES-C5161,Aditya Singh,aditya.singh921@example.com,Fremont,Ca,Jp,2025-11-13,Standard,False
TES-C5043,Vivaan Davis,vivaan.davis963@example.com,Chicago,Il,Cn,2023-03-24,Standard,False
TES-C8296,Ava Smith,ava.smith779@example.com,Miami,Fl,Cn,2021-11-07,Standard,False
TES-C1658,olivia rossi,olivia.rossi209@example.com,Los Angeles,Ca,De,2025-10-29,Standard,False
TES-C1147,SARA SUZUKI,sara.suzuki296@example.com,Berlin,De,De,2024-10-03,Insider,False
TES-C1696,Ben Sharma,,Austin,Tx,Cn,2022-09-28,Referral Program,True
TES-C5069,Li Singh,li.singh194@example.com,Shanghai,Cn,Us,2022-08-13,Standard,False
TES-C6377,KEN LEE,,Chicago,Il,Uk,2023-04-16,Referral Program,True
TES-C1513,Zoe Rossi,zoe.rossi61@example.com,Chicago,Il,Cn,2021-01-18,Insider,False
TES-C3166,Wei Wilson,,Fremont,Ca,Us,2022-03-16,Insider,True
TES-C2579,Chen Kumar,chen.kumar374@example.com,Fremont,Ca,Us,2021-11-27,Referral Program,False
TES-C3664, Michael Martin ,michael.martin296@example.com,Austin,Tx,Ca,2024-03-04,Standard,False
TES-C10266,Sara Brown,sara.brown341@example.com,New York,Ny,De,2025-11-06,Insider,False
TES-C5981,CHEN DAVIS,chen.davis736@example.com,New York,Ny,Uk,2022-10-23,Insider,False
TES-C6901,Rahul Müller,rahul.müller192@example.com,Shanghai,Cn,Uk,2024-09-09,Unknown,False
TES-C10433,Li Suzuki,li.suzuki569@example.com,Los Angeles,Ca,Cn,2025-10-04,Insider,False
TES-C1960,John Tanaka,,Austin,Tx,Us,2025-10-21,Referral Program,True
TES-C9233,Sofia Müller,,New York,Ny,De,2025-05-09,Insider,True
TES-C10051,Anna Lee,anna.lee916@example.com,Austin,Tx,Ca,2022-08-03,Standard,False
TES-C9111,Liam Anderson,liam.anderson327@example.com,Berlin,De,Uk,2025-01-08,Unknown,False
TES-C9034,Vivaan Johnson,vivaan.johnson148@example.com,Shanghai,Cn,Jp,2025-04-21,Referral Program,False
TES-C4777,ava kumar,ava.kumar393@example.com,San Francisco,Ca,Us,2023-05-19,Insider,False
TES-C7591,Ben Yamada,ben.yamada446@example.com,Fremont,Ca,Ca,2024-07-26,Standard,False
TES-C10712,Zoe Chen,zoe.chen125@example.com,Seattle,Wa,Cn,2023-07-19,Standard,False
TES-C1010,Sofia Lee,,Los Angeles,Ca,Uk,2025-09-19,Referral Program,True
TES-C8322,Carlos Garcia,carlos.garcia685@example.com,Shanghai,Cn,Us,2022-11-15,Standard,False
TES-C3911,David Suzuki,david.suzuki6@example.com,Chicago,Il,Cn,2021-02-16,Standard,False
TES-C6287, Rahul Davis ,rahul.davis40@example.com,Los Angeles,Ca,Ca,2025-09-05,Insider,False
TES-C7797,Priya Singh,priya.singh549@example.com,Seattle,Wa,De,2023-07-31,Referral Program,False
TES-C6324,Anna Chen,anna.chen358@example.com,Miami,Fl,Cn,2021-11-25,Referral Program,False
TES-C2975,Li Wang,li.wang971@example.com,Fremont,Ca,Uk,2022-01-12,Insider,False
TES-C1525,Sofia Khan,sofia.khan192@example.com,New York,Ny,Jp,2025-06-06,Standard,False
TES-C7428,James Chen,james.chen828@example.com,Fremont,Ca,Jp,2025-06-20,Standard,False
TES-C5421,David Kumar,david.kumar203@example.com,Los Angeles,Ca,De,2024-03-12,Referral Program,False
TES-C5726,anna yamada,,Austin,Tx,Jp,2022-01-27,Standard,True
TES-C4661,Aarav Sharma,aarav.sharma740@example.com,Seattle,Wa,Jp,2024-07-19,Insider,False
TES-C8864,Sara Garcia,sara.garcia253@example.com,Miami,Fl,Cn,2025-05-14,Referral Program,False
TES-C7203,Noah Garcia,noah.garcia800@example.com,Berlin,De,Us,2022-07-24,Insider,False
TES-C3985,Priya Chen,priya.chen104@example.com,Los Angeles,Ca,Uk,2025-04-19,Standard,False
TES-C10870,Carlos Lee,carlos.lee463@example.com,San Francisco,Ca,Uk,2023-06-04,Referral Program,False
TES-C1276,Ben Patel,ben.patel886@example.com,Seattle,Wa,Cn,2025-05-13,Standard,False
TES-C1958,ANNA ANDERSON,anna.anderson914@example.com,Los Angeles,Ca,Us,2023-09-14,Referral Program,False
TES-C7497,Ken Rossi,ken.rossi17@example.com,Miami,Fl,Uk,2021-04-12,Unknown,False
TES-C3676,Li Garcia,li.garcia636@example.com,Miami,Fl,Us,2025-04-19,Insider,False
TES-C2112,Olivia Kim,,Fremont,Ca,Uk,2021-02-24,Referral Program,True
TES-C10043,Aarav Martin,aarav.martin215@example.com,Chicago,Il,Ca,2025-08-21,Standard,False
TES-C6642,Michael Müller,michael.müller218@example.com,Shanghai,Cn,Ca,2024-07-04,Referral Program,False
TES-C8585,Fatima Davis,fatima.davis756@example.com,San Francisco,Ca,Us,2024-05-13,Standard,False
TES-C1826, Vivaan Anderson ,vivaan.anderson746@example.com,Chicago,Il,Cn,2025-09-26,Referral Program,False
TES-C8799,JOHN SINGH,john.singh787@example.com,Austin,Tx,Jp,2023-04-10,Referral Program,False
TES-C6876,Chen Patel,chen.patel535@example.com,San Francisco,Ca,Us,2021-02-20,Referral Program,False
TES-C8672,Michael Tanaka,michael.tanaka624@example.com,Austin,Tx,De,2021-12-21,Referral Program,False
TES-C9958,John Johnson,john.johnson799@example.com,Seattle,Wa,De,2025-03-26,Referral Program,False
TES-C8041,Zoe Brown,zoe.brown939@example.com,San Francisco,Ca,Uk,2023-01-05,Referral Program,False
TES-C2494,Noah Anderson,noah.anderson58@example.com,Shanghai,Cn,Uk,2025-11-03,Insider,False
TES-C3889,Priya Sharma,,Fremont,Ca,Cn,2021-02-25,Insider,True
TES-C7934,Carlos Singh,carlos.singh706@example.com,Miami,Fl,Jp,2021-09-15,Standard,False
TES-C6162,Emma Khan,emma.khan686@example.com,Chicago,Il,Ca,2025-09-30,Unknown,False
TES-C1316,Vivaan Martin,vivaan.martin230@example.com,Seattle,Wa,Uk,2025-04-28,Standard,False
TES-C7704,ava suzuki,ava.suzuki560@example.com,Berlin,De,Uk,2025-11-05,Insider,False
TES-C7101,Liam Martin,liam.martin173@example.com,Fremont,Ca,Ca,2024-11-05,Unknown,False
TES-C7947,BEN PATEL,ben.patel930@example.com,Fremont,Ca,Us,2024-05-07,Standard,False
TES-C6906,Emma Kumar,emma.kumar210@example.com,Austin,Tx,Uk,2025-03-20,Insider,False
TES-C9009,Yuki Khan,yuki.khan301@example.com,Miami,Fl,Us,2024-05-10,Insider,False
TES-C4918,Carlos Davis,carlos.davis724@example.com,Fremont,Ca,Cn,2024-02-24,Insider,False
TES-C10395,Ava Garcia,ava.garcia33@example.com,New York,Ny,De,2024-07-06,Standard,False
TES-C9974, Chen Johnson ,chen.johnson809@example.com,Miami,Fl,De,2024-12-05,Insider,False
TES-C6935,Sara Singh,sara.singh235@example.com,San Francisco,Ca,Jp,2023-06-04,Standard,False
TES-C3424,Ava Wilson,ava.wilson734@example.com,Shanghai,Cn,Us,2022-03-11,Insider,False
TES-C4993,Anna Tanaka,anna.tanaka510@example.com,Seattle,Wa,De,2021-05-08,Referral Program,False
TES-C6550, John Anderson ,john.anderson601@example.com,New York,Ny,Jp,2023-02-24,Standard,False
TES-C3603, Carlos Johnson ,,Fremont,Ca,Uk,2022-04-13,Referral Program,True
TES-C1281,MOHAMMED WANG,mohammed.wang672@example.com,Austin,Tx,Cn,2024-11-03,Insider,False
TES-C8908,Ben Martin,ben.martin62@example.com,San Francisco,Ca,Us,2022-09-04,Insider,False
TES-C8750,John Brown,john.brown265@example.com,Fremont,Ca,Us,2025-04-15,Insider,False
TES-C9923,John Singh,john.singh197@example.com,Miami,Fl,Us,2022-03-03,Insider,False
TES-C7949,RAHUL PATEL,rahul.patel427@example.com,Austin,Tx,Ca,2024-03-07,Insider,False
TES-C5282,SOFIA WANG,sofia.wang623@example.com,New York,Ny,Ca,2021-11-22,Referral Program,False
TES-C9940,Aarav Martin,aarav.martin445@example.com,New York,Ny,Us,2023-07-10,Insider,False
TES-C9003,Priya Wilson,priya.wilson110@example.com,Fremont,Ca,De,2022-04-28,Standard,False
TES-C6054,Noah Brown,noah.brown216@example.com,Shanghai,Cn,Uk,2024-09-30,Referral Program,False
TES-C4279,Yuki Singh,yuki.singh21@example.com,Chicago,Il,Us,2024-01-25,Referral Program,False
TES-C6780,AVA SUZUKI,ava.suzuki184@example.com,Shanghai,Cn,Cn,2022-05-09,Standard,False
TES-C5440,Ben Patel,ben.patel551@example.com,New York,Ny,De,2021-11-15,Referral Program,False
TES-C10505,ava patel,ava.patel643@example.com,San Francisco,Ca,Ca,2022-03-15,Referral Program,False
TES-C6311,Priya Martin,priya.martin148@example.com,Austin,Tx,Jp,2025-05-02,Referral Program,False
TES-C2801,Liam Smith,liam.smith407@example.com,Chicago,Il,De,2025-08-30,Referral Program,False
TES-C5034,Yuki Müller,yuki.müller837@example.com,Austin,Tx,De,2021-12-11,Referral Program,False
TES-C2601,John Chen,john.chen567@example.com,Austin,Tx,Cn,2024-04-16,Standard,False
TES-C6238,aarav kim,aarav.kim818@example.com,Miami,Fl,De,2024-07-04,Referral Program,False
TES-C6970,Li Wang,li.wang230@example.com,Austin,Tx,Cn,2025-05-29,Insider,False
TES-C3146,Anna Sharma,anna.sharma284@example.com,New York,Ny,De,2023-06-10,Standard,False
TES-C10102,mohammed singh,mohammed.singh274@example.com,Chicago,Il,Uk,2023-06-11,Insider,False
TES-C4187, Priya Davis ,,Seattle,Wa,De,2021-07-25,Referral Program,True
TES-C10377,james chen,james.chen763@example.com,Shanghai,Cn,Ca,2024-10-16,Insider,False
TES-C10062,sofia suzuki,sofia.suzuki232@example.com,Seattle,Wa,Us,2024-08-09,Referral Program,False
TES-C7484,Olivia Yamada,olivia.yamada373@example.com,Chicago,Il,Ca,2022-08-12,Referral Program,False
TES-C4655,Liam Wang,liam.wang945@example.com,Fremont,Ca,Cn,2022-02-12,Standard,False
TES-C9428,Fatima Suzuki,fatima.suzuki75@example.com,San Francisco,Ca,Jp,2022-02-17,Standard,False
TES-C10968,Rahul Khan,rahul.khan223@example.com,Berlin,De,Uk,2024-12-24,Insider,False
TES-C5276,Liam Patel,liam.patel491@example.com,Chicago,Il,De,2021-11-20,Insider,False
TES-C8270,Michael Anderson,michael.anderson681@example.com,Chicago,Il,Uk,2025-01-03,Referral Program,False
TES-C9298,Aarav Johnson,aarav.johnson272@example.com,Los Angeles,Ca,De,2022-06-06,Standard,False
TES-C4678,Liam Khan,liam.khan167@example.com,Seattle,Wa,De,2025-02-26,Standard,False
TES-C3924,Chen Wang,chen.wang502@example.com,Los Angeles,Ca,Us,2025-09-01,Standard,False
TES-C7896,ZOE WILSON,zoe.wilson149@example.com,Shanghai,Cn,Jp,2021-05-01,Referral Program,False
TES-C5090,Wei Singh,wei.singh800@example.com,Fremont,Ca,Uk,2022-07-16,Standard,False
TES-C9592,Rahul Johnson,rahul.johnson475@example.com,Shanghai,Cn,De,2021-01-24,Insider,False
TES-C7524,Olivia Kim,olivia.kim329@example.com,Berlin,De,Ca,2023-11-06,Standard,False
TES-C1376,zoe wilson,zoe.wilson711@example.com,Seattle,Wa,Jp,2021-06-28,Referral Program,False
TES-C6998,ken kim,ken.kim85@example.com,Miami,Fl,Uk,2024-10-18,Insider,False
TES-C1641,JOHN KUMAR,john.kumar426@example.com,Fremont,Ca,Ca,2024-05-04,Insider,False
TES-C9693,Priya Wilson,priya.wilson631@example.com,Miami,Fl,Uk,2023-08-23,Insider,False
TES-C4666,JOHN WANG,john.wang785@example.com,Fremont,Ca,Us,2024-12-31,Standard,False
TES-C10060,Chen Johnson,chen.johnson712@example.com,Fremont,Ca,De,2022-12-01,Insider,False
TES-C5045,Yuki Davis,yuki.davis505@example.com,Fremont,Ca,Cn,2025-05-15,Referral Program,False
TES-C9895,zoe anderson,zoe.anderson290@example.com,Chicago,Il,Jp,2024-11-06,Standard,False
TES-C8920,John Davis,,Austin,Tx,Uk,2024-01-11,Referral Program,True
TES-C10135,Chen Lee,chen.lee721@example.com,Seattle,Wa,De,2021-12-23,Insider,False
TES-C2094,SOFIA WILSON,sofia.wilson603@example.com,Los Angeles,Ca,Uk,2025-06-23,Insider,False
TES-C9581,Carlos Khan,carlos.khan689@example.com,Shanghai,Cn,Cn,2024-04-18,Standard,False
TES-C5821,John Yamada,john.yamada835@example.com,Fremont,Ca,Jp,2025-01-13,Referral Program,False
TES-C1854,Zoe Anderson,zoe.anderson976@example.com,Los Angeles,Ca,Us,2021-09-14,Referral Program,False
TES-C5485,Emma Martin,emma.martin986@example.com,Miami,Fl,Uk,2021-12-25,Referral Program,False
TES-C3047,EMMA DAVIS,emma.davis96@example.com,Miami,Fl,Us,2024-05-03,Insider,False
TES-C10112,Maria Patel,maria.patel200@example.com,San Francisco,Ca,Uk,2023-09-09,Referral Program,False
TES-C9890,Priya Johnson,priya.johnson929@example.com,Fremont,Ca,Uk,2021-03-26,Standard,False
TES-C7387,Rahul Suzuki,rahul.suzuki313@example.com,Austin,Tx,De,2025-03-29,Standard,False
TES-C7891,Sofia Kumar,sofia.kumar117@example.com,Berlin,De,Ca,2023-05-06,Insider,False
TES-C5882,Maria Wilson,maria.wilson479@example.com,Shanghai,Cn,Jp,2023-07-24,Referral Program,False
TES-C9154,Mohammed Müller,mohammed.müller335@example.com,Berlin,De,Uk,2023-09-15,Standard,False
TES-C9938,SARA KHAN,sara.khan638@example.com,Shanghai,Cn,Uk,2022-07-28,Referral Program,False
TES-C7089,Noah Martin,noah.martin88@example.com,Shanghai,Cn,De,2024-03-17,Referral Program,False
TES-C4562,DAVID LEE,david.lee242@example.com,Shanghai,Cn,Us,2021-12-22,Standard,False
TES-C4377,Liam Patel,liam.patel62@example.com,Berlin,De,Ca,2021-09-25,Referral Program,False
TES-C10548,Rahul Khan,rahul.khan76@example.com,Austin,Tx,Cn,2023-03-16,Referral Program,False
TES-C2227,liam singh,liam.singh653@example.com,Miami,Fl,Cn,2025-06-30,Standard,False
TES-C8742,Wei Singh,wei.singh695@example.com,Berlin,De,Uk,2025-10-20,Referral Program,False
TES-C4186,Ken Johnson,ken.johnson404@example.com,Chicago,Il,Cn,2025-03-05,Referral Program,False
TES-C9968,Fatima Chen,fatima.chen644@example.com,Berlin,De,Jp,2022-08-12,Standard,False
TES-C3237,Vivaan Tanaka,vivaan.tanaka614@example.com,San Francisco,Ca,Jp,2023-05-08,Referral Program,False
TES-C10187,VIVAAN SMITH,vivaan.smith565@example.com,San Francisco,Ca,De,2022-09-19,Standard,False
TES-C6755,fatima rossi,fatima.rossi473@example.com,San Francisco,Ca,Jp,2022-12-21,Standard,False
TES-C3211,Ken Patel,ken.patel936@example.com,Shanghai,Cn,Us,2025-06-15,Referral Program,False
TES-C1428,michael chen,michael.chen26@example.com,Miami,Fl,Cn,2024-04-12,Referral Program,False
TES-C6325,Olivia Martin,olivia.martin224@example.com,Los Angeles,Ca,Ca,2021-11-22,Insider,False
TES-C1669,Olivia Tanaka,olivia.tanaka556@example.com,Los Angeles,Ca,De,2024-12-31,Referral Program,False
TES-C10549,Ken Patel,,Seattle,Wa,Ca,2023-08-19,Standard,True
TES-C2570,Olivia Kumar,olivia.kumar266@example.com,San Francisco,Ca,Uk,2022-09-02,Referral Program,False
TES-C2852,James Johnson,james.johnson3@example.com,Austin,Tx,Ca,2025-10-10,Insider,False
TES-C5115,Ben Sharma,,San Francisco,Ca,De,2021-02-05,Insider,True
TES-C9963,James Wilson,james.wilson832@example.com,Seattle,Wa,Uk,2021-12-17,Insider,False
TES-C6096,Maria Martin,,Los Angeles,Ca,Jp,2025-12-28,Standard,True
TES-C10842,Anna Garcia,,New York,Ny,De,2023-06-16,Insider,True
TES-C3002,Noah Singh,noah.singh293@example.com,Berlin,De,Ca,2024-05-26,Standard,False
TES-C9065,Li Smith,li.smith834@example.com,Austin,Tx,Ca,2024-09-23,Standard,False
TES-C7976,Emma Kim,emma.kim861@example.com,Los Angeles,Ca,Cn,2025-10-21,Referral Program,False
TES-C8963,Fatima Chen,fatima.chen499@example.com,Austin,Tx,Us,2025-02-08,Referral Program,False
TES-C5644,David Garcia,david.garcia352@example.com,Berlin,De,Ca,2022-09-04,Standard,False
TES-C1783,Liam Wang,liam.wang97@example.com,New York,Ny,Jp,2021-07-24,Insider,False
TES-C1909,Maria Wilson,maria.wilson36@example.com,Berlin,De,Uk,2022-04-04,Standard,False
TES-C3244,Liam Lee,liam.lee859@example.com,Shanghai,Cn,Ca,2021-07-12,Insider,False
TES-C3281,Wei Smith,wei.smith714@example.com,Fremont,Ca,De,2021-04-01,Standard,False
TES-C7499,Liam Sharma,liam.sharma915@example.com,Fremont,Ca,Jp,2023-07-30,Standard,False
TES-C1609,Aditya Smith,aditya.smith808@example.com,Fremont,Ca,Ca,2021-08-31,Standard,False
TES-C5669,fatima wilson,fatima.wilson622@example.com,Miami,Fl,Cn,2025-06-11,Standard,False
TES-C10236,PRIYA YAMADA,priya.yamada277@example.com,San Francisco,Ca,De,2022-12-29,Insider,False
TES-C4464,Michael Kim,,Miami,Fl,Uk,2024-02-01,Insider,True
TES-C5307,DAVID GARCIA,david.garcia371@example.com,Austin,Tx,Us,2022-06-04,Referral Program,False
TES-C8045,Li Chen,li.chen519@example.com,Seattle,Wa,De,2022-04-06,Referral Program,False
TES-C9206,Yuki Garcia,yuki.garcia346@example.com,Chicago,Il,Jp,2024-09-12,Referral Program,False
TES-C10934,Olivia Singh,olivia.singh721@example.com,Shanghai,Cn,Uk,2021-10-17,Insider,False
TES-C3842,Noah Yamada,noah.yamada394@example.com,Los Angeles,Ca,De,2022-01-14,Standard,False
TES-C6781,James Chen,james.chen750@example.com,Chicago,Il,Jp,2022-03-12,Standard,False
TES-C3685,michael müller,michael.müller421@example.com,Berlin,De,Ca,2021-01-08,Referral Program,False
TES-C7423,Aditya Smith,aditya.smith623@example.com,Chicago,Il,Us,2023-05-08,Standard,False
TES-C9252,Carlos Tanaka,carlos.tanaka948@example.com,Austin,Tx,Uk,2021-05-14,Referral Program,False
TES-C6169,Carlos Kim,carlos.kim627@example.com,Seattle,Wa,Jp,2022-03-15,Insider,False
TES-C5776,Fatima Lee,fatima.lee502@example.com,Shanghai,Cn,Ca,2024-06-19,Referral Program,False
TES-C2718,Liam Tanaka,,Austin,Tx,Cn,2023-02-06,Insider,True
TES-C8586,MARIA ANDERSON,maria.anderson318@example.com,Miami,Fl,De,2022-01-22,Standard,False
TES-C10503,Priya Kim,priya.kim33@example.com,Fremont,Ca,Jp,2025-12-25,Insider,False
TES-C9908,David Khan,david.khan228@example.com,Fremont,Ca,De,2021-12-09,Unknown,False
TES-C6733,Fatima Garcia,fatima.garcia608@example.com,Berlin,De,Jp,2022-02-15,Standard,False
TES-C5467,Priya Martin,priya.martin400@example.com,Shanghai,Cn,Jp,2023-02-09,Referral Program,False
TES-C10912,Mohammed Rossi,mohammed.rossi468@example.com,Shanghai,Cn,Ca,2022-12-17,Standard,False
TES-C3312,Liam Garcia,liam.garcia328@example.com,New York,Ny,Jp,2023-05-12,Standard,False
TES-C6946,Priya Garcia,priya.garcia734@example.com,Fremont,Ca,Uk,2023-10-03,Standard,False
TES-C7390,James Wilson,james.wilson171@example.com,Los Angeles,Ca,Us,2024-03-23,Unknown,False
TES-C5462,ZOE GARCIA,zoe.garcia391@example.com,Miami,Fl,De,2023-09-24,Insider,False
TES-C3258,Priya Martin,priya.martin500@example.com,New York,Ny,Cn,2022-06-07,Referral Program,False
TES-C3189, Noah Sharma ,noah.sharma323@example.com,Los Angeles,Ca,Us,2021-06-04,Standard,False
TES-C9985,Fatima Davis,fatima.davis671@example.com,Los Angeles,Ca,Ca,2025-08-02,Referral Program,False
TES-C3587,Vivaan Wang,vivaan.wang117@example.com,Berlin,De,Jp,2022-05-06,Standard,False
TES-C8028,Priya Johnson,priya.johnson337@example.com,San Francisco,Ca,Us,2023-10-30,Insider,False
TES-C6391,David Anderson,david.anderson464@example.com,Chicago,Il,Ca,2024-01-30,Standard,False
TES-C5295,Zoe Rossi,zoe.rossi619@example.com,Berlin,De,Jp,2023-04-17,Referral Program,False
TES-C8950,Ava Singh,ava.singh396@example.com,Austin,Tx,Us,2024-08-05,Insider,False
TES-C9169,james singh,james.singh664@example.com,Fremont,Ca,Uk,2022-08-30,Insider,False
TES-C5516,Rahul Davis,rahul.davis393@example.com,Seattle,Wa,Cn,2022-08-10,Referral Program,False
TES-C10749,David Yamada,david.yamada273@example.com,Los Angeles,Ca,Ca,2025-06-13,Standard,False
TES-C9775,CHEN WANG,chen.wang19@example.com,Fremont,Ca,Uk,2023-10-01,Insider,False
TES-C5085,michael kim,michael.kim170@example.com,Seattle,Wa,Us,2024-04-22,Standard,False
TES-C9530,David Tanaka,david.tanaka238@example.com,Fremont,Ca,De,2025-09-04,Referral Program,False
TES-C2800,carlos garcia,carlos.garcia827@example.com,San Francisco,Ca,Jp,2022-07-19,Standard,False
TES-C10748, David Rossi ,david.rossi470@example.com,Fremont,Ca,Uk,2022-08-15,Insider,False
TES-C10218,Ben Patel,ben.patel617@example.com,Miami,Fl,Us,2022-06-04,Referral Program,False
TES-C10161,Carlos Chen,carlos.chen896@example.com,San Francisco,Ca,Us,2021-08-13,Referral Program,False
TES-C1920,Emma Yamada,emma.yamada968@example.com,Shanghai,Cn,Jp,2021-10-17,Insider,False
TES-C9360,Zoe Rossi,,Seattle,Wa,Us,2021-02-25,Standard,True
TES-C10705,RAHUL SINGH,rahul.singh139@example.com,Los Angeles,Ca,Us,2021-07-26,Standard,False
TES-C8187,Olivia Wilson,olivia.wilson315@example.com,Shanghai,Cn,De,2024-06-22,Referral Program,False
TES-C8093,Ava Johnson,ava.johnson528@example.com,Berlin,De,Ca,2022-08-13,Unknown,False
TES-C9266,David Yamada,,Los Angeles,Ca,De,2021-07-08,Insider,True
TES-C5877,Li Wilson,li.wilson703@example.com,Shanghai,Cn,Jp,2023-10-06,Insider,False
TES-C7729,Aarav Yamada,,Shanghai,Cn,Uk,2023-07-11,Standard,True
TES-C6736,Emma Müller,emma.müller868@example.com,Austin,Tx,Jp,2024-09-14,Standard,False
TES-C1970,Mohammed Wilson,mohammed.wilson248@example.com,San Francisco,Ca,Us,2021-11-11,Standard,False
TES-C7263,Ben Smith,ben.smith728@example.com,Seattle,Wa,Uk,2024-11-19,Referral Program,False
TES-C1832,Fatima Martin,fatima.martin142@example.com,Fremont,Ca,Us,2023-09-23,Insider,False
TES-C5875,ANNA ROSSI,anna.rossi553@example.com,Miami,Fl,Jp,2023-10-15,Insider,False
TES-C1165,SOFIA JOHNSON,sofia.johnson835@example.com,San Francisco,Ca,Us,2025-10-17,Insider,False
TES-C6918,Aarav Suzuki,aarav.suzuki984@example.com,Miami,Fl,Ca,2025-05-07,Referral Program,False
TES-C9661,Aarav Müller,aarav.müller72@example.com,Austin,Tx,Ca,2024-09-27,Referral Program,False
TES-C4573,sara martin,sara.martin670@example.com,Fremont,Ca,Ca,2024-02-08,Insider,False
TES-C9191,Emma Brown,emma.brown180@example.com,Fremont,Ca,Uk,2022-09-05,Insider,False
TES-C7881,li garcia,li.garcia994@example.com,Los Angeles,Ca,De,2024-05-27,Standard,False
TES-C5620,VIVAAN DAVIS,vivaan.davis645@example.com,Shanghai,Cn,De,2023-08-25,Standard,False
TES-C5173,Rahul Patel,rahul.patel92@example.com,Seattle,Wa,Ca,2023-01-30,Referral Program,False
TES-C2290,CHEN SMITH,chen.smith273@example.com,Shanghai,Cn,Ca,2025-12-25,Referral Program,False
TES-C7939,Noah Brown,noah.brown326@example.com,Los Angeles,Ca,Cn,2022-06-13,Insider,False
TES-C10660,Rahul Kim,rahul.kim448@example.com,Chicago,Il,Us,2021-11-02,Referral Program,False
TES-C5546,Michael Tanaka,michael.tanaka742@example.com,Shanghai,Cn,Jp,2023-09-13,Insider,False
TES-C3044,Anna Suzuki,anna.suzuki273@example.com,San Francisco,Ca,Cn,2021-05-31,Insider,False
TES-C7716, Yuki Garcia ,yuki.garcia835@example.com,New York,Ny,Us,2023-09-21,Insider,False
TES-C2246, Michael Singh ,michael.singh217@example.com,Fremont,Ca,De,2021-02-18,Insider,False
TES-C10066,olivia kumar,olivia.kumar324@example.com,Berlin,De,Uk,2022-11-08,Standard,False
TES-C1029,Aditya Johnson,aditya.johnson31@example.com,Los Angeles,Ca,Ca,2025-03-09,Standard,False
TES-C7602,EMMA YAMADA,emma.yamada581@example.com,Shanghai,Cn,Uk,2024-09-01,Insider,False
TES-C1679,James Yamada,james.yamada928@example.com,Chicago,Il,De,2025-05-17,Insider,False
TES-C7044,Sara Kim,sara.kim134@example.com,Fremont,Ca,Us,2024-10-15,Standard,False
TES-C8407,Anna Anderson,anna.anderson144@example.com,Shanghai,Cn,Us,2025-03-07,Insider,False
TES-C10230,Ken Singh,ken.singh749@example.com,New York,Ny,De,2025-12-13,Standard,False
TES-C6331,Olivia Smith,olivia.smith240@example.com,Chicago,Il,Uk,2023-04-02,Standard,False
TES-C4150,Ava Suzuki,ava.suzuki225@example.com,Los Angeles,Ca,De,2024-04-22,Standard,False
TES-C1009,priya müller,priya.müller151@example.com,Miami,Fl,Cn,2021-05-09,Referral Program,False
TES-C3425,Noah Müller,noah.müller633@example.com,Shanghai,Cn,Ca,2023-02-11,Standard,False
TES-C1096,Maria Patel,maria.patel422@example.com,Austin,Tx,De,2025-10-08,Insider,False
TES-C6847,sofia kim,sofia.kim491@example.com,Fremont,Ca,Cn,2023-04-02,Referral Program,False
TES-C4192,wei yamada,,Austin,Tx,Cn,2022-01-25,Standard,True
TES-C3862,FATIMA WANG,fatima.wang670@example.com,Los Angeles,Ca,Uk,2024-12-29,Insider,False
TES-C6753,Mohammed Johnson,mohammed.johnson659@example.com,Shanghai,Cn,Us,2021-01-15,Insider,False
TES-C9942,Chen Singh,chen.singh802@example.com,Berlin,De,Uk,2024-06-26,Insider,False
TES-C9733,Rahul Yamada,rahul.yamada154@example.com,Miami,Fl,Uk,2023-11-15,Insider,False
TES-C5386,David Sharma,david.sharma763@example.com,Seattle,Wa,Ca,2025-09-08,Insider,False
TES-C4521,JAMES WANG,james.wang709@example.com,Austin,Tx,Ca,2024-07-10,Unknown,False
TES-C10074,Aarav Brown,aarav.brown671@example.com,Chicago,Il,Cn,2023-05-14,Standard,False
TES-C1440,Aditya Kim,aditya.kim105@example.com,Chicago,Il,De,2023-12-05,Insider,False
TES-C8986,NOAH KIM,noah.kim613@example.com,Shanghai,Cn,De,2021-05-21,Standard,False
TES-C7731,Carlos Smith,carlos.smith913@example.com,Shanghai,Cn,Uk,2025-12-21,Referral Program,False
TES-C4693,fatima tanaka,fatima.tanaka407@example.com,Shanghai,Cn,Uk,2021-09-08,Referral Program,False
TES-C7266,Carlos Tanaka,carlos.tanaka39@example.com,Shanghai,Cn,Cn,2023-02-11,Insider,False
TES-C4737,Chen Kumar,chen.kumar602@example.com,Austin,Tx,Uk,2022-06-02,Insider,False
TES-C1491,Maria Rossi,maria.rossi105@example.com,New York,Ny,Cn,2023-06-25,Standard,False
TES-C7593,Wei Davis,wei.davis953@example.com,Austin,Tx,Ca,2023-03-05,Standard,False
TES-C10495,Ken Brown,ken.brown15@example.com,Berlin,De,Jp,2023-06-16,Referral Program,False
TES-C2893,Aarav Brown,aarav.brown883@example.com,Los Angeles,Ca,Uk,2025-05-20,Referral Program,False
TES-C10674,Carlos Smith,carlos.smith942@example.com,San Francisco,Ca,Cn,2025-10-10,Referral Program,False
TES-C7439,Mohammed Lee,,Seattle,Wa,De,2021-12-31,Standard,True
TES-C9340,Aditya Anderson,aditya.anderson546@example.com,New York,Ny,Us,2022-10-06,Referral Program,False
TES-C9609,Aarav Patel,aarav.patel350@example.com,Fremont,Ca,Us,2025-08-19,Standard,False
TES-C2556,Noah Yamada,noah.yamada291@example.com,Berlin,De,De,2022-05-20,Referral Program,False
TES-C7005,michael singh,michael.singh715@example.com,San Francisco,Ca,De,2023-04-28,Insider,False
TES-C4711,Ken Garcia,ken.garcia107@example.com,New York,Ny,Us,2025-02-10,Standard,False
TES-C6050,Aditya Kim,aditya.kim344@example.com,Miami,Fl,De,2023-02-18,Referral Program,False
TES-C6862, Priya Suzuki ,priya.suzuki627@example.com,Los Angeles,Ca,De,2023-03-23,Insider,False
TES-C9706,Wei Yamada,wei.yamada835@example.com,Seattle,Wa,Ca,2023-04-11,Insider,False
TES-C3798, Chen Kim ,chen.kim242@example.com,Fremont,Ca,Us,2022-08-28,Referral Program,False
TES-C2410,Noah Rossi,noah.rossi675@example.com,San Francisco,Ca,Ca,2023-02-17,Insider,False
TES-C8924,Michael Davis,michael.davis239@example.com,Berlin,De,Us,2025-12-30,Referral Program,False
TES-C10398,wei anderson,wei.anderson582@example.com,Miami,Fl,De,2023-08-09,Insider,False
TES-C10456,Sofia Johnson,sofia.johnson773@example.com,Shanghai,Cn,Ca,2025-09-15,Standard,False
TES-C9983,AARAV DAVIS,aarav.davis409@example.com,Fremont,Ca,De,2024-11-04,Referral Program,False
TES-C6092,Michael Rossi,michael.rossi691@example.com,Shanghai,Cn,Cn,2025-01-03,Referral Program,False
TES-C8589,Michael Sharma,michael.sharma428@example.com,Los Angeles,Ca,Uk,2023-06-28,Insider,False
TES-C3144,aditya yamada,aditya.yamada134@example.com,Chicago,Il,Uk,2025-06-03,Referral Program,False
TES-C5956, Noah Smith ,noah.smith700@example.com,Los Angeles,Ca,Us,2021-01-08,Standard,False
TES-C7560,Ken Patel,ken.patel503@example.com,Miami,Fl,Jp,2024-02-29,Standard,False
TES-C8628,Michael Wilson,michael.wilson475@example.com,Fremont,Ca,Cn,2021-11-15,Insider,False
TES-C6854,Priya Davis,priya.davis919@example.com,Seattle,Wa,Us,2023-01-28,Referral Program,False
TES-C1218, David Sharma ,,Seattle,Wa,Us,2023-04-25,Unknown,True
TES-C3288,Rahul Martin,,Austin,Tx,Uk,2025-12-23,Referral Program,True
TES-C9212,Priya Patel,priya.patel408@example.com,Los Angeles,Ca,De,2021-04-17,Standard,False
TES-C1344,Carlos Johnson,carlos.johnson687@example.com,Miami,Fl,Cn,2025-11-23,Standard,False
TES-C9007,Ken Khan,ken.khan388@example.com,Austin,Tx,Us,2021-11-26,Insider,False
TES-C4884, Vivaan Patel ,vivaan.patel986@example.com,Seattle,Wa,Ca,2025-11-10,Referral Program,False
TES-C5978,Michael Singh,,Austin,Tx,De,2021-01-13,Unknown,True
TES-C8777,David Singh,david.singh37@example.com,Shanghai,Cn,De,2021-01-05,Standard,False
TES-C2340,Chen Garcia,chen.garcia8@example.com,Berlin,De,Uk,2024-02-10,Insider,False
TES-C8514,noah sharma,noah.sharma596@example.com,Seattle,Wa,Cn,2022-08-29,Referral Program,False
TES-C3724,Priya Tanaka,priya.tanaka81@example.com,San Francisco,Ca,Cn,2023-11-07,Standard,False
TES-C3541,Vivaan Suzuki,vivaan.suzuki714@example.com,Fremont,Ca,Cn,2023-04-28,Referral Program,False
TES-C5044,Olivia Kim,olivia.kim1@example.com,Seattle,Wa,De,2025-05-16,Insider,False
TES-C3506,Noah Wilson,noah.wilson144@example.com,Shanghai,Cn,Ca,2022-11-13,Insider,False
TES-C10996,Rahul Davis,rahul.davis305@example.com,San Francisco,Ca,Ca,2021-10-11,Referral Program,False
TES-C9542,MARIA BROWN,maria.brown236@example.com,Fremont,Ca,De,2024-03-22,Standard,False
TES-C5121,olivia suzuki,,Chicago,Il,Us,2023-05-18,Referral Program,True
TES-C9978,vivaan khan,vivaan.khan431@example.com,Berlin,De,Us,2024-05-21,Standard,False
TES-C3980,John Wang,john.wang594@example.com,Los Angeles,Ca,Jp,2022-10-24,Referral Program,False
TES-C9315,Ava Patel,ava.patel233@example.com,Fremont,Ca,De,2024-03-07,Referral Program,False
TES-C6742,James Rossi,james.rossi338@example.com,Berlin,De,Cn,2024-09-29,Referral Program,False
TES-C5139,David Yamada,david.yamada324@example.com,Fremont,Ca,Cn,2024-09-21,Standard,False
TES-C2696,Aditya Khan,aditya.khan677@example.com,Miami,Fl,Us,2022-03-28,Standard,False
TES-C2770,Priya Müller,priya.müller469@example.com,Los Angeles,Ca,Ca,2023-07-11,Standard,False
TES-C3567,LI CHEN,li.chen912@example.com,Fremont,Ca,De,2024-03-22,Unknown,False
TES-C4458,noah khan,noah.khan518@example.com,Miami,Fl,Jp,2024-07-20,Referral Program,False
TES-C10410,Rahul Kumar,rahul.kumar694@example.com,Miami,Fl,De,2021-07-03,Standard,False
TES-C1373,PRIYA CHEN,priya.chen540@example.com,San Francisco,Ca,Cn,2022-07-03,Insider,False
TES-C2468, Ben Wang ,ben.wang436@example.com,Seattle,Wa,Ca,2022-08-28,Standard,False
TES-C6260,Sara Khan,sara.khan120@example.com,Austin,Tx,Us,2021-03-02,Standard,False
TES-C7752,Maria Davis,maria.davis309@example.com,Chicago,Il,De,2025-04-27,Insider,False
TES-C10745,Zoe Sharma,zoe.sharma379@example.com,Miami,Fl,Us,2022-01-14,Insider,False
TES-C9004,Noah Kumar,noah.kumar353@example.com,Austin,Tx,De,2025-07-08,Referral Program,False
TES-C9443,Sara Martin,sara.martin617@example.com,New York,Ny,Cn,2024-06-30,Insider,False
TES-C5995,zoe wilson,zoe.wilson431@example.com,Austin,Tx,Us,2022-03-08,Standard,False
TES-C8098, Sara Brown ,sara.brown502@example.com,San Francisco,Ca,Uk,2023-05-01,Insider,False
TES-C10571,emma yamada,emma.yamada858@example.com,Los Angeles,Ca,Jp,2021-12-02,Referral Program,False
TES-C10243, Rahul Tanaka ,rahul.tanaka935@example.com,Los Angeles,Ca,Uk,2025-10-13,Referral Program,False
TES-C9526,Anna Sharma,anna.sharma193@example.com,Austin,Tx,Uk,2024-09-08,Referral Program,False
TES-C6213,Rahul Lee,rahul.lee999@example.com,Fremont,Ca,Ca,2022-05-13,Insider,False
TES-C8446,Yuki Rossi,yuki.rossi851@example.com,New York,Ny,Cn,2024-08-28,Insider,False
TES-C5767,PRIYA SHARMA,priya.sharma759@example.com,Berlin,De,Ca,2023-05-16,Standard,False
TES-C4814,sara smith,sara.smith63@example.com,Miami,Fl,Us,2024-04-17,Referral Program,False
TES-C8632,Yuki Singh,yuki.singh807@example.com,San Francisco,Ca,Ca,2024-09-18,Referral Program,False
TES-C8355,Priya Kim,priya.kim821@example.com,Seattle,Wa,Us,2025-06-06,Referral Program,False
TES-C1785,yuki johnson,yuki.johnson272@example.com,Shanghai,Cn,Cn,2021-09-16,Insider,False
TES-C10346,Li Garcia,li.garcia947@example.com,New York,Ny,Ca,2023-06-25,Insider,False
TES-C6788,Ben Wilson,ben.wilson281@example.com,New York,Ny,Jp,2022-06-17,Unknown,False
TES-C2009,James Khan,james.khan647@example.com,Shanghai,Cn,Jp,2021-07-20,Standard,False
TES-C5948,Emma Wilson,emma.wilson342@example.com,Berlin,De,Uk,2024-04-28,Standard,False
TES-C5496,Sara Kumar,sara.kumar346@example.com,Los Angeles,Ca,Jp,2024-04-15,Standard,False
TES-C6505,Michael Khan,michael.khan70@example.com,Austin,Tx,Jp,2025-02-24,Referral Program,False
TES-C10930,MOHAMMED KHAN,mohammed.khan115@example.com,Austin,Tx,Jp,2025-07-09,Insider,False
TES-C2312,emma kim,emma.kim784@example.com,Berlin,De,Us,2021-06-16,Insider,False
TES-C10981,Mohammed Anderson,mohammed.anderson406@example.com,New York,Ny,Us,2024-03-19,Referral Program,False
TES-C4131,Sofia Davis,sofia.davis105@example.com,Seattle,Wa,De,2021-10-09,Referral Program,False
TES-C10002, Ken Müller ,ken.müller925@example.com,Berlin,De,Cn,2025-04-14,Insider,False
TES-C10347,Zoe Martin,zoe.martin89@example.com,Seattle,Wa,Ca,2022-05-30,Standard,False
TES-C1985,Emma Suzuki,emma.suzuki738@example.com,Seattle,Wa,Us,2024-07-22,Insider,False
TES-C5709,Vivaan Anderson,vivaan.anderson360@example.com,Seattle,Wa,Uk,2025-08-31,Insider,False
TES-C8293,Noah Chen,noah.chen224@example.com,Seattle,Wa,Us,2024-02-07,Referral Program,False
TES-C1914,vivaan lee,vivaan.lee689@example.com,Fremont,Ca,Ca,2025-04-04,Insider,False
TES-C8106,Ben Johnson,ben.johnson529@example.com,Seattle,Wa,Jp,2022-10-27,Standard,False
TES-C6053,John Wang,john.wang565@example.com,Austin,Tx,Jp,2021-01-05,Standard,False
TES-C10542,Vivaan Sharma,vivaan.sharma860@example.com,Berlin,De,Uk,2022-08-22,Insider,False
TES-C1154,Fatima Brown,fatima.brown924@example.com,San Francisco,Ca,Ca,2023-12-27,Insider,False
TES-C5253,Noah Anderson,noah.anderson974@example.com,Fremont,Ca,Jp,2025-08-23,Standard,False
TES-C4936,Sara Khan,sara.khan693@example.com,Miami,Fl,Cn,2025-06-10,Standard,False
TES-C5611,Olivia Davis,olivia.davis2@example.com,Berlin,De,Ca,2023-08-23,Referral Program,False
TES-C2104,JAMES PATEL,james.patel56@example.com,Seattle,Wa,Uk,2025-11-07,Standard,False
TES-C10612,Wei Martin,wei.martin583@example.com,Los Angeles,Ca,Us,2023-12-31,Referral Program,False
TES-C1260,Priya Brown,priya.brown487@example.com,Seattle,Wa,Ca,2022-01-16,Standard,False
TES-C5731,Aarav Wilson,aarav.wilson933@example.com,Fremont,Ca,Cn,2024-10-24,Unknown,False
TES-C5389,Liam Davis,liam.davis600@example.com,Austin,Tx,De,2025-01-25,Standard,False
TES-C9909, Carlos Garcia ,carlos.garcia894@example.com,San Francisco,Ca,Cn,2022-04-11,Standard,False
TES-C8769,Mohammed Yamada,mohammed.yamada401@example.com,San Francisco,Ca,Uk,2021-10-24,Standard,False
TES-C6487,Michael Johnson,michael.johnson402@example.com,Fremont,Ca,Jp,2024-03-20,Standard,False
TES-C6801,YUKI PATEL,yuki.patel770@example.com,Austin,Tx,Ca,2023-04-23,Referral Program,False
TES-C5532,Emma Wilson,emma.wilson686@example.com,Berlin,De,Jp,2024-08-19,Insider,False
TES-C1831,Emma Khan,emma.khan933@example.com,Berlin,De,Cn,2024-08-01,Referral Program,False
TES-C8342,Yuki Wilson,yuki.wilson735@example.com,Miami,Fl,Cn,2024-02-22,Unknown,False
TES-C9334,ken davis,ken.davis932@example.com,Seattle,Wa,Uk,2025-07-05,Referral Program,False
TES-C2822,Yuki Smith,yuki.smith816@example.com,Austin,Tx,De,2025-12-07,Referral Program,False
TES-C5643,david kim,david.kim282@example.com,Fremont,Ca,Ca,2023-12-16,Referral Program,False
TES-C2181,Chen Anderson,chen.anderson156@example.com,Shanghai,Cn,Jp,2023-06-24,Referral Program,False
TES-C8638,emma suzuki,emma.suzuki616@example.com,Fremont,Ca,Jp,2025-04-09,Insider,False
TES-C7821,sara khan,sara.khan903@example.com,Shanghai,Cn,Jp,2024-09-17,Insider,False
TES-C4080,Yuki Chen,yuki.chen650@example.com,Seattle,Wa,Jp,2023-02-27,Insider,False
TES-C10473, Noah Anderson ,noah.anderson165@example.com,Berlin,De,Ca,2022-06-01,Standard,False
TES-C3809,Fatima Anderson,fatima.anderson251@example.com,Seattle,Wa,De,2025-11-14,Referral Program,False
TES-C10554,Ben Müller,ben.müller97@example.com,Fremont,Ca,Us,2023-11-05,Referral Program,False
TES-C9857,Yuki Sharma,yuki.sharma614@example.com,Miami,Fl,Cn,2021-10-04,Standard,False
TES-C1308,noah müller,noah.müller6@example.com,Los Angeles,Ca,Jp,2025-02-18,Referral Program,False
TES-C1229,Mohammed Singh,mohammed.singh432@example.com,Shanghai,Cn,Cn,2024-10-28,Unknown,False
TES-C3996,Aditya Wilson,aditya.wilson402@example.com,Miami,Fl,Uk,2025-12-27,Unknown,False
TES-C9094,Li Brown,li.brown893@example.com,Los Angeles,Ca,Cn,2021-04-09,Insider,False
TES-C8520,Aditya Suzuki,aditya.suzuki658@example.com,Miami,Fl,Uk,2021-03-26,Standard,False
TES-C2279,Wei Wilson,wei.wilson321@example.com,Chicago,Il,De,2025-11-16,Insider,False
TES-C10189,Ken Garcia,,Seattle,Wa,Uk,2021-10-09,Standard,True
TES-C2278,DAVID ANDERSON,david.anderson328@example.com,Los Angeles,Ca,Uk,2021-08-14,Insider,False
TES-C7056,Zoe Smith,,Berlin,De,De,2023-11-14,Insider,True
TES-C1189,Carlos Müller,carlos.müller312@example.com,Austin,Tx,Us,2024-03-13,Referral Program,False
TES-C9987,Olivia Lee,olivia.lee565@example.com,Austin,Tx,De,2025-12-20,Referral Program,False
TES-C5234,Emma Rossi,emma.rossi687@example.com,Shanghai,Cn,De,2023-07-30,Referral Program,False
TES-C8987,Liam Martin,liam.martin944@example.com,Austin,Tx,Jp,2021-01-07,Insider,False
TES-C10141,Chen Johnson,chen.johnson671@example.com,Fremont,Ca,Cn,2021-01-25,Standard,False
TES-C9831,Li Patel,li.patel326@example.com,Seattle,Wa,Ca,2023-06-03,Insider,False
TES-C9427,Sofia Davis,sofia.davis90@example.com,New York,Ny,Ca,2023-08-29,Referral Program,False
TES-C2646,Olivia Kumar,,Berlin,De,Ca,2022-06-22,Standard,True
TES-C1377, Fatima Chen ,fatima.chen552@example.com,Seattle,Wa,Uk,2023-12-14,Standard,False
TES-C6682,Ben Khan,ben.khan75@example.com,Chicago,Il,Cn,2023-08-17,Standard,False
TES-C3156,Aditya Brown,aditya.brown576@example.com,San Francisco,Ca,Ca,2025-03-13,Insider,False
TES-C5020, Priya Smith ,priya.smith570@example.com,Los Angeles,Ca,Cn,2025-04-10,Referral Program,False
TES-C9272,Aarav Suzuki,aarav.suzuki496@example.com,San Francisco,Ca,Uk,2025-03-27,Standard,False
TES-C8488,ben tanaka,,Fremont,Ca,Us,2025-04-21,Standard,True
TES-C5370, Rahul Müller ,rahul.müller894@example.com,Miami,Fl,Jp,2023-03-21,Referral Program,False
TES-C10836,Vivaan Rossi,,Fremont,Ca,Ca,2022-01-08,Unknown,True
TES-C6973,Rahul Wilson,rahul.wilson723@example.com,San Francisco,Ca,Uk,2023-04-21,Standard,False
TES-C9727,James Johnson,james.johnson582@example.com,Fremont,Ca,Cn,2022-07-13,Insider,False
TES-C8551,David Yamada,david.yamada811@example.com,Los Angeles,Ca,Us,2021-02-17,Standard,False
TES-C5229,sara garcia,sara.garcia872@example.com,Seattle,Wa,Jp,2024-12-14,Standard,False
TES-C1819,JOHN ROSSI,john.rossi261@example.com,Shanghai,Cn,Us,2024-04-23,Insider,False
TES-C9634,LI SHARMA,li.sharma798@example.com,Chicago,Il,Us,2022-03-25,Insider,False
TES-C5710, Anna Wilson ,anna.wilson272@example.com,Miami,Fl,Us,2023-12-02,Referral Program,False
TES-C4754,John Tanaka,john.tanaka59@example.com,Miami,Fl,Ca,2024-06-14,Standard,False
TES-C9346,Mohammed Sharma,mohammed.sharma659@example.com,Los Angeles,Ca,Ca,2022-09-27,Insider,False
TES-C4256,Maria Sharma,maria.sharma157@example.com,New York,Ny,Cn,2021-04-16,Referral Program,False
TES-C4941,Ken Patel,ken.patel307@example.com,Seattle,Wa,Us,2024-11-25,Insider,False
TES-C8709,Michael Singh,michael.singh694@example.com,Shanghai,Cn,De,2023-12-18,Referral Program,False
TES-C4905,Anna Yamada,,San Francisco,Ca,Uk,2025-06-12,Referral Program,True
TES-C10908,Ken Khan,ken.khan621@example.com,Seattle,Wa,Cn,2024-05-02,Referral Program,False
TES-C4348,Wei Johnson,wei.johnson260@example.com,Seattle,Wa,Ca,2025-03-28,Insider,False
TES-C10512,aarav rossi,aarav.rossi428@example.com,Austin,Tx,Ca,2022-09-24,Referral Program,False
TES-C1827,Aditya Suzuki,aditya.suzuki786@example.com,Austin,Tx,Uk,2021-05-22,Insider,False
TES-C10421,Liam Rossi,liam.rossi931@example.com,Los Angeles,Ca,Ca,2021-06-20,Insider,False
TES-C5984,JOHN KIM,john.kim392@example.com,Austin,Tx,De,2021-03-02,Referral Program,False
TES-C4411,AARAV SMITH,aarav.smith458@example.com,Fremont,Ca,De,2022-08-28,Standard,False
TES-C5118,Noah Kumar,noah.kumar271@example.com,Miami,Fl,De,2023-12-23,Referral Program,False
TES-C1947,Fatima Lee,fatima.lee803@example.com,Chicago,Il,Us,2023-09-02,Insider,False
TES-C10613, Noah Singh ,noah.singh211@example.com,Miami,Fl,Uk,2021-01-09,Insider,False
TES-C2612,Fatima Chen,,San Francisco,Ca,Jp,2025-08-15,Standard,True
TES-C6201,Zoe Yamada,zoe.yamada278@example.com,Chicago,Il,Ca,2023-09-09,Referral Program,False
TES-C10496,Wei Kim,wei.kim692@example.com,Shanghai,Cn,Uk,2021-12-24,Referral Program,False
TES-C3863,Vivaan Kumar,vivaan.kumar443@example.com,Berlin,De,Jp,2024-03-15,Insider,False
TES-C9449,carlos lee,carlos.lee236@example.com,Los Angeles,Ca,Ca,2025-01-05,Referral Program,False
TES-C3926,John Smith,john.smith403@example.com,San Francisco,Ca,Ca,2021-06-16,Standard,False
TES-C7909,Anna Martin,anna.martin674@example.com,Los Angeles,Ca,De,2025-08-07,Standard,False
TES-C8166,Olivia Singh,olivia.singh713@example.com,Seattle,Wa,Us,2025-12-09,Insider,False
TES-C8450,Rahul Garcia,rahul.garcia188@example.com,San Francisco,Ca,Ca,2025-09-04,Unknown,False
TES-C6220,Liam Yamada,liam.yamada257@example.com,Los Angeles,Ca,Ca,2021-04-02,Standard,False
TES-C2911,Wei Müller,wei.müller304@example.com,Chicago,Il,Uk,2023-08-25,Insider,False
TES-C3409,Anna Wang,,Los Angeles,Ca,Us,2024-08-10,Standard,True
TES-C6943,Sara Kim,sara.kim522@example.com,Berlin,De,De,2023-05-07,Insider,False
TES-C7980,Ava Kim,ava.kim246@example.com,Fremont,Ca,Jp,2021-10-15,Standard,False
TES-C4312,Emma Chen,emma.chen190@example.com,Seattle,Wa,Cn,2022-04-01,Referral Program,False
TES-C10038,Aarav Khan,aarav.khan455@example.com,San Francisco,Ca,De,2022-01-29,Insider,False
TES-C3162,john yamada,john.yamada678@example.com,Fremont,Ca,Cn,2022-09-17,Standard,False
TES-C10454,Anna Brown,anna.brown125@example.com,Berlin,De,Cn,2025-07-30,Insider,False
TES-C6393,Li Anderson,li.anderson244@example.com,Shanghai,Cn,Cn,2025-09-28,Referral Program,False
TES-C8480,Mohammed Singh,mohammed.singh598@example.com,Seattle,Wa,Uk,2025-01-09,Referral Program,False
TES-C6358,Sara Davis,sara.davis216@example.com,Chicago,Il,De,2022-04-14,Standard,False
TES-C2550,Wei Sharma,wei.sharma711@example.com,Fremont,Ca,Jp,2025-03-27,Referral Program,False
TES-C8543, Mohammed Yamada ,mohammed.yamada950@example.com,New York,Ny,De,2022-05-03,Insider,False
TES-C1536,BEN WILSON,,Fremont,Ca,Cn,2022-07-04,Standard,True
TES-C1431,Ben Kim,ben.kim498@example.com,Shanghai,Cn,De,2023-11-09,Standard,False
TES-C2306,Aditya Yamada,aditya.yamada547@example.com,San Francisco,Ca,De,2021-01-24,Standard,False
TES-C9558,Fatima Rossi,fatima.rossi390@example.com,Fremont,Ca,Us,2023-11-28,Referral Program,False
TES-C8262,Priya Kim,priya.kim427@example.com,Chicago,Il,Cn,2025-01-27,Insider,False
TES-C7333,John Patel,john.patel305@example.com,Berlin,De,Us,2021-01-10,Insider,False
TES-C8306,DAVID DAVIS,david.davis585@example.com,Los Angeles,Ca,Cn,2025-02-27,Standard,False
TES-C4436,Liam Smith,liam.smith698@example.com,Berlin,De,Us,2023-10-12,Insider,False
TES-C3222,Mohammed Anderson,,Fremont,Ca,Ca,2022-12-27,Referral Program,True
TES-C2670,SARA WANG,sara.wang329@example.com,Seattle,Wa,Us,2024-04-01,Unknown,False
TES-C7912,Olivia Smith,olivia.smith972@example.com,New York,Ny,Uk,2021-11-28,Standard,False
TES-C10232,Mohammed Müller,,Austin,Tx,Us,2023-02-02,Referral Program,True
TES-C7464,Ava Suzuki,ava.suzuki924@example.com,New York,Ny,Uk,2021-11-05,Referral Program,False
TES-C8251,Ava Singh,ava.singh496@example.com,Seattle,Wa,De,2023-10-17,Standard,False
TES-C9796,James Wilson,james.wilson908@example.com,Fremont,Ca,Uk,2024-03-13,Referral Program,False
TES-C10351,aditya sharma,aditya.sharma416@example.com,Austin,Tx,Cn,2021-06-02,Standard,False
TES-C1965,Wei Brown,wei.brown365@example.com,San Francisco,Ca,Cn,2022-01-27,Insider,False
TES-C2045,Fatima Khan,fatima.khan755@example.com,Austin,Tx,Jp,2022-10-27,Insider,False
TES-C5976,ken khan,ken.khan501@example.com,Berlin,De,Cn,2022-09-27,Referral Program,False
TES-C4517,Priya Lee,priya.lee131@example.com,Shanghai,Cn,Jp,2022-07-04,Standard,False
TES-C8889,James Khan,james.khan253@example.com,San Francisco,Ca,Us,2022-02-09,Referral Program,False
TES-C10697,John Wilson,john.wilson927@example.com,Chicago,Il,De,2023-02-22,Insider,False
TES-C6574,Michael Lee,michael.lee729@example.com,Miami,Fl,Ca,2023-05-08,Insider,False
TES-C8294, Aditya Yamada ,aditya.yamada346@example.com,Berlin,De,Jp,2023-02-20,Standard,False
TES-C5959,David Davis,david.davis688@example.com,Chicago,Il,Ca,2025-09-17,Insider,False
TES-C4285,Ken Kim,ken.kim561@example.com,Shanghai,Cn,Ca,2025-11-23,Insider,False
TES-C8549,Zoe Davis,zoe.davis836@example.com,Shanghai,Cn,Ca,2021-07-27,Insider,False
TES-C6656,Chen Khan,,Berlin,De,Us,2023-11-09,Referral Program,True
TES-C7944,James Martin,james.martin853@example.com,New York,Ny,Ca,2025-02-14,Insider,False
TES-C2531,Priya Rossi,priya.rossi178@example.com,Seattle,Wa,De,2024-02-11,Insider,False
TES-C10567,ANNA ANDERSON,anna.anderson244@example.com,Fremont,Ca,Jp,2021-07-06,Referral Program,False
TES-C7823,aarav müller,aarav.müller215@example.com,Los Angeles,Ca,Uk,2024-08-26,Insider,False
TES-C6366,Vivaan Rossi,vivaan.rossi626@example.com,Chicago,Il,De,2022-08-05,Referral Program,False
TES-C2268,Li Yamada,li.yamada411@example.com,San Francisco,Ca,Jp,2023-12-16,Referral Program,False
TES-C9385,Zoe Martin,zoe.martin724@example.com,Chicago,Il,Ca,2023-09-23,Referral Program,False
TES-C4967,Emma Wilson,emma.wilson43@example.com,Los Angeles,Ca,Uk,2023-10-30,Standard,False
TES-C1532,Li Johnson,li.johnson410@example.com,Shanghai,Cn,De,2025-02-02,Referral Program,False
TES-C9907,Emma Kim,emma.kim592@example.com,Seattle,Wa,Us,2021-07-05,Referral Program,False
TES-C1420,Ava Tanaka,ava.tanaka348@example.com,Fremont,Ca,Jp,2024-10-19,Insider,False
TES-C1255,Carlos Khan,carlos.khan382@example.com,Chicago,Il,Ca,2025-04-22,Referral Program,False
TES-C2605, Mohammed Suzuki ,mohammed.suzuki130@example.com,Chicago,Il,Ca,2024-08-17,Standard,False
TES-C8010,Mohammed Kim,mohammed.kim646@example.com,Fremont,Ca,Uk,2022-12-11,Standard,False
TES-C10349,Li Kim,li.kim724@example.com,San Francisco,Ca,Cn,2024-11-26,Referral Program,False
TES-C4281,Ken Rossi,ken.rossi725@example.com,Austin,Tx,De,2022-04-25,Insider,False
TES-C8875,Anna Khan,,Shanghai,Cn,Ca,2025-02-07,Referral Program,True
TES-C4052,Wei Wang,wei.wang173@example.com,San Francisco,Ca,Ca,2025-01-11,Referral Program,False
TES-C7957,MICHAEL SINGH,michael.singh888@example.com,Miami,Fl,Uk,2021-05-18,Standard,False
TES-C8819,Carlos Lee,,Seattle,Wa,Jp,2024-02-10,Referral Program,True
TES-C6754,Rahul Wilson,rahul.wilson841@example.com,Los Angeles,Ca,Cn,2024-04-06,Unknown,False
TES-C6802,Michael Patel,,Fremont,Ca,Cn,2025-01-10,Standard,True
TES-C7789,Li Singh,li.singh870@example.com,Austin,Tx,De,2021-02-13,Insider,False
TES-C8216,Rahul Johnson,rahul.johnson638@example.com,Berlin,De,Cn,2024-02-04,Standard,False
TES-C4664,Zoe Johnson,zoe.johnson930@example.com,Seattle,Wa,De,2025-03-26,Insider,False
TES-C3378,Ken Yamada,ken.yamada546@example.com,Los Angeles,Ca,Uk,2023-04-14,Unknown,False
TES-C9521,james wilson,james.wilson481@example.com,Fremont,Ca,Cn,2025-02-24,Referral Program,False
TES-C2756,Maria Martin,maria.martin947@example.com,Shanghai,Cn,Cn,2024-06-27,Referral Program,False
TES-C2288, Rahul Johnson ,rahul.johnson687@example.com,Austin,Tx,Ca,2023-12-12,Standard,False
TES-C2483,Carlos Patel,carlos.patel512@example.com,San Francisco,Ca,Uk,2024-05-21,Standard,False
TES-C8878, Sofia Johnson ,sofia.johnson275@example.com,Berlin,De,De,2025-02-04,Standard,False
TES-C8952,Chen Lee,chen.lee22@example.com,Shanghai,Cn,Uk,2024-07-27,Insider,False
TES-C1135,Aarav Martin,aarav.martin650@example.com,Shanghai,Cn,Cn,2024-05-26,Insider,False
TES-C5113,Maria Wang,,Chicago,Il,Cn,2024-03-20,Unknown,True
TES-C1599, David Müller ,david.müller809@example.com,Berlin,De,Uk,2021-12-04,Insider,False
TES-C10741,Ken Martin,ken.martin288@example.com,Berlin,De,Ca,2025-05-19,Referral Program,False
TES-C1739,ben müller,ben.müller796@example.com,Chicago,Il,Uk,2024-12-21,Insider,False
TES-C8303,John Tanaka,john.tanaka170@example.com,Austin,Tx,De,2022-02-04,Referral Program,False
TES-C2775,AARAV LEE,aarav.lee713@example.com,Berlin,De,De,2024-10-26,Insider,False
TES-C2576,Aarav Yamada,aarav.yamada654@example.com,New York,Ny,Jp,2023-02-09,Insider,False
TES-C7204,Vivaan Chen,vivaan.chen965@example.com,Seattle,Wa,Cn,2025-07-08,Insider,False
TES-C5962, Wei Wilson ,wei.wilson593@example.com,New York,Ny,Uk,2021-07-17,Referral Program,False
TES-C9747,Ava Garcia,ava.garcia984@example.com,Shanghai,Cn,De,2022-10-18,Unknown,False
TES-C5171,MICHAEL CHEN,michael.chen216@example.com,Seattle,Wa,Ca,2022-05-21,Referral Program,False
TES-C9820,Priya Chen,priya.chen726@example.com,Miami,Fl,Us,2022-10-06,Referral Program,False
TES-C9467,Yuki Davis,yuki.davis521@example.com,New York,Ny,Ca,2024-05-03,Standard,False
TES-C5880,EMMA SMITH,emma.smith111@example.com,Miami,Fl,Jp,2025-05-25,Insider,False
TES-C2793,Anna Kim,anna.kim685@example.com,Austin,Tx,Jp,2025-02-20,Referral Program,False
TES-C10191,Noah Anderson,,Miami,Fl,Cn,2023-04-14,Insider,True
TES-C9267,fatima rossi,fatima.rossi219@example.com,Berlin,De,Ca,2024-01-26,Insider,False
TES-C2533,Michael Tanaka,michael.tanaka647@example.com,Los Angeles,Ca,De,2023-04-23,Insider,False
TES-C5492,Ken Brown,,Austin,Tx,Jp,2025-02-22,Referral Program,True
TES-C8976,Liam Müller,liam.müller641@example.com,Chicago,Il,Cn,2024-12-19,Standard,False
TES-C2939,Li Wilson,li.wilson151@example.com,Shanghai,Cn,Cn,2025-11-18,Insider,False
TES-C6696,fatima müller,fatima.müller361@example.com,Los Angeles,Ca,Ca,2024-05-26,Referral Program,False
TES-C10857,Ben Rossi,ben.rossi309@example.com,Austin,Tx,Uk,2022-01-15,Standard,False
TES-C9408,noah kim,noah.kim348@example.com,Los Angeles,Ca,Cn,2025-03-17,Standard,False
TES-C9060, Fatima Sharma ,fatima.sharma946@example.com,Chicago,Il,Jp,2021-02-07,Insider,False
TES-C8761,li yamada,li.yamada939@example.com,Austin,Tx,Us,2022-04-29,Referral Program,False
TES-C7287,BEN SUZUKI,ben.suzuki359@example.com,Berlin,De,Ca,2024-10-27,Insider,False
TES-C8317,sara sharma,,Seattle,Wa,Jp,2022-05-12,Insider,True
TES-C6390,olivia johnson,olivia.johnson711@example.com,Los Angeles,Ca,Us,2022-11-16,Standard,False
TES-C8646,Aditya Davis,aditya.davis279@example.com,San Francisco,Ca,De,2022-02-27,Insider,False
TES-C7269,Li Wang,li.wang1@example.com,Fremont,Ca,Uk,2024-12-08,Insider,False
TES-C5658,Priya Rossi,priya.rossi510@example.com,Fremont,Ca,De,2021-07-14,Referral Program,False
TES-C8304,zoe rossi,zoe.rossi613@example.com,Berlin,De,Ca,2021-08-15,Referral Program,False
TES-C2007,John Chen,john.chen12@example.com,Shanghai,Cn,De,2022-06-01,Insider,False
TES-C8023,Ben Singh,ben.singh137@example.com,San Francisco,Ca,Us,2021-01-16,Referral Program,False
TES-C3487,John Sharma,john.sharma38@example.com,Shanghai,Cn,Cn,2023-09-23,Standard,False
TES-C6030,Aditya Lee,aditya.lee829@example.com,Los Angeles,Ca,De,2025-10-13,Insider,False
TES-C8994,David Brown,david.brown147@example.com,New York,Ny,Uk,2024-10-22,Insider,False
TES-C4188,Liam Müller,liam.müller127@example.com,Los Angeles,Ca,Us,2025-07-01,Standard,False
TES-C2074,Aditya Wilson,aditya.wilson304@example.com,Miami,Fl,Ca,2024-01-16,Insider,False
TES-C2677, Wei Yamada ,wei.yamada93@example.com,Berlin,De,De,2021-02-12,Referral Program,False
TES-C3248,Sofia Lee,sofia.lee718@example.com,Seattle,Wa,Us,2021-06-20,Insider,False
TES-C8437,MICHAEL SMITH,michael.smith977@example.com,Miami,Fl,Jp,2023-04-01,Standard,False
TES-C5554,Olivia Rossi,olivia.rossi535@example.com,Shanghai,Cn,Cn,2022-11-08,Standard,False
TES-C8946,michael wilson,michael.wilson646@example.com,Los Angeles,Ca,Us,2022-04-08,Referral Program,False
TES-C7206,Michael Johnson,michael.johnson369@example.com,Chicago,Il,Uk,2025-02-04,Insider,False
TES-C9186,Anna Sharma,anna.sharma630@example.com,Fremont,Ca,Cn,2022-01-14,Standard,False
TES-C10284,Fatima Chen,fatima.chen402@example.com,Fremont,Ca,Cn,2022-07-22,Referral Program,False
TES-C4566,James Johnson,james.johnson834@example.com,Los Angeles,Ca,Jp,2025-10-23,Unknown,False
TES-C7100,Sara Khan,sara.khan736@example.com,Chicago,Il,Us,2025-12-08,Referral Program,False
TES-C3042,Sofia Sharma,sofia.sharma643@example.com,Austin,Tx,Ca,2025-08-03,Insider,False
TES-C2907,emma suzuki,emma.suzuki560@example.com,Berlin,De,Us,2022-08-04,Standard,False
TES-C2504,John Davis,john.davis135@example.com,Shanghai,Cn,Ca,2021-09-26,Insider,False
TES-C1306,Zoe Kumar,zoe.kumar321@example.com,New York,Ny,Cn,2025-06-01,Referral Program,False
TES-C7592,sofia singh,sofia.singh787@example.com,New York,Ny,Jp,2025-03-05,Standard,False
TES-C5021,Chen Yamada,chen.yamada674@example.com,Chicago,Il,Ca,2023-12-16,Referral Program,False
TES-C2005,NOAH ANDERSON,noah.anderson710@example.com,Los Angeles,Ca,De,2021-06-01,Standard,False
TES-C6023,John Sharma,john.sharma908@example.com,Los Angeles,Ca,Ca,2022-04-08,Standard,False
TES-C2245,david tanaka,,Chicago,Il,Uk,2023-03-09,Unknown,True
TES-C2993,Michael Rossi,michael.rossi908@example.com,Chicago,Il,De,2022-12-01,Referral Program,False
TES-C9377,Zoe Anderson,zoe.anderson799@example.com,Austin,Tx,Jp,2021-02-12,Standard,False
TES-C8459,Yuki Müller,yuki.müller293@example.com,New York,Ny,Uk,2024-09-05,Standard,False
TES-C4986,LI PATEL,li.patel232@example.com,Los Angeles,Ca,Us,2022-12-31,Standard,False
TES-C10529,James Kumar,james.kumar873@example.com,Seattle,Wa,Us,2024-06-14,Referral Program,False
TES-C9855, Rahul Davis ,rahul.davis375@example.com,Fremont,Ca,Cn,2022-01-20,Standard,False
TES-C5445,Ava Kim,ava.kim432@example.com,Berlin,De,Uk,2023-09-24,Standard,False
TES-C5487,michael martin,michael.martin408@example.com,Fremont,Ca,Uk,2023-08-02,Standard,False
TES-C2794,Carlos Kumar,carlos.kumar884@example.com,Los Angeles,Ca,Jp,2022-03-13,Referral Program,False
TES-C10445,Michael Khan,michael.khan519@example.com,Austin,Tx,Jp,2025-10-14,Unknown,False
TES-C4117,Michael Martin,michael.martin977@example.com,San Francisco,Ca,Ca,2025-08-26,Standard,False
TES-C3093,Michael Tanaka,michael.tanaka120@example.com,San Francisco,Ca,Ca,2021-08-05,Standard,False
TES-C2583,Fatima Wilson,,New York,Ny,Uk,2022-01-09,Referral Program,True
TES-C3734,ben davis,ben.davis155@example.com,Austin,Tx,Cn,2025-05-13,Insider,False
TES-C1264, Maria Yamada ,maria.yamada238@example.com,Seattle,Wa,Jp,2025-08-16,Unknown,False
TES-C1628,ZOE KUMAR,zoe.kumar200@example.com,Shanghai,Cn,De,2021-10-24,Unknown,False
TES-C9229,Emma Wilson,emma.wilson498@example.com,New York,Ny,Uk,2024-08-05,Referral Program,False
TES-C2889,Ben Smith,ben.smith713@example.com,San Francisco,Ca,Cn,2022-09-25,Standard,False
TES-C2235,Sofia Lee,sofia.lee737@example.com,Shanghai,Cn,Us,2024-07-01,Referral Program,False
TES-C9583,Li Wang,li.wang750@example.com,Austin,Tx,De,2024-12-10,Unknown,False
TES-C1563,James Lee,james.lee856@example.com,Shanghai,Cn,De,2023-08-09,Unknown,False
TES-C8655, Ken Khan ,ken.khan409@example.com,San Francisco,Ca,Cn,2024-12-27,Insider,False
TES-C3743,Mohammed Kim,mohammed.kim120@example.com,Berlin,De,Ca,2022-06-27,Standard,False
TES-C5575,Aarav Davis,aarav.davis357@example.com,San Francisco,Ca,Ca,2023-12-14,Standard,False
TES-C3099,Li Garcia,li.garcia249@example.com,New York,Ny,Jp,2024-01-18,Referral Program,False
TES-C10107,noah sharma,noah.sharma296@example.com,Berlin,De,De,2023-04-24,Referral Program,False
TES-C8188,Fatima Müller,fatima.müller238@example.com,San Francisco,Ca,Uk,2024-11-26,Standard,False
TES-C2507,Yuki Wilson,yuki.wilson460@example.com,Los Angeles,Ca,Jp,2021-01-18,Insider,False
TES-C7649,aarav singh,aarav.singh781@example.com,Miami,Fl,Uk,2022-10-24,Unknown,False
TES-C6235,Maria Müller,maria.müller784@example.com,San Francisco,Ca,Cn,2024-06-23,Standard,False
TES-C10621,Sara Kumar,,Miami,Fl,Cn,2024-04-19,Insider,True
TES-C4022,Michael Anderson,michael.anderson75@example.com,Berlin,De,Jp,2025-09-22,Unknown,False
TES-C2229,Aditya Chen,aditya.chen879@example.com,Shanghai,Cn,Cn,2024-10-23,Referral Program,False
TES-C3600,Zoe Wang,zoe.wang889@example.com,Fremont,Ca,Jp,2025-05-25,Insider,False
TES-C8627,Michael Wilson,michael.wilson236@example.com,Miami,Fl,Cn,2022-07-07,Insider,False
TES-C7511,Sara Brown,sara.brown42@example.com,Chicago,Il,Cn,2021-03-11,Standard,False
TES-C8884,Maria Tanaka,maria.tanaka724@example.com,Berlin,De,Us,2023-04-24,Referral Program,False
TES-C6653,Mohammed Rossi,mohammed.rossi388@example.com,Austin,Tx,De,2022-06-17,Referral Program,False
TES-C6221,CHEN ANDERSON,chen.anderson799@example.com,San Francisco,Ca,Ca,2024-01-11,Insider,False
TES-C3154,NOAH MARTIN,noah.martin938@example.com,Berlin,De,Cn,2021-09-13,Referral Program,False
TES-C5781,olivia chen,olivia.chen488@example.com,Los Angeles,Ca,Ca,2022-03-18,Standard,False
TES-C6204,Fatima Khan,fatima.khan300@example.com,New York,Ny,Ca,2024-11-26,Standard,False
TES-C2236,David Rossi,david.rossi378@example.com,San Francisco,Ca,Ca,2021-11-06,Referral Program,False
TES-C4628,Anna Patel,anna.patel345@example.com,Chicago,Il,Jp,2024-12-25,Insider,False
TES-C7622, Fatima Smith ,fatima.smith556@example.com,Seattle,Wa,Us,2025-12-05,Standard,False
TES-C3361,Yuki Lee,yuki.lee900@example.com,New York,Ny,Cn,2023-06-27,Standard,False
TES-C1444,ken martin,ken.martin245@example.com,Seattle,Wa,Us,2023-10-06,Referral Program,False
TES-C4939,Sofia Müller,sofia.müller662@example.com,Miami,Fl,Ca,2023-04-11,Referral Program,False
TES-C3352,David Johnson,david.johnson907@example.com,Los Angeles,Ca,Cn,2023-02-28,Unknown,False
TES-C1991, Sofia Johnson ,,Chicago,Il,De,2023-09-28,Referral Program,True
TES-C2011,David Yamada,david.yamada861@example.com,Los Angeles,Ca,Ca,2025-06-22,Insider,False
TES-C6971,Wei Singh,wei.singh922@example.com,Los Angeles,Ca,Jp,2021-02-02,Standard,False
TES-C10150,David Tanaka,david.tanaka343@example.com,New York,Ny,Us,2025-01-15,Referral Program,False
TES-C3267,Fatima Wang,fatima.wang911@example.com,Austin,Tx,Cn,2025-09-06,Unknown,False
TES-C10200,Michael Davis,michael.davis61@example.com,New York,Ny,Us,2024-03-18,Insider,False
TES-C1633,Carlos Singh,carlos.singh254@example.com,Seattle,Wa,Jp,2022-09-30,Insider,False
TES-C7327,Olivia Lee,olivia.lee151@example.com,Miami,Fl,Jp,2023-07-16,Insider,False
TES-C9618,Maria Johnson,,Fremont,Ca,Ca,2025-04-04,Insider,True
TES-C3000,David Davis,david.davis970@example.com,Berlin,De,Uk,2025-07-25,Insider,False
TES-C5991,Priya Khan,priya.khan500@example.com,Chicago,Il,Jp,2025-01-06,Standard,False
TES-C10518,John Wilson,john.wilson30@example.com,Austin,Tx,Us,2022-04-10,Unknown,False
TES-C10210, Ken Wilson ,ken.wilson860@example.com,Miami,Fl,De,2025-12-05,Standard,False
TES-C8518,Ben Suzuki,ben.suzuki576@example.com,Seattle,Wa,Cn,2022-11-03,Referral Program,False
TES-C8198,Rahul Sharma,rahul.sharma232@example.com,New York,Ny,Cn,2021-11-09,Insider,False
TES-C2208,Noah Kim,noah.kim932@example.com,Chicago,Il,Uk,2025-08-06,Referral Program,False
TES-C4597,Yuki Chen,,Berlin,De,Uk,2024-01-17,Insider,True
TES-C3097,Vivaan Kumar,vivaan.kumar117@example.com,Seattle,Wa,Cn,2021-05-13,Referral Program,False
TES-C6504,Mohammed Chen,mohammed.chen759@example.com,Fremont,Ca,Jp,2022-06-09,Standard,False
TES-C9962,Chen Khan,chen.khan752@example.com,Austin,Tx,Cn,2024-09-29,Referral Program,False
TES-C8868,Olivia Garcia,olivia.garcia21@example.com,Seattle,Wa,Uk,2021-02-14,Insider,False
TES-C9571,Vivaan Kumar,vivaan.kumar262@example.com,Seattle,Wa,Cn,2021-04-03,Referral Program,False
TES-C2479,ANNA KUMAR,anna.kumar61@example.com,Austin,Tx,Ca,2023-01-07,Standard,False
TES-C2969,Rahul Smith,rahul.smith641@example.com,Fremont,Ca,Uk,2022-11-23,Insider,False
TES-C5310,olivia yamada,,Seattle,Wa,Cn,2024-06-17,Referral Program,True
TES-C4734,Rahul Chen,rahul.chen677@example.com,New York,Ny,Uk,2021-11-02,Insider,False
TES-C1081,Olivia Rossi,olivia.rossi255@example.com,Miami,Fl,De,2025-12-09,Referral Program,False
TES-C3854,Li Khan,li.khan927@example.com,Berlin,De,Us,2024-03-24,Insider,False
TES-C8203,li tanaka,li.tanaka95@example.com,Berlin,De,Us,2024-06-20,Insider,False
TES-C10076,Wei Patel,wei.patel625@example.com,Los Angeles,Ca,Jp,2023-04-15,Insider,False
TES-C3708,Emma Patel,emma.patel617@example.com,New York,Ny,Ca,2023-02-24,Referral Program,False
TES-C2903,Sofia Müller,sofia.müller758@example.com,Shanghai,Cn,Uk,2023-02-21,Standard,False
TES-C7822,Ken Kumar,ken.kumar474@example.com,San Francisco,Ca,Uk,2025-01-08,Standard,False
TES-C4672,David Patel,david.patel875@example.com,Los Angeles,Ca,Us,2021-01-05,Referral Program,False
TES-C6381,OLIVIA SHARMA,olivia.sharma5@example.com,New York,Ny,Uk,2022-12-23,Referral Program,False
TES-C6966,john kim,john.kim849@example.com,San Francisco,Ca,Cn,2021-09-26,Insider,False
TES-C10510,Michael Lee,michael.lee240@example.com,Los Angeles,Ca,Ca,2025-04-14,Insider,False
TES-C8686,noah davis,noah.davis35@example.com,Shanghai,Cn,Cn,2023-01-20,Insider,False
TES-C5037,Noah Brown,noah.brown745@example.com,Shanghai,Cn,Uk,2025-05-05,Referral Program,False
TES-C2716,Olivia Kumar,olivia.kumar189@example.com,San Francisco,Ca,De,2024-05-18,Standard,False
TES-C3357,Mohammed Martin,mohammed.martin560@example.com,Berlin,De,Ca,2024-09-13,Standard,False
TES-C6014,James Garcia,james.garcia302@example.com,Shanghai,Cn,Us,2022-05-23,Insider,False
TES-C3389,Maria Martin,maria.martin395@example.com,Los Angeles,Ca,Jp,2025-04-21,Unknown,False
TES-C7350,James Suzuki,james.suzuki329@example.com,Seattle,Wa,Uk,2024-07-05,Standard,False
TES-C9355,Wei Johnson,wei.johnson765@example.com,New York,Ny,Cn,2023-10-09,Referral Program,False
TES-C9950,Wei Singh,wei.singh487@example.com,Chicago,Il,Jp,2025-09-30,Standard,False
TES-C5308,Ben Tanaka,ben.tanaka376@example.com,Shanghai,Cn,De,2022-04-02,Standard,False
TES-C10296,Aditya Martin,aditya.martin191@example.com,Austin,Tx,Ca,2022-11-09,Standard,False
TES-C2421,Rahul Lee,,New York,Ny,Cn,2022-12-11,Unknown,True
TES-C5829,Olivia Singh,olivia.singh501@example.com,New York,Ny,Uk,2024-10-21,Referral Program,False
TES-C2485,Olivia Müller,olivia.müller751@example.com,Austin,Tx,Us,2021-04-05,Insider,False
TES-C7208,Ben Martin,ben.martin178@example.com,Miami,Fl,Jp,2024-06-09,Insider,False
TES-C10941,Priya Kumar,priya.kumar433@example.com,New York,Ny,Jp,2022-03-16,Referral Program,False
TES-C7967,John Wang,john.wang871@example.com,Berlin,De,De,2024-06-20,Unknown,False
TES-C4399,ben patel,ben.patel873@example.com,San Francisco,Ca,De,2021-10-24,Standard,False
TES-C8949,VIVAAN KHAN,vivaan.khan566@example.com,Chicago,Il,Jp,2025-09-04,Standard,False
TES-C10605,David Patel,david.patel83@example.com,Seattle,Wa,Uk,2022-10-05,Standard,False
TES-C7202,JOHN BROWN,john.brown311@example.com,Austin,Tx,De,2021-09-13,Referral Program,False
TES-C4162,vivaan singh,vivaan.singh869@example.com,Berlin,De,Cn,2023-10-30,Referral Program,False
TES-C3621,Rahul Johnson,rahul.johnson212@example.com,Los Angeles,Ca,Ca,2023-04-23,Standard,False
TES-C7510,EMMA BROWN,emma.brown11@example.com,Los Angeles,Ca,Jp,2022-09-09,Standard,False
TES-C9588, Maria Davis ,maria.davis426@example.com,New York,Ny,Ca,2023-12-23,Insider,False
TES-C10819,Ava Singh,ava.singh139@example.com,Fremont,Ca,Cn,2022-04-11,Standard,False
TES-C1606,James Yamada,james.yamada1@example.com,Berlin,De,Uk,2021-03-07,Insider,False
TES-C3606,Ken Kim,ken.kim456@example.com,Miami,Fl,De,2024-02-20,Insider,False
TES-C7028, Carlos Martin ,carlos.martin634@example.com,Miami,Fl,Cn,2021-10-28,Insider,False
TES-C1746,Ava Lee,ava.lee63@example.com,New York,Ny,Jp,2023-01-30,Referral Program,False
TES-C4123,SOFIA PATEL,sofia.patel436@example.com,Seattle,Wa,Ca,2023-10-27,Unknown,False
TES-C1013,olivia chen,olivia.chen723@example.com,Seattle,Wa,Uk,2025-07-15,Standard,False
TES-C8784,Aditya Khan,,Los Angeles,Ca,Cn,2021-07-29,Standard,True
TES-C7946, Vivaan Yamada ,vivaan.yamada568@example.com,Shanghai,Cn,De,2023-07-10,Standard,False
TES-C2905,Mohammed Sharma,mohammed.sharma531@example.com,New York,Ny,Jp,2021-12-15,Referral Program,False
TES-C10106,John Anderson,john.anderson609@example.com,New York,Ny,Ca,2021-04-20,Standard,False
TES-C5396,Michael Singh,michael.singh103@example.com,New York,Ny,De,2025-10-13,Referral Program,False
TES-C4955,Liam Kim,liam.kim949@example.com,Seattle,Wa,Uk,2024-05-30,Standard,False
TES-C3031,Ava Yamada,ava.yamada259@example.com,Chicago,Il,Cn,2024-10-27,Referral Program,False
TES-C8377,Sara Patel,sara.patel587@example.com,New York,Ny,De,2024-05-02,Referral Program,False
TES-C9670,david khan,david.khan728@example.com,Seattle,Wa,Us,2021-08-10,Insider,False
TES-C2692,AVA JOHNSON,ava.johnson786@example.com,Fremont,Ca,Jp,2023-12-02,Standard,False
TES-C4248,Vivaan Davis,vivaan.davis84@example.com,Los Angeles,Ca,Cn,2023-04-28,Standard,False
TES-C3071,Ken Khan,ken.khan260@example.com,Shanghai,Cn,Cn,2022-05-13,Insider,False
TES-C5759,Rahul Kumar,rahul.kumar6@example.com,New York,Ny,Ca,2023-02-02,Insider,False
TES-C9630, Yuki Müller ,yuki.müller215@example.com,San Francisco,Ca,Uk,2025-06-23,Standard,False
TES-C10685,Priya Kumar,priya.kumar137@example.com,Seattle,Wa,Cn,2023-09-06,Referral Program,False
TES-C9802, David Singh ,david.singh893@example.com,Austin,Tx,Uk,2024-12-16,Standard,False
TES-C8167, Rahul Brown ,rahul.brown308@example.com,Los Angeles,Ca,Uk,2024-05-12,Standard,False
TES-C5873, Michael Wang ,michael.wang931@example.com,Seattle,Wa,Cn,2021-10-17,Insider,False
TES-C3456,Mohammed Smith,mohammed.smith273@example.com,New York,Ny,Cn,2025-10-22,Standard,False
TES-C1021,Mohammed Wang,mohammed.wang628@example.com,Miami,Fl,De,2025-11-15,Standard,False
TES-C7067,Michael Rossi,michael.rossi963@example.com,New York,Ny,Us,2021-10-23,Referral Program,False
TES-C8469,Aditya Khan,aditya.khan322@example.com,Miami,Fl,Ca,2025-02-14,Referral Program,False
TES-C3233,Mohammed Khan,mohammed.khan2@example.com,Seattle,Wa,De,2021-02-13,Referral Program,False
TES-C6343,li sharma,li.sharma94@example.com,Shanghai,Cn,Uk,2021-05-13,Insider,False
TES-C9453,BEN CHEN,ben.chen203@example.com,Miami,Fl,Cn,2024-08-12,Insider,False
TES-C8382,John Smith,john.smith488@example.com,Shanghai,Cn,Us,2025-01-10,Insider,False
TES-C7913,Aditya Yamada,aditya.yamada785@example.com,Chicago,Il,De,2021-12-29,Insider,False
TES-C10767, Zoe Martin ,zoe.martin187@example.com,Seattle,Wa,De,2025-10-17,Insider,False
TES-C9943,Liam Wang,liam.wang464@example.com,Berlin,De,Ca,2025-10-06,Insider,False
TES-C9560,John Khan,john.khan240@example.com,Chicago,Il,Us,2025-02-23,Insider,False
TES-C1349,Carlos Yamada,carlos.yamada585@example.com,Seattle,Wa,Jp,2023-09-23,Insider,False
TES-C10704,RAHUL WILSON,rahul.wilson42@example.com,Shanghai,Cn,Us,2022-10-02,Insider,False
TES-C3810,ava lee,ava.lee393@example.com,Seattle,Wa,De,2025-07-20,Referral Program,False
TES-C9213,Wei Tanaka,wei.tanaka711@example.com,Seattle,Wa,De,2024-12-27,Standard,False
TES-C5800, Wei Sharma ,wei.sharma788@example.com,Shanghai,Cn,De,2025-06-08,Standard,False
TES-C3534,Yuki Singh,yuki.singh200@example.com,Austin,Tx,Ca,2021-09-07,Standard,False
TES-C10663,David Singh,david.singh37@example.com,Chicago,Il,Uk,2021-08-12,Insider,False
TES-C2979,Fatima Rossi,fatima.rossi111@example.com,Los Angeles,Ca,De,2023-12-03,Referral Program,False
TES-C8482,fatima müller,fatima.müller270@example.com,San Francisco,Ca,Us,2023-02-12,Insider,False
TES-C6263,Maria Martin,maria.martin312@example.com,Berlin,De,De,2021-04-20,Insider,False
TES-C10924,Rahul Rossi,rahul.rossi931@example.com,Chicago,Il,Ca,2023-06-10,Insider,False
TES-C3610,Anna Tanaka,anna.tanaka288@example.com,Berlin,De,Us,2025-07-03,Standard,False
TES-C8333,Fatima Anderson,fatima.anderson763@example.com,Chicago,Il,Us,2024-03-25,Standard,False
TES-C8498,Aditya Davis,aditya.davis730@example.com,Austin,Tx,De,2025-04-09,Insider,False
TES-C1917,Sara Patel,sara.patel680@example.com,Seattle,Wa,Ca,2025-12-25,Referral Program,False
TES-C2665,Priya Wang,priya.wang959@example.com,Los Angeles,Ca,Us,2024-05-18,Referral Program,False
TES-C8142,Emma Kim,emma.kim256@example.com,Fremont,Ca,Ca,2025-11-17,Referral Program,False
TES-C10407,YUKI KIM,yuki.kim217@example.com,Fremont,Ca,Ca,2025-12-20,Insider,False
TES-C9136,Fatima Davis,fatima.davis440@example.com,New York,Ny,Uk,2025-02-05,Referral Program,False
TES-C1429,liam müller,liam.müller524@example.com,Berlin,De,Ca,2024-02-12,Insider,False
TES-C3784,Vivaan Anderson,vivaan.anderson184@example.com,New York,Ny,Ca,2022-10-31,Referral Program,False
TES-C5754,ben khan,ben.khan752@example.com,Berlin,De,De,2022-02-23,Unknown,False
TES-C6660,Noah Patel,noah.patel883@example.com,Seattle,Wa,Jp,2022-01-10,Referral Program,False
TES-C1517,Ben Wang,ben.wang604@example.com,San Francisco,Ca,Cn,2022-03-05,Standard,False
TES-C6319,Maria Garcia,maria.garcia180@example.com,Los Angeles,Ca,De,2025-01-01,Insider,False
TES-C4427,MOHAMMED LEE,mohammed.lee919@example.com,Shanghai,Cn,Ca,2021-12-13,Standard,False
TES-C8560,VIVAAN MÜLLER,vivaan.müller840@example.com,Miami,Fl,Us,2024-11-02,Unknown,False
TES-C9350,Carlos Kim,carlos.kim374@example.com,Miami,Fl,Cn,2023-05-13,Referral Program,False
TES-C1499,david wang,david.wang515@example.com,Miami,Fl,Ca,2022-10-29,Standard,False
TES-C3768,Noah Martin,,Berlin,De,De,2021-07-22,Standard,True
TES-C4862,Olivia Müller,olivia.müller907@example.com,Shanghai,Cn,De,2025-08-13,Insider,False
TES-C3351,Sofia Wang,,Berlin,De,Us,2023-05-08,Referral Program,True
TES-C6357,wei johnson,wei.johnson361@example.com,New York,Ny,De,2022-07-11,Unknown,False
TES-C8825, Aarav Lee ,aarav.lee812@example.com,Miami,Fl,Uk,2025-11-06,Standard,False
TES-C3369,SARA WANG,sara.wang677@example.com,Shanghai,Cn,Jp,2025-06-21,Referral Program,False
TES-C8310,ANNA KHAN,anna.khan409@example.com,New York,Ny,Uk,2024-07-26,Referral Program,False
TES-C9665,Michael Tanaka,michael.tanaka82@example.com,New York,Ny,Us,2022-05-05,Standard,False
TES-C9341,Priya Wang,priya.wang638@example.com,New York,Ny,Uk,2025-10-23,Unknown,False
TES-C3659,Carlos Singh,carlos.singh465@example.com,Seattle,Wa,Jp,2023-10-09,Insider,False
TES-C5640,Aarav Sharma,aarav.sharma467@example.com,San Francisco,Ca,Ca,2021-04-01,Referral Program,False
TES-C8108,RAHUL DAVIS,rahul.davis462@example.com,San Francisco,Ca,Us,2025-05-04,Standard,False
TES-C6664,Aditya Davis,aditya.davis976@example.com,Seattle,Wa,De,2024-12-17,Referral Program,False
TES-C9305, Zoe Chen ,zoe.chen868@example.com,New York,Ny,Jp,2025-08-12,Unknown,False
TES-C5213,Vivaan Garcia,vivaan.garcia674@example.com,Miami,Fl,Jp,2023-07-19,Insider,False
TES-C9828,Rahul Smith,rahul.smith567@example.com,San Francisco,Ca,De,2022-02-14,Referral Program,False
TES-C7290,Zoe Sharma,zoe.sharma451@example.com,Los Angeles,Ca,Cn,2023-11-25,Referral Program,False
TES-C9375,Michael Yamada,michael.yamada406@example.com,Shanghai,Cn,Ca,2021-04-16,Standard,False
TES-C4695,Olivia Khan,olivia.khan421@example.com,Shanghai,Cn,Us,2024-03-29,Standard,False
TES-C9036,Ava Anderson,ava.anderson663@example.com,Chicago,Il,Cn,2022-09-18,Insider,False
TES-C7129,AARAV ANDERSON,aarav.anderson518@example.com,Los Angeles,Ca,De,2022-11-06,Insider,False
TES-C7688,aarav patel,aarav.patel144@example.com,Berlin,De,Us,2022-05-25,Referral Program,False
TES-C1343,Noah Khan,noah.khan523@example.com,Shanghai,Cn,De,2023-04-05,Standard,False
TES-C6425,Chen Tanaka,chen.tanaka221@example.com,Miami,Fl,Us,2021-07-29,Standard,False
TES-C9387,Liam Lee,liam.lee188@example.com,Los Angeles,Ca,Ca,2022-12-23,Insider,False
TES-C7538,Carlos Garcia,carlos.garcia911@example.com,Miami,Fl,Cn,2023-09-29,Unknown,False
TES-C8653,li wang,li.wang716@example.com,Chicago,Il,Cn,2024-02-13,Insider,False
TES-C6196,Liam Kumar,liam.kumar657@example.com,Chicago,Il,Uk,2025-09-02,Insider,False
TES-C4807,Michael Kim,michael.kim703@example.com,Shanghai,Cn,Cn,2022-09-05,Referral Program,False
TES-C4635,Mohammed Smith,mohammed.smith469@example.com,Chicago,Il,Cn,2024-01-04,Insider,False
TES-C5198, Fatima Tanaka ,fatima.tanaka347@example.com,Fremont,Ca,Cn,2025-07-26,Referral Program,False
TES-C1305,Ava Kumar,ava.kumar798@example.com,Berlin,De,Us,2025-03-13,Insider,False
TES-C7899,David Patel,david.patel216@example.com,Los Angeles,Ca,Us,2024-01-16,Insider,False
TES-C5251, David Rossi ,david.rossi385@example.com,Miami,Fl,Us,2024-09-03,Standard,False
TES-C8265,Wei Kim,wei.kim553@example.com,Chicago,Il,Jp,2024-09-02,Standard,False
TES-C10585,emma singh,emma.singh829@example.com,Austin,Tx,Us,2021-03-02,Referral Program,False
TES-C3238,Yuki Chen,yuki.chen917@example.com,Chicago,Il,Cn,2022-02-10,Referral Program,False
TES-C4061,Aditya Lee,aditya.lee911@example.com,Fremont,Ca,Uk,2021-09-01,Referral Program,False
TES-C10784,Li Yamada,li.yamada718@example.com,Seattle,Wa,Cn,2024-09-28,Standard,False
TES-C4498,Rahul Kim,rahul.kim726@example.com,Shanghai,Cn,Uk,2025-04-23,Referral Program,False
TES-C3313,Sofia Wang,sofia.wang911@example.com,Berlin,De,Us,2024-05-28,Referral Program,False
TES-C8781,Emma Martin,emma.martin293@example.com,Chicago,Il,Us,2021-01-27,Referral Program,False
TES-C3365,David Kim,david.kim367@example.com,San Francisco,Ca,Cn,2023-05-23,Referral Program,False
TES-C7852,EMMA DAVIS,emma.davis869@example.com,Chicago,Il,Jp,2024-09-01,Standard,False
TES-C1184,Anna Rossi,anna.rossi360@example.com,San Francisco,Ca,De,2023-06-16,Standard,False
TES-C6930,Emma Patel,emma.patel977@example.com,Shanghai,Cn,Uk,2024-07-26,Standard,False
TES-C6929,Carlos Smith,carlos.smith969@example.com,Shanghai,Cn,Us,2023-05-30,Standard,False
TES-C2510,Wei Müller,wei.müller10@example.com,San Francisco,Ca,Ca,2021-12-06,Referral Program,False
TES-C3976,Zoe Patel,zoe.patel71@example.com,San Francisco,Ca,Cn,2024-04-04,Insider,False
TES-C9703,Vivaan Yamada,vivaan.yamada925@example.com,New York,Ny,Us,2025-11-10,Standard,False
TES-C6286,Priya Singh,priya.singh393@example.com,Berlin,De,De,2021-02-09,Referral Program,False
TES-C2802,Mohammed Kim,mohammed.kim541@example.com,Fremont,Ca,De,2021-03-31,Referral Program,False
TES-C3180,Rahul Rossi,rahul.rossi744@example.com,Miami,Fl,Cn,2024-10-07,Insider,False
TES-C10322,Noah Smith,noah.smith680@example.com,Berlin,De,Uk,2024-01-16,Insider,False
TES-C3638,Mohammed Kim,mohammed.kim785@example.com,Berlin,De,Jp,2022-07-04,Insider,False
TES-C4158,Olivia Martin,olivia.martin107@example.com,Austin,Tx,Us,2022-11-07,Insider,False
TES-C5083,Aditya Brown,aditya.brown21@example.com,Seattle,Wa,Us,2022-07-07,Referral Program,False
TES-C6400,EMMA TANAKA,emma.tanaka939@example.com,Seattle,Wa,De,2025-04-26,Standard,False
TES-C10424,Chen Lee,chen.lee533@example.com,Fremont,Ca,Cn,2022-06-23,Standard,False
TES-C5355,rahul martin,rahul.martin474@example.com,Fremont,Ca,De,2022-04-03,Insider,False
TES-C2501,carlos singh,carlos.singh100@example.com,Miami,Fl,De,2024-06-24,Referral Program,False
TES-C1686,AVA KHAN,ava.khan288@example.com,San Francisco,Ca,De,2023-02-19,Standard,False
TES-C4457,Liam Martin,liam.martin350@example.com,Seattle,Wa,Cn,2021-02-24,Insider,False
TES-C4904,Ben Smith,ben.smith889@example.com,San Francisco,Ca,Cn,2022-01-04,Referral Program,False
TES-C1468,BEN ROSSI,,Seattle,Wa,Jp,2025-04-06,Referral Program,True
TES-C6433,Vivaan Martin,vivaan.martin144@example.com,Berlin,De,Ca,2022-01-18,Standard,False
TES-C5757,Chen Wang,chen.wang371@example.com,Los Angeles,Ca,Ca,2024-09-02,Insider,False
TES-C6312,Michael Suzuki,michael.suzuki603@example.com,Chicago,Il,Uk,2025-10-30,Standard,False
TES-C4991,Zoe Yamada,zoe.yamada379@example.com,Los Angeles,Ca,Uk,2023-03-12,Insider,False
TES-C7376,Michael Davis,michael.davis373@example.com,San Francisco,Ca,Ca,2023-05-30,Standard,False
TES-C8384,Emma Anderson,,Fremont,Ca,Jp,2024-06-06,Insider,True
TES-C6807,Yuki Patel,yuki.patel551@example.com,Austin,Tx,Jp,2024-10-08,Referral Program,False
TES-C10832,Anna Johnson,anna.johnson514@example.com,Miami,Fl,Jp,2022-04-05,Insider,False
TES-C2715,Wei Kumar,wei.kumar931@example.com,Miami,Fl,Us,2025-01-17,Insider,False
TES-C4429,Michael Kumar,michael.kumar858@example.com,Fremont,Ca,Ca,2025-01-03,Referral Program,False
TES-C10497,zoe singh,zoe.singh923@example.com,Berlin,De,Cn,2022-11-01,Insider,False
TES-C4970,Li Rossi,li.rossi416@example.com,San Francisco,Ca,Us,2023-02-25,Standard,False
TES-C10317,Yuki Lee,yuki.lee730@example.com,Berlin,De,Uk,2021-06-18,Standard,False
TES-C3294,Anna Wang,,Chicago,Il,Ca,2022-08-22,Insider,True
TES-C8559,Ben Rossi,ben.rossi333@example.com,Shanghai,Cn,Jp,2023-02-22,Referral Program,False
TES-C2075,Priya Brown,priya.brown816@example.com,New York,Ny,De,2023-11-09,Insider,False
TES-C1312,Aarav Anderson,aarav.anderson701@example.com,San Francisco,Ca,Ca,2025-01-17,Referral Program,False
TES-C8163,Rahul Kim,rahul.kim974@example.com,Seattle,Wa,De,2024-05-22,Referral Program,False
TES-C3081,Noah Davis,noah.davis851@example.com,Los Angeles,Ca,Jp,2023-06-20,Referral Program,False
TES-C3525,Ava Müller,ava.müller571@example.com,Los Angeles,Ca,Us,2021-06-21,Standard,False
TES-C9692,Vivaan Singh,vivaan.singh548@example.com,Austin,Tx,Ca,2024-12-26,Standard,False
TES-C9819,Vivaan Chen,vivaan.chen854@example.com,San Francisco,Ca,Jp,2023-04-23,Standard,False
TES-C9710,Ava Tanaka,ava.tanaka887@example.com,Fremont,Ca,Cn,2021-08-21,Referral Program,False
TES-C6792,Michael Suzuki,michael.suzuki993@example.com,Chicago,Il,Cn,2021-05-22,Insider,False
TES-C7773,AVA DAVIS,ava.davis604@example.com,Miami,Fl,Ca,2021-09-06,Unknown,False
TES-C3552,Chen Smith,chen.smith549@example.com,Austin,Tx,Ca,2025-04-02,Insider,False
TES-C3503,James Yamada,james.yamada505@example.com,Miami,Fl,Cn,2024-03-27,Standard,False
TES-C2186,JAMES KHAN,james.khan757@example.com,Fremont,Ca,Cn,2025-06-03,Referral Program,False
TES-C3545,li kim,li.kim576@example.com,Berlin,De,Us,2025-03-01,Insider,False
TES-C4038,Vivaan Martin,vivaan.martin576@example.com,Miami,Fl,De,2021-02-11,Insider,False
TES-C4406,Noah Patel,noah.patel175@example.com,Berlin,De,Cn,2025-08-17,Referral Program,False
TES-C2004,Wei Kumar,,Chicago,Il,Cn,2024-02-09,Standard,True
TES-C3075,Maria Garcia,,New York,Ny,Cn,2025-03-14,Referral Program,True
TES-C4153,Mohammed Sharma,mohammed.sharma685@example.com,Los Angeles,Ca,De,2025-04-17,Standard,False
TES-C5501,Rahul Lee,rahul.lee581@example.com,Austin,Tx,Uk,2023-10-08,Unknown,False
TES-C2043,Aarav Martin,aarav.martin121@example.com,New York,Ny,Jp,2023-10-28,Referral Program,False
TES-C7547,Chen Martin,,Shanghai,Cn,De,2024-07-31,Insider,True
TES-C7070,Vivaan Müller,,New York,Ny,Us,2022-06-06,Referral Program,True
TES-C3858,Vivaan Singh,vivaan.singh403@example.com,Miami,Fl,Uk,2023-05-06,Insider,False
TES-C9816,Mohammed Smith,mohammed.smith87@example.com,Berlin,De,Us,2022-11-11,Referral Program,False
TES-C8823,Priya Johnson,,Los Angeles,Ca,Ca,2024-11-11,Referral Program,True
TES-C6601,Maria Anderson,maria.anderson863@example.com,Chicago,Il,Ca,2025-08-23,Referral Program,False
TES-C8370,Wei Kim,,Fremont,Ca,Jp,2025-06-21,Insider,True
TES-C4042,Aarav Patel,,New York,Ny,Cn,2025-11-11,Insider,True
TES-C2472,Olivia Chen,,Seattle,Wa,Cn,2022-07-16,Insider,True
TES-C9883,Carlos Tanaka,carlos.tanaka135@example.com,Shanghai,Cn,De,2024-06-29,Referral Program,False
TES-C5304, Emma Patel ,emma.patel348@example.com,Chicago,Il,Uk,2022-07-25,Insider,False
TES-C2368,Rahul Patel,rahul.patel643@example.com,Fremont,Ca,Uk,2022-04-12,Referral Program,False
TES-C5803,maria patel,maria.patel273@example.com,Chicago,Il,Ca,2023-08-01,Referral Program,False
TES-C7662,Chen Garcia,chen.garcia171@example.com,Shanghai,Cn,Us,2023-01-07,Standard,False
TES-C10550,Mohammed Patel,mohammed.patel622@example.com,Miami,Fl,Jp,2023-08-30,Standard,False
TES-C9086,Aditya Sharma,aditya.sharma58@example.com,New York,Ny,Jp,2024-03-29,Insider,False
TES-C7369,Ava Kim,ava.kim610@example.com,San Francisco,Ca,De,2024-12-08,Standard,False
TES-C1336,OLIVIA SUZUKI,olivia.suzuki546@example.com,Shanghai,Cn,Cn,2022-02-20,Insider,False
TES-C6481,Yuki Martin,yuki.martin683@example.com,Austin,Tx,Jp,2021-03-01,Insider,False
TES-C10869,Priya Smith,priya.smith212@example.com,Miami,Fl,Ca,2023-03-19,Referral Program,False
TES-C2326,Ava Martin,ava.martin182@example.com,Berlin,De,Jp,2024-12-25,Standard,False
TES-C4577,Aarav Singh,aarav.singh478@example.com,San Francisco,Ca,Ca,2021-08-19,Insider,False
TES-C6000,Ben Rossi,ben.rossi355@example.com,Miami,Fl,Us,2024-07-01,Standard,False
TES-C6963,NOAH KHAN,noah.khan134@example.com,Berlin,De,Cn,2025-11-19,Insider,False
TES-C1176,LI WILSON,li.wilson127@example.com,Los Angeles,Ca,Us,2024-10-28,Referral Program,False
TES-C10599,John Yamada,john.yamada406@example.com,Austin,Tx,Ca,2022-07-25,Referral Program,False
TES-C4837,Wei Patel,wei.patel369@example.com,New York,Ny,Us,2024-07-30,Referral Program,False
TES-C1426,Olivia Lee,olivia.lee745@example.com,Los Angeles,Ca,Us,2024-06-05,Standard,False
TES-C1233,NOAH BROWN,,Berlin,De,Uk,2023-02-13,Insider,True
TES-C6444,Aditya Wilson,aditya.wilson571@example.com,Miami,Fl,Cn,2022-03-12,Referral Program,False
TES-C1777,Noah Khan,noah.khan101@example.com,Los Angeles,Ca,Us,2025-02-10,Insider,False
TES-C5488,Wei Patel,,Seattle,Wa,Uk,2025-11-06,Insider,True
TES-C10601, James Müller ,james.müller94@example.com,Miami,Fl,Cn,2021-12-27,Referral Program,False
TES-C7962,Liam Lee,liam.lee103@example.com,San Francisco,Ca,Cn,2022-06-23,Standard,False
TES-C9779,Sara Yamada,sara.yamada968@example.com,Seattle,Wa,Uk,2025-09-19,Insider,False
TES-C5823,anna lee,anna.lee102@example.com,San Francisco,Ca,Jp,2022-12-12,Insider,False
TES-C5180,Aarav Müller,aarav.müller892@example.com,Los Angeles,Ca,Uk,2021-07-07,Standard,False
TES-C6068,Emma Anderson,emma.anderson498@example.com,Los Angeles,Ca,De,2025-01-19,Insider,False
TES-C7515,Li Martin,li.martin551@example.com,Los Angeles,Ca,Us,2024-03-24,Referral Program,False
TES-C2545,Emma Kumar,emma.kumar830@example.com,New York,Ny,Jp,2024-08-07,Referral Program,False
TES-C4909,Li Johnson,li.johnson671@example.com,New York,Ny,Ca,2023-11-30,Referral Program,False
TES-C5515,noah kumar,noah.kumar686@example.com,San Francisco,Ca,Cn,2021-03-01,Insider,False
TES-C1994,Michael Johnson,michael.johnson653@example.com,Seattle,Wa,Us,2023-07-06,Standard,False
TES-C2206,Noah Kim,noah.kim250@example.com,New York,Ny,De,2025-12-02,Referral Program,False
TES-C1283,Chen Patel,chen.patel37@example.com,Los Angeles,Ca,Jp,2024-09-24,Referral Program,False
TES-C4825,Ava Patel,ava.patel137@example.com,San Francisco,Ca,Jp,2023-08-30,Standard,False
TES-C5774,Vivaan Smith,vivaan.smith60@example.com,Fremont,Ca,Ca,2023-07-14,Referral Program,False
TES-C4713,Carlos Martin,carlos.martin598@example.com,Chicago,Il,Cn,2025-11-11,Referral Program,False
TES-C3309,wei davis,wei.davis177@example.com,Fremont,Ca,Cn,2024-10-10,Insider,False
TES-C10097,ben yamada,ben.yamada474@example.com,Berlin,De,Uk,2021-02-18,Referral Program,False
TES-C10485,Fatima Kim,fatima.kim64@example.com,Shanghai,Cn,Jp,2023-08-13,Standard,False
TES-C10837,Aarav Wilson,aarav.wilson747@example.com,New York,Ny,De,2025-07-22,Standard,False
TES-C2300,Sara Chen,sara.chen425@example.com,Los Angeles,Ca,Ca,2023-08-22,Standard,False
TES-C8596,Liam Tanaka,liam.tanaka118@example.com,Austin,Tx,Cn,2024-08-26,Insider,False
TES-C7488,john kim,john.kim958@example.com,San Francisco,Ca,De,2024-04-28,Insider,False
TES-C3666,Fatima Garcia,fatima.garcia64@example.com,Seattle,Wa,Us,2022-08-06,Referral Program,False
TES-C1782,Ben Brown,ben.brown133@example.com,San Francisco,Ca,Us,2023-02-26,Referral Program,False
TES-C2519,Priya Tanaka,priya.tanaka562@example.com,Austin,Tx,Jp,2023-05-21,Insider,False
TES-C7585,Liam Anderson,liam.anderson313@example.com,Austin,Tx,Jp,2023-11-12,Insider,False
TES-C7831, Olivia Patel ,olivia.patel459@example.com,Los Angeles,Ca,Ca,2025-06-26,Insider,False
TES-C2087,Ava Martin,ava.martin438@example.com,Berlin,De,Cn,2021-09-01,Insider,False
TES-C4998,Chen Müller,chen.müller70@example.com,Miami,Fl,Uk,2024-02-15,Standard,False
TES-C3476,NOAH SINGH,noah.singh485@example.com,Berlin,De,De,2023-08-17,Standard,False
TES-C8473,Yuki Smith,yuki.smith679@example.com,Fremont,Ca,Uk,2025-12-23,Unknown,False
TES-C6409,Michael Garcia,michael.garcia902@example.com,San Francisco,Ca,Us,2021-08-30,Insider,False
TES-C1556,ava suzuki,,Berlin,De,Jp,2022-03-04,Referral Program,True
TES-C4430, Sofia Anderson ,sofia.anderson908@example.com,Fremont,Ca,Us,2025-12-29,Standard,False
TES-C5293,Aditya Smith,aditya.smith440@example.com,San Francisco,Ca,Uk,2025-12-04,Standard,False
TES-C1656,Sofia Kumar,sofia.kumar113@example.com,San Francisco,Ca,Uk,2024-11-29,Standard,False
TES-C6596,james lee,james.lee544@example.com,San Francisco,Ca,Jp,2024-10-04,Referral Program,False
TES-C6944,Yuki Martin,yuki.martin179@example.com,Shanghai,Cn,Us,2023-03-03,Referral Program,False
TES-C4906, John Wilson ,john.wilson794@example.com,Chicago,Il,Us,2021-02-04,Standard,False
TES-C1014,Chen Singh,chen.singh813@example.com,Los Angeles,Ca,De,2021-08-18,Standard,False
TES-C3346,Sofia Brown,sofia.brown168@example.com,Los Angeles,Ca,Ca,2023-11-18,Standard,False
TES-C6236,Liam Johnson,,New York,Ny,Us,2022-04-26,Insider,True
TES-C7404,John Brown,john.brown179@example.com,San Francisco,Ca,Jp,2023-02-17,Referral Program,False
TES-C6317,Carlos Patel,carlos.patel191@example.com,Los Angeles,Ca,Jp,2023-12-02,Standard,False
TES-C8063,Noah Wang,noah.wang305@example.com,Fremont,Ca,De,2023-09-17,Referral Program,False
TES-C9884,wei wilson,wei.wilson372@example.com,New York,Ny,Us,2023-10-10,Insider,False
TES-C4646,Ben Kim,ben.kim66@example.com,Chicago,Il,Us,2024-04-16,Referral Program,False
TES-C5393,Zoe Kim,zoe.kim26@example.com,Fremont,Ca,De,2021-02-16,Insider,False
TES-C6510, Anna Patel ,anna.patel455@example.com,Seattle,Wa,Ca,2021-09-20,Referral Program,False
TES-C6739,Liam Davis,liam.davis773@example.com,San Francisco,Ca,De,2021-12-08,Unknown,False
TES-C4600,AARAV MARTIN,aarav.martin19@example.com,Shanghai,Cn,Cn,2024-05-01,Standard,False
TES-C2057,Michael Martin,,Seattle,Wa,Jp,2023-04-25,Standard,True
TES-C10868,Ken Garcia,ken.garcia34@example.com,Shanghai,Cn,Jp,2021-04-17,Insider,False
TES-C3527,Noah Suzuki,noah.suzuki911@example.com,Berlin,De,Uk,2024-04-07,Standard,False
TES-C9332,Sara Smith,sara.smith806@example.com,New York,Ny,Ca,2022-03-27,Standard,False
TES-C7643,Zoe Kim,zoe.kim33@example.com,Chicago,Il,Us,2025-01-08,Insider,False
TES-C7140,Vivaan Yamada,vivaan.yamada426@example.com,Austin,Tx,Jp,2021-11-12,Insider,False
TES-C5801,Michael Garcia,michael.garcia843@example.com,Shanghai,Cn,Uk,2024-04-24,Insider,False
TES-C8552,Aditya Sharma,aditya.sharma719@example.com,Chicago,Il,Uk,2025-05-17,Insider,False
TES-C5200,Vivaan Johnson,vivaan.johnson757@example.com,Austin,Tx,Cn,2024-03-31,Insider,False
TES-C3557,Mohammed Singh,mohammed.singh713@example.com,Austin,Tx,Cn,2024-01-31,Insider,False
TES-C10357,John Smith,john.smith951@example.com,Chicago,Il,Jp,2023-03-24,Insider,False
TES-C8061,Li Lee,li.lee840@example.com,Miami,Fl,Us,2024-01-27,Referral Program,False
TES-C5453,DAVID SMITH,,Miami,Fl,De,2021-08-06,Insider,True
TES-C8576, Liam Kim ,liam.kim242@example.com,Miami,Fl,Us,2022-01-31,Insider,False
TES-C1351,Michael Davis,michael.davis891@example.com,Chicago,Il,Ca,2023-03-17,Insider,False
TES-C4758,Mohammed Garcia,mohammed.garcia420@example.com,Shanghai,Cn,Cn,2022-12-16,Referral Program,False
TES-C3740, Ben Khan ,ben.khan956@example.com,Austin,Tx,Jp,2024-12-19,Standard,False
TES-C8263,James Garcia,james.garcia910@example.com,Chicago,Il,De,2021-11-15,Insider,False
TES-C10844,Aarav Martin,aarav.martin509@example.com,Austin,Tx,Uk,2022-05-03,Standard,False
TES-C4772,Anna Suzuki,anna.suzuki458@example.com,San Francisco,Ca,De,2021-07-17,Standard,False
TES-C10422,Michael Brown,michael.brown861@example.com,Seattle,Wa,Uk,2024-01-07,Standard,False
TES-C4561,Li Tanaka,li.tanaka156@example.com,Los Angeles,Ca,Ca,2024-08-13,Referral Program,False
TES-C8411,Anna Garcia,anna.garcia406@example.com,Miami,Fl,Cn,2024-10-06,Standard,False
TES-C2836,Anna Müller,anna.müller107@example.com,Fremont,Ca,Cn,2022-03-21,Referral Program,False
TES-C5911,noah brown,noah.brown319@example.com,Miami,Fl,Us,2023-09-18,Standard,False
TES-C8680,Yuki Lee,yuki.lee444@example.com,Austin,Tx,Cn,2021-10-23,Insider,False
TES-C5271,Fatima Davis,fatima.davis311@example.com,Shanghai,Cn,Us,2023-06-04,Insider,False
TES-C2640,AVA CHEN,ava.chen585@example.com,Chicago,Il,Ca,2024-07-14,Standard,False
TES-C6927,James Müller,james.müller561@example.com,Seattle,Wa,Ca,2021-01-16,Insider,False
TES-C1741,Vivaan Chen,vivaan.chen189@example.com,New York,Ny,Uk,2024-02-29,Referral Program,False
TES-C3686,RAHUL KIM,rahul.kim904@example.com,New York,Ny,Uk,2025-04-24,Referral Program,False
TES-C1511,Li Wilson,li.wilson73@example.com,Chicago,Il,Us,2025-07-16,Standard,False
TES-C10267,Rahul Garcia,rahul.garcia805@example.com,Berlin,De,Cn,2023-01-05,Insider,False
TES-C2203,Fatima Davis,fatima.davis709@example.com,Fremont,Ca,Uk,2021-10-18,Referral Program,False
TES-C10383,Rahul Chen,,Miami,Fl,Cn,2023-11-24,Insider,True
TES-C1445,aditya martin,,Fremont,Ca,Uk,2024-09-25,Referral Program,True
TES-C7781,Ben Anderson,ben.anderson489@example.com,Seattle,Wa,Ca,2024-09-12,Standard,False
TES-C10999, Ava Martin ,ava.martin970@example.com,Chicago,Il,Ca,2024-07-08,Unknown,False
TES-C6122,Fatima Khan,fatima.khan928@example.com,New York,Ny,Jp,2022-07-03,Insider,False
TES-C8942,ava wang,ava.wang869@example.com,Los Angeles,Ca,Cn,2022-02-12,Standard,False
TES-C8527,James Kim,james.kim116@example.com,New York,Ny,Jp,2022-02-22,Referral Program,False
TES-C9524,Aarav Kumar,aarav.kumar423@example.com,Chicago,Il,Cn,2021-08-07,Referral Program,False
TES-C8873,Rahul Kumar,rahul.kumar977@example.com,Chicago,Il,Cn,2021-03-17,Standard,False
TES-C8260,Carlos Smith,carlos.smith286@example.com,New York,Ny,Uk,2022-03-28,Referral Program,False
TES-C9247,Chen Kim,chen.kim728@example.com,Fremont,Ca,Uk,2021-12-09,Insider,False
TES-C7666,MOHAMMED WANG,mohammed.wang72@example.com,Seattle,Wa,Us,2022-08-03,Insider,False
TES-C1164,James Tanaka,james.tanaka227@example.com,Miami,Fl,De,2022-01-10,Referral Program,False
TES-C7291,SARA PATEL,sara.patel551@example.com,Seattle,Wa,Us,2023-04-11,Referral Program,False
TES-C7386,JAMES LEE,,Seattle,Wa,De,2021-12-09,Referral Program,True
TES-C8824,KEN DAVIS,ken.davis341@example.com,Shanghai,Cn,Us,2024-07-25,Referral Program,False
TES-C3601,Carlos Johnson,carlos.johnson740@example.com,New York,Ny,Uk,2021-10-07,Insider,False
TES-C6553,Olivia Tanaka,olivia.tanaka540@example.com,Fremont,Ca,Uk,2025-05-11,Standard,False
TES-C1106,Yuki Martin,yuki.martin880@example.com,Berlin,De,Jp,2023-09-11,Insider,False
TES-C4242,Li Kim,li.kim159@example.com,Fremont,Ca,Cn,2025-05-24,Standard,False
TES-C8250, Li Wang ,li.wang49@example.com,Berlin,De,Uk,2025-03-26,Referral Program,False
TES-C7853,Liam Suzuki,liam.suzuki457@example.com,Seattle,Wa,De,2021-10-29,Insider,False
TES-C10061,Mohammed Müller,mohammed.müller478@example.com,Miami,Fl,Cn,2023-02-20,Referral Program,False
TES-C5606,Fatima Martin,,Miami,Fl,Uk,2024-01-17,Standard,True
TES-C1220,Ava Smith,ava.smith954@example.com,Fremont,Ca,Ca,2022-03-21,Insider,False
TES-C10010,James Johnson,james.johnson967@example.com,Chicago,Il,De,2024-06-26,Insider,False
TES-C2093,Vivaan Lee,vivaan.lee223@example.com,Shanghai,Cn,De,2023-06-04,Insider,False
TES-C9150,Ben Garcia,ben.garcia549@example.com,San Francisco,Ca,Jp,2024-02-24,Standard,False
TES-C3714,liam müller,,Berlin,De,Ca,2022-07-10,Referral Program,True
TES-C4250,Yuki Wilson,yuki.wilson499@example.com,San Francisco,Ca,De,2022-12-14,Standard,False
TES-C1099,Aditya Davis,,Miami,Fl,Us,2023-08-14,Insider,True
TES-C5919,Zoe Davis,zoe.davis168@example.com,Chicago,Il,Us,2023-04-26,Insider,False
TES-C7036,Aditya Johnson,aditya.johnson132@example.com,New York,Ny,Cn,2022-12-08,Referral Program,False
TES-C2831,Noah Sharma,noah.sharma546@example.com,Berlin,De,Uk,2025-06-29,Insider,False
TES-C1244,Ava Smith,ava.smith326@example.com,Berlin,De,Cn,2021-11-18,Referral Program,False
TES-C6905,Wei Brown,wei.brown989@example.com,Berlin,De,Us,2024-09-20,Standard,False
TES-C10875,rahul patel,,Miami,Fl,Jp,2023-05-13,Insider,True
TES-C10461,LIAM YAMADA,liam.yamada480@example.com,San Francisco,Ca,Uk,2021-08-12,Standard,False
TES-C9120,Ben Patel,ben.patel578@example.com,Shanghai,Cn,Uk,2022-03-28,Insider,False
TES-C6838,Noah Sharma,noah.sharma963@example.com,New York,Ny,Uk,2023-12-30,Insider,False
TES-C1245,Chen Brown,chen.brown535@example.com,Miami,Fl,Uk,2021-07-09,Standard,False
TES-C9926,Ben Singh,ben.singh723@example.com,Seattle,Wa,Ca,2021-08-14,Insider,False
TES-C2919,Ben Kumar,ben.kumar299@example.com,Los Angeles,Ca,Us,2022-08-28,Unknown,False
TES-C10583,Aditya Davis,aditya.davis171@example.com,San Francisco,Ca,De,2021-06-22,Insider,False
TES-C9083,fatima martin,fatima.martin604@example.com,Berlin,De,Ca,2021-05-27,Standard,False
TES-C5799,Olivia Suzuki,olivia.suzuki762@example.com,Los Angeles,Ca,Uk,2025-06-15,Standard,False
TES-C1212,James Singh,,Miami,Fl,De,2022-02-28,Referral Program,True
TES-C7765, Priya Müller ,,Fremont,Ca,Jp,2023-01-11,Standard,True
TES-C2564,Olivia Brown,olivia.brown695@example.com,Chicago,Il,Ca,2023-01-24,Standard,False
TES-C1327,Noah Kumar,noah.kumar927@example.com,Shanghai,Cn,Cn,2025-06-24,Referral Program,False
TES-C5852,Sara Patel,sara.patel716@example.com,Los Angeles,Ca,Ca,2023-06-13,Insider,False
TES-C4833,CARLOS TANAKA,carlos.tanaka21@example.com,New York,Ny,De,2025-09-15,Standard,False
TES-C7557,Liam Lee,liam.lee899@example.com,New York,Ny,Us,2025-06-19,Referral Program,False
TES-C8371,Noah Anderson,,New York,Ny,Cn,2023-02-04,Standard,True
TES-C6198,Mohammed Martin,mohammed.martin112@example.com,Berlin,De,Ca,2022-10-13,Referral Program,False
TES-C5220,David Smith,david.smith349@example.com,Fremont,Ca,De,2025-06-20,Insider,False
TES-C9390,Emma Davis,emma.davis581@example.com,Seattle,Wa,Jp,2025-09-07,Insider,False
TES-C7041,Michael Martin,michael.martin466@example.com,Austin,Tx,De,2024-11-01,Insider,False
TES-C2614,Priya Anderson,priya.anderson169@example.com,Fremont,Ca,Ca,2025-06-03,Standard,False
TES-C7238,Ken Davis,ken.davis750@example.com,Shanghai,Cn,Us,2024-06-04,Insider,False
TES-C2805,Sara Yamada,sara.yamada670@example.com,Shanghai,Cn,Uk,2024-06-23,Referral Program,False
TES-C1764,David Johnson,david.johnson337@example.com,Seattle,Wa,Us,2022-02-13,Standard,False
TES-C9771,Maria Müller,maria.müller946@example.com,Seattle,Wa,Us,2022-06-23,Referral Program,False
TES-C3580,ANNA MÜLLER,anna.müller230@example.com,Austin,Tx,Jp,2024-03-18,Insider,False
TES-C7812,SARA KHAN,sara.khan434@example.com,Seattle,Wa,Cn,2022-03-20,Unknown,False
TES-C2951,Carlos Müller,carlos.müller13@example.com,Chicago,Il,Cn,2024-07-01,Insider,False
TES-C5999,Vivaan Khan,vivaan.khan305@example.com,Seattle,Wa,Uk,2022-07-29,Standard,False
TES-C5416,Carlos Garcia,carlos.garcia164@example.com,Los Angeles,Ca,Ca,2022-02-18,Referral Program,False
TES-C9910,michael smith,michael.smith467@example.com,Miami,Fl,Jp,2023-09-05,Standard,False
TES-C9755,Liam Anderson,liam.anderson231@example.com,Shanghai,Cn,Uk,2021-02-22,Referral Program,False
TES-C9025,EMMA ANDERSON,emma.anderson321@example.com,Chicago,Il,Ca,2021-10-24,Referral Program,False
TES-C4304,John Martin,john.martin353@example.com,Austin,Tx,De,2021-07-19,Referral Program,False
TES-C3620,Vivaan Kim,vivaan.kim200@example.com,New York,Ny,Jp,2021-01-13,Insider,False
TES-C7820,John Smith,john.smith393@example.com,Seattle,Wa,Cn,2025-01-15,Referral Program,False
TES-C7979,SOFIA JOHNSON,sofia.johnson144@example.com,Chicago,Il,Ca,2022-08-03,Referral Program,False
TES-C5473,michael wang,michael.wang266@example.com,Berlin,De,Jp,2024-06-16,Referral Program,False
TES-C7683,Fatima Khan,fatima.khan268@example.com,Fremont,Ca,Cn,2024-01-01,Referral Program,False
TES-C8282,Yuki Khan,yuki.khan975@example.com,Fremont,Ca,De,2024-03-24,Insider,False
TES-C9565,Aditya Lee,aditya.lee304@example.com,Miami,Fl,De,2025-03-25,Insider,False
TES-C7519,Aditya Rossi,aditya.rossi717@example.com,Los Angeles,Ca,Uk,2023-11-26,Insider,False
TES-C5539,SARA WANG,sara.wang226@example.com,Chicago,Il,Jp,2024-08-17,Referral Program,False
TES-C1956, Maria Chen ,maria.chen708@example.com,Los Angeles,Ca,Jp,2021-08-20,Insider,False
TES-C7883, Carlos Kumar ,carlos.kumar691@example.com,San Francisco,Ca,Jp,2023-06-04,Standard,False
TES-C8932,Sara Sharma,sara.sharma186@example.com,Chicago,Il,Cn,2022-09-17,Referral Program,False
TES-C7646,Ben Wang,,New York,Ny,Ca,2021-09-26,Standard,True
TES-C5859,Ben Khan,ben.khan501@example.com,New York,Ny,Cn,2023-05-07,Standard,False
TES-C8297,Emma Brown,emma.brown963@example.com,New York,Ny,Uk,2022-04-16,Standard,False
TES-C7058,Li Sharma,li.sharma278@example.com,San Francisco,Ca,Cn,2025-04-15,Referral Program,False
TES-C10653,Zoe Davis,zoe.davis652@example.com,Chicago,Il,Jp,2021-01-29,Referral Program,False
TES-C2515,Mohammed Davis,mohammed.davis585@example.com,San Francisco,Ca,Us,2021-07-17,Insider,False
TES-C1222, Fatima Suzuki ,fatima.suzuki665@example.com,Seattle,Wa,Uk,2024-01-22,Standard,False
TES-C1768,Ken Brown,ken.brown627@example.com,Austin,Tx,De,2023-05-27,Standard,False
TES-C6408,Rahul Anderson,rahul.anderson957@example.com,Miami,Fl,Ca,2022-09-08,Unknown,False
TES-C6206,Sofia Müller,sofia.müller784@example.com,Chicago,Il,De,2022-10-15,Insider,False
TES-C7868,David Yamada,david.yamada965@example.com,Miami,Fl,Us,2022-10-16,Referral Program,False
TES-C6258,Olivia Davis,olivia.davis619@example.com,Fremont,Ca,Us,2024-02-24,Standard,False
TES-C7102,EMMA SUZUKI,emma.suzuki762@example.com,Miami,Fl,De,2022-07-10,Referral Program,False
TES-C9580,Ava Sharma,,San Francisco,Ca,Cn,2025-01-29,Referral Program,True
TES-C5686,David Müller,david.müller557@example.com,Chicago,Il,Ca,2023-10-10,Referral Program,False
TES-C9746,Fatima Müller,fatima.müller764@example.com,San Francisco,Ca,Ca,2021-10-19,Insider,False
TES-C1749,Noah Davis,noah.davis438@example.com,Berlin,De,De,2021-09-22,Standard,False
TES-C2389,Liam Wang,liam.wang596@example.com,New York,Ny,Ca,2025-02-04,Referral Program,False
TES-C6840,Wei Johnson,wei.johnson564@example.com,Seattle,Wa,Ca,2022-08-31,Insider,False
TES-C3729,Li Anderson,li.anderson142@example.com,Fremont,Ca,Us,2024-03-17,Referral Program,False
TES-C7501,Li Lee,li.lee826@example.com,Miami,Fl,Us,2021-09-28,Referral Program,False
TES-C3521,David Garcia,david.garcia95@example.com,Fremont,Ca,Cn,2021-01-11,Insider,False
TES-C3209,Ken Kumar,ken.kumar400@example.com,Seattle,Wa,Us,2021-09-17,Referral Program,False
TES-C6745,BEN ROSSI,ben.rossi292@example.com,Shanghai,Cn,Cn,2023-06-04,Insider,False
TES-C10874,mohammed wilson,mohammed.wilson471@example.com,Shanghai,Cn,Uk,2023-03-30,Referral Program,False
TES-C8515,Ken Wilson,,Austin,Tx,Ca,2021-06-15,Insider,True
TES-C1891,John Wang,,New York,Ny,De,2022-06-24,Standard,True
TES-C2197,Aarav Lee,aarav.lee141@example.com,San Francisco,Ca,De,2022-03-15,Standard,False
TES-C1906,Michael Rossi,michael.rossi18@example.com,Shanghai,Cn,Jp,2024-09-01,Standard,False
TES-C7393,JAMES PATEL,james.patel684@example.com,Miami,Fl,Jp,2022-02-26,Referral Program,False
TES-C1072,Carlos Chen,carlos.chen836@example.com,New York,Ny,Us,2025-08-16,Referral Program,False
TES-C1639,Mohammed Khan,mohammed.khan519@example.com,Berlin,De,Ca,2023-09-26,Standard,False
TES-C5935,Chen Brown,chen.brown446@example.com,Austin,Tx,Jp,2025-01-01,Insider,False
TES-C3383,Ben Sharma,ben.sharma841@example.com,New York,Ny,De,2024-01-22,Unknown,False
TES-C9579,Vivaan Kumar,vivaan.kumar828@example.com,Chicago,Il,Jp,2022-03-27,Standard,False
TES-C3781,Sofia Lee,sofia.lee849@example.com,Berlin,De,Cn,2023-11-01,Insider,False
TES-C2833,Emma Smith,emma.smith13@example.com,Austin,Tx,Jp,2024-12-30,Insider,False
TES-C5717,Wei Wilson,wei.wilson416@example.com,Los Angeles,Ca,Us,2021-08-23,Referral Program,False
TES-C1285,Sofia Davis,sofia.davis611@example.com,Austin,Tx,Ca,2021-09-17,Standard,False
TES-C7924,LIAM SINGH,,Chicago,Il,Ca,2024-06-13,Insider,True
TES-C3350,Fatima Yamada,fatima.yamada330@example.com,Chicago,Il,De,2024-01-25,Standard,False
TES-C1583,wei wang,wei.wang711@example.com,Austin,Tx,Ca,2021-12-26,Standard,False
TES-C4364, Ken Smith ,ken.smith240@example.com,Seattle,Wa,Uk,2021-11-14,Standard,False
TES-C4548,ANNA WANG,anna.wang506@example.com,Fremont,Ca,Ca,2025-11-26,Referral Program,False
TES-C7507,Aditya Johnson,aditya.johnson153@example.com,New York,Ny,Jp,2023-03-16,Insider,False
TES-C3671,Wei Singh,wei.singh915@example.com,Los Angeles,Ca,Cn,2025-05-25,Insider,False
TES-C3529,Mohammed Khan,mohammed.khan756@example.com,Berlin,De,De,2023-06-07,Referral Program,False
TES-C6370,Wei Yamada,wei.yamada223@example.com,Berlin,De,Us,2022-10-20,Insider,False
TES-C5157,Zoe Chen,zoe.chen474@example.com,New York,Ny,Ca,2024-06-20,Insider,False
TES-C10479, Yuki Chen ,yuki.chen284@example.com,Fremont,Ca,De,2021-09-27,Referral Program,False
TES-C8645,Priya Patel,priya.patel376@example.com,Chicago,Il,Jp,2023-11-17,Insider,False
TES-C5312,Anna Tanaka,anna.tanaka67@example.com,Los Angeles,Ca,Us,2021-05-16,Standard,False
TES-C9769,David Kumar,david.kumar999@example.com,Fremont,Ca,De,2025-10-28,Standard,False
TES-C4209,David Wang,david.wang625@example.com,Los Angeles,Ca,Uk,2023-07-29,Referral Program,False
TES-C8420,Aditya Khan,aditya.khan809@example.com,San Francisco,Ca,Uk,2022-12-28,Insider,False
TES-C10570,john patel,,Austin,Tx,De,2024-02-14,Insider,True
TES-C3886,rahul sharma,rahul.sharma658@example.com,Fremont,Ca,De,2024-11-06,Insider,False
TES-C7953,Fatima Sharma,fatima.sharma645@example.com,Chicago,Il,Us,2022-02-23,Standard,False
TES-C1284,Maria Rossi,,San Francisco,Ca,Cn,2023-12-07,Insider,True
TES-C5580,Carlos Suzuki,carlos.suzuki799@example.com,Chicago,Il,Uk,2025-07-29,Standard,False
TES-C3613,Li Martin,li.martin212@example.com,Chicago,Il,Uk,2022-04-14,Standard,False
TES-C5780,Aditya Sharma,aditya.sharma123@example.com,Chicago,Il,Jp,2023-10-06,Insider,False
TES-C1672,Anna Lee,anna.lee736@example.com,Seattle,Wa,Us,2025-12-20,Standard,False
TES-C9103,David Martin,david.martin712@example.com,Shanghai,Cn,Us,2025-03-14,Insider,False
TES-C6374,john suzuki,john.suzuki782@example.com,Austin,Tx,Jp,2021-02-21,Referral Program,False
TES-C4960,James Smith,james.smith641@example.com,Seattle,Wa,Uk,2023-09-13,Referral Program,False
TES-C5986,Ken Rossi,ken.rossi914@example.com,Chicago,Il,Ca,2022-01-22,Referral Program,False
TES-C8443,Aarav Garcia,aarav.garcia774@example.com,San Francisco,Ca,Jp,2025-05-28,Insider,False
TES-C5723, Anna Yamada ,anna.yamada546@example.com,Miami,Fl,Uk,2024-02-26,Referral Program,False
TES-C6748,Mohammed Kim,mohammed.kim558@example.com,Austin,Tx,Ca,2023-01-25,Standard,False
TES-C1028,Sofia Müller,sofia.müller922@example.com,New York,Ny,Us,2022-09-16,Insider,False
TES-C8209,Wei Anderson,wei.anderson984@example.com,San Francisco,Ca,Us,2024-08-25,Standard,False
TES-C9394,Yuki Chen,yuki.chen826@example.com,Austin,Tx,De,2024-01-17,Insider,False
TES-C4556,LI KUMAR,li.kumar82@example.com,Miami,Fl,De,2025-08-25,Referral Program,False
TES-C9397,Vivaan Patel,vivaan.patel969@example.com,Seattle,Wa,De,2022-02-18,Referral Program,False
TES-C9159,Chen Sharma,chen.sharma18@example.com,Fremont,Ca,Jp,2021-03-28,Insider,False
TES-C9470,Carlos Wilson,carlos.wilson60@example.com,Chicago,Il,Cn,2024-07-30,Referral Program,False
TES-C3759,David Müller,david.müller823@example.com,Miami,Fl,De,2022-02-11,Standard,False
TES-C3022,Ben Garcia,ben.garcia635@example.com,Chicago,Il,Uk,2024-03-19,Insider,False
TES-C6762,olivia davis,olivia.davis516@example.com,Shanghai,Cn,De,2024-04-03,Referral Program,False
TES-C1495,James Rossi,james.rossi739@example.com,Austin,Tx,Uk,2023-01-23,Referral Program,False
TES-C7742,James Smith,james.smith523@example.com,Shanghai,Cn,Ca,2022-07-11,Referral Program,False
TES-C7256,Mohammed Suzuki,mohammed.suzuki355@example.com,Miami,Fl,Uk,2024-03-02,Standard,False
TES-C4295,Noah Smith,noah.smith517@example.com,Los Angeles,Ca,Uk,2024-04-28,Standard,False
TES-C8601,yuki davis,yuki.davis541@example.com,Fremont,Ca,Jp,2021-06-08,Referral Program,False
TES-C8019,Priya Wang,priya.wang119@example.com,Seattle,Wa,Us,2024-09-03,Insider,False
TES-C10484,ADITYA MÜLLER,,Miami,Fl,Ca,2025-03-26,Referral Program,True
TES-C2183,Olivia Kim,,Miami,Fl,Uk,2025-01-11,Standard,True
TES-C7561,Maria Davis,maria.davis130@example.com,New York,Ny,Jp,2023-04-05,Standard,False
TES-C7985,Michael Lee,michael.lee638@example.com,Austin,Tx,De,2025-01-10,Standard,False
TES-C10829,Priya Tanaka,priya.tanaka540@example.com,Chicago,Il,Jp,2022-05-28,Standard,False
TES-C9915,Zoe Brown,zoe.brown889@example.com,Fremont,Ca,Ca,2022-10-27,Insider,False
TES-C8191,rahul anderson,rahul.anderson804@example.com,Shanghai,Cn,Us,2025-06-28,Insider,False
TES-C8794,Rahul Chen,rahul.chen466@example.com,Berlin,De,De,2024-10-06,Standard,False
TES-C9180,John Suzuki,john.suzuki429@example.com,Austin,Tx,Ca,2023-04-10,Referral Program,False
TES-C3142,Wei Yamada,wei.yamada524@example.com,Austin,Tx,Uk,2022-06-28,Insider,False
TES-C4375,Priya Smith,priya.smith787@example.com,Miami,Fl,Cn,2025-04-06,Insider,False
TES-C2177,Ken Sharma,ken.sharma857@example.com,San Francisco,Ca,Uk,2024-03-23,Standard,False
TES-C8412,Anna Brown,anna.brown806@example.com,San Francisco,Ca,Uk,2023-08-14,Referral Program,False
TES-C9929,Aditya Kim,aditya.kim175@example.com,Shanghai,Cn,Us,2024-02-01,Insider,False
TES-C6403,Rahul Brown,rahul.brown105@example.com,Shanghai,Cn,Ca,2025-08-12,Referral Program,False
TES-C1964,Liam Brown,,Miami,Fl,Cn,2024-03-29,Standard,True
TES-C8494,Ben Patel,ben.patel24@example.com,Los Angeles,Ca,Jp,2022-01-14,Standard,False
TES-C1900,Maria Kim,maria.kim881@example.com,Miami,Fl,Ca,2023-03-31,Standard,False
TES-C7326, Liam Kumar ,liam.kumar891@example.com,Miami,Fl,Ca,2021-01-01,Referral Program,False
TES-C3339,Vivaan Martin,vivaan.martin449@example.com,Berlin,De,Cn,2023-09-15,Standard,False
TES-C8266,David Wilson,david.wilson994@example.com,Los Angeles,Ca,Cn,2024-11-16,Standard,False
TES-C3115,Chen Müller,,Berlin,De,Jp,2021-09-22,Insider,True
TES-C8210,Ben Tanaka,ben.tanaka381@example.com,Shanghai,Cn,Jp,2022-08-02,Insider,False
TES-C9249,Fatima Müller,fatima.müller26@example.com,Chicago,Il,Uk,2025-10-08,Insider,False
TES-C4958,David Patel,david.patel120@example.com,Seattle,Wa,Jp,2023-11-07,Standard,False
TES-C7968,RAHUL WILSON,rahul.wilson712@example.com,Miami,Fl,Cn,2025-04-02,Insider,False
TES-C6248, John Khan ,john.khan222@example.com,Seattle,Wa,Ca,2024-12-17,Standard,False
TES-C3190,Vivaan Anderson,vivaan.anderson769@example.com,Chicago,Il,Us,2022-11-04,Insider,False
TES-C9682, Fatima Yamada ,fatima.yamada780@example.com,Chicago,Il,De,2021-05-01,Referral Program,False
TES-C7956,DAVID KIM,david.kim628@example.com,Los Angeles,Ca,De,2023-07-16,Referral Program,False
TES-C2778, Ben Brown ,ben.brown527@example.com,Fremont,Ca,De,2025-03-08,Standard,False
TES-C3088,Anna Singh,anna.singh48@example.com,Austin,Tx,Ca,2024-12-02,Referral Program,False
TES-C5177,Fatima Müller,fatima.müller59@example.com,Fremont,Ca,Us,2021-04-23,Standard,False
TES-C4316,Vivaan Wang,vivaan.wang929@example.com,San Francisco,Ca,Cn,2024-01-02,Referral Program,False
TES-C1459,KEN ANDERSON,ken.anderson891@example.com,New York,Ny,Jp,2024-12-27,Standard,False
TES-C5697,EMMA JOHNSON,emma.johnson947@example.com,New York,Ny,Us,2023-09-27,Referral Program,False
TES-C7567,Yuki Patel,yuki.patel430@example.com,Fremont,Ca,Ca,2023-10-29,Referral Program,False
TES-C6567,David Garcia,david.garcia876@example.com,New York,Ny,Uk,2025-04-13,Standard,False
TES-C1836,Noah Tanaka,noah.tanaka950@example.com,New York,Ny,Jp,2021-10-23,Insider,False
TES-C3055,Carlos Sharma,carlos.sharma949@example.com,Seattle,Wa,Ca,2021-06-24,Insider,False
TES-C8462,Vivaan Yamada,vivaan.yamada543@example.com,Los Angeles,Ca,Us,2023-08-26,Standard,False
TES-C7907,Priya Anderson,priya.anderson387@example.com,Chicago,Il,Cn,2024-08-12,Insider,False
TES-C3644,David Davis,david.davis22@example.com,Berlin,De,De,2021-01-19,Insider,False
TES-C6232,Sofia Lee,sofia.lee592@example.com,New York,Ny,Jp,2025-03-15,Unknown,False
TES-C9412,WEI CHEN,wei.chen589@example.com,Chicago,Il,Uk,2023-11-11,Unknown,False
TES-C7701,Wei Patel,wei.patel19@example.com,Shanghai,Cn,Ca,2021-04-27,Unknown,False
TES-C5907,Wei Martin,wei.martin893@example.com,Berlin,De,Us,2024-12-30,Referral Program,False
TES-C4584,Mohammed Brown,mohammed.brown482@example.com,Los Angeles,Ca,Cn,2022-05-09,Insider,False
TES-C5692,Maria Kumar,,Los Angeles,Ca,De,2021-06-04,Standard,True
TES-C5595,Aarav Patel,aarav.patel423@example.com,Fremont,Ca,De,2024-09-11,Standard,False
TES-C8421,Aditya Tanaka,,San Francisco,Ca,Cn,2021-02-19,Referral Program,True
TES-C2406,Vivaan Kim,vivaan.kim499@example.com,Shanghai,Cn,Uk,2022-07-27,Insider,False
TES-C4140,Mohammed Anderson,mohammed.anderson168@example.com,Austin,Tx,Ca,2023-12-25,Referral Program,False
TES-C7232,Wei Patel,wei.patel321@example.com,Los Angeles,Ca,Us,2022-07-05,Insider,False
TES-C4196,Wei Müller,wei.müller271@example.com,Fremont,Ca,Cn,2021-03-07,Referral Program,False
TES-C3828,John Rossi,john.rossi242@example.com,Seattle,Wa,Jp,2023-08-10,Standard,False
TES-C6210,liam yamada,liam.yamada64@example.com,San Francisco,Ca,Cn,2025-06-11,Standard,False
TES-C3196,Wei Johnson,wei.johnson800@example.com,New York,Ny,Us,2025-12-21,Insider,False
TES-C6913,Michael Martin,michael.martin38@example.com,Berlin,De,Uk,2024-11-03,Standard,False
TES-C5236,John Anderson,john.anderson989@example.com,Fremont,Ca,Us,2022-03-12,Insider,False
TES-C1838,Carlos Garcia,carlos.garcia441@example.com,Berlin,De,De,2025-08-15,Standard,False
TES-C8779,mohammed martin,mohammed.martin987@example.com,Chicago,Il,Jp,2025-06-07,Insider,False
TES-C8977,wei smith,,Berlin,De,Us,2024-11-13,Insider,True
TES-C7085,Li Smith,li.smith778@example.com,Austin,Tx,Jp,2025-06-25,Insider,False
TES-C7286,Noah Anderson,noah.anderson456@example.com,Miami,Fl,Uk,2025-11-15,Insider,False
TES-C2444,Chen Johnson,chen.johnson464@example.com,Miami,Fl,Jp,2024-09-29,Unknown,False
TES-C6498,Priya Tanaka,priya.tanaka67@example.com,Fremont,Ca,Uk,2024-10-31,Insider,False
TES-C1817,Zoe Khan,zoe.khan926@example.com,Chicago,Il,Cn,2021-04-15,Referral Program,False
TES-C9557,Priya Anderson,priya.anderson655@example.com,Austin,Tx,Us,2025-08-26,Unknown,False
TES-C5647,Chen Patel,chen.patel871@example.com,Berlin,De,Us,2025-12-26,Referral Program,False
TES-C9827,Sara Smith,sara.smith840@example.com,Miami,Fl,De,2023-08-21,Standard,False
TES-C10041,Aditya Anderson,aditya.anderson220@example.com,Miami,Fl,Us,2024-05-06,Standard,False
TES-C5330,Anna Sharma,anna.sharma808@example.com,Chicago,Il,Us,2024-03-01,Insider,False
TES-C5283,John Johnson,john.johnson668@example.com,Los Angeles,Ca,Cn,2024-07-01,Insider,False
TES-C5238,Wei Yamada,wei.yamada810@example.com,Berlin,De,Jp,2022-05-17,Standard,False
TES-C4075,Zoe Müller,zoe.müller909@example.com,Chicago,Il,Cn,2023-07-16,Referral Program,False
TES-C4370, Chen Davis ,chen.davis586@example.com,Seattle,Wa,Jp,2022-08-23,Insider,False
TES-C7930,aarav kim,aarav.kim327@example.com,Fremont,Ca,Uk,2024-04-13,Referral Program,False
TES-C1223,Olivia Tanaka,olivia.tanaka51@example.com,Chicago,Il,De,2021-10-23,Referral Program,False
TES-C2046,LIAM SHARMA,liam.sharma956@example.com,Seattle,Wa,Ca,2023-08-31,Insider,False
TES-C6652,SARA GARCIA,sara.garcia202@example.com,Austin,Tx,Us,2024-04-27,Standard,False
TES-C7911,Fatima Smith,fatima.smith128@example.com,Chicago,Il,Us,2022-09-19,Standard,False
TES-C1150,Olivia Garcia,,Los Angeles,Ca,Ca,2022-12-07,Insider,True
TES-C5189,Ava Rossi,ava.rossi558@example.com,Chicago,Il,Us,2024-10-15,Referral Program,False
TES-C8358,LI ANDERSON,li.anderson253@example.com,Berlin,De,Us,2023-11-17,Standard,False
TES-C8205,michael wang,michael.wang265@example.com,Austin,Tx,Cn,2021-08-16,Standard,False
TES-C1720,Li Rossi,li.rossi955@example.com,Shanghai,Cn,Ca,2021-10-09,Insider,False
TES-C5625,Liam Wilson,liam.wilson73@example.com,Miami,Fl,Uk,2022-07-14,Standard,False
TES-C3688,JAMES GARCIA,james.garcia552@example.com,Austin,Tx,Us,2024-05-07,Standard,False
TES-C10736,sara yamada,sara.yamada930@example.com,Shanghai,Cn,Uk,2022-01-22,Standard,False
TES-C9013, Priya Suzuki ,priya.suzuki754@example.com,Seattle,Wa,De,2025-02-05,Referral Program,False
TES-C1288,Priya Lee,priya.lee60@example.com,Austin,Tx,De,2023-04-13,Unknown,False
TES-C10616,Emma Wang,emma.wang675@example.com,Los Angeles,Ca,Jp,2025-01-30,Insider,False
TES-C3491,Aditya Müller,aditya.müller801@example.com,Miami,Fl,Cn,2021-03-03,Standard,False
TES-C9707,Mohammed Yamada,mohammed.yamada464@example.com,Fremont,Ca,Jp,2022-01-31,Standard,False
TES-C3794,Fatima Kumar,fatima.kumar854@example.com,New York,Ny,Jp,2025-09-15,Insider,False
TES-C2495,Anna Sharma,anna.sharma285@example.com,Austin,Tx,Cn,2024-04-07,Standard,False
TES-C10417,Aditya Brown,aditya.brown660@example.com,Berlin,De,Uk,2025-05-20,Standard,False
TES-C1661,Emma Martin,emma.martin799@example.com,Miami,Fl,Ca,2021-01-19,Insider,False
TES-C1521,Carlos Anderson,carlos.anderson922@example.com,Fremont,Ca,Us,2024-06-07,Unknown,False
TES-C8505,James Suzuki,james.suzuki137@example.com,Chicago,Il,Uk,2021-08-13,Referral Program,False
TES-C2813,Sara Singh,sara.singh941@example.com,New York,Ny,Us,2025-03-25,Standard,False
TES-C5788,Michael Rossi,michael.rossi119@example.com,Seattle,Wa,Jp,2022-08-05,Referral Program,False
TES-C6040,Priya Khan,priya.khan661@example.com,Fremont,Ca,Cn,2025-03-11,Insider,False
TES-C4557,Sofia Garcia,sofia.garcia969@example.com,Austin,Tx,Uk,2024-12-14,Referral Program,False
TES-C3447,Olivia Martin,olivia.martin991@example.com,Miami,Fl,Ca,2022-07-26,Referral Program,False
TES-C9946,Sofia Johnson,sofia.johnson829@example.com,Berlin,De,Ca,2023-06-23,Insider,False
TES-C5783,Liam Martin,liam.martin878@example.com,Miami,Fl,Ca,2023-09-20,Standard,False
TES-C10888,Yuki Kumar,yuki.kumar247@example.com,Chicago,Il,Ca,2023-06-11,Insider,False
TES-C5164,Aarav Johnson,aarav.johnson124@example.com,San Francisco,Ca,Jp,2024-07-13,Insider,False
TES-C6658,Yuki Wilson,yuki.wilson517@example.com,San Francisco,Ca,Cn,2023-02-27,Insider,False
TES-C6902,wei singh,wei.singh733@example.com,Seattle,Wa,Uk,2022-09-29,Referral Program,False
TES-C4272,Sofia Yamada,sofia.yamada65@example.com,Fremont,Ca,Uk,2021-03-22,Insider,False
TES-C2051,Ken Garcia,ken.garcia278@example.com,San Francisco,Ca,Us,2021-01-22,Standard,False
TES-C7671,Chen Kim,chen.kim683@example.com,Los Angeles,Ca,Us,2024-12-22,Standard,False
TES-C10073,Olivia Lee,olivia.lee154@example.com,Fremont,Ca,Cn,2022-04-30,Standard,False
TES-C2520,Zoe Müller,zoe.müller898@example.com,Fremont,Ca,Ca,2025-03-16,Standard,False
TES-C6554,PRIYA TANAKA,priya.tanaka433@example.com,San Francisco,Ca,Ca,2023-10-24,Insider,False
TES-C5997,Li Lee,li.lee542@example.com,Los Angeles,Ca,Ca,2022-11-02,Referral Program,False
TES-C4704,Vivaan Kim,vivaan.kim621@example.com,Chicago,Il,Ca,2024-05-25,Referral Program,False
TES-C6131,Aditya Smith,aditya.smith871@example.com,Fremont,Ca,Jp,2022-08-03,Insider,False
TES-C4715,John Singh,,Miami,Fl,Cn,2021-08-01,Insider,True
TES-C7633,David Anderson,david.anderson146@example.com,San Francisco,Ca,Jp,2024-10-04,Standard,False
TES-C2489,Wei Patel,wei.patel299@example.com,Berlin,De,De,2024-10-15,Standard,False
TES-C8457, Olivia Chen ,olivia.chen861@example.com,San Francisco,Ca,De,2024-12-31,Insider,False
TES-C10469,John Sharma,john.sharma337@example.com,Chicago,Il,Jp,2022-03-19,Insider,False
TES-C7580,Chen Kim,chen.kim23@example.com,Shanghai,Cn,Jp,2025-11-08,Insider,False
TES-C10588,Ava Wang,ava.wang437@example.com,Berlin,De,Jp,2021-02-09,Referral Program,False
TES-C3305,Zoe Anderson,zoe.anderson925@example.com,New York,Ny,Jp,2025-04-27,Standard,False
TES-C10672,David Martin,david.martin762@example.com,New York,Ny,Uk,2024-04-07,Standard,False
TES-C5106,Priya Suzuki,priya.suzuki836@example.com,Los Angeles,Ca,Ca,2021-05-26,Standard,False
TES-C5067,Rahul Tanaka,rahul.tanaka37@example.com,New York,Ny,Ca,2025-05-16,Insider,False
TES-C2425,Maria Kim,maria.kim556@example.com,Los Angeles,Ca,Cn,2024-11-21,Standard,False
TES-C2811,Mohammed Singh,mohammed.singh310@example.com,Fremont,Ca,Jp,2024-07-18,Referral Program,False
TES-C3122,Maria Patel,maria.patel93@example.com,Miami,Fl,Jp,2022-03-24,Standard,False
TES-C1690,Liam Suzuki,liam.suzuki191@example.com,Shanghai,Cn,Uk,2023-03-03,Insider,False
TES-C4161,Aarav Brown,aarav.brown136@example.com,New York,Ny,Jp,2022-12-03,Insider,False
TES-C4310,Ben Martin,ben.martin790@example.com,Austin,Tx,Cn,2022-03-19,Insider,False
TES-C3972, Michael Wilson ,michael.wilson65@example.com,Austin,Tx,Us,2023-10-21,Standard,False
TES-C1280,Emma Tanaka,emma.tanaka854@example.com,Fremont,Ca,De,2023-06-21,Standard,False
TES-C8933,John Kim,john.kim185@example.com,Austin,Tx,Us,2022-12-09,Standard,False
TES-C3579,ava brown,ava.brown690@example.com,Fremont,Ca,Jp,2022-11-20,Referral Program,False
TES-C6375,Li Johnson,li.johnson800@example.com,New York,Ny,Jp,2025-01-26,Insider,False
TES-C5772,yuki müller,yuki.müller376@example.com,Fremont,Ca,Us,2023-05-09,Referral Program,False
TES-C7284,Li Kim,li.kim380@example.com,Seattle,Wa,Uk,2025-12-18,Referral Program,False
TES-C1604,KEN SUZUKI,ken.suzuki379@example.com,Seattle,Wa,Ca,2022-08-19,Standard,False
TES-C9997,Aditya Singh,aditya.singh281@example.com,Berlin,De,Cn,2021-09-21,Insider,False
TES-C5434,Maria Davis,maria.davis835@example.com,Austin,Tx,Uk,2021-09-07,Standard,False
TES-C1195,NOAH SUZUKI,noah.suzuki850@example.com,Fremont,Ca,Ca,2022-03-04,Unknown,False
TES-C3912,Li Sharma,li.sharma518@example.com,Shanghai,Cn,Uk,2024-03-26,Insider,False
TES-C5422,Mohammed Khan,mohammed.khan933@example.com,San Francisco,Ca,De,2023-08-02,Referral Program,False
TES-C2581,anna wang,anna.wang9@example.com,Fremont,Ca,Ca,2023-12-11,Unknown,False
TES-C2273,AVA KHAN,ava.khan89@example.com,New York,Ny,Ca,2021-07-03,Insider,False
TES-C7414,david kumar,david.kumar149@example.com,Shanghai,Cn,De,2023-06-09,Standard,False
TES-C10758,Carlos Rossi,carlos.rossi616@example.com,Los Angeles,Ca,Jp,2023-02-07,Insider,False
TES-C1859,Ken Johnson,ken.johnson854@example.com,New York,Ny,De,2021-10-27,Insider,False
TES-C1032,Ben Rossi,ben.rossi418@example.com,Shanghai,Cn,Uk,2021-12-07,Standard,False
TES-C8616,Noah Tanaka,noah.tanaka493@example.com,Seattle,Wa,Cn,2023-10-28,Referral Program,False
TES-C8579,Zoe Wilson,zoe.wilson515@example.com,Chicago,Il,Jp,2021-08-23,Insider,False
TES-C2169,olivia tanaka,olivia.tanaka928@example.com,New York,Ny,Uk,2025-04-04,Referral Program,False
TES-C7063, Chen Tanaka ,chen.tanaka909@example.com,Miami,Fl,Us,2021-06-28,Referral Program,False
TES-C9689,Anna Davis,anna.davis9@example.com,Shanghai,Cn,Us,2023-03-04,Standard,False
TES-C7787,david suzuki,david.suzuki44@example.com,Seattle,Wa,Uk,2023-12-16,Referral Program,False
TES-C10222,Mohammed Rossi,mohammed.rossi257@example.com,Chicago,Il,Jp,2023-12-22,Insider,False
TES-C7313,Fatima Yamada,fatima.yamada306@example.com,Shanghai,Cn,Ca,2023-06-14,Standard,False
TES-C9172,Carlos Davis,carlos.davis156@example.com,Fremont,Ca,Us,2021-04-25,Insider,False
TES-C4148,EMMA PATEL,,Seattle,Wa,Ca,2024-08-29,Referral Program,True
TES-C10744,Wei Yamada,wei.yamada830@example.com,Miami,Fl,Cn,2021-12-22,Referral Program,False
TES-C8913,BEN DAVIS,ben.davis254@example.com,Miami,Fl,Ca,2021-06-29,Insider,False
TES-C6002,Carlos Anderson,carlos.anderson434@example.com,Los Angeles,Ca,Us,2022-08-18,Standard,False
TES-C2959,Mohammed Garcia,mohammed.garcia481@example.com,Miami,Fl,De,2024-04-12,Insider,False
TES-C10215,Sofia Suzuki,sofia.suzuki818@example.com,Shanghai,Cn,Ca,2021-06-03,Referral Program,False
TES-C10557,Noah Kumar,noah.kumar315@example.com,Miami,Fl,Uk,2025-05-13,Standard,False
TES-C4461,Ava Singh,ava.singh708@example.com,Berlin,De,Us,2025-03-23,Standard,False
TES-C8107,Fatima Kumar,fatima.kumar681@example.com,Berlin,De,Ca,2024-02-18,Referral Program,False
TES-C9786,Rahul Lee,rahul.lee202@example.com,Shanghai,Cn,Us,2021-09-26,Insider,False
TES-C4095,Emma Brown,emma.brown955@example.com,Miami,Fl,Jp,2024-01-07,Referral Program,False
TES-C2726,vivaan wang,vivaan.wang380@example.com,Los Angeles,Ca,Uk,2022-06-29,Insider,False
TES-C9979,Carlos Rossi,carlos.rossi13@example.com,Berlin,De,Us,2023-07-05,Standard,False
TES-C3266,Ava Yamada,ava.yamada420@example.com,Miami,Fl,Us,2025-12-18,Referral Program,False
TES-C3562,Sara Martin,sara.martin867@example.com,Los Angeles,Ca,Ca,2021-07-11,Referral Program,False
TES-C5740,Olivia Khan,olivia.khan445@example.com,Los Angeles,Ca,Us,2025-05-24,Referral Program,False
TES-C8610,Aditya Rossi,aditya.rossi608@example.com,Fremont,Ca,Jp,2022-03-06,Standard,False
TES-C5779,Emma Kim,emma.kim759@example.com,Fremont,Ca,Cn,2022-04-26,Referral Program,False
TES-C1719,Vivaan Rossi,vivaan.rossi224@example.com,Miami,Fl,Uk,2025-04-06,Standard,False
TES-C9354,OLIVIA YAMADA,,Miami,Fl,Cn,2021-12-31,Unknown,True
TES-C5060, Zoe Sharma ,zoe.sharma181@example.com,New York,Ny,Ca,2023-05-19,Insider,False
TES-C9841,Sofia Singh,sofia.singh762@example.com,Shanghai,Cn,Cn,2024-08-26,Referral Program,False
TES-C7105,Ben Wang,ben.wang447@example.com,Fremont,Ca,De,2023-07-30,Insider,False
TES-C4109,Ken Singh,ken.singh358@example.com,Fremont,Ca,Ca,2024-04-16,Standard,False
TES-C6027,Yuki Johnson,yuki.johnson52@example.com,Shanghai,Cn,De,2024-07-20,Referral Program,False
TES-C4412,John Yamada,,New York,Ny,De,2024-08-12,Standard,True
TES-C7258,Mohammed Kumar,mohammed.kumar659@example.com,Chicago,Il,Jp,2021-02-04,Insider,False
TES-C5778,noah martin,noah.martin664@example.com,San Francisco,Ca,Ca,2023-04-03,Insider,False
TES-C2164,Vivaan Davis,vivaan.davis451@example.com,Chicago,Il,Ca,2025-05-14,Standard,False
TES-C2187,Chen Singh,chen.singh189@example.com,Chicago,Il,Ca,2021-07-02,Standard,False
TES-C3117,noah sharma,noah.sharma614@example.com,New York,Ny,Jp,2021-10-01,Standard,False
TES-C4488,Wei Johnson,wei.johnson965@example.com,Fremont,Ca,Uk,2025-02-10,Standard,False
TES-C10530,KEN SUZUKI,ken.suzuki239@example.com,San Francisco,Ca,Uk,2021-07-01,Referral Program,False
TES-C4291,Priya Chen,priya.chen98@example.com,San Francisco,Ca,Cn,2024-09-20,Referral Program,False
TES-C3841,Olivia Kim,olivia.kim388@example.com,Miami,Fl,Cn,2025-05-10,Standard,False
TES-C5306,Li Singh,li.singh167@example.com,Berlin,De,Jp,2025-05-29,Standard,False
TES-C1163,Wei Kim,wei.kim456@example.com,Fremont,Ca,Uk,2021-04-19,Insider,False
TES-C4594, Chen Singh ,chen.singh17@example.com,Austin,Tx,Jp,2021-05-17,Referral Program,False
TES-C5084,David Smith,david.smith624@example.com,Miami,Fl,Uk,2024-07-04,Insider,False
TES-C4611,RAHUL ANDERSON,rahul.anderson687@example.com,Shanghai,Cn,Us,2023-03-21,Insider,False
TES-C3735,Liam Brown,liam.brown122@example.com,San Francisco,Ca,Us,2024-02-28,Insider,False
TES-C9425,Wei Sharma,wei.sharma913@example.com,Austin,Tx,Cn,2021-12-31,Unknown,False
TES-C6073,John Suzuki,john.suzuki968@example.com,Austin,Tx,Us,2023-07-02,Standard,False
TES-C10652,Anna Yamada,anna.yamada78@example.com,San Francisco,Ca,Uk,2023-06-15,Insider,False
TES-C9642, Vivaan Brown ,vivaan.brown336@example.com,Austin,Tx,De,2021-01-01,Standard,False
TES-C4195,Noah Yamada,noah.yamada120@example.com,San Francisco,Ca,Ca,2023-01-19,Standard,False
TES-C7302,Olivia Rossi,olivia.rossi691@example.com,Seattle,Wa,Cn,2021-09-04,Insider,False
TES-C4330,Aditya Lee,aditya.lee323@example.com,Chicago,Il,Us,2023-07-05,Standard,False
TES-C10659,Aditya Garcia,aditya.garcia187@example.com,Los Angeles,Ca,Us,2022-07-11,Insider,False
TES-C2424,Ava Johnson,ava.johnson788@example.com,Berlin,De,Ca,2022-07-09,Standard,False
TES-C1033,Zoe Wilson,zoe.wilson520@example.com,Berlin,De,Cn,2023-07-27,Standard,False
TES-C3835,Ken Brown,ken.brown817@example.com,Berlin,De,De,2024-12-01,Insider,False
TES-C7708,MICHAEL DAVIS,michael.davis10@example.com,Fremont,Ca,De,2021-08-20,Unknown,False
TES-C6293,Chen Sharma,chen.sharma267@example.com,Chicago,Il,Us,2021-03-17,Insider,False
TES-C5448,David Singh,david.singh975@example.com,Berlin,De,Jp,2022-05-15,Standard,False
TES-C10175,Olivia Kumar,olivia.kumar750@example.com,Seattle,Wa,Ca,2025-07-06,Referral Program,False
TES-C8731, James Suzuki ,james.suzuki336@example.com,New York,Ny,De,2025-10-21,Insider,False
TES-C7981,Aarav Tanaka,aarav.tanaka119@example.com,Austin,Tx,Us,2024-12-22,Standard,False
TES-C8642,Ben Martin,ben.martin323@example.com,New York,Ny,Jp,2025-02-15,Standard,False
TES-C9690,David Wang,david.wang447@example.com,Austin,Tx,Cn,2021-04-01,Insider,False
TES-C10979,James Sharma,james.sharma915@example.com,Shanghai,Cn,Cn,2025-07-04,Referral Program,False
TES-C7637,James Yamada,james.yamada621@example.com,Shanghai,Cn,De,2022-12-29,Referral Program,False
TES-C5155,MICHAEL WANG,michael.wang198@example.com,San Francisco,Ca,Uk,2023-04-14,Referral Program,False
TES-C5689,Zoe Wilson,zoe.wilson643@example.com,Miami,Fl,Cn,2025-05-16,Insider,False
TES-C9522, James Sharma ,james.sharma188@example.com,Shanghai,Cn,Us,2025-09-20,Referral Program,False
TES-C8131,michael kim,michael.kim903@example.com,Los Angeles,Ca,Cn,2025-05-18,Insider,False
TES-C1540,Yuki Kumar,yuki.kumar234@example.com,Austin,Tx,Jp,2023-11-14,Standard,False
TES-C10432,Rahul Brown,,Seattle,Wa,De,2025-12-24,Insider,True
TES-C6584,James Sharma,james.sharma765@example.com,Austin,Tx,Us,2025-03-25,Referral Program,False
TES-C9617,Mohammed Johnson,mohammed.johnson955@example.com,San Francisco,Ca,Cn,2021-11-26,Insider,False
TES-C6708,Michael Johnson,,Miami,Fl,Us,2024-11-22,Referral Program,True
TES-C9996,Rahul Brown,rahul.brown652@example.com,Los Angeles,Ca,Uk,2024-11-28,Insider,False
TES-C4320,Michael Brown,michael.brown912@example.com,Los Angeles,Ca,Jp,2023-10-26,Standard,False
TES-C8883,carlos johnson,,San Francisco,Ca,Jp,2021-09-28,Referral Program,True
TES-C5727, Li Johnson ,li.johnson616@example.com,Chicago,Il,Uk,2022-08-14,Insider,False
TES-C7429,Chen Brown,,San Francisco,Ca,Ca,2023-03-05,Standard,True
TES-C8414,Liam Martin,liam.martin537@example.com,Berlin,De,Cn,2024-09-17,Standard,False
TES-C10280,Wei Sharma,wei.sharma901@example.com,Seattle,Wa,Uk,2022-05-30,Referral Program,False
TES-C4652,John Sharma,john.sharma808@example.com,Shanghai,Cn,Us,2025-10-15,Unknown,False
TES-C8917,Liam Lee,liam.lee637@example.com,Austin,Tx,Ca,2024-12-21,Insider,False
TES-C7737,James Yamada,james.yamada409@example.com,Miami,Fl,Cn,2022-02-18,Insider,False
TES-C4178,Maria Rossi,maria.rossi930@example.com,Shanghai,Cn,Jp,2021-09-11,Standard,False
TES-C2881,James Suzuki,james.suzuki400@example.com,Austin,Tx,Ca,2024-06-21,Unknown,False
TES-C7437,Sara Wilson,sara.wilson258@example.com,Seattle,Wa,Us,2025-03-05,Referral Program,False
TES-C8704,Zoe Suzuki,zoe.suzuki998@example.com,Berlin,De,Jp,2023-03-30,Standard,False
TES-C10391,MOHAMMED GARCIA,mohammed.garcia488@example.com,New York,Ny,Jp,2022-03-09,Insider,False
TES-C1132,FATIMA PATEL,fatima.patel592@example.com,Miami,Fl,De,2023-12-30,Insider,False
TES-C8507,Maria Suzuki,maria.suzuki229@example.com,Berlin,De,De,2023-05-24,Standard,False
TES-C7051,Maria Singh,,Berlin,De,Uk,2021-10-08,Insider,True
TES-C3443,LI TANAKA,li.tanaka316@example.com,New York,Ny,Jp,2023-10-22,Referral Program,False
TES-C2168,CARLOS CHEN,carlos.chen507@example.com,Berlin,De,Cn,2022-07-03,Insider,False
TES-C10904,Maria Singh,maria.singh147@example.com,San Francisco,Ca,De,2021-08-08,Standard,False
TES-C2371,Vivaan Suzuki,vivaan.suzuki282@example.com,Berlin,De,Cn,2025-02-16,Insider,False
TES-C3272,Noah Müller,noah.müller603@example.com,New York,Ny,Ca,2022-06-13,Referral Program,False
TES-C5264,Li Yamada,li.yamada450@example.com,Fremont,Ca,Uk,2025-11-26,Standard,False
TES-C4676,Anna Yamada,anna.yamada406@example.com,Berlin,De,Us,2024-07-26,Standard,False
TES-C4975,Ken Chen,ken.chen155@example.com,Shanghai,Cn,Uk,2024-02-19,Standard,False
TES-C6702,VIVAAN SUZUKI,vivaan.suzuki210@example.com,New York,Ny,Jp,2021-07-24,Unknown,False
TES-C10777,Ken Yamada,ken.yamada685@example.com,Los Angeles,Ca,Us,2023-07-25,Standard,False
TES-C5904,Priya Wang,priya.wang16@example.com,Los Angeles,Ca,Ca,2025-08-18,Insider,False
TES-C4452,Noah Lee,noah.lee933@example.com,Miami,Fl,De,2023-05-16,Referral Program,False
TES-C7334,Sara Rossi,sara.rossi255@example.com,Chicago,Il,Jp,2023-05-17,Standard,False
TES-C2788,Vivaan Wang,vivaan.wang546@example.com,Berlin,De,De,2023-09-02,Referral Program,False
TES-C1981,Aarav Smith,aarav.smith343@example.com,Chicago,Il,Cn,2022-01-30,Referral Program,False
TES-C5412,Wei Wilson,wei.wilson457@example.com,Fremont,Ca,Jp,2025-10-12,Referral Program,False
TES-C2960,liam smith,liam.smith852@example.com,New York,Ny,Uk,2021-04-20,Insider,False
TES-C4413,John Wilson,john.wilson925@example.com,Chicago,Il,Ca,2021-07-02,Standard,False
TES-C6833,Anna Tanaka,anna.tanaka481@example.com,Los Angeles,Ca,Uk,2023-07-22,Insider,False
TES-C1011,Vivaan Smith,,Shanghai,Cn,Ca,2021-08-29,Insider,True
TES-C2688,Wei Wang,wei.wang926@example.com,Austin,Tx,Uk,2025-10-12,Referral Program,False
TES-C8846,Li Johnson,li.johnson286@example.com,New York,Ny,Ca,2024-11-18,Insider,False
TES-C10304,Olivia Sharma,olivia.sharma307@example.com,San Francisco,Ca,Jp,2023-06-28,Standard,False
TES-C3590,Mohammed Martin,mohammed.martin939@example.com,San Francisco,Ca,Jp,2022-09-20,Standard,False
TES-C5680,SARA GARCIA,sara.garcia757@example.com,San Francisco,Ca,Ca,2023-05-23,Standard,False
TES-C7143,Chen Martin,chen.martin727@example.com,Los Angeles,Ca,Ca,2021-01-05,Insider,False
TES-C3474,Aarav Johnson,aarav.johnson429@example.com,Shanghai,Cn,Ca,2024-12-13,Referral Program,False
TES-C2946,Michael Brown,michael.brown474@example.com,New York,Ny,Cn,2023-01-30,Insider,False
TES-C5953,Chen Yamada,chen.yamada228@example.com,Miami,Fl,Uk,2023-01-10,Standard,False
TES-C2377,Vivaan Davis,vivaan.davis669@example.com,Fremont,Ca,Cn,2023-09-11,Insider,False
TES-C5712,Sofia Wang,sofia.wang123@example.com,Berlin,De,De,2025-08-25,Insider,False
TES-C6320,Anna Suzuki,anna.suzuki356@example.com,Berlin,De,Cn,2021-06-28,Standard,False
TES-C8050,Maria Kim,maria.kim30@example.com,Shanghai,Cn,Cn,2022-08-29,Referral Program,False
TES-C4794,Carlos Lee,,Shanghai,Cn,De,2024-07-31,Standard,True
TES-C2571,John Anderson,john.anderson75@example.com,Berlin,De,Ca,2025-09-29,Standard,False
TES-C3261,Ava Tanaka,ava.tanaka480@example.com,San Francisco,Ca,De,2021-01-24,Referral Program,False
TES-C5012,Mohammed Anderson,mohammed.anderson589@example.com,Chicago,Il,Us,2025-04-08,Referral Program,False
TES-C7360,KEN ROSSI,ken.rossi232@example.com,Chicago,Il,De,2023-11-20,Referral Program,False
TES-C8079,Ken Garcia,ken.garcia169@example.com,Berlin,De,Uk,2023-09-04,Insider,False
TES-C6806,Emma Tanaka,emma.tanaka606@example.com,Austin,Tx,Us,2022-09-04,Referral Program,False
TES-C2759,David Davis,david.davis158@example.com,Fremont,Ca,Ca,2024-11-06,Referral Program,False
TES-C1508,john wang,john.wang986@example.com,Shanghai,Cn,Us,2023-11-15,Standard,False
TES-C4543,chen wilson,chen.wilson636@example.com,San Francisco,Ca,Uk,2022-10-06,Insider,False
TES-C3717,Sara Davis,sara.davis357@example.com,Los Angeles,Ca,De,2025-01-23,Standard,False
TES-C1171,Ben Kumar,ben.kumar797@example.com,Seattle,Wa,Us,2024-07-17,Insider,False
TES-C3286,Yuki Wilson,yuki.wilson14@example.com,Berlin,De,Cn,2022-01-12,Insider,False
TES-C1519,Aditya Rossi,aditya.rossi149@example.com,San Francisco,Ca,Us,2025-03-22,Referral Program,False
TES-C8121,James Johnson,james.johnson505@example.com,Fremont,Ca,De,2025-08-12,Insider,False
TES-C6480,Ava Wang,ava.wang607@example.com,New York,Ny,Cn,2024-05-28,Standard,False
TES-C4213, Priya Wilson ,priya.wilson399@example.com,Chicago,Il,Us,2023-01-09,Standard,False
TES-C4144, Sofia Rossi ,sofia.rossi48@example.com,Miami,Fl,Ca,2025-06-08,Insider,False
TES-C10898,Emma Davis,emma.davis398@example.com,Chicago,Il,Jp,2021-02-16,Insider,False
TES-C2200,John Martin,john.martin166@example.com,San Francisco,Ca,Us,2022-09-02,Insider,False
TES-C6008,Liam Wilson,liam.wilson385@example.com,Seattle,Wa,Jp,2023-07-20,Referral Program,False
TES-C6252,olivia smith,olivia.smith560@example.com,New York,Ny,Jp,2022-09-10,Standard,False
TES-C5285,Aarav Chen,aarav.chen444@example.com,Fremont,Ca,De,2022-01-25,Insider,False
TES-C7595,Sofia Khan,,Shanghai,Cn,Us,2021-11-19,Standard,True
TES-C1890,Fatima Wang,fatima.wang867@example.com,Berlin,De,Cn,2024-10-06,Unknown,False
TES-C8396,Aarav Kim,aarav.kim500@example.com,Shanghai,Cn,Us,2021-06-13,Insider,False
TES-C9637,Aarav Tanaka,aarav.tanaka314@example.com,Shanghai,Cn,Ca,2023-09-06,Standard,False
TES-C2333,Priya Patel,priya.patel350@example.com,Shanghai,Cn,Uk,2024-12-09,Referral Program,False
TES-C7345,Maria Johnson,maria.johnson191@example.com,San Francisco,Ca,Cn,2023-01-30,Referral Program,False
TES-C2428,Sofia Rossi,sofia.rossi11@example.com,Miami,Fl,Us,2022-11-28,Insider,False
TES-C10143,Sara Khan,sara.khan64@example.com,Fremont,Ca,De,2023-05-23,Standard,False
TES-C1247,NOAH ROSSI,noah.rossi907@example.com,Austin,Tx,Ca,2025-02-23,Standard,False
TES-C8753,Ben Tanaka,ben.tanaka773@example.com,Berlin,De,Us,2023-12-21,Referral Program,False
TES-C4155,Aditya Singh,aditya.singh889@example.com,Seattle,Wa,Jp,2022-11-17,Standard,False
TES-C10824, Vivaan Wilson ,vivaan.wilson830@example.com,San Francisco,Ca,Jp,2022-11-23,Standard,False
TES-C6707,Yuki Anderson,yuki.anderson568@example.com,Fremont,Ca,Ca,2023-09-09,Insider,False
TES-C6626,John Tanaka,john.tanaka798@example.com,Seattle,Wa,Uk,2021-02-22,Insider,False
TES-C4401,Chen Müller,chen.müller300@example.com,Seattle,Wa,Cn,2024-03-10,Referral Program,False
TES-C4286,Emma Wilson,emma.wilson723@example.com,Shanghai,Cn,De,2025-05-25,Referral Program,False
TES-C8989,Wei Davis,wei.davis897@example.com,Chicago,Il,Us,2023-02-21,Standard,False
TES-C10547,Noah Suzuki,noah.suzuki476@example.com,Austin,Tx,De,2023-10-16,Referral Program,False
TES-C5130,Ava Tanaka,ava.tanaka137@example.com,Chicago,Il,De,2023-04-10,Insider,False
TES-C7086,Aditya Suzuki,aditya.suzuki957@example.com,San Francisco,Ca,Jp,2021-10-07,Standard,False
TES-C10678,Fatima Wilson,fatima.wilson447@example.com,Berlin,De,Uk,2022-06-24,Referral Program,False
TES-C5475,priya rossi,priya.rossi404@example.com,Miami,Fl,Uk,2021-09-06,Referral Program,False
TES-C8162,James Khan,james.khan553@example.com,Austin,Tx,Cn,2022-12-03,Insider,False
TES-C9190,Maria Wilson,maria.wilson591@example.com,Austin,Tx,Ca,2024-08-03,Insider,False
TES-C10311,aarav sharma,aarav.sharma195@example.com,New York,Ny,Cn,2021-09-20,Insider,False
TES-C1118,Aditya Chen,aditya.chen486@example.com,Fremont,Ca,Cn,2024-10-29,Insider,False
TES-C7364,Anna Garcia,anna.garcia152@example.com,Los Angeles,Ca,Us,2021-10-27,Referral Program,False
TES-C2126,Priya Yamada,priya.yamada127@example.com,Fremont,Ca,De,2024-02-23,Insider,False
TES-C8026,michael singh,michael.singh540@example.com,Seattle,Wa,Ca,2024-06-12,Standard,False
TES-C6031,Fatima Martin,,Chicago,Il,Ca,2025-06-02,Standard,True
TES-C1173,Vivaan Müller,vivaan.müller144@example.com,Berlin,De,Cn,2022-10-10,Insider,False
TES-C8224,David Martin,david.martin559@example.com,San Francisco,Ca,Us,2023-10-12,Standard,False
TES-C10032,Wei Khan,wei.khan386@example.com,New York,Ny,Jp,2022-06-23,Standard,False
TES-C3592,Wei Khan,wei.khan453@example.com,Berlin,De,Us,2022-07-20,Referral Program,False
TES-C1442,Li Smith,,San Francisco,Ca,Jp,2024-12-16,Insider,True
TES-C10859,Zoe Wilson,zoe.wilson446@example.com,Fremont,Ca,Ca,2022-02-24,Referral Program,False
TES-C7457,Aditya Wilson,,New York,Ny,De,2022-06-28,Referral Program,True
TES-C7858,Aarav Martin,aarav.martin625@example.com,Fremont,Ca,Uk,2023-02-20,Referral Program,False
TES-C8979,Ken Chen,ken.chen970@example.com,Chicago,Il,De,2022-03-06,Referral Program,False
TES-C1634,Ava Tanaka,ava.tanaka542@example.com,Chicago,Il,Us,2023-07-28,Referral Program,False
TES-C8233,Aarav Yamada,aarav.yamada512@example.com,Shanghai,Cn,Cn,2022-07-02,Referral Program,False
TES-C2567,Aditya Davis,aditya.davis462@example.com,Seattle,Wa,Jp,2021-09-15,Referral Program,False
TES-C9719,Sofia Wang,sofia.wang145@example.com,Los Angeles,Ca,Us,2021-09-08,Standard,False
TES-C10052,Chen Johnson,chen.johnson363@example.com,New York,Ny,Jp,2024-04-26,Standard,False
TES-C5057,Rahul Sharma,rahul.sharma117@example.com,Fremont,Ca,Ca,2023-01-16,Referral Program,False
TES-C6922,Vivaan Wilson,vivaan.wilson165@example.com,New York,Ny,Ca,2022-05-25,Referral Program,False
TES-C9506, Michael Johnson ,michael.johnson869@example.com,Miami,Fl,Us,2024-09-25,Referral Program,False
TES-C10081,Aarav Khan,aarav.khan362@example.com,Seattle,Wa,Jp,2024-01-09,Standard,False
TES-C4328,Olivia Müller,olivia.müller244@example.com,New York,Ny,Uk,2023-08-04,Unknown,False
TES-C3408,Priya Martin,priya.martin884@example.com,Chicago,Il,Uk,2022-01-24,Insider,False
TES-C1231,Mohammed Brown,mohammed.brown842@example.com,San Francisco,Ca,Cn,2021-10-18,Standard,False
TES-C7730,Zoe Sharma,zoe.sharma619@example.com,Los Angeles,Ca,Ca,2022-05-21,Referral Program,False
TES-C9531,Olivia Wilson,olivia.wilson262@example.com,Shanghai,Cn,Uk,2022-07-09,Referral Program,False
TES-C8219,James Johnson,,Seattle,Wa,Jp,2025-09-29,Referral Program,True
TES-C10700,SOFIA BROWN,sofia.brown766@example.com,San Francisco,Ca,Cn,2025-10-01,Referral Program,False
TES-C4403,John Tanaka,john.tanaka809@example.com,Los Angeles,Ca,Us,2022-10-23,Referral Program,False
TES-C9989,zoe kumar,zoe.kumar151@example.com,Seattle,Wa,Cn,2022-08-14,Standard,False
TES-C9258,Chen Suzuki,chen.suzuki555@example.com,Austin,Tx,Jp,2021-06-15,Insider,False
TES-C2272,Michael Brown,michael.brown97@example.com,Berlin,De,Ca,2022-06-14,Referral Program,False
TES-C10730,PRIYA SUZUKI,priya.suzuki359@example.com,Seattle,Wa,Ca,2025-10-20,Referral Program,False
TES-C9683,Emma Sharma,emma.sharma951@example.com,San Francisco,Ca,De,2025-06-12,Referral Program,False
TES-C7049,Vivaan Khan,vivaan.khan449@example.com,Fremont,Ca,Us,2025-06-10,Referral Program,False
TES-C4421,Aarav Chen,aarav.chen246@example.com,Shanghai,Cn,Ca,2024-05-01,Referral Program,False
TES-C6608,Chen Müller,chen.müller602@example.com,Fremont,Ca,Cn,2022-10-27,Referral Program,False
TES-C3694,Rahul Müller,rahul.müller659@example.com,Austin,Tx,Uk,2023-10-19,Referral Program,False
TES-C7573,Aditya Johnson,,Shanghai,Cn,Us,2025-06-01,Insider,True
TES-C8135,Liam Sharma,liam.sharma141@example.com,Austin,Tx,Us,2022-01-18,Referral Program,False
TES-C6609,Yuki Khan,,Berlin,De,Ca,2022-05-11,Insider,True
TES-C3663,Sara Singh,,Fremont,Ca,Cn,2025-04-05,Insider,True
TES-C1675,Emma Kumar,emma.kumar372@example.com,Berlin,De,De,2021-08-16,Referral Program,False
TES-C10240,Emma Müller,emma.müller713@example.com,Fremont,Ca,Ca,2024-01-21,Insider,False
TES-C2318,Aarav Müller,aarav.müller436@example.com,Shanghai,Cn,Jp,2024-06-18,Standard,False
TES-C3343,Emma Kim,emma.kim22@example.com,Shanghai,Cn,Jp,2025-11-12,Insider,False
TES-C1961,Vivaan Johnson,vivaan.johnson3@example.com,New York,Ny,Ca,2022-03-13,Standard,False
TES-C4492,Fatima Khan,fatima.khan12@example.com,Fremont,Ca,De,2025-01-27,Standard,False
TES-C10658,ZOE YAMADA,zoe.yamada166@example.com,Berlin,De,De,2025-03-10,Insider,False
TES-C6619,Vivaan Kim,vivaan.kim774@example.com,Miami,Fl,Ca,2025-04-08,Insider,False
TES-C2868,Priya Martin,priya.martin778@example.com,Chicago,Il,Ca,2021-01-01,Referral Program,False
TES-C4002,OLIVIA GARCIA,olivia.garcia688@example.com,Los Angeles,Ca,Jp,2025-01-21,Insider,False
TES-C2356,Wei Johnson,wei.johnson599@example.com,Austin,Tx,Us,2022-04-06,Unknown,False
TES-C7186,David Anderson,david.anderson933@example.com,Los Angeles,Ca,Cn,2022-02-17,Standard,False
TES-C10147,Zoe Smith,zoe.smith564@example.com,Chicago,Il,De,2023-07-13,Insider,False
TES-C4221,Mohammed Garcia,mohammed.garcia811@example.com,New York,Ny,Uk,2024-12-08,Referral Program,False
TES-C3471,WEI BROWN,wei.brown738@example.com,San Francisco,Ca,Jp,2023-07-27,Standard,False
TES-C1566,John Rossi,,New York,Ny,Uk,2025-10-04,Insider,True
TES-C1830,JAMES SHARMA,james.sharma389@example.com,Berlin,De,Us,2022-12-19,Insider,False
TES-C10710,James Brown,james.brown329@example.com,Los Angeles,Ca,Cn,2023-11-15,Standard,False
TES-C5366,Ava Rossi,ava.rossi677@example.com,Los Angeles,Ca,Uk,2025-11-10,Referral Program,False
TES-C10132,Yuki Müller,yuki.müller387@example.com,Miami,Fl,De,2025-05-09,Referral Program,False
TES-C9815,Yuki Smith,yuki.smith219@example.com,Seattle,Wa,Us,2021-05-08,Standard,False
TES-C10042,Anna Patel,anna.patel391@example.com,Miami,Fl,Uk,2023-01-25,Insider,False
TES-C8397,John Sharma,john.sharma271@example.com,New York,Ny,Jp,2025-02-14,Insider,False
TES-C8900,Ava Johnson,ava.johnson92@example.com,Miami,Fl,De,2021-04-24,Standard,False
TES-C8470,Priya Wilson,,Los Angeles,Ca,Uk,2023-01-20,Referral Program,True
TES-C9153,Mohammed Patel,mohammed.patel18@example.com,Austin,Tx,Cn,2022-04-28,Insider,False
TES-C10630,YUKI MÜLLER,yuki.müller524@example.com,Los Angeles,Ca,Jp,2025-02-01,Insider,False
TES-C2559,David Lee,david.lee853@example.com,Los Angeles,Ca,Us,2024-12-07,Referral Program,False
TES-C2422,john suzuki,john.suzuki261@example.com,Shanghai,Cn,Ca,2021-02-07,Insider,False
TES-C7819,Michael Khan,michael.khan357@example.com,Berlin,De,Ca,2021-10-17,Referral Program,False
TES-C6009,Li Wilson,li.wilson556@example.com,Chicago,Il,Cn,2024-12-22,Referral Program,False
TES-C6625,Zoe Lee,zoe.lee754@example.com,Seattle,Wa,Us,2022-02-01,Referral Program,False
TES-C5622,Michael Anderson,michael.anderson518@example.com,Miami,Fl,Uk,2023-01-16,Insider,False
TES-C3132,john brown,john.brown753@example.com,New York,Ny,Uk,2024-09-13,Insider,False
TES-C10225,Emma Lee,emma.lee30@example.com,Los Angeles,Ca,Us,2022-12-25,Standard,False
TES-C9781,Wei Wang,wei.wang796@example.com,Austin,Tx,Jp,2021-05-02,Insider,False
TES-C6033,MICHAEL MARTIN,michael.martin515@example.com,Seattle,Wa,De,2024-03-29,Insider,False
TES-C5459,Anna Müller,anna.müller917@example.com,Seattle,Wa,Uk,2023-10-16,Insider,False
TES-C8021,Aditya Kumar,aditya.kumar666@example.com,San Francisco,Ca,De,2022-08-15,Standard,False
TES-C10034,Fatima Wang,fatima.wang419@example.com,Fremont,Ca,De,2025-10-11,Standard,False
TES-C6022,liam wilson,liam.wilson751@example.com,San Francisco,Ca,Uk,2024-10-21,Insider,False
TES-C4051,Anna Singh,anna.singh83@example.com,Austin,Tx,Jp,2023-04-23,Referral Program,False
TES-C10952,Mohammed Anderson,mohammed.anderson503@example.com,San Francisco,Ca,Ca,2022-05-30,Insider,False
TES-C3824,michael khan,michael.khan638@example.com,Fremont,Ca,Us,2022-09-04,Insider,False
TES-C3741,Ava Brown,ava.brown502@example.com,Chicago,Il,Us,2021-05-11,Standard,False
TES-C9382,Vivaan Suzuki,vivaan.suzuki840@example.com,Berlin,De,Uk,2025-07-07,Insider,False
TES-C4182,Chen Rossi,chen.rossi354@example.com,Seattle,Wa,Ca,2022-06-12,Insider,False
TES-C1103,Priya Smith,priya.smith789@example.com,Seattle,Wa,De,2023-11-20,Insider,False
TES-C2783,Yuki Garcia,,Fremont,Ca,Us,2025-09-17,Insider,True
TES-C9481,Noah Garcia,noah.garcia642@example.com,Chicago,Il,Jp,2024-03-17,Standard,False
TES-C10180,Sofia Khan,sofia.khan890@example.com,Austin,Tx,Uk,2022-09-12,Referral Program,False
TES-C5382,Ava Smith,ava.smith999@example.com,New York,Ny,Us,2023-01-15,Standard,False
TES-C7107,JOHN DAVIS,john.davis462@example.com,Seattle,Wa,Us,2021-03-11,Insider,False
TES-C7625,Liam Wang,liam.wang151@example.com,New York,Ny,Jp,2023-04-25,Referral Program,False
TES-C10268,Carlos Rossi,carlos.rossi17@example.com,Miami,Fl,Uk,2023-04-10,Referral Program,False
TES-C7609,Aarav Wang,aarav.wang535@example.com,Berlin,De,Cn,2021-11-29,Insider,False
TES-C5160,LIAM WILSON,liam.wilson876@example.com,Fremont,Ca,Cn,2024-06-17,Referral Program,False
TES-C5167,Sofia Anderson,sofia.anderson547@example.com,Berlin,De,Cn,2024-06-09,Standard,False
TES-C1503,Emma Khan,emma.khan915@example.com,Shanghai,Cn,Ca,2023-03-23,Standard,False
TES-C9405,Anna Martin,anna.martin508@example.com,San Francisco,Ca,De,2025-06-25,Standard,False
TES-C2505,Aarav Anderson,aarav.anderson929@example.com,Seattle,Wa,Jp,2022-11-16,Referral Program,False
TES-C9538,John Kumar,,Shanghai,Cn,Us,2021-04-20,Referral Program,True
TES-C7766,Olivia Smith,olivia.smith278@example.com,Seattle,Wa,Jp,2021-04-24,Referral Program,False
TES-C4706,Sara Sharma,sara.sharma269@example.com,New York,Ny,Uk,2022-05-24,Standard,False
TES-C9601,Rahul Singh,,Chicago,Il,Us,2022-09-18,Referral Program,True
TES-C1089,anna suzuki,anna.suzuki271@example.com,Berlin,De,De,2024-12-16,Insider,False
TES-C5008,Aarav Kim,aarav.kim364@example.com,Shanghai,Cn,De,2023-12-20,Insider,False
TES-C6951,Ken Khan,ken.khan214@example.com,Berlin,De,Uk,2023-09-30,Unknown,False
TES-C5427,Wei Kumar,wei.kumar829@example.com,Fremont,Ca,Uk,2025-03-07,Insider,False
TES-C1731,BEN KUMAR,ben.kumar627@example.com,Austin,Tx,Us,2024-11-25,Standard,False
TES-C5275,liam anderson,liam.anderson827@example.com,Chicago,Il,Uk,2022-04-24,Unknown,False
TES-C5654,vivaan patel,vivaan.patel88@example.com,New York,Ny,Cn,2024-03-05,Standard,False
TES-C6831,zoe singh,zoe.singh266@example.com,Shanghai,Cn,Ca,2022-05-22,Referral Program,False
TES-C4502,Chen Chen,chen.chen249@example.com,Shanghai,Cn,Uk,2021-01-04,Insider,False
TES-C6120,Liam Lee,liam.lee925@example.com,San Francisco,Ca,De,2025-09-23,Standard,False
TES-C10524,Sara Patel,,Chicago,Il,Ca,2024-09-12,Referral Program,True
TES-C8778,Vivaan Suzuki,vivaan.suzuki781@example.com,Shanghai,Cn,De,2022-02-15,Referral Program,False
TES-C9804,VIVAAN SMITH,vivaan.smith625@example.com,Shanghai,Cn,Cn,2022-06-27,Insider,False
TES-C4536,NOAH YAMADA,noah.yamada222@example.com,Miami,Fl,Ca,2025-03-03,Referral Program,False
TES-C6617,Sara Smith,sara.smith393@example.com,Miami,Fl,Uk,2021-04-19,Unknown,False
TES-C3416,Ben Suzuki,ben.suzuki6@example.com,Los Angeles,Ca,Uk,2024-05-11,Standard,False
TES-C2732,Chen Lee,chen.lee371@example.com,Fremont,Ca,Uk,2021-09-14,Referral Program,False
TES-C5339,SARA WILSON,sara.wilson602@example.com,Fremont,Ca,Uk,2024-03-04,Referral Program,False
TES-C1850,Yuki Rossi,yuki.rossi304@example.com,New York,Ny,Ca,2025-03-31,Insider,False
TES-C4442,JOHN TANAKA,john.tanaka409@example.com,Berlin,De,De,2022-07-23,Referral Program,False
TES-C7473, Li Yamada ,li.yamada383@example.com,Shanghai,Cn,De,2023-07-13,Referral Program,False
TES-C8677,DAVID LEE,david.lee726@example.com,Los Angeles,Ca,De,2021-05-31,Insider,False
TES-C8578,Aditya Wang,,Miami,Fl,De,2021-06-01,Insider,True
TES-C7937,Olivia Khan,olivia.khan816@example.com,Austin,Tx,De,2021-08-31,Referral Program,False
TES-C1551,Zoe Kim,zoe.kim22@example.com,Shanghai,Cn,Us,2023-07-05,Standard,False
TES-C4776,Yuki Tanaka,yuki.tanaka232@example.com,Shanghai,Cn,Jp,2022-08-15,Referral Program,False
TES-C5973,LI GARCIA,li.garcia667@example.com,Los Angeles,Ca,Ca,2022-12-04,Referral Program,False
TES-C4516,Sara Smith,sara.smith561@example.com,Berlin,De,Jp,2024-06-27,Standard,False
TES-C8468,Ava Suzuki,ava.suzuki586@example.com,New York,Ny,Uk,2021-10-30,Insider,False
TES-C7463,Sofia Müller,sofia.müller178@example.com,Berlin,De,Uk,2025-10-24,Referral Program,False
TES-C8644,Liam Sharma,liam.sharma980@example.com,Berlin,De,Us,2025-01-13,Insider,False
TES-C6857, Priya Kumar ,priya.kumar588@example.com,Miami,Fl,De,2024-02-02,Referral Program,False
TES-C8744,Liam Sharma,liam.sharma894@example.com,Los Angeles,Ca,De,2021-09-28,Standard,False
TES-C7109,James Suzuki,james.suzuki614@example.com,Berlin,De,Ca,2025-09-18,Standard,False
TES-C6046,SOFIA YAMADA,sofia.yamada423@example.com,San Francisco,Ca,Uk,2022-03-02,Standard,False
TES-C4542,Noah Rossi,noah.rossi380@example.com,Los Angeles,Ca,Jp,2024-01-07,Insider,False
TES-C8723,Zoe Lee,zoe.lee343@example.com,San Francisco,Ca,De,2021-02-18,Standard,False
TES-C1797,YUKI KHAN,yuki.khan986@example.com,Los Angeles,Ca,Jp,2024-02-09,Insider,False
TES-C1723,priya kumar,priya.kumar510@example.com,Los Angeles,Ca,Jp,2024-11-01,Insider,False
TES-C4410,Sara Khan,sara.khan475@example.com,Berlin,De,Jp,2023-03-26,Standard,False
TES-C2215,Fatima Tanaka,fatima.tanaka300@example.com,New York,Ny,Us,2022-04-06,Referral Program,False
TES-C1657,Fatima Patel,fatima.patel252@example.com,Austin,Tx,Ca,2025-07-31,Referral Program,False
TES-C2569,Sofia Garcia,,Seattle,Wa,Us,2025-04-23,Referral Program,True
TES-C8922,Wei Patel,wei.patel331@example.com,Berlin,De,Us,2022-02-20,Standard,False
TES-C9292,Aditya Brown,aditya.brown468@example.com,Seattle,Wa,Jp,2021-06-09,Standard,False
TES-C10393,Rahul Singh,rahul.singh698@example.com,Shanghai,Cn,Cn,2025-09-15,Standard,False
TES-C2339,Yuki Patel,yuki.patel45@example.com,Shanghai,Cn,Ca,2023-11-18,Unknown,False
TES-C6449,Carlos Sharma,carlos.sharma759@example.com,Miami,Fl,Us,2024-12-20,Referral Program,False
TES-C4944,Sara Kumar,sara.kumar61@example.com,San Francisco,Ca,Ca,2023-12-11,Standard,False
TES-C9151,vivaan brown,vivaan.brown143@example.com,Miami,Fl,Jp,2022-07-13,Insider,False
TES-C9836,Fatima Wang,,San Francisco,Ca,Uk,2021-05-08,Insider,True
TES-C9220,Wei Yamada,wei.yamada658@example.com,Los Angeles,Ca,Cn,2022-11-17,Standard,False
TES-C6572,Mohammed Rossi,mohammed.rossi433@example.com,New York,Ny,Uk,2022-03-11,Referral Program,False
TES-C3900,Fatima Khan,fatima.khan561@example.com,San Francisco,Ca,Ca,2024-01-31,Insider,False
TES-C7034,Mohammed Yamada,mohammed.yamada253@example.com,San Francisco,Ca,Jp,2023-06-12,Standard,False
TES-C1180,Zoe Suzuki,zoe.suzuki932@example.com,Chicago,Il,Uk,2025-01-03,Referral Program,False
TES-C3720,zoe martin,zoe.martin122@example.com,Los Angeles,Ca,De,2022-10-07,Referral Program,False
TES-C4702,AVA SMITH,ava.smith187@example.com,Chicago,Il,De,2024-02-12,Referral Program,False
TES-C2470,Noah Sharma,noah.sharma699@example.com,Berlin,De,Cn,2023-01-02,Insider,False
TES-C5567,Wei Tanaka,wei.tanaka300@example.com,Fremont,Ca,Us,2021-11-12,Insider,False
TES-C5864,Carlos Davis,carlos.davis263@example.com,Seattle,Wa,Uk,2024-03-09,Insider,False
TES-C2088,Ken Suzuki,ken.suzuki247@example.com,Berlin,De,Jp,2024-06-06,Referral Program,False
TES-C4698,Michael Anderson,,Shanghai,Cn,Uk,2023-08-20,Insider,True
TES-C5324,yuki kim,yuki.kim25@example.com,Seattle,Wa,De,2022-09-08,Standard,False
TES-C3353,David Chen,david.chen175@example.com,New York,Ny,Uk,2025-11-11,Standard,False
TES-C2091,Ava Kumar,ava.kumar73@example.com,Los Angeles,Ca,De,2021-02-15,Referral Program,False
TES-C5842,Ben Suzuki,ben.suzuki302@example.com,New York,Ny,De,2021-07-25,Referral Program,False
TES-C6644,Ken Martin,ken.martin970@example.com,Austin,Tx,Uk,2024-04-06,Referral Program,False
TES-C10494,John Tanaka,john.tanaka116@example.com,Los Angeles,Ca,Cn,2022-05-15,Referral Program,False
TES-C8921,James Rossi,james.rossi937@example.com,Fremont,Ca,De,2025-10-30,Standard,False
TES-C5795,Zoe Rossi,zoe.rossi428@example.com,Seattle,Wa,Us,2025-03-02,Insider,False
TES-C1295,Ava Patel,ava.patel926@example.com,Fremont,Ca,De,2024-01-05,Standard,False
TES-C5195,Aditya Johnson,aditya.johnson186@example.com,San Francisco,Ca,Jp,2025-03-14,Insider,False
TES-C2381,Maria Chen,maria.chen933@example.com,Fremont,Ca,Uk,2025-05-19,Insider,False
TES-C10569,Fatima Johnson,fatima.johnson645@example.com,Los Angeles,Ca,Cn,2021-03-25,Referral Program,False
TES-C3753,wei wang,wei.wang222@example.com,Shanghai,Cn,Us,2025-03-26,Insider,False
TES-C8035,Anna Kim,anna.kim134@example.com,New York,Ny,Us,2025-05-30,Referral Program,False
TES-C6638,Priya Johnson,priya.johnson461@example.com,Fremont,Ca,Uk,2023-09-17,Insider,False
TES-C9166,James Johnson,james.johnson433@example.com,Miami,Fl,Jp,2023-02-09,Unknown,False
TES-C2514,Maria Singh,maria.singh330@example.com,New York,Ny,De,2025-12-30,Insider,False
TES-C10896,Aditya Wilson,aditya.wilson168@example.com,Chicago,Il,Us,2022-11-07,Referral Program,False
TES-C6561,ken garcia,,Los Angeles,Ca,Jp,2024-07-22,Insider,True
TES-C7472,RAHUL TANAKA,rahul.tanaka651@example.com,Seattle,Wa,Jp,2025-01-18,Referral Program,False
TES-C2955, Liam Lee ,liam.lee754@example.com,Austin,Tx,De,2025-08-17,Standard,False
TES-C4437,James Garcia,james.garcia579@example.com,Miami,Fl,De,2024-11-19,Standard,False
TES-C2394,Zoe Smith,zoe.smith271@example.com,Chicago,Il,Cn,2025-08-26,Standard,False
TES-C7873,Liam Tanaka,liam.tanaka345@example.com,Seattle,Wa,Us,2024-03-18,Referral Program,False
TES-C2617,David Anderson,david.anderson722@example.com,San Francisco,Ca,Jp,2024-11-18,Standard,False
TES-C1411, Aarav Khan ,aarav.khan620@example.com,New York,Ny,Uk,2022-10-04,Insider,False
TES-C7265,Priya Kim,priya.kim928@example.com,Austin,Tx,Us,2025-11-26,Standard,False
TES-C6447,Ava Wang,ava.wang408@example.com,Shanghai,Cn,Us,2025-09-03,Standard,False
TES-C1878,vivaan khan,vivaan.khan722@example.com,Miami,Fl,De,2022-02-19,Insider,False
TES-C4627,Ben Anderson,ben.anderson47@example.com,Fremont,Ca,Jp,2021-02-08,Insider,False
TES-C7865,Mohammed Johnson,mohammed.johnson776@example.com,New York,Ny,Uk,2024-05-31,Insider,False
TES-C5191,ben anderson,ben.anderson609@example.com,Berlin,De,Uk,2025-10-21,Referral Program,False
TES-C10734,Aarav Chen,aarav.chen595@example.com,Chicago,Il,Ca,2022-11-06,Referral Program,False
TES-C3226,Ken Brown,ken.brown147@example.com,Los Angeles,Ca,Us,2023-09-12,Referral Program,False
TES-C2158,Fatima Anderson,fatima.anderson708@example.com,Seattle,Wa,Ca,2025-03-06,Referral Program,False
TES-C3540,olivia tanaka,olivia.tanaka179@example.com,Fremont,Ca,Us,2024-07-30,Insider,False
TES-C5194,RAHUL DAVIS,rahul.davis145@example.com,Miami,Fl,Uk,2022-02-18,Insider,False
TES-C10821,Liam Davis,liam.davis671@example.com,Fremont,Ca,Jp,2021-06-30,Standard,False
TES-C4685,Liam Suzuki,liam.suzuki588@example.com,Fremont,Ca,Jp,2021-06-18,Standard,False
TES-C10876,Olivia Rossi,olivia.rossi584@example.com,San Francisco,Ca,Cn,2021-09-29,Referral Program,False
TES-C5170,Ben Yamada,ben.yamada857@example.com,Austin,Tx,Cn,2021-05-29,Standard,False
TES-C2056,Li Chen,li.chen277@example.com,Miami,Fl,Us,2025-02-21,Standard,False
TES-C9095,Mohammed Davis,mohammed.davis286@example.com,Fremont,Ca,Ca,2024-05-29,Insider,False
TES-C1808,Zoe Patel,zoe.patel895@example.com,Chicago,Il,Ca,2022-04-11,Referral Program,False
TES-C3468,Ken Johnson,ken.johnson523@example.com,Miami,Fl,Cn,2021-10-27,Insider,False
TES-C9400,Chen Smith,chen.smith437@example.com,Fremont,Ca,Ca,2021-08-12,Unknown,False
TES-C5905, James Wang ,james.wang508@example.com,Miami,Fl,Uk,2023-11-14,Referral Program,False
TES-C5345,aditya lee,aditya.lee817@example.com,New York,Ny,De,2025-04-22,Referral Program,False
TES-C6147,Sofia Kumar,sofia.kumar174@example.com,Berlin,De,Cn,2025-09-12,Unknown,False
TES-C5629,Sara Martin,sara.martin871@example.com,Austin,Tx,De,2023-05-16,Standard,False
TES-C6523,CHEN MÜLLER,chen.müller473@example.com,New York,Ny,Ca,2023-04-09,Standard,False
TES-C5663,Rahul Patel,rahul.patel386@example.com,San Francisco,Ca,De,2025-06-27,Referral Program,False
TES-C2880,Ben Wang,ben.wang579@example.com,Austin,Tx,Ca,2024-08-23,Referral Program,False
TES-C1549,Aditya Martin,,Chicago,Il,Uk,2023-01-22,Standard,True
TES-C6544,noah singh,noah.singh602@example.com,Fremont,Ca,Cn,2023-05-11,Insider,False
TES-C10344,carlos müller,carlos.müller875@example.com,New York,Ny,De,2025-04-27,Insider,False
TES-C10766,Ken Suzuki,ken.suzuki491@example.com,Berlin,De,Us,2023-12-25,Standard,False
TES-C2281,Mohammed Rossi,mohammed.rossi804@example.com,Los Angeles,Ca,De,2021-07-16,Referral Program,False
TES-C5736,noah kim,noah.kim690@example.com,New York,Ny,Uk,2022-08-16,Referral Program,False
TES-C5423,Aditya Kumar,aditya.kumar284@example.com,Seattle,Wa,Ca,2025-10-19,Insider,False
TES-C7023,Mohammed Brown,,Berlin,De,Jp,2021-04-10,Referral Program,True
TES-C10642,Yuki Garcia,yuki.garcia806@example.com,Miami,Fl,Jp,2023-01-05,Standard,False
TES-C3642,Sara Brown,sara.brown118@example.com,Seattle,Wa,Jp,2021-05-16,Standard,False
TES-C7875,James Kumar,james.kumar103@example.com,Chicago,Il,Uk,2024-02-03,Insider,False
TES-C6336,Carlos Davis,carlos.davis338@example.com,Shanghai,Cn,Cn,2022-12-17,Referral Program,False
TES-C4505,James Garcia,james.garcia448@example.com,Chicago,Il,De,2024-11-02,Standard,False
TES-C5627,Ken Patel,ken.patel34@example.com,Shanghai,Cn,Uk,2021-03-14,Referral Program,False
TES-C1586,Aarav Yamada,aarav.yamada778@example.com,Shanghai,Cn,Uk,2025-07-21,Standard,False
TES-C7281,Noah Kim,,Austin,Tx,De,2024-08-27,Standard,True
TES-C6174,David Yamada,david.yamada95@example.com,Shanghai,Cn,Ca,2024-04-29,Standard,False
TES-C4687,Ben Suzuki,ben.suzuki71@example.com,Seattle,Wa,Ca,2021-03-27,Unknown,False
TES-C4215,Carlos Wang,,Austin,Tx,Us,2023-01-05,Referral Program,True
TES-C3318,Vivaan Brown,vivaan.brown68@example.com,San Francisco,Ca,De,2023-02-26,Standard,False
TES-C10655,zoe garcia,zoe.garcia393@example.com,Austin,Tx,Cn,2021-01-22,Standard,False
TES-C10751,John Davis,john.davis669@example.com,Los Angeles,Ca,Jp,2023-06-01,Standard,False
TES-C10619,Sofia Sharma,sofia.sharma742@example.com,Miami,Fl,Ca,2022-09-29,Standard,False
TES-C6490,Mohammed Wilson,mohammed.wilson385@example.com,New York,Ny,De,2023-08-26,Standard,False
TES-C5136,ben martin,ben.martin79@example.com,Austin,Tx,Ca,2025-01-15,Insider,False
TES-C9721,yuki wang,yuki.wang75@example.com,Austin,Tx,Cn,2025-06-21,Referral Program,False
TES-C10343,Sara Wang,,Seattle,Wa,Us,2021-05-06,Insider,True
TES-C2603,Sara Brown,sara.brown558@example.com,New York,Ny,De,2023-09-20,Insider,False
TES-C1201,John Anderson,john.anderson619@example.com,Shanghai,Cn,Ca,2021-07-22,Insider,False
TES-C1383,Fatima Wilson,fatima.wilson91@example.com,Miami,Fl,Us,2024-01-08,Standard,False
TES-C2566,Sara Tanaka,sara.tanaka174@example.com,Miami,Fl,Cn,2021-04-20,Standard,False
TES-C3390,mohammed suzuki,mohammed.suzuki149@example.com,New York,Ny,Us,2022-08-31,Referral Program,False
TES-C8017,fatima tanaka,fatima.tanaka659@example.com,Los Angeles,Ca,Jp,2023-01-15,Referral Program,False
TES-C3276,Noah Suzuki,noah.suzuki903@example.com,New York,Ny,Uk,2022-04-12,Standard,False
TES-C7836,Anna Lee,anna.lee961@example.com,Miami,Fl,Ca,2021-03-08,Insider,False
TES-C2373,noah wang,noah.wang282@example.com,San Francisco,Ca,Cn,2025-09-27,Insider,False
TES-C8851,Sara Martin,sara.martin529@example.com,Seattle,Wa,Uk,2021-04-24,Insider,False
TES-C10244,John Singh,john.singh989@example.com,San Francisco,Ca,Cn,2021-09-14,Referral Program,False
TES-C8506,Aditya Sharma,aditya.sharma518@example.com,Fremont,Ca,Jp,2023-05-07,Standard,False
TES-C6665,fatima wilson,fatima.wilson434@example.com,Fremont,Ca,Ca,2021-08-03,Referral Program,False
TES-C3495,Aarav Martin,,Miami,Fl,Us,2024-03-26,Referral Program,True
TES-C1466,Michael Müller,michael.müller605@example.com,New York,Ny,Ca,2021-10-19,Insider,False
TES-C10173,John Rossi,john.rossi531@example.com,San Francisco,Ca,De,2021-08-09,Insider,False
TES-C5051,Zoe Kim,zoe.kim656@example.com,San Francisco,Ca,Jp,2022-08-24,Standard,False
TES-C7416,Anna Chen,anna.chen521@example.com,Fremont,Ca,Cn,2025-07-19,Insider,False
TES-C3432,Wei Yamada,wei.yamada292@example.com,Los Angeles,Ca,Cn,2023-03-06,Referral Program,False
TES-C3698,Vivaan Sharma,vivaan.sharma568@example.com,Fremont,Ca,Uk,2023-05-21,Referral Program,False
TES-C5279,Rahul Patel,rahul.patel654@example.com,Chicago,Il,Ca,2023-02-13,Unknown,False
TES-C6598,Anna Patel,anna.patel215@example.com,Fremont,Ca,Uk,2025-08-29,Standard,False
TES-C10883,Chen Rossi,chen.rossi486@example.com,Shanghai,Cn,Ca,2024-08-21,Insider,False
TES-C8082,James Kim,,Los Angeles,Ca,Cn,2024-04-27,Standard,True
TES-C4046,sara suzuki,sara.suzuki234@example.com,Berlin,De,De,2024-06-21,Insider,False
TES-C7788,Fatima Anderson,fatima.anderson705@example.com,San Francisco,Ca,Uk,2022-06-19,Insider,False
TES-C5277,Zoe Lee,zoe.lee7@example.com,New York,Ny,Us,2023-01-06,Insider,False
TES-C8636,BEN PATEL,ben.patel475@example.com,New York,Ny,Jp,2025-01-03,Standard,False
TES-C6793,DAVID SINGH,david.singh163@example.com,Miami,Fl,Ca,2025-06-25,Insider,False
TES-C3544,John Chen,john.chen184@example.com,Seattle,Wa,De,2025-04-03,Insider,False
TES-C6088,Sara Khan,,Berlin,De,Ca,2021-10-12,Referral Program,True
TES-C2982,Emma Davis,,Seattle,Wa,Jp,2022-10-08,Referral Program,True
TES-C3622,Ken Khan,ken.khan704@example.com,Berlin,De,Jp,2025-03-21,Insider,False
TES-C1893,Sofia Sharma,sofia.sharma327@example.com,New York,Ny,Uk,2025-01-11,Referral Program,False
TES-C8214,carlos yamada,,Austin,Tx,Uk,2022-12-02,Referral Program,True
TES-C4282,David Suzuki,david.suzuki399@example.com,Miami,Fl,Jp,2024-11-13,Standard,False
TES-C2704,vivaan singh,vivaan.singh107@example.com,Shanghai,Cn,Ca,2024-12-03,Unknown,False
TES-C6810,Rahul Tanaka,rahul.tanaka329@example.com,Miami,Fl,Uk,2025-09-19,Referral Program,False
TES-C10459,Ben Singh,ben.singh555@example.com,Fremont,Ca,Us,2024-09-06,Referral Program,False
TES-C1840,Fatima Tanaka,fatima.tanaka959@example.com,New York,Ny,Uk,2023-06-08,Standard,False
TES-C8444,Rahul Brown,rahul.brown802@example.com,Fremont,Ca,Ca,2024-07-16,Referral Program,False
TES-C5025,Mohammed Yamada,mohammed.yamada25@example.com,Austin,Tx,De,2025-04-19,Insider,False
TES-C7544,Ben Rossi,ben.rossi357@example.com,Seattle,Wa,Us,2025-10-27,Standard,False
TES-C1451,WEI SINGH,wei.singh885@example.com,Berlin,De,De,2024-09-26,Insider,False
TES-C3160,David Rossi,david.rossi449@example.com,Miami,Fl,Us,2025-05-26,Referral Program,False
TES-C7748,John Sharma,john.sharma135@example.com,Austin,Tx,Ca,2021-04-12,Unknown,False
TES-C8912,Olivia Rossi,olivia.rossi269@example.com,Austin,Tx,Ca,2023-12-09,Insider,False
TES-C2106,Sara Garcia,sara.garcia42@example.com,Austin,Tx,Us,2024-07-09,Referral Program,False
TES-C5403,Wei Singh,wei.singh85@example.com,New York,Ny,Cn,2022-06-11,Insider,False
TES-C4718,Emma Garcia,emma.garcia53@example.com,Chicago,Il,Us,2024-12-19,Insider,False
TES-C1820,Liam Patel,liam.patel730@example.com,San Francisco,Ca,Cn,2024-03-21,Referral Program,False
TES-C8109,fatima martin,fatima.martin314@example.com,Shanghai,Cn,Cn,2025-03-02,Standard,False
TES-C5742, Rahul Brown ,rahul.brown76@example.com,Austin,Tx,Uk,2024-09-25,Standard,False
TES-C1851,Olivia Tanaka,olivia.tanaka664@example.com,New York,Ny,De,2021-05-14,Referral Program,False
TES-C10242,Zoe Smith,zoe.smith298@example.com,Miami,Fl,Jp,2021-04-09,Insider,False
TES-C10948,NOAH KUMAR,,New York,Ny,Ca,2022-06-18,Referral Program,True
TES-C4146,Liam Suzuki,liam.suzuki586@example.com,Berlin,De,Cn,2022-05-20,Referral Program,False
TES-C6825,DAVID KHAN,david.khan315@example.com,Los Angeles,Ca,Cn,2021-05-30,Insider,False
TES-C3780,olivia kumar,olivia.kumar215@example.com,Berlin,De,De,2021-01-05,Unknown,False
TES-C7476,Fatima Wang,fatima.wang466@example.com,Chicago,Il,Jp,2025-10-05,Insider,False
TES-C10533,Priya Kim,priya.kim795@example.com,Shanghai,Cn,De,2024-03-07,Referral Program,False
TES-C3126,sara wilson,sara.wilson344@example.com,New York,Ny,De,2025-02-05,Referral Program,False
TES-C7268,john tanaka,john.tanaka227@example.com,San Francisco,Ca,Uk,2021-10-20,Insider,False
TES-C1345,Li Martin,li.martin356@example.com,Chicago,Il,Uk,2021-05-12,Insider,False
TES-C7220,Liam Kim,liam.kim563@example.com,Berlin,De,Ca,2023-10-31,Insider,False
TES-C6323,Li Müller,li.müller720@example.com,Berlin,De,Uk,2021-11-05,Referral Program,False
TES-C2276,Ken Smith,ken.smith913@example.com,San Francisco,Ca,Uk,2023-01-27,Standard,False
TES-C6197, Li Yamada ,li.yamada828@example.com,Fremont,Ca,Uk,2024-03-08,Unknown,False
TES-C5383,Aditya Johnson,aditya.johnson667@example.com,Berlin,De,Ca,2025-12-15,Insider,False
TES-C2814,Priya Tanaka,priya.tanaka82@example.com,San Francisco,Ca,Jp,2025-03-08,Standard,False
TES-C6494,James Suzuki,,New York,Ny,Cn,2021-07-08,Insider,True
TES-C9093,SARA LEE,sara.lee854@example.com,Austin,Tx,Us,2024-11-28,Standard,False
TES-C9231,EMMA SUZUKI,emma.suzuki388@example.com,Seattle,Wa,Jp,2023-07-21,Referral Program,False
TES-C10057,Priya Khan,priya.khan663@example.com,Fremont,Ca,Uk,2021-06-23,Insider,False
TES-C9184,Michael Lee,michael.lee752@example.com,Seattle,Wa,Cn,2024-09-17,Insider,False
TES-C4044,Mohammed Davis,mohammed.davis406@example.com,Fremont,Ca,Us,2022-05-21,Insider,False
TES-C5695,Wei Suzuki,wei.suzuki265@example.com,Shanghai,Cn,Jp,2023-04-03,Insider,False
TES-C10828,Ken Singh,ken.singh511@example.com,Chicago,Il,De,2024-04-23,Standard,False
TES-C9485,Noah Kim,noah.kim793@example.com,Miami,Fl,De,2023-11-01,Standard,False
TES-C3308,Li Johnson,li.johnson759@example.com,Los Angeles,Ca,Jp,2022-03-29,Insider,False
TES-C9789,james wang,james.wang81@example.com,New York,Ny,Uk,2022-10-17,Standard,False
TES-C8700,Sofia Tanaka,sofia.tanaka882@example.com,Fremont,Ca,Ca,2021-07-01,Insider,False
TES-C5129,Vivaan Suzuki,vivaan.suzuki198@example.com,New York,Ny,Cn,2022-01-18,Standard,False
TES-C2053,James Singh,james.singh116@example.com,Fremont,Ca,De,2021-06-24,Standard,False
TES-C6298,Michael Suzuki,michael.suzuki472@example.com,New York,Ny,De,2022-01-12,Standard,False
TES-C1740,maria wang,maria.wang356@example.com,Seattle,Wa,Uk,2024-08-26,Referral Program,False
TES-C8820,sofia brown,sofia.brown196@example.com,Shanghai,Cn,Ca,2024-11-16,Unknown,False
TES-C8177,Ava Anderson,ava.anderson925@example.com,Berlin,De,Jp,2023-02-12,Standard,False
TES-C1614,Priya Khan,priya.khan965@example.com,Berlin,De,De,2024-10-20,Referral Program,False
TES-C7088,Zoe Smith,zoe.smith494@example.com,Berlin,De,Jp,2024-12-25,Insider,False
TES-C4853,Aarav Chen,aarav.chen244@example.com,Los Angeles,Ca,Ca,2023-04-14,Insider,False
TES-C6640,Vivaan Garcia,vivaan.garcia14@example.com,Miami,Fl,Us,2025-09-17,Insider,False
TES-C8379,Noah Garcia,noah.garcia666@example.com,Miami,Fl,Us,2021-03-19,Referral Program,False
TES-C6527,Aarav Yamada,aarav.yamada595@example.com,San Francisco,Ca,Ca,2022-04-24,Standard,False
TES-C5014,Wei Lee,wei.lee252@example.com,Berlin,De,De,2023-05-26,Referral Program,False
TES-C10491,mohammed smith,,Chicago,Il,De,2024-05-05,Insider,True
TES-C10152,Aarav Patel,aarav.patel29@example.com,Berlin,De,Cn,2025-05-17,Referral Program,False
TES-C5503,Zoe Anderson,zoe.anderson567@example.com,Shanghai,Cn,Jp,2021-02-04,Referral Program,False
TES-C5041,anna kumar,anna.kumar200@example.com,Seattle,Wa,De,2024-10-04,Referral Program,False
TES-C2649,Chen Smith,chen.smith21@example.com,Chicago,Il,De,2022-03-21,Insider,False
TES-C6253,Ken Suzuki,ken.suzuki168@example.com,Los Angeles,Ca,Ca,2025-06-01,Standard,False
TES-C9742,Michael Singh,michael.singh832@example.com,Austin,Tx,Ca,2024-12-14,Standard,False
TES-C3054,John Sharma,john.sharma270@example.com,Los Angeles,Ca,Jp,2025-12-28,Unknown,False
TES-C10831,James Suzuki,james.suzuki78@example.com,Chicago,Il,Us,2022-03-21,Insider,False
TES-C2095,JAMES ROSSI,james.rossi86@example.com,Los Angeles,Ca,Jp,2024-10-31,Unknown,False
TES-C9788,LIAM KIM,liam.kim783@example.com,Los Angeles,Ca,De,2024-01-10,Referral Program,False
TES-C2034,Li Wang,li.wang861@example.com,Seattle,Wa,Us,2023-09-02,Referral Program,False
TES-C8643,Mohammed Kim,mohammed.kim34@example.com,Austin,Tx,Cn,2023-08-28,Standard,False
TES-C6827,Rahul Tanaka,rahul.tanaka843@example.com,Fremont,Ca,De,2024-11-23,Referral Program,False
TES-C5838,Ken Martin,,San Francisco,Ca,Us,2024-01-02,Insider,True
TES-C1448,Liam Smith,liam.smith913@example.com,Shanghai,Cn,Jp,2023-11-27,Standard,False
TES-C9281,Anna Müller,anna.müller292@example.com,Shanghai,Cn,Jp,2025-03-18,Standard,False
TES-C6877,Sara Chen,sara.chen270@example.com,Los Angeles,Ca,Ca,2022-04-05,Standard,False
TES-C7756,Fatima Tanaka,fatima.tanaka685@example.com,Berlin,De,De,2025-10-08,Standard,False
TES-C1753,John Tanaka,john.tanaka382@example.com,Chicago,Il,De,2021-06-15,Referral Program,False
TES-C10450,Olivia Suzuki,olivia.suzuki587@example.com,Fremont,Ca,Uk,2023-06-02,Insider,False
TES-C7568, Emma Smith ,emma.smith562@example.com,Seattle,Wa,Jp,2025-07-04,Standard,False
TES-C5520,Chen Lee,chen.lee422@example.com,Berlin,De,Uk,2022-09-05,Insider,False
TES-C7761,Ken Johnson,ken.johnson788@example.com,Shanghai,Cn,Cn,2025-12-24,Standard,False
TES-C8621,Aarav Sharma,aarav.sharma646@example.com,New York,Ny,Ca,2022-09-22,Referral Program,False
TES-C2058,Aarav Patel,aarav.patel258@example.com,Austin,Tx,Cn,2024-09-01,Insider,False
TES-C10592,Anna Yamada,anna.yamada369@example.com,New York,Ny,Jp,2023-08-22,Referral Program,False
TES-C4535,noah wang,noah.wang28@example.com,Los Angeles,Ca,Jp,2024-08-04,Insider,False
TES-C2752,Vivaan Suzuki,,Berlin,De,Ca,2023-03-09,Insider,True
TES-C5805, John Anderson ,john.anderson738@example.com,Seattle,Wa,Jp,2022-10-10,Insider,False
TES-C4030,zoe singh,zoe.singh302@example.com,Austin,Tx,Us,2025-04-06,Standard,False
TES-C9791,Noah Johnson,noah.johnson89@example.com,New York,Ny,Cn,2022-12-14,Standard,False
TES-C7015,Aarav Khan,aarav.khan777@example.com,Miami,Fl,Us,2023-01-22,Standard,False
TES-C1704,Ken Martin,ken.martin384@example.com,New York,Ny,Ca,2023-08-19,Standard,False
TES-C5309,John Patel,john.patel511@example.com,Austin,Tx,Uk,2025-08-10,Standard,False
TES-C8456, Wei Davis ,wei.davis67@example.com,Los Angeles,Ca,Ca,2022-05-10,Standard,False
TES-C4959,Rahul Chen,rahul.chen789@example.com,Los Angeles,Ca,De,2022-10-23,Referral Program,False
TES-C10711,Liam Lee,liam.lee511@example.com,Seattle,Wa,Us,2021-06-09,Standard,False
TES-C2679,RAHUL ANDERSON,rahul.anderson219@example.com,Seattle,Wa,Us,2022-08-09,Insider,False
TES-C10017,Rahul Kim,rahul.kim792@example.com,Los Angeles,Ca,Uk,2025-07-30,Referral Program,False
TES-C10035,Aditya Wang,,Shanghai,Cn,Us,2022-05-10,Referral Program,True
TES-C9245,Vivaan Lee,vivaan.lee405@example.com,New York,Ny,De,2024-01-21,Referral Program,False
TES-C3712,Wei Lee,wei.lee809@example.com,San Francisco,Ca,Us,2024-05-17,Insider,False
TES-C8409,Noah Wang,noah.wang699@example.com,Austin,Tx,Us,2021-12-10,Referral Program,False
TES-C6334,Wei Sharma,wei.sharma468@example.com,Austin,Tx,Uk,2022-01-09,Insider,False
TES-C10133,Wei Brown,wei.brown557@example.com,Seattle,Wa,Cn,2023-11-17,Insider,False
TES-C8090,vivaan singh,vivaan.singh340@example.com,Austin,Tx,Cn,2022-01-22,Standard,False
TES-C9519,Olivia Anderson,olivia.anderson944@example.com,Seattle,Wa,Uk,2022-04-23,Insider,False
TES-C7259,Anna Suzuki,anna.suzuki9@example.com,Miami,Fl,Ca,2025-10-27,Insider,False
TES-C10373,aarav sharma,aarav.sharma890@example.com,Miami,Fl,Cn,2023-03-22,Standard,False
TES-C8787,James Kim,james.kim703@example.com,San Francisco,Ca,Ca,2025-08-03,Standard,False
TES-C6853,Yuki Martin,yuki.martin410@example.com,New York,Ny,Uk,2021-03-27,Standard,False
TES-C8599,Ava Davis,,Los Angeles,Ca,De,2021-08-08,Standard,True
TES-C3438,Liam Davis,liam.davis179@example.com,New York,Ny,Uk,2025-05-24,Referral Program,False
TES-C2683,Sara Müller,sara.müller584@example.com,Miami,Fl,De,2025-11-27,Referral Program,False
TES-C2136,ava garcia,ava.garcia335@example.com,Chicago,Il,Uk,2022-03-20,Insider,False
TES-C3254,Emma Wilson,emma.wilson227@example.com,Austin,Tx,Ca,2022-01-17,Insider,False
TES-C6496,Vivaan Singh,vivaan.singh484@example.com,Los Angeles,Ca,Cn,2025-06-13,Standard,False
TES-C1837,Rahul Rossi,rahul.rossi381@example.com,Seattle,Wa,Us,2024-02-16,Referral Program,False
TES-C10334,olivia sharma,olivia.sharma166@example.com,San Francisco,Ca,Uk,2025-11-12,Referral Program,False
TES-C2875,Ava Müller,ava.müller651@example.com,Berlin,De,Uk,2025-01-06,Insider,False
TES-C8818,liam johnson,liam.johnson441@example.com,Los Angeles,Ca,Ca,2023-12-18,Standard,False
TES-C5630,Rahul Patel,,Chicago,Il,Uk,2021-07-14,Referral Program,True
TES-C8871,wei sharma,wei.sharma992@example.com,Miami,Fl,Ca,2021-12-07,Unknown,False
TES-C4931,Ben Garcia,ben.garcia840@example.com,Fremont,Ca,De,2024-07-23,Insider,False
TES-C9118,Maria Patel,,Miami,Fl,Jp,2021-10-09,Insider,True
TES-C2639,Aditya Khan,aditya.khan885@example.com,Chicago,Il,De,2025-06-17,Standard,False
TES-C6426,Mohammed Khan,mohammed.khan948@example.com,Berlin,De,Ca,2024-03-05,Insider,False
TES-C7539,Liam Singh,,Chicago,Il,Jp,2024-05-26,Referral Program,True
TES-C6743,Liam Brown,liam.brown229@example.com,Miami,Fl,Uk,2025-09-20,Referral Program,False
TES-C6661,Olivia Singh,olivia.singh110@example.com,Shanghai,Cn,Cn,2024-03-02,Insider,False
TES-C5946,Rahul Johnson,rahul.johnson15@example.com,New York,Ny,Us,2023-11-10,Insider,False
TES-C2107,john smith,john.smith242@example.com,San Francisco,Ca,Jp,2021-06-23,Referral Program,False
TES-C5961,Olivia Martin,olivia.martin274@example.com,San Francisco,Ca,Jp,2025-05-25,Insider,False
TES-C9621,David Yamada,david.yamada843@example.com,Chicago,Il,Cn,2022-04-19,Referral Program,False
TES-C1929,Mohammed Singh,mohammed.singh260@example.com,Seattle,Wa,Jp,2022-01-26,Insider,False
TES-C2678,Li Rossi,li.rossi837@example.com,Seattle,Wa,Cn,2024-02-01,Referral Program,False
TES-C4544,YUKI PATEL,yuki.patel253@example.com,Miami,Fl,Ca,2025-08-06,Insider,False
TES-C3388,Noah Khan,noah.khan601@example.com,Shanghai,Cn,Cn,2025-05-12,Insider,False
TES-C6243,chen kim,chen.kim152@example.com,New York,Ny,Uk,2023-02-28,Unknown,False
TES-C4069,Rahul Davis,rahul.davis294@example.com,Los Angeles,Ca,Us,2024-07-15,Insider,False
TES-C3951,MICHAEL MÜLLER,michael.müller882@example.com,Berlin,De,Cn,2024-07-22,Standard,False
TES-C4836,John Garcia,john.garcia868@example.com,Fremont,Ca,Jp,2024-01-08,Referral Program,False
TES-C9525, James Wang ,james.wang128@example.com,Miami,Fl,Cn,2021-04-08,Referral Program,False
TES-C6067,Zoe Martin,zoe.martin27@example.com,Berlin,De,Us,2022-03-05,Insider,False
TES-C2527,Noah Brown,noah.brown813@example.com,Shanghai,Cn,Ca,2025-01-20,Referral Program,False
TES-C8119,Noah Khan,noah.khan959@example.com,New York,Ny,Jp,2024-11-18,Insider,False
TES-C3515,Chen Tanaka,chen.tanaka903@example.com,Austin,Tx,Cn,2023-06-06,Insider,False
TES-C9240,Olivia Martin,olivia.martin812@example.com,Los Angeles,Ca,De,2024-06-17,Standard,False
TES-C9492,David Martin,david.martin336@example.com,Los Angeles,Ca,Cn,2022-12-02,Referral Program,False
TES-C2645,EMMA ANDERSON,emma.anderson313@example.com,Los Angeles,Ca,Ca,2022-12-21,Referral Program,False
TES-C7541,james martin,james.martin372@example.com,Chicago,Il,Ca,2023-05-29,Insider,False
TES-C4357,David Davis,david.davis356@example.com,Austin,Tx,Us,2022-02-15,Standard,False
TES-C1948,david rossi,david.rossi109@example.com,Chicago,Il,Cn,2021-07-13,Standard,False
TES-C6879,Vivaan Wang,vivaan.wang71@example.com,Berlin,De,De,2022-11-10,Insider,False
TES-C6372,Zoe Chen,zoe.chen969@example.com,Shanghai,Cn,Jp,2024-10-04,Standard,False
TES-C7341,Ava Davis,ava.davis21@example.com,New York,Ny,Cn,2024-12-09,Referral Program,False
TES-C3073,Aditya Singh,aditya.singh189@example.com,Shanghai,Cn,Jp,2021-06-27,Insider,False
TES-C3107,Mohammed Lee,mohammed.lee756@example.com,Miami,Fl,Uk,2023-01-26,Standard,False
TES-C6077,David Suzuki,david.suzuki213@example.com,Shanghai,Cn,Us,2024-06-15,Insider,False
TES-C9729,zoe kim,zoe.kim244@example.com,Los Angeles,Ca,Jp,2021-11-08,Referral Program,False
TES-C1480,Aditya Lee,aditya.lee206@example.com,Austin,Tx,Uk,2021-04-01,Insider,False
TES-C1043,Chen Kumar,chen.kumar960@example.com,Berlin,De,Us,2022-09-05,Standard,False
TES-C7210,Priya Martin,priya.martin16@example.com,Seattle,Wa,De,2025-08-17,Unknown,False
TES-C9586,Aditya Brown,aditya.brown804@example.com,Miami,Fl,Ca,2023-10-04,Standard,False
TES-C6091,Ava Patel,ava.patel658@example.com,San Francisco,Ca,Jp,2021-01-04,Referral Program,False
TES-C3026,Sofia Müller,sofia.müller490@example.com,Austin,Tx,De,2023-10-02,Referral Program,False
TES-C7196,Priya Brown,priya.brown711@example.com,Shanghai,Cn,Ca,2024-10-20,Referral Program,False
TES-C10670,Li Brown,li.brown4@example.com,Los Angeles,Ca,Cn,2025-07-21,Insider,False
TES-C6649,Fatima Müller,fatima.müller697@example.com,New York,Ny,Uk,2023-08-08,Referral Program,False
TES-C10593,Yuki Singh,yuki.singh141@example.com,Austin,Tx,Us,2022-07-21,Referral Program,False
TES-C2707,Noah Tanaka,noah.tanaka505@example.com,Seattle,Wa,Cn,2024-01-16,Standard,False
TES-C7251,Mohammed Garcia,mohammed.garcia416@example.com,Los Angeles,Ca,De,2023-06-10,Referral Program,False
TES-C5719,Aarav Kumar,aarav.kumar483@example.com,Chicago,Il,Uk,2021-12-08,Referral Program,False
TES-C1842,Michael Anderson,michael.anderson828@example.com,Shanghai,Cn,Us,2022-10-19,Standard,False
TES-C7846,CHEN LEE,chen.lee397@example.com,Chicago,Il,Ca,2021-05-25,Standard,False
TES-C3840,Li Garcia,li.garcia110@example.com,Shanghai,Cn,Ca,2025-06-14,Insider,False
TES-C5983,Priya Patel,priya.patel785@example.com,Shanghai,Cn,Cn,2022-11-25,Insider,False
TES-C10910,sofia wilson,sofia.wilson329@example.com,Shanghai,Cn,Uk,2022-10-12,Insider,False
TES-C5944,Sara Kim,sara.kim891@example.com,Seattle,Wa,Jp,2021-09-10,Insider,False
TES-C10139, Chen Müller ,chen.müller487@example.com,Fremont,Ca,Cn,2023-02-17,Insider,False
TES-C1667,Sara Anderson,sara.anderson104@example.com,Fremont,Ca,Jp,2022-08-21,Insider,False
TES-C10409,Carlos Martin,carlos.martin382@example.com,Shanghai,Cn,Cn,2025-11-14,Insider,False
TES-C8536,Anna Khan,anna.khan874@example.com,Los Angeles,Ca,Cn,2021-10-23,Insider,False
TES-C8042,Carlos Garcia,carlos.garcia507@example.com,San Francisco,Ca,Ca,2021-03-05,Unknown,False
TES-C3092,Noah Wang,noah.wang298@example.com,San Francisco,Ca,Us,2024-12-16,Standard,False
TES-C6771,Fatima Rossi,fatima.rossi415@example.com,Los Angeles,Ca,Uk,2024-08-12,Insider,False
TES-C6723,Priya Wilson,priya.wilson666@example.com,New York,Ny,De,2023-08-27,Insider,False
TES-C7198,Mohammed Rossi,mohammed.rossi790@example.com,Berlin,De,Uk,2021-10-06,Insider,False
TES-C1651,Mohammed Johnson,mohammed.johnson114@example.com,Austin,Tx,Uk,2025-01-03,Referral Program,False
TES-C6783,Vivaan Tanaka,vivaan.tanaka115@example.com,New York,Ny,Us,2023-09-07,Insider,False
TES-C8789,john patel,john.patel332@example.com,San Francisco,Ca,Ca,2024-02-08,Referral Program,False
TES-C3168,Yuki Tanaka,yuki.tanaka684@example.com,Los Angeles,Ca,Uk,2025-10-24,Insider,False
TES-C6304,Emma Kim,,Seattle,Wa,Cn,2024-02-24,Referral Program,True
TES-C10560,Anna Yamada,anna.yamada825@example.com,Austin,Tx,Cn,2022-12-27,Insider,False
TES-C3104,Priya Khan,priya.khan736@example.com,Fremont,Ca,Cn,2025-10-27,Standard,False
TES-C6486,James Kumar,james.kumar981@example.com,Seattle,Wa,De,2023-09-15,Referral Program,False
TES-C1685,Michael Davis,michael.davis991@example.com,Shanghai,Cn,Ca,2025-08-23,Standard,False
TES-C10063,sofia johnson,,Shanghai,Cn,Us,2021-08-18,Referral Program,True
TES-C3035,Carlos Singh,,New York,Ny,Jp,2023-03-01,Insider,True
TES-C1239,Mohammed Suzuki,mohammed.suzuki335@example.com,Miami,Fl,Ca,2023-09-30,Insider,False
TES-C4877,Rahul Patel,rahul.patel502@example.com,Austin,Tx,De,2022-01-25,Referral Program,False
TES-C7804,ADITYA YAMADA,aditya.yamada939@example.com,Fremont,Ca,Cn,2023-09-24,Referral Program,False
TES-C4621,Noah Khan,noah.khan446@example.com,Berlin,De,Us,2023-09-25,Standard,False
TES-C2506,Rahul Singh,rahul.singh33@example.com,Austin,Tx,Ca,2023-08-24,Referral Program,False
TES-C3379,Ava Tanaka,ava.tanaka885@example.com,Shanghai,Cn,Uk,2021-06-04,Referral Program,False
TES-C4232,Aarav Sharma,aarav.sharma508@example.com,Chicago,Il,Uk,2023-09-25,Unknown,False
TES-C1194,ADITYA MÜLLER,aditya.müller492@example.com,Fremont,Ca,Us,2021-07-14,Standard,False
TES-C5933,Olivia Garcia,olivia.garcia877@example.com,Chicago,Il,Cn,2022-01-02,Unknown,False
TES-C5438,Anna Yamada,anna.yamada113@example.com,Miami,Fl,Ca,2024-11-20,Insider,False
TES-C4887,Vivaan Khan,vivaan.khan325@example.com,New York,Ny,De,2022-06-14,Insider,False
TES-C8528,Ben Brown,ben.brown471@example.com,Chicago,Il,Uk,2022-08-24,Standard,False
TES-C2040,chen johnson,chen.johnson887@example.com,Austin,Tx,Us,2025-04-11,Insider,False
TES-C8368,Emma Anderson,emma.anderson53@example.com,Miami,Fl,Uk,2024-07-22,Referral Program,False
TES-C3589,Aditya Patel,aditya.patel124@example.com,Chicago,Il,Uk,2025-05-19,Standard,False
TES-C9379,Noah Kumar,noah.kumar909@example.com,Los Angeles,Ca,Uk,2022-08-21,Insider,False
TES-C1718,Fatima Lee,fatima.lee348@example.com,San Francisco,Ca,Ca,2025-06-09,Referral Program,False
TES-C3831,Anna Sharma,anna.sharma724@example.com,San Francisco,Ca,Uk,2023-11-14,Referral Program,False
TES-C3849,aditya wang,aditya.wang311@example.com,New York,Ny,De,2025-02-20,Referral Program,False
TES-C1249,Mohammed Johnson,mohammed.johnson773@example.com,New York,Ny,Jp,2023-08-24,Referral Program,False
TES-C6636,Michael Kim,michael.kim731@example.com,Miami,Fl,Cn,2021-04-07,Insider,False
TES-C1580,Rahul Brown,rahul.brown912@example.com,Fremont,Ca,Cn,2023-03-03,Referral Program,False
TES-C9792,Ava Chen,ava.chen692@example.com,Chicago,Il,De,2025-10-07,Standard,False
TES-C4447,Michael Garcia,michael.garcia536@example.com,Berlin,De,Us,2021-04-15,Standard,False
TES-C9691,Carlos Wang,carlos.wang246@example.com,San Francisco,Ca,Ca,2024-08-24,Insider,False
TES-C2784,Ben Singh,ben.singh124@example.com,Chicago,Il,De,2023-04-23,Referral Program,False
TES-C7611,Mohammed Kumar,mohammed.kumar852@example.com,Fremont,Ca,De,2021-06-22,Referral Program,False
TES-C7951,Ben Wang,ben.wang561@example.com,Shanghai,Cn,Us,2022-09-12,Unknown,False
TES-C1693,Noah Wilson,noah.wilson521@example.com,Seattle,Wa,Ca,2022-12-19,Referral Program,False
TES-C9270,Zoe Garcia,zoe.garcia193@example.com,Seattle,Wa,Ca,2022-12-05,Insider,False
TES-C6451,Anna Davis,anna.davis485@example.com,Chicago,Il,De,2025-02-02,Insider,False
TES-C5704,SARA KUMAR,sara.kumar766@example.com,Austin,Tx,Ca,2023-12-27,Insider,False
TES-C10823,Liam Kumar,,Miami,Fl,Jp,2021-10-29,Standard,True
TES-C8496,Mohammed Singh,mohammed.singh680@example.com,Berlin,De,Uk,2021-12-27,Standard,False
TES-C10771,Li Yamada,,Los Angeles,Ca,Cn,2023-06-02,Referral Program,True
TES-C9798,Emma Rossi,emma.rossi205@example.com,Seattle,Wa,Us,2023-07-23,Referral Program,False
TES-C9330,Michael Chen,michael.chen458@example.com,Fremont,Ca,Jp,2025-04-18,Standard,False
TES-C2563,priya singh,priya.singh996@example.com,Austin,Tx,Uk,2021-09-02,Insider,False
TES-C10893,Rahul Kumar,rahul.kumar130@example.com,Fremont,Ca,De,2024-03-13,Referral Program,False
TES-C1379,Aarav Müller,aarav.müller694@example.com,New York,Ny,Uk,2025-12-13,Insider,False
TES-C2458,Rahul Müller,rahul.müller750@example.com,Los Angeles,Ca,Us,2023-08-18,Referral Program,False
TES-C9949,James Davis,james.davis238@example.com,San Francisco,Ca,De,2022-11-23,Insider,False
TES-C7445,JAMES SUZUKI,james.suzuki274@example.com,Seattle,Wa,De,2022-11-18,Referral Program,False
TES-C2644,Emma Wilson,,Austin,Tx,Cn,2023-11-26,Insider,True
TES-C3786,David Anderson,david.anderson287@example.com,New York,Ny,Us,2021-02-28,Unknown,False
TES-C7177,Ken Tanaka,ken.tanaka680@example.com,Los Angeles,Ca,Ca,2021-07-31,Insider,False
TES-C10702,Fatima Garcia,fatima.garcia335@example.com,Miami,Fl,Uk,2021-01-12,Standard,False
TES-C10799,Anna Kim,anna.kim748@example.com,San Francisco,Ca,Us,2023-10-08,Insider,False
TES-C4163,Noah Martin,noah.martin638@example.com,San Francisco,Ca,Uk,2023-10-24,Standard,False
TES-C6583,Noah Smith,noah.smith285@example.com,Los Angeles,Ca,Jp,2025-10-23,Referral Program,False
TES-C9164,Priya Martin,priya.martin392@example.com,Berlin,De,Ca,2024-03-29,Standard,False
TES-C10555,Chen Martin,chen.martin323@example.com,New York,Ny,Jp,2024-09-25,Referral Program,False
TES-C10980,James Kumar,james.kumar219@example.com,Fremont,Ca,Jp,2024-05-20,Referral Program,False
TES-C2841,Maria Suzuki,maria.suzuki740@example.com,Chicago,Il,Uk,2023-10-14,Referral Program,False
TES-C7002,David Patel,david.patel324@example.com,Los Angeles,Ca,Ca,2025-03-06,Insider,False
TES-C2127,Carlos Brown,,San Francisco,Ca,Us,2023-01-17,Referral Program,True
TES-C9931,Sofia Martin,sofia.martin578@example.com,San Francisco,Ca,Us,2025-10-10,Unknown,False
TES-C3648,Ava Kumar,ava.kumar980@example.com,Seattle,Wa,Cn,2023-02-17,Insider,False
TES-C2948,Michael Martin,michael.martin462@example.com,Seattle,Wa,De,2024-10-11,Insider,False
TES-C6474,David Suzuki,david.suzuki817@example.com,Shanghai,Cn,De,2022-06-23,Unknown,False
TES-C2359, Aditya Patel ,aditya.patel7@example.com,Los Angeles,Ca,De,2022-10-06,Insider,False
TES-C3083,Sofia Wilson,sofia.wilson888@example.com,Miami,Fl,Us,2022-07-26,Referral Program,False
TES-C10638,wei wang,wei.wang132@example.com,Fremont,Ca,Cn,2025-09-08,Insider,False
TES-C7165,Maria Suzuki,maria.suzuki604@example.com,Seattle,Wa,Ca,2023-10-06,Insider,False
TES-C4292,Sofia Lee,sofia.lee859@example.com,Chicago,Il,Ca,2022-02-17,Standard,False
TES-C3807,Vivaan Khan,vivaan.khan360@example.com,Chicago,Il,Jp,2023-07-29,Referral Program,False
TES-C9232,Carlos Suzuki,carlos.suzuki273@example.com,Chicago,Il,De,2021-05-13,Insider,False
TES-C3493,Vivaan Garcia,vivaan.garcia427@example.com,San Francisco,Ca,De,2024-12-22,Insider,False
TES-C7087,Aarav Johnson,aarav.johnson534@example.com,Seattle,Wa,Ca,2022-04-03,Insider,False
TES-C8372,WEI ROSSI,wei.rossi98@example.com,Chicago,Il,Uk,2022-10-09,Standard,False
TES-C10303,Carlos Garcia,carlos.garcia274@example.com,Shanghai,Cn,Uk,2022-07-22,Standard,False
TES-C2904,Aarav Lee,aarav.lee128@example.com,Los Angeles,Ca,Uk,2025-09-15,Insider,False
TES-C9283,Aarav Davis,aarav.davis140@example.com,Chicago,Il,Cn,2021-08-29,Unknown,False
TES-C3315,John Kumar,john.kumar656@example.com,Chicago,Il,Uk,2023-05-04,Standard,False
TES-C7749,rahul singh,rahul.singh800@example.com,Austin,Tx,De,2021-07-11,Standard,False
TES-C10105,Anna Yamada,anna.yamada214@example.com,Miami,Fl,De,2024-05-28,Referral Program,False
TES-C1323,Michael Lee,michael.lee803@example.com,Seattle,Wa,Us,2021-08-28,Insider,False
TES-C7218,Rahul Rossi,rahul.rossi193@example.com,Seattle,Wa,Jp,2025-08-16,Referral Program,False
TES-C1259,Wei Sharma,,New York,Ny,Us,2021-11-21,Insider,True
TES-C2302,Aarav Garcia,aarav.garcia765@example.com,Fremont,Ca,Us,2025-04-14,Insider,False
TES-C2856,PRIYA KIM,priya.kim470@example.com,Berlin,De,Uk,2025-04-15,Standard,False
TES-C1251,James Kumar,,Miami,Fl,Cn,2021-09-26,Referral Program,True
TES-C9327,Ken Wang,ken.wang696@example.com,Berlin,De,De,2022-07-18,Standard,False
TES-C6281,Michael Yamada,michael.yamada556@example.com,Miami,Fl,Jp,2023-11-18,Unknown,False
TES-C8594,olivia wang,olivia.wang739@example.com,Miami,Fl,Jp,2024-08-01,Standard,False
TES-C10480,Ben Kumar,ben.kumar4@example.com,San Francisco,Ca,De,2021-11-04,Unknown,False
TES-C1703,ANNA TANAKA,anna.tanaka466@example.com,New York,Ny,Uk,2021-07-09,Insider,False
TES-C6394,Sara Wang,sara.wang569@example.com,Berlin,De,De,2025-04-29,Referral Program,False
TES-C9204,Sara Smith,sara.smith355@example.com,San Francisco,Ca,Ca,2023-11-22,Standard,False
TES-C9497,li smith,li.smith602@example.com,Shanghai,Cn,Uk,2021-04-10,Referral Program,False
TES-C6889,john kim,john.kim770@example.com,Berlin,De,Uk,2024-04-10,Standard,False
TES-C1178,Aditya Martin,aditya.martin742@example.com,Chicago,Il,Us,2021-06-12,Insider,False
TES-C2171,Sara Singh,sara.singh763@example.com,Berlin,De,Us,2025-05-16,Standard,False
TES-C6701,vivaan kumar,,Miami,Fl,Uk,2022-11-12,Referral Program,True
TES-C8707, Vivaan Khan ,vivaan.khan549@example.com,Austin,Tx,Cn,2022-07-15,Standard,False
TES-C5305,Sara Anderson,sara.anderson153@example.com,Seattle,Wa,Cn,2021-03-11,Insider,False
TES-C10238,Michael Kumar,michael.kumar572@example.com,Fremont,Ca,Us,2024-09-05,Insider,False
TES-C2713,Aditya Kumar,aditya.kumar961@example.com,Seattle,Wa,Ca,2024-02-24,Referral Program,False
TES-C9807,Vivaan Wilson,vivaan.wilson466@example.com,Shanghai,Cn,Us,2021-08-17,Referral Program,False
TES-C3482,Anna Wang,anna.wang533@example.com,Seattle,Wa,Us,2022-02-25,Standard,False
TES-C8013,LIAM WANG,liam.wang539@example.com,Miami,Fl,Ca,2022-12-28,Insider,False
TES-C1266,Priya Yamada,priya.yamada565@example.com,Los Angeles,Ca,Ca,2021-07-30,Insider,False
TES-C1227,Noah Anderson,noah.anderson786@example.com,Los Angeles,Ca,Cn,2022-04-26,Standard,False
TES-C9084,Vivaan Singh,vivaan.singh150@example.com,Miami,Fl,Us,2024-08-30,Standard,False
TES-C3366,Zoe Chen,zoe.chen346@example.com,Los Angeles,Ca,Us,2025-08-19,Standard,False
TES-C6568,John Wang,john.wang941@example.com,New York,Ny,Ca,2023-06-05,Referral Program,False
TES-C10502,James Wilson,james.wilson889@example.com,San Francisco,Ca,Ca,2023-01-24,Standard,False
TES-C6106,Aarav Müller,aarav.müller251@example.com,Austin,Tx,Us,2021-06-18,Referral Program,False
TES-C10964, Li Chen ,li.chen86@example.com,Shanghai,Cn,De,2021-10-26,Standard,False
TES-C10989,Ben Rossi,ben.rossi715@example.com,Miami,Fl,Us,2021-12-30,Insider,False
TES-C8096,Aditya Brown,aditya.brown801@example.com,Berlin,De,De,2022-01-25,Referral Program,False
TES-C8180,Ava Khan,ava.khan309@example.com,New York,Ny,De,2022-09-03,Referral Program,False
TES-C3441,li wilson,li.wilson997@example.com,Chicago,Il,Ca,2022-01-03,Referral Program,False
TES-C9697,KEN JOHNSON,ken.johnson389@example.com,Los Angeles,Ca,De,2023-10-05,Referral Program,False
TES-C2621,Mohammed Brown,mohammed.brown806@example.com,Berlin,De,Uk,2023-07-17,Insider,False
TES-C6276,Rahul Sharma,rahul.sharma959@example.com,Miami,Fl,Ca,2023-12-26,Referral Program,False
TES-C2776,Carlos Johnson,carlos.johnson969@example.com,Fremont,Ca,Jp,2021-03-22,Referral Program,False
TES-C3011,Michael Chen,michael.chen900@example.com,Los Angeles,Ca,Uk,2021-07-01,Referral Program,False
TES-C7879,Wei Wilson,wei.wilson689@example.com,Shanghai,Cn,De,2025-06-12,Insider,False
TES-C7863,Zoe Garcia,zoe.garcia523@example.com,New York,Ny,Jp,2025-12-10,Standard,False
TES-C4996,Ava Johnson,ava.johnson882@example.com,Fremont,Ca,Ca,2025-05-04,Referral Program,False
TES-C2035,Vivaan Garcia,vivaan.garcia317@example.com,Shanghai,Cn,Jp,2021-04-05,Referral Program,False
TES-C4293,Ava Khan,ava.khan166@example.com,Austin,Tx,Uk,2025-05-15,Referral Program,False
TES-C10211,Noah Smith,noah.smith249@example.com,Fremont,Ca,De,2022-12-07,Standard,False
TES-C1162,Noah Kim,noah.kim447@example.com,New York,Ny,Cn,2025-03-27,Insider,False
TES-C3116,Anna Wang,anna.wang768@example.com,San Francisco,Ca,Jp,2022-04-18,Standard,False
TES-C4393,MICHAEL YAMADA,,Fremont,Ca,De,2025-12-18,Referral Program,True
TES-C10124,Olivia Kumar,olivia.kumar983@example.com,Austin,Tx,Ca,2022-09-02,Insider,False
TES-C7940,Sara Smith,sara.smith597@example.com,Shanghai,Cn,Cn,2023-06-21,Standard,False
TES-C2516,Priya Suzuki,priya.suzuki17@example.com,Berlin,De,Uk,2022-03-15,Standard,False
TES-C6719,Anna Anderson,anna.anderson691@example.com,Austin,Tx,Jp,2025-03-28,Insider,False
TES-C7479,Emma Wilson,emma.wilson443@example.com,Austin,Tx,Us,2021-05-05,Referral Program,False
TES-C6773,John Müller,,San Francisco,Ca,Ca,2025-08-11,Insider,True
TES-C3322, Mohammed Lee ,mohammed.lee477@example.com,San Francisco,Ca,Us,2023-04-16,Referral Program,False
TES-C2536,aditya brown,aditya.brown822@example.com,San Francisco,Ca,Jp,2022-05-19,Standard,False
TES-C7799,Sofia Kim,sofia.kim876@example.com,Berlin,De,De,2023-07-24,Referral Program,False
TES-C3801,Ben Suzuki,ben.suzuki913@example.com,Fremont,Ca,De,2025-04-21,Standard,False
TES-C6309,Rahul Müller,rahul.müller611@example.com,Seattle,Wa,Us,2025-05-03,Referral Program,False
TES-C10378,Rahul Kumar,rahul.kumar866@example.com,Berlin,De,Us,2022-06-27,Insider,False
TES-C8603,Michael Smith,,Los Angeles,Ca,Cn,2024-05-12,Unknown,True
TES-C5022,Rahul Kim,rahul.kim696@example.com,Austin,Tx,De,2025-08-04,Standard,False
TES-C9916,Michael Sharma,michael.sharma62@example.com,Seattle,Wa,Uk,2024-10-10,Insider,False
TES-C9018,Rahul Khan,rahul.khan139@example.com,Miami,Fl,Cn,2024-10-20,Standard,False
TES-C9402,Li Patel,li.patel876@example.com,Fremont,Ca,Us,2023-10-22,Insider,False
TES-C2699,BEN JOHNSON,ben.johnson959@example.com,Seattle,Wa,Us,2025-10-28,Standard,False
TES-C8466,Noah Yamada,noah.yamada116@example.com,Los Angeles,Ca,Ca,2023-08-02,Standard,False
TES-C5787,Aditya Sharma,aditya.sharma868@example.com,Berlin,De,Us,2023-02-21,Insider,False
TES-C2949,John Martin,john.martin375@example.com,Seattle,Wa,De,2023-06-11,Referral Program,False
TES-C1473,David Kumar,,Fremont,Ca,Jp,2022-02-11,Insider,True
TES-C3446,ben anderson,ben.anderson814@example.com,Seattle,Wa,De,2025-12-22,Insider,False
TES-C7950,Vivaan Wang,vivaan.wang340@example.com,New York,Ny,Cn,2022-10-12,Unknown,False
TES-C1940,Sara Wilson,sara.wilson913@example.com,Chicago,Il,Ca,2021-07-20,Standard,False
TES-C7618,Mohammed Müller,mohammed.müller878@example.com,Shanghai,Cn,Ca,2024-10-27,Insider,False
TES-C8354,John Wang,john.wang301@example.com,Shanghai,Cn,Jp,2022-09-01,Insider,False
TES-C8486, James Kumar ,james.kumar744@example.com,Los Angeles,Ca,Us,2021-02-10,Standard,False
TES-C3696,Maria Müller,maria.müller35@example.com,New York,Ny,Jp,2025-04-26,Insider,False
TES-C9280,VIVAAN KUMAR,vivaan.kumar575@example.com,Shanghai,Cn,Us,2024-03-16,Referral Program,False
TES-C8624,Yuki Kumar,yuki.kumar354@example.com,Seattle,Wa,Uk,2023-08-09,Standard,False
TES-C7132,Priya Garcia,priya.garcia150@example.com,San Francisco,Ca,Cn,2023-04-17,Unknown,False
TES-C9177,liam garcia,liam.garcia545@example.com,Austin,Tx,Ca,2021-12-25,Standard,False
TES-C2636,Ava Müller,ava.müller26@example.com,Miami,Fl,Cn,2022-05-31,Unknown,False
TES-C9667,maria yamada,,Austin,Tx,Cn,2022-12-26,Referral Program,True
TES-C10254,Rahul Tanaka,rahul.tanaka645@example.com,Austin,Tx,Uk,2024-04-03,Referral Program,False
TES-C10646,Chen Wilson,chen.wilson161@example.com,Shanghai,Cn,Jp,2022-11-17,Insider,False
TES-C8947,Emma Sharma,,Seattle,Wa,Us,2024-07-22,Standard,True
TES-C10900,Mohammed Tanaka,mohammed.tanaka781@example.com,Fremont,Ca,Uk,2021-08-27,Insider,False
TES-C10791,Sara Brown,sara.brown190@example.com,Austin,Tx,Uk,2023-02-06,Insider,False
TES-C3572,Zoe Müller,zoe.müller632@example.com,San Francisco,Ca,Cn,2025-11-02,Referral Program,False
TES-C10915,Ava Rossi,ava.rossi360@example.com,San Francisco,Ca,Uk,2024-09-07,Standard,False
TES-C2466,Vivaan Kim,vivaan.kim623@example.com,Fremont,Ca,Ca,2023-11-23,Insider,False
TES-C1875,Michael Johnson,michael.johnson192@example.com,Los Angeles,Ca,Jp,2025-10-11,Referral Program,False
TES-C10201,Anna Khan,anna.khan469@example.com,Austin,Tx,Uk,2025-12-03,Standard,False
TES-C7394,ZOE DAVIS,zoe.davis809@example.com,Austin,Tx,Us,2021-04-02,Insider,False
TES-C3454,Chen Rossi,chen.rossi859@example.com,Austin,Tx,Uk,2022-08-16,Standard,False
TES-C2303,Ben Singh,ben.singh89@example.com,Berlin,De,Us,2025-03-26,Unknown,False
TES-C1277,Sofia Khan,sofia.khan78@example.com,Seattle,Wa,Jp,2023-07-28,Referral Program,False
TES-C2234,Ava Martin,ava.martin840@example.com,San Francisco,Ca,Jp,2023-01-25,Insider,False
TES-C10426,Zoe Martin,zoe.martin189@example.com,San Francisco,Ca,Ca,2022-05-09,Standard,False
TES-C4591,James Rossi,james.rossi771@example.com,Berlin,De,De,2021-10-25,Referral Program,False
TES-C7659,Carlos Kim,carlos.kim49@example.com,Berlin,De,Ca,2023-10-09,Insider,False
TES-C9129,EMMA KHAN,emma.khan11@example.com,Chicago,Il,Cn,2024-03-04,Standard,False
TES-C8810,Mohammed Sharma,mohammed.sharma748@example.com,Miami,Fl,De,2022-09-20,Referral Program,False
TES-C7969,Carlos Anderson,carlos.anderson300@example.com,Los Angeles,Ca,De,2025-08-13,Referral Program,False
TES-C3105,LIAM KUMAR,liam.kumar753@example.com,Berlin,De,Us,2023-05-18,Standard,False
TES-C9199,Liam Lee,liam.lee316@example.com,Los Angeles,Ca,De,2021-12-24,Referral Program,False
TES-C8806,Michael Davis,michael.davis740@example.com,Shanghai,Cn,Cn,2021-12-30,Standard,False
TES-C10507,Rahul Martin,rahul.martin39@example.com,Berlin,De,Jp,2025-12-28,Standard,False
TES-C3853,James Wang,james.wang280@example.com,Shanghai,Cn,Cn,2023-04-27,Referral Program,False
TES-C6571,Aditya Davis,aditya.davis778@example.com,Shanghai,Cn,Us,2021-03-20,Referral Program,False
TES-C6043,Vivaan Yamada,vivaan.yamada565@example.com,Austin,Tx,Jp,2024-06-24,Insider,False
TES-C3736,Priya Chen,priya.chen867@example.com,Shanghai,Cn,De,2024-01-19,Referral Program,False
TES-C7048,Li Rossi,,Berlin,De,Cn,2025-03-08,Referral Program,True
TES-C2179, Liam Rossi ,liam.rossi670@example.com,Los Angeles,Ca,Uk,2023-06-14,Standard,False
TES-C9047,Anna Müller,anna.müller942@example.com,Berlin,De,Jp,2022-07-26,Standard,False
TES-C3239,James Rossi,,Fremont,Ca,Ca,2024-10-08,Referral Program,True
TES-C2378,Michael Anderson,michael.anderson121@example.com,Miami,Fl,Us,2023-12-09,Insider,False
TES-C9873,Zoe Lee,zoe.lee383@example.com,Austin,Tx,Cn,2024-01-12,Standard,False
TES-C7120,Aarav Rossi,aarav.rossi743@example.com,Berlin,De,Uk,2023-05-04,Insider,False
TES-C1982,vivaan müller,vivaan.müller400@example.com,San Francisco,Ca,Uk,2025-12-29,Referral Program,False
TES-C4743,Fatima Yamada,fatima.yamada221@example.com,Austin,Tx,Uk,2022-05-06,Unknown,False
TES-C5856,SOFIA MÜLLER,sofia.müller213@example.com,Austin,Tx,Uk,2025-05-27,Standard,False
TES-C10911, David Wang ,david.wang665@example.com,Fremont,Ca,De,2023-08-24,Insider,False
TES-C10589,Li Davis,li.davis259@example.com,Miami,Fl,Uk,2025-03-28,Standard,False
TES-C8872,Yuki Patel,yuki.patel721@example.com,Shanghai,Cn,Us,2021-01-06,Referral Program,False
TES-C8030,Carlos Smith,carlos.smith123@example.com,San Francisco,Ca,Ca,2024-01-15,Referral Program,False
TES-C3636,vivaan kim,vivaan.kim382@example.com,Seattle,Wa,Us,2025-07-08,Insider,False
TES-C7884,Ben Tanaka,,Los Angeles,Ca,Uk,2022-08-03,Insider,True
TES-C5373, Zoe Johnson ,zoe.johnson652@example.com,Fremont,Ca,Uk,2025-01-06,Referral Program,False
TES-C9576,Fatima Suzuki,fatima.suzuki587@example.com,Chicago,Il,Ca,2022-08-04,Standard,False
TES-C5637,Aarav Smith,aarav.smith201@example.com,Los Angeles,Ca,Ca,2023-10-10,Unknown,False
TES-C6841,Emma Patel,emma.patel865@example.com,Berlin,De,Ca,2023-09-06,Referral Program,False
TES-C7188,Zoe Tanaka,zoe.tanaka923@example.com,Shanghai,Cn,Uk,2024-07-26,Insider,False
TES-C8491,Noah Kumar,noah.kumar361@example.com,Miami,Fl,Uk,2022-03-31,Standard,False
TES-C2322,Olivia Lee,olivia.lee282@example.com,Austin,Tx,Cn,2025-04-10,Referral Program,False
TES-C5063,olivia sharma,olivia.sharma282@example.com,Shanghai,Cn,Jp,2024-08-16,Insider,False
TES-C2913,Sofia Suzuki,sofia.suzuki823@example.com,Fremont,Ca,De,2022-10-09,Insider,False
TES-C8327,ZOE YAMADA,zoe.yamada123@example.com,New York,Ny,Uk,2022-09-21,Referral Program,False
TES-C1387,Ken Yamada,ken.yamada848@example.com,Shanghai,Cn,Cn,2023-01-25,Standard,False
TES-C2193,James Brown,james.brown599@example.com,Chicago,Il,Ca,2023-10-26,Referral Program,False
TES-C5302,Michael Suzuki,michael.suzuki318@example.com,Berlin,De,Cn,2022-01-14,Insider,False
TES-C8487,Liam Smith,liam.smith946@example.com,Shanghai,Cn,Ca,2025-05-08,Insider,False
TES-C6182,David Brown,,Seattle,Wa,De,2025-06-25,Standard,True
TES-C3752,PRIYA TANAKA,priya.tanaka675@example.com,Miami,Fl,Us,2022-10-16,Standard,False
TES-C6818,Li Davis,li.davis890@example.com,Seattle,Wa,Uk,2021-07-09,Standard,False
TES-C10701,EMMA WILSON,emma.wilson316@example.com,New York,Ny,De,2025-06-19,Insider,False
TES-C4530,MARIA SUZUKI,maria.suzuki354@example.com,Shanghai,Cn,Cn,2021-08-25,Insider,False
TES-C2774,chen garcia,chen.garcia271@example.com,Austin,Tx,De,2021-06-29,Standard,False
TES-C6139,sofia brown,sofia.brown34@example.com,Shanghai,Cn,De,2025-09-19,Insider,False
TES-C6516,Vivaan Lee,vivaan.lee429@example.com,Berlin,De,Jp,2021-03-16,Insider,False
TES-C1421, Wei Martin ,wei.martin588@example.com,Los Angeles,Ca,Uk,2022-08-02,Referral Program,False
TES-C5834,JOHN KHAN,john.khan577@example.com,San Francisco,Ca,Us,2023-12-26,Referral Program,False
TES-C1645,Fatima Sharma,fatima.sharma765@example.com,Shanghai,Cn,Cn,2021-04-06,Insider,False
TES-C1086,Priya Brown,priya.brown383@example.com,Berlin,De,Cn,2023-10-30,Standard,False
TES-C4641,James Kim,james.kim723@example.com,Seattle,Wa,De,2023-04-26,Standard,False
TES-C10894,Rahul Lee,rahul.lee555@example.com,Seattle,Wa,Us,2025-10-10,Standard,False
TES-C3655, Vivaan Kumar ,vivaan.kumar222@example.com,Fremont,Ca,Us,2024-01-07,Insider,False
TES-C8171,David Kumar,david.kumar39@example.com,Los Angeles,Ca,Ca,2025-01-22,Insider,False
TES-C3016,JOHN ROSSI,john.rossi698@example.com,Berlin,De,Jp,2022-07-05,Referral Program,False
TES-C2595,Emma Wang,emma.wang170@example.com,New York,Ny,Uk,2024-11-23,Referral Program,False
TES-C4190,Liam Wilson,liam.wilson882@example.com,Austin,Tx,De,2023-11-01,Referral Program,False
TES-C5775,John Martin,john.martin472@example.com,Los Angeles,Ca,Uk,2023-07-09,Referral Program,False
TES-C8879,Maria Wang,maria.wang532@example.com,Miami,Fl,Us,2025-03-23,Referral Program,False
TES-C6521,MARIA KHAN,maria.khan348@example.com,Austin,Tx,Ca,2021-02-05,Unknown,False
TES-C3537,Fatima Singh,fatima.singh830@example.com,Seattle,Wa,Ca,2022-06-24,Referral Program,False
TES-C5449,Aditya Kumar,aditya.kumar862@example.com,Miami,Fl,Uk,2024-04-13,Standard,False
TES-C1523,Liam Singh,liam.singh982@example.com,Fremont,Ca,Ca,2021-04-25,Standard,False
TES-C2842, Li Patel ,,Chicago,Il,Jp,2024-05-05,Standard,True
TES-C4435,Li Martin,li.martin956@example.com,Shanghai,Cn,Us,2023-04-06,Insider,False
TES-C10446,Rahul Brown,rahul.brown465@example.com,Los Angeles,Ca,Us,2023-05-13,Referral Program,False
TES-C5591,Noah Suzuki,noah.suzuki885@example.com,San Francisco,Ca,Us,2025-05-02,Standard,False
TES-C6741,vivaan müller,vivaan.müller722@example.com,New York,Ny,De,2021-07-13,Standard,False
TES-C7681,DAVID TANAKA,david.tanaka492@example.com,Berlin,De,Cn,2022-10-31,Referral Program,False
TES-C10169,Fatima Garcia,fatima.garcia594@example.com,Los Angeles,Ca,Us,2021-05-12,Insider,False
TES-C1977,Sara Brown,sara.brown649@example.com,Austin,Tx,Uk,2023-12-22,Insider,False
TES-C4860,Sofia Smith,sofia.smith580@example.com,Seattle,Wa,Jp,2025-06-23,Standard,False
TES-C4781,Noah Khan,noah.khan225@example.com,Shanghai,Cn,Uk,2022-05-08,Standard,False
TES-C1754,Vivaan Müller,vivaan.müller646@example.com,Seattle,Wa,Uk,2025-08-23,Insider,False
TES-C5810,Sofia Wang,sofia.wang374@example.com,San Francisco,Ca,Cn,2022-06-24,Insider,False
TES-C6479,KEN YAMADA,ken.yamada428@example.com,New York,Ny,Ca,2022-08-10,Referral Program,False
TES-C6028,Priya Smith,priya.smith851@example.com,Seattle,Wa,Cn,2021-09-27,Referral Program,False
TES-C10085, Wei Rossi ,wei.rossi417@example.com,Chicago,Il,Cn,2024-04-20,Insider,False
TES-C2740,Noah Lee,noah.lee21@example.com,Shanghai,Cn,Uk,2021-03-08,Referral Program,False
TES-C5297,Rahul Chen,rahul.chen879@example.com,Miami,Fl,Us,2023-05-19,Standard,False
TES-C7151,Sofia Sharma,sofia.sharma824@example.com,Shanghai,Cn,Us,2021-11-26,Unknown,False
TES-C6493,Maria Wilson,maria.wilson952@example.com,New York,Ny,Uk,2024-10-07,Standard,False
TES-C10626,Ben Garcia,ben.garcia872@example.com,Los Angeles,Ca,Ca,2025-12-29,Standard,False
TES-C3426,Aarav Rossi,aarav.rossi31@example.com,Austin,Tx,Cn,2025-05-05,Insider,False
TES-C10553,David Tanaka,david.tanaka206@example.com,Fremont,Ca,Cn,2021-02-09,Insider,False
TES-C3433,Olivia Kim,olivia.kim599@example.com,Fremont,Ca,Jp,2024-04-02,Referral Program,False
TES-C7599,WEI KIM,wei.kim208@example.com,San Francisco,Ca,Jp,2025-09-29,Referral Program,False
TES-C8927,sara müller,sara.müller166@example.com,Seattle,Wa,Cn,2025-04-23,Standard,False
TES-C9783,Anna Smith,anna.smith946@example.com,Chicago,Il,Cn,2021-08-08,Standard,False
TES-C9163,RAHUL TANAKA,rahul.tanaka860@example.com,Berlin,De,De,2021-09-19,Insider,False
TES-C1636,Vivaan Martin,vivaan.martin142@example.com,Los Angeles,Ca,Cn,2021-11-27,Referral Program,False
TES-C5650,Yuki Brown,yuki.brown399@example.com,Chicago,Il,Us,2025-04-30,Unknown,False
TES-C9383,Ben Smith,ben.smith922@example.com,Los Angeles,Ca,Uk,2022-01-28,Insider,False
TES-C1074,JAMES CHEN,james.chen855@example.com,Los Angeles,Ca,Us,2022-06-19,Standard,False
TES-C5985,Fatima Sharma,fatima.sharma656@example.com,Shanghai,Cn,Jp,2022-06-19,Standard,False
TES-C4005,Zoe Patel,zoe.patel88@example.com,Berlin,De,Ca,2022-05-08,Insider,False
TES-C4961,Zoe Davis,zoe.davis351@example.com,Chicago,Il,Us,2021-08-01,Insider,False
TES-C9715,John Tanaka,john.tanaka36@example.com,New York,Ny,Cn,2021-03-13,Standard,False
TES-C2024,MARIA TANAKA,maria.tanaka433@example.com,San Francisco,Ca,Uk,2021-04-15,Referral Program,False
TES-C6763, James Anderson ,james.anderson28@example.com,Miami,Fl,Ca,2022-06-18,Insider,False
TES-C2521,Sofia Lee,sofia.lee925@example.com,Austin,Tx,Uk,2022-06-13,Standard,False
TES-C8483,Anna Kumar,anna.kumar828@example.com,Fremont,Ca,Cn,2021-12-26,Standard,False
TES-C6069,Ava Anderson,ava.anderson78@example.com,Berlin,De,Uk,2024-04-22,Unknown,False
TES-C2244,michael lee,michael.lee698@example.com,Fremont,Ca,Uk,2022-03-24,Referral Program,False
TES-C9407,Aditya Sharma,aditya.sharma127@example.com,Berlin,De,Cn,2021-12-22,Insider,False
TES-C3177,noah smith,noah.smith819@example.com,Berlin,De,Jp,2023-08-12,Insider,False
TES-C8882,Liam Tanaka,liam.tanaka236@example.com,New York,Ny,Jp,2021-11-13,Referral Program,False
TES-C8463, Wei Tanaka ,wei.tanaka110@example.com,Austin,Tx,Jp,2021-09-19,Standard,False
TES-C3643,OLIVIA CHEN,olivia.chen996@example.com,Los Angeles,Ca,De,2022-11-18,Referral Program,False
TES-C6328,Aarav Garcia,aarav.garcia471@example.com,Chicago,Il,Us,2022-07-24,Standard,False
TES-C4484,Noah Tanaka,noah.tanaka975@example.com,New York,Ny,Us,2023-02-16,Referral Program,False
TES-C6491,Wei Kim,wei.kim369@example.com,New York,Ny,De,2024-12-19,Referral Program,False
TES-C7574,Mohammed Müller,mohammed.müller697@example.com,Berlin,De,Uk,2023-05-04,Standard,False
TES-C4634,zoe davis,,Fremont,Ca,Ca,2022-02-21,Standard,True
TES-C7536,Rahul Anderson,rahul.anderson665@example.com,Fremont,Ca,De,2025-10-25,Insider,False
TES-C6082,Zoe Wang,zoe.wang941@example.com,Shanghai,Cn,Ca,2023-09-21,Standard,False
TES-C7356,Wei Sharma,wei.sharma819@example.com,New York,Ny,Ca,2021-09-18,Standard,False
TES-C9260,Aditya Kumar,aditya.kumar961@example.com,Austin,Tx,Uk,2022-06-21,Standard,False
TES-C4842,Carlos Garcia,,Fremont,Ca,Cn,2021-03-29,Referral Program,True
TES-C6149,Michael Kumar,michael.kumar368@example.com,San Francisco,Ca,Ca,2021-08-19,Insider,False
TES-C2133,SOFIA SINGH,sofia.singh454@example.com,New York,Ny,Ca,2024-11-09,Insider,False
TES-C7682,Fatima Rossi,fatima.rossi304@example.com,Chicago,Il,De,2025-11-04,Referral Program,False
TES-C8671,MOHAMMED WILSON,mohammed.wilson945@example.com,Shanghai,Cn,Jp,2023-06-24,Standard,False
TES-C2634,Anna Brown,anna.brown573@example.com,Chicago,Il,Cn,2023-07-13,Referral Program,False
TES-C10511,Maria Kim,maria.kim424@example.com,Miami,Fl,Cn,2025-08-26,Insider,False
TES-C4974,fatima sharma,,Fremont,Ca,Jp,2021-09-24,Referral Program,True
TES-C1087,Emma Rossi,emma.rossi322@example.com,New York,Ny,Us,2023-09-27,Referral Program,False
TES-C1514,Zoe Kumar,,Berlin,De,Us,2025-10-13,Insider,True
TES-C8393,emma johnson,emma.johnson523@example.com,Miami,Fl,Us,2021-06-09,Referral Program,False
TES-C5281,Ava Tanaka,ava.tanaka237@example.com,Fremont,Ca,Us,2023-10-15,Referral Program,False
TES-C4820,James Kumar,james.kumar618@example.com,New York,Ny,Jp,2025-03-10,Standard,False
TES-C6514, Liam Davis ,liam.davis938@example.com,Los Angeles,Ca,Us,2023-02-03,Standard,False
TES-C2594,Aarav Lee,aarav.lee98@example.com,Chicago,Il,Uk,2022-02-07,Insider,False
TES-C8859,aditya müller,aditya.müller523@example.com,New York,Ny,De,2024-09-08,Insider,False
TES-C5478,Mohammed Smith,mohammed.smith181@example.com,Miami,Fl,Cn,2021-04-20,Standard,False
TES-C2884,ADITYA PATEL,aditya.patel734@example.com,Miami,Fl,Cn,2022-03-17,Insider,False
TES-C4317,Sara Brown,sara.brown212@example.com,Austin,Tx,Cn,2022-11-26,Referral Program,False
TES-C10028,SOFIA PATEL,sofia.patel83@example.com,New York,Ny,Jp,2021-07-06,Unknown,False
TES-C2717, Chen Yamada ,chen.yamada964@example.com,Shanghai,Cn,Uk,2025-01-28,Referral Program,False
TES-C2633,Noah Kumar,noah.kumar936@example.com,Los Angeles,Ca,Uk,2022-08-31,Referral Program,False
TES-C10362,Maria Wilson,maria.wilson76@example.com,Shanghai,Cn,Us,2021-12-05,Unknown,False
TES-C6346,sara singh,sara.singh589@example.com,New York,Ny,Ca,2021-10-03,Insider,False
TES-C4735,Li Sharma,li.sharma952@example.com,Shanghai,Cn,Cn,2025-01-14,Standard,False
TES-C7167,Chen Wang,chen.wang355@example.com,Los Angeles,Ca,Jp,2022-08-29,Standard,False
TES-C2669,Emma Kim,emma.kim506@example.com,Miami,Fl,Ca,2025-07-14,Insider,False
TES-C10504,Aditya Smith,aditya.smith513@example.com,Austin,Tx,Us,2025-04-27,Insider,False
TES-C4059,Rahul Kumar,rahul.kumar727@example.com,Shanghai,Cn,Ca,2025-11-08,Standard,False
TES-C4774,Li Martin,li.martin81@example.com,Berlin,De,Us,2023-01-03,Referral Program,False
TES-C7578,David Johnson,david.johnson920@example.com,Seattle,Wa,Cn,2025-03-22,Standard,False
TES-C4132,Li Martin,li.martin986@example.com,Shanghai,Cn,Ca,2023-10-19,Insider,False
TES-C3321,OLIVIA GARCIA,olivia.garcia970@example.com,Fremont,Ca,Us,2025-01-25,Insider,False
TES-C5209,Yuki Suzuki,yuki.suzuki184@example.com,Shanghai,Cn,Uk,2021-07-04,Insider,False
TES-C2672,David Yamada,david.yamada710@example.com,Austin,Tx,Uk,2023-12-21,Standard,False
TES-C2502,MICHAEL KIM,michael.kim804@example.com,Los Angeles,Ca,Cn,2025-08-22,Referral Program,False
TES-C4969,wei kim,wei.kim333@example.com,Austin,Tx,Ca,2025-09-28,Insider,False
TES-C5655,Ken Johnson,ken.johnson480@example.com,New York,Ny,De,2022-02-25,Insider,False
TES-C6061,Carlos Yamada,,New York,Ny,Cn,2021-09-07,Insider,True
TES-C6700,Chen Suzuki,chen.suzuki3@example.com,Berlin,De,Cn,2025-02-22,Standard,False
TES-C6371,Ava Khan,ava.khan672@example.com,Berlin,De,Cn,2021-08-06,Insider,False
TES-C5729, Sofia Suzuki ,sofia.suzuki401@example.com,Shanghai,Cn,Jp,2024-08-30,Standard,False
TES-C2719,Fatima Wang,fatima.wang274@example.com,Miami,Fl,Jp,2023-10-22,Insider,False
TES-C6674,Maria Tanaka,maria.tanaka879@example.com,New York,Ny,Ca,2022-07-06,Referral Program,False
TES-C1494,Vivaan Yamada,vivaan.yamada150@example.com,Austin,Tx,Us,2025-02-28,Insider,False
TES-C5058,chen yamada,,Austin,Tx,De,2023-07-05,Referral Program,True
TES-C5127,Olivia Tanaka,olivia.tanaka148@example.com,New York,Ny,De,2022-04-24,Insider,False
TES-C6041,Olivia Müller,olivia.müller370@example.com,Seattle,Wa,Us,2022-12-02,Referral Program,False
TES-C10774,Yuki Patel,yuki.patel768@example.com,Fremont,Ca,Us,2023-10-10,Insider,False
TES-C5247,maria anderson,,Los Angeles,Ca,Cn,2023-10-05,Standard,True
TES-C3797,Chen Davis,chen.davis655@example.com,Austin,Tx,Cn,2021-10-17,Unknown,False
TES-C5286,Emma Martin,emma.martin770@example.com,Fremont,Ca,Ca,2024-04-26,Referral Program,False
TES-C8319,Anna Anderson,anna.anderson295@example.com,San Francisco,Ca,De,2025-07-24,Insider,False
TES-C6012,David Chen,david.chen613@example.com,Shanghai,Cn,Us,2022-10-24,Standard,False
TES-C1401,maria patel,maria.patel138@example.com,Seattle,Wa,Ca,2024-07-11,Referral Program,False
TES-C10772,Wei Rossi,wei.rossi898@example.com,Fremont,Ca,De,2022-05-31,Standard,False
TES-C7582, Emma Müller ,emma.müller525@example.com,Seattle,Wa,Jp,2021-05-14,Unknown,False
TES-C4997,Liam Tanaka,liam.tanaka860@example.com,Chicago,Il,De,2021-10-18,Standard,False
TES-C10020,Chen Sharma,chen.sharma473@example.com,Seattle,Wa,Cn,2025-01-23,Unknown,False
TES-C9612,Noah Yamada,noah.yamada700@example.com,Austin,Tx,Jp,2022-11-15,Referral Program,False
TES-C7778,ADITYA WANG,aditya.wang839@example.com,Miami,Fl,Cn,2021-05-09,Insider,False
TES-C4266,Olivia Müller,olivia.müller355@example.com,Seattle,Wa,Us,2021-09-24,Standard,False
TES-C3371,Olivia Chen,olivia.chen469@example.com,Shanghai,Cn,Uk,2022-01-03,Referral Program,False
TES-C6056,olivia johnson,olivia.johnson692@example.com,Berlin,De,De,2025-05-05,Referral Program,False
TES-C1856,Wei Anderson,wei.anderson870@example.com,Berlin,De,Cn,2022-08-24,Standard,False
TES-C4827,Liam Singh,liam.singh611@example.com,Seattle,Wa,Ca,2024-12-27,Insider,False
TES-C6809,SOFIA WANG,sofia.wang183@example.com,Berlin,De,Jp,2024-01-09,Referral Program,False
TES-C10804,Fatima Sharma,fatima.sharma172@example.com,Miami,Fl,Cn,2022-11-13,Insider,False
TES-C8479,Wei Tanaka,wei.tanaka866@example.com,Austin,Tx,Cn,2023-12-21,Referral Program,False
TES-C1756,Carlos Kumar,carlos.kumar483@example.com,Miami,Fl,Cn,2025-08-13,Standard,False
TES-C7869,Fatima Singh,fatima.singh713@example.com,Berlin,De,Jp,2024-01-10,Standard,False
TES-C7398,AARAV SMITH,aarav.smith345@example.com,Miami,Fl,De,2025-11-17,Insider,False
TES-C6759,Noah Wang,noah.wang669@example.com,New York,Ny,Jp,2024-01-25,Insider,False
TES-C2751,Yuki Rossi,yuki.rossi884@example.com,San Francisco,Ca,Cn,2025-07-22,Standard,False
TES-C5455, Sofia Garcia ,sofia.garcia979@example.com,Los Angeles,Ca,Jp,2022-04-28,Insider,False
TES-C2238,AVA ANDERSON,ava.anderson515@example.com,Miami,Fl,Jp,2023-01-31,Insider,False
TES-C2815,chen sharma,chen.sharma883@example.com,New York,Ny,Us,2022-03-05,Insider,False
TES-C9780,James Patel,james.patel737@example.com,San Francisco,Ca,Cn,2025-04-16,Insider,False
TES-C5107, Emma Martin ,emma.martin915@example.com,Austin,Tx,Uk,2024-11-24,Standard,False
TES-C4226, Emma Rossi ,emma.rossi794@example.com,Miami,Fl,Jp,2021-03-12,Referral Program,False
TES-C4925, Yuki Suzuki ,yuki.suzuki301@example.com,Austin,Tx,Cn,2023-08-06,Insider,False
TES-C1318,Sara Khan,sara.khan50@example.com,New York,Ny,Us,2023-08-02,Referral Program,False
TES-C2848,Fatima Yamada,fatima.yamada856@example.com,Shanghai,Cn,Ca,2021-06-09,Referral Program,False
TES-C6384,Vivaan Smith,,Los Angeles,Ca,Uk,2024-11-15,Referral Program,True
TES-C5534,Mohammed Kumar,mohammed.kumar657@example.com,Austin,Tx,De,2022-03-30,Referral Program,False
TES-C1779,Rahul Chen,rahul.chen373@example.com,Seattle,Wa,Us,2024-03-12,Insider,False
TES-C5450,James Lee,james.lee287@example.com,Berlin,De,Uk,2023-06-22,Standard,False
TES-C3808, Chen Rossi ,,Fremont,Ca,Us,2025-12-16,Unknown,True
TES-C9872,Olivia Lee,olivia.lee88@example.com,New York,Ny,Cn,2022-06-06,Referral Program,False
TES-C6502,SARA KIM,sara.kim230@example.com,Shanghai,Cn,Us,2023-08-11,Standard,False
TES-C8261,Aarav Müller,aarav.müller251@example.com,Berlin,De,De,2021-10-21,Standard,False
TES-C1144,Noah Davis,noah.davis144@example.com,Austin,Tx,Jp,2023-08-08,Insider,False
TES-C3857,EMMA SMITH,emma.smith688@example.com,Austin,Tx,De,2023-11-27,Referral Program,False
TES-C10197,olivia davis,olivia.davis154@example.com,Seattle,Wa,Uk,2023-09-08,Standard,False
TES-C1678,Wei Rossi,wei.rossi277@example.com,Seattle,Wa,Jp,2023-11-27,Unknown,False
TES-C8055,Aarav Chen,aarav.chen488@example.com,San Francisco,Ca,Jp,2021-03-18,Standard,False
TES-C4658,Carlos Yamada,carlos.yamada428@example.com,Shanghai,Cn,Uk,2024-02-23,Standard,False
TES-C5144,ken kumar,ken.kumar525@example.com,New York,Ny,Cn,2024-04-15,Referral Program,False
TES-C6873,Zoe Smith,zoe.smith984@example.com,Berlin,De,Ca,2025-04-08,Standard,False
TES-C9685,Aditya Patel,,Austin,Tx,Uk,2021-12-22,Standard,True
TES-C9278,John Tanaka,john.tanaka897@example.com,Fremont,Ca,Jp,2023-09-16,Standard,False
TES-C6986,LIAM WANG,liam.wang397@example.com,San Francisco,Ca,De,2021-06-25,Insider,False
TES-C3749,Ava Wang,ava.wang57@example.com,Los Angeles,Ca,Us,2023-03-28,Standard,False
TES-C6011,David Chen,david.chen224@example.com,Chicago,Il,Jp,2022-09-23,Insider,False
TES-C9087,Chen Müller,chen.müller238@example.com,Fremont,Ca,De,2022-05-31,Referral Program,False
TES-C1498,Maria Sharma,maria.sharma417@example.com,Chicago,Il,Us,2022-03-31,Referral Program,False
TES-C2128,Zoe Kumar,zoe.kumar751@example.com,San Francisco,Ca,De,2022-05-12,Insider,False
TES-C8215,John Kumar,john.kumar113@example.com,Fremont,Ca,De,2024-08-22,Insider,False
TES-C10753,Anna Kumar,anna.kumar677@example.com,Los Angeles,Ca,Jp,2024-08-24,Referral Program,False
TES-C8212,Chen Patel,chen.patel639@example.com,Seattle,Wa,Cn,2024-02-11,Standard,False
TES-C10118,Fatima Wilson,fatima.wilson324@example.com,San Francisco,Ca,Ca,2021-08-17,Referral Program,False
TES-C7053,Zoe Brown,zoe.brown336@example.com,San Francisco,Ca,Ca,2023-11-24,Insider,False
TES-C5186,Anna Singh,anna.singh303@example.com,Chicago,Il,Jp,2022-03-23,Standard,False
TES-C9954,zoe rossi,zoe.rossi693@example.com,Seattle,Wa,Us,2024-07-30,Referral Program,False
TES-C9993,Li Johnson,li.johnson983@example.com,Fremont,Ca,Us,2024-12-23,Standard,False
TES-C8024,Yuki Singh,yuki.singh481@example.com,Miami,Fl,Cn,2023-08-18,Insider,False
TES-C10761,Michael Lee,michael.lee877@example.com,Miami,Fl,Cn,2023-11-29,Standard,False
TES-C4405,Aditya Müller,aditya.müller61@example.com,Miami,Fl,Ca,2025-11-03,Insider,False
TES-C4179,David Tanaka,david.tanaka156@example.com,Berlin,De,Us,2022-06-25,Standard,False
TES-C6968,Mohammed Singh,mohammed.singh945@example.com,Berlin,De,Uk,2021-11-19,Insider,False
TES-C10326,Maria Martin,maria.martin120@example.com,Seattle,Wa,Uk,2023-08-22,Insider,False
TES-C1760,Noah Johnson,noah.johnson481@example.com,Miami,Fl,Jp,2024-04-20,Referral Program,False
TES-C2493,Priya Wang,,Chicago,Il,Us,2023-07-08,Referral Program,True
TES-C10160,Li Yamada,li.yamada14@example.com,New York,Ny,Uk,2025-12-25,Insider,False
TES-C3973, Ken Chen ,ken.chen205@example.com,Berlin,De,De,2021-04-10,Referral Program,False
TES-C1870, Aarav Garcia ,aarav.garcia294@example.com,San Francisco,Ca,Jp,2021-07-25,Insider,False
TES-C4006,Zoe Garcia,zoe.garcia626@example.com,San Francisco,Ca,Cn,2022-09-22,Insider,False
TES-C4327,Yuki Suzuki,yuki.suzuki925@example.com,Berlin,De,Jp,2022-01-12,Standard,False
TES-C10384,Wei Smith,,Shanghai,Cn,Uk,2024-09-06,Standard,True
TES-C7786,Yuki Johnson,yuki.johnson293@example.com,Seattle,Wa,Jp,2022-01-13,Referral Program,False
TES-C4305,Yuki Patel,yuki.patel900@example.com,Los Angeles,Ca,Jp,2021-12-10,Unknown,False
TES-C2548,Chen Kim,chen.kim889@example.com,Shanghai,Cn,Jp,2023-07-28,Standard,False
TES-C9763, Zoe Singh ,zoe.singh897@example.com,Miami,Fl,Us,2025-09-27,Standard,False
TES-C3952, John Garcia ,john.garcia408@example.com,Miami,Fl,Us,2024-06-19,Insider,False
TES-C9960,Chen Kim,chen.kim250@example.com,Berlin,De,De,2024-01-19,Referral Program,False
TES-C8095,zoe kumar,zoe.kumar313@example.com,Chicago,Il,Cn,2023-12-09,Standard,False
TES-C4035,Li Garcia,li.garcia638@example.com,Los Angeles,Ca,De,2021-03-29,Insider,False
TES-C3231,Ben Lee,ben.lee232@example.com,Austin,Tx,Uk,2021-04-17,Insider,False
TES-C2886,WEI KUMAR,wei.kumar60@example.com,Fremont,Ca,Cn,2023-11-28,Insider,False
TES-C7031,Li Wilson,li.wilson470@example.com,Los Angeles,Ca,Us,2022-08-12,Referral Program,False
TES-C8972, Olivia Tanaka ,olivia.tanaka738@example.com,Miami,Fl,Uk,2024-02-22,Referral Program,False
TES-C6517,Ava Kumar,,Chicago,Il,Cn,2025-06-05,Referral Program,True
TES-C7961,Wei Wang,wei.wang319@example.com,Shanghai,Cn,Uk,2025-05-25,Insider,False
TES-C10065,John Wang,john.wang426@example.com,Seattle,Wa,Us,2025-08-19,Standard,False
TES-C10899,Emma Wang,emma.wang866@example.com,Fremont,Ca,Us,2023-02-22,Insider,False
TES-C4398,aarav davis,aarav.davis26@example.com,Los Angeles,Ca,Us,2023-08-15,Insider,False
TES-C2849,Wei Davis,wei.davis92@example.com,Seattle,Wa,Cn,2021-11-05,Referral Program,False
TES-C6573,Sofia Anderson,sofia.anderson105@example.com,Fremont,Ca,Uk,2021-05-27,Standard,False
TES-C10381,Rahul Tanaka,rahul.tanaka520@example.com,San Francisco,Ca,Ca,2021-10-08,Insider,False
TES-C6382,LI JOHNSON,li.johnson48@example.com,Miami,Fl,Jp,2023-11-01,Insider,False
TES-C10950,rahul yamada,rahul.yamada152@example.com,Seattle,Wa,De,2022-11-27,Standard,False
TES-C8844,Liam Khan,liam.khan880@example.com,Chicago,Il,Jp,2021-06-07,Unknown,False
TES-C4369, Sara Sharma ,sara.sharma604@example.com,Chicago,Il,Jp,2022-12-13,Insider,False
TES-C8874,Vivaan Kumar,vivaan.kumar657@example.com,Los Angeles,Ca,Jp,2023-11-09,Standard,False
TES-C1928,Ava Müller,ava.müller570@example.com,Shanghai,Cn,Uk,2025-01-05,Standard,False
TES-C5619,Zoe Patel,zoe.patel56@example.com,Chicago,Il,De,2021-01-23,Referral Program,False
TES-C4376,Michael Johnson,michael.johnson460@example.com,San Francisco,Ca,Uk,2023-12-15,Referral Program,False
TES-C7399,Aditya Kim,,Chicago,Il,Jp,2025-09-29,Referral Program,True
TES-C3403,Liam Wang,liam.wang132@example.com,Chicago,Il,Jp,2024-04-22,Insider,False
TES-C8637,Priya Davis,priya.davis807@example.com,Fremont,Ca,Us,2021-03-04,Standard,False
TES-C3719,Ben Smith,,Shanghai,Cn,Uk,2025-04-07,Insider,True
TES-C1811,Wei Singh,wei.singh356@example.com,Seattle,Wa,Cn,2021-11-06,Insider,False
TES-C5006,Aarav Khan,aarav.khan727@example.com,Chicago,Il,Jp,2021-07-20,Referral Program,False
TES-C9349,Michael Patel,michael.patel165@example.com,Los Angeles,Ca,Cn,2024-02-28,Referral Program,False
TES-C8139,Olivia Khan,olivia.khan18@example.com,Shanghai,Cn,De,2025-09-13,Insider,False
TES-C4112,Vivaan Rossi,vivaan.rossi667@example.com,New York,Ny,Jp,2022-04-14,Referral Program,False
TES-C5089,Yuki Chen,yuki.chen284@example.com,Chicago,Il,Ca,2022-03-07,Unknown,False
TES-C8271,Sofia Yamada,sofia.yamada8@example.com,Shanghai,Cn,Uk,2021-01-24,Standard,False
TES-C3512,Li Khan,li.khan596@example.com,San Francisco,Ca,De,2023-11-23,Standard,False
TES-C6421,Rahul Patel,rahul.patel508@example.com,Chicago,Il,Ca,2023-05-19,Referral Program,False
TES-C7060,Mohammed Yamada,mohammed.yamada160@example.com,Shanghai,Cn,Ca,2021-02-20,Referral Program,False
TES-C8635,Emma Müller,emma.müller703@example.com,Chicago,Il,Cn,2025-12-12,Insider,False
TES-C2044,Anna Garcia,,Miami,Fl,Us,2022-11-25,Unknown,True
TES-C5344,Sofia Yamada,sofia.yamada684@example.com,Berlin,De,Jp,2025-08-20,Referral Program,False
TES-C5993,Carlos Patel,carlos.patel308@example.com,Austin,Tx,De,2024-11-19,Standard,False
TES-C7818,Carlos Tanaka,carlos.tanaka155@example.com,Seattle,Wa,Jp,2023-05-19,Referral Program,False
TES-C6495,Vivaan Garcia,,Shanghai,Cn,De,2024-01-23,Standard,True
TES-C3617,Maria Patel,,Los Angeles,Ca,Cn,2024-02-22,Standard,True
TES-C6045,YUKI TANAKA,yuki.tanaka785@example.com,Berlin,De,Cn,2021-05-11,Insider,False
TES-C7801,Fatima Garcia,fatima.garcia442@example.com,Los Angeles,Ca,Cn,2025-11-17,Referral Program,False
TES-C8183,KEN CHEN,ken.chen970@example.com,Berlin,De,Us,2025-03-27,Referral Program,False
TES-C6404,Emma Kumar,emma.kumar471@example.com,Berlin,De,Uk,2023-06-13,Standard,False
TES-C2587,Maria Yamada,maria.yamada883@example.com,Shanghai,Cn,Us,2022-10-31,Standard,False
TES-C1461,Noah Garcia,,New York,Ny,Jp,2023-01-04,Insider,True
TES-C6999,Li Kim,li.kim291@example.com,Miami,Fl,Uk,2025-12-20,Standard,False
TES-C3990,Carlos Wilson,carlos.wilson997@example.com,Seattle,Wa,Jp,2022-11-28,Standard,False
TES-C1102,Chen Lee,chen.lee646@example.com,Berlin,De,Uk,2021-09-10,Referral Program,False
TES-C3697,EMMA PATEL,emma.patel71@example.com,New York,Ny,De,2024-01-10,Standard,False
TES-C10490,Vivaan Singh,vivaan.singh413@example.com,Miami,Fl,Ca,2022-06-04,Standard,False
TES-C10069,ZOE BROWN,zoe.brown565@example.com,Fremont,Ca,Ca,2025-03-06,Referral Program,False
TES-C2635,Chen Tanaka,chen.tanaka40@example.com,Los Angeles,Ca,Ca,2022-09-05,Insider,False
TES-C2974,priya rossi,priya.rossi913@example.com,Austin,Tx,Ca,2025-07-03,Insider,False
TES-C5391,JAMES GARCIA,james.garcia197@example.com,Fremont,Ca,Cn,2025-08-24,Referral Program,False
TES-C1017, Noah Garcia ,noah.garcia312@example.com,Seattle,Wa,Uk,2024-04-21,Insider,False
TES-C7321,Vivaan Tanaka,vivaan.tanaka496@example.com,Shanghai,Cn,Ca,2024-09-06,Standard,False
TES-C3588,Fatima Lee,fatima.lee175@example.com,Shanghai,Cn,Ca,2022-08-01,Insider,False
TES-C5917,carlos brown,carlos.brown102@example.com,Shanghai,Cn,Uk,2021-01-30,Insider,False
TES-C5609,Maria Johnson,maria.johnson960@example.com,Los Angeles,Ca,Us,2021-06-23,Referral Program,False
TES-C8929,Li Sharma,li.sharma661@example.com,New York,Ny,De,2025-09-19,Insider,False
TES-C9289,LI TANAKA,,Berlin,De,Jp,2021-02-11,Insider,True
TES-C9639,li davis,li.davis92@example.com,San Francisco,Ca,Uk,2025-04-14,Standard,False
TES-C1166,carlos sharma,carlos.sharma51@example.com,Austin,Tx,Jp,2021-06-03,Insider,False
TES-C9761,Zoe Sharma,zoe.sharma228@example.com,Austin,Tx,De,2024-12-15,Standard,False
TES-C8682,Mohammed Rossi,mohammed.rossi468@example.com,Fremont,Ca,Ca,2025-08-15,Standard,False
TES-C6726,Anna Wang,anna.wang677@example.com,Miami,Fl,Uk,2023-02-02,Referral Program,False
TES-C7363,Michael Müller,michael.müller187@example.com,Fremont,Ca,Ca,2025-02-14,Insider,False
TES-C7627,Rahul Singh,rahul.singh46@example.com,Fremont,Ca,De,2021-12-09,Referral Program,False
TES-C2748,KEN YAMADA,ken.yamada285@example.com,Austin,Tx,Us,2021-09-04,Insider,False
TES-C2971,Olivia Patel,olivia.patel569@example.com,Chicago,Il,Us,2023-05-08,Standard,False
TES-C9008,anna wilson,anna.wilson139@example.com,San Francisco,Ca,Uk,2025-09-23,Insider,False
TES-C6623, Aditya Anderson ,aditya.anderson428@example.com,Chicago,Il,Uk,2023-10-13,Referral Program,False
TES-C2780,Noah Wang,noah.wang871@example.com,Fremont,Ca,Us,2023-10-17,Standard,False
TES-C8660,Fatima Lee,fatima.lee226@example.com,Chicago,Il,Uk,2021-11-26,Referral Program,False
TES-C2539, Wei Anderson ,wei.anderson520@example.com,Fremont,Ca,Ca,2024-02-10,Insider,False
TES-C8225,wei martin,wei.martin360@example.com,Austin,Tx,Cn,2025-10-01,Standard,False
TES-C9824, Zoe Garcia ,,Seattle,Wa,Ca,2021-05-23,Insider,True
TES-C2808,Ava Davis,ava.davis879@example.com,Shanghai,Cn,Ca,2025-02-25,Referral Program,False
TES-C2037,michael singh,michael.singh10@example.com,Shanghai,Cn,Cn,2024-03-03,Insider,False
TES-C2992,Vivaan Brown,vivaan.brown617@example.com,Shanghai,Cn,De,2021-01-05,Referral Program,False
TES-C9799,Olivia Smith,,Fremont,Ca,Uk,2024-06-07,Standard,True
TES-C3647,Vivaan Wang,vivaan.wang991@example.com,Shanghai,Cn,Us,2023-07-04,Referral Program,False
TES-C10610, Chen Chen ,chen.chen515@example.com,New York,Ny,De,2022-08-02,Insider,False
TES-C10031,Sofia Chen,sofia.chen57@example.com,Berlin,De,Cn,2025-08-11,Insider,False
TES-C1744,noah wilson,noah.wilson457@example.com,Austin,Tx,Us,2025-08-30,Standard,False
TES-C1190,Emma Patel,emma.patel963@example.com,Seattle,Wa,Ca,2022-03-17,Standard,False
TES-C8572,Olivia Wilson,olivia.wilson481@example.com,Seattle,Wa,Us,2022-12-01,Referral Program,False
TES-C1670,Li Lee,li.lee921@example.com,Los Angeles,Ca,Jp,2021-12-25,Standard,False
TES-C4593,Aditya Smith,,New York,Ny,Ca,2025-09-01,Insider,True
TES-C7401,James Khan,james.khan892@example.com,Seattle,Wa,De,2021-12-15,Referral Program,False
TES-C2147, Ken Patel ,ken.patel559@example.com,New York,Ny,Uk,2021-11-15,Referral Program,False
TES-C4506,Priya Anderson,priya.anderson239@example.com,Berlin,De,Us,2025-10-27,Standard,False
TES-C6153,priya wang,priya.wang695@example.com,Seattle,Wa,Us,2022-10-28,Referral Program,False
TES-C3628,Emma Patel,emma.patel931@example.com,Berlin,De,Ca,2021-11-05,Standard,False
TES-C10431,Ava Kumar,ava.kumar791@example.com,Seattle,Wa,Jp,2023-02-11,Insider,False
TES-C7307,Wei Kim,wei.kim986@example.com,Seattle,Wa,Cn,2023-12-24,Unknown,False
TES-C3803,Priya Rossi,priya.rossi332@example.com,Chicago,Il,De,2025-01-19,Insider,False
TES-C2096,Ava Lee,ava.lee473@example.com,Miami,Fl,Uk,2024-12-09,Standard,False
TES-C10834,liam chen,liam.chen881@example.com,Fremont,Ca,De,2025-09-21,Insider,False
TES-C7958,Ava Wang,ava.wang613@example.com,Chicago,Il,Ca,2022-11-22,Standard,False
TES-C10399,Aditya Yamada,aditya.yamada672@example.com,New York,Ny,Cn,2023-09-29,Referral Program,False
TES-C1070,Chen Martin,chen.martin355@example.com,Fremont,Ca,Jp,2025-07-02,Standard,False
TES-C2568,Anna Kumar,anna.kumar854@example.com,Miami,Fl,Cn,2021-12-21,Referral Program,False
TES-C1024,Vivaan Wilson,vivaan.wilson692@example.com,Los Angeles,Ca,Cn,2023-11-13,Referral Program,False
TES-C6290,Sofia Wang,sofia.wang459@example.com,Berlin,De,Uk,2024-06-18,Standard,False
TES-C3623,Aditya Singh,,Los Angeles,Ca,Ca,2024-02-08,Referral Program,True
TES-C6757,Emma Anderson,emma.anderson571@example.com,Berlin,De,Cn,2024-09-28,Insider,False
TES-C1715,Mohammed Khan,mohammed.khan696@example.com,Fremont,Ca,Us,2021-06-13,Insider,False
TES-C3256,David Martin,david.martin892@example.com,Chicago,Il,Uk,2024-06-25,Referral Program,False
TES-C1152,Rahul Müller,rahul.müller192@example.com,Miami,Fl,Uk,2025-01-25,Insider,False
TES-C10083,Ken Sharma,ken.sharma331@example.com,Los Angeles,Ca,Uk,2022-06-28,Referral Program,False
TES-C8078,Michael Anderson,michael.anderson262@example.com,Shanghai,Cn,De,2021-05-30,Referral Program,False
TES-C10995,Chen Johnson,chen.johnson923@example.com,Chicago,Il,Us,2023-08-13,Standard,False
TES-C6992,Wei Singh,wei.singh856@example.com,Seattle,Wa,Cn,2023-08-17,Referral Program,False
TES-C7311,Ava Johnson,ava.johnson385@example.com,Miami,Fl,De,2021-12-23,Standard,False
TES-C8880,Carlos Garcia,carlos.garcia619@example.com,New York,Ny,Ca,2024-10-17,Standard,False
TES-C3184,Yuki Kumar,yuki.kumar554@example.com,Los Angeles,Ca,De,2024-05-17,Standard,False
TES-C3538,John Suzuki,,Los Angeles,Ca,Cn,2024-11-17,Referral Program,True
TES-C4576,James Khan,james.khan250@example.com,New York,Ny,Uk,2022-03-07,Insider,False
TES-C2624,Yuki Johnson,yuki.johnson415@example.com,Chicago,Il,Ca,2021-05-11,Referral Program,False
TES-C2289,aditya wilson,aditya.wilson499@example.com,San Francisco,Ca,Jp,2024-07-11,Unknown,False
TES-C10940,Noah Martin,noah.martin184@example.com,Berlin,De,Uk,2022-05-06,Unknown,False
TES-C5062,Sara Martin,,Chicago,Il,Cn,2025-03-19,Insider,True
TES-C5535,SOFIA LEE,sofia.lee225@example.com,Fremont,Ca,Ca,2025-09-09,Insider,False
TES-C9806,AARAV ROSSI,aarav.rossi744@example.com,Fremont,Ca,Us,2024-10-02,Standard,False
TES-C4945,Zoe Sharma,zoe.sharma217@example.com,Los Angeles,Ca,Us,2021-01-20,Referral Program,False
TES-C1192,sofia kim,sofia.kim34@example.com,San Francisco,Ca,Us,2024-01-18,Standard,False
TES-C8842,Michael Sharma,michael.sharma735@example.com,New York,Ny,Us,2023-06-22,Referral Program,False
TES-C6560,James Davis,james.davis993@example.com,Miami,Fl,Us,2021-03-22,Standard,False
TES-C3574,David Garcia,david.garcia653@example.com,Seattle,Wa,Uk,2024-03-20,Standard,False
TES-C4980,Vivaan Chen,vivaan.chen274@example.com,Shanghai,Cn,Ca,2025-03-22,Unknown,False
TES-C10802,James Smith,james.smith820@example.com,Berlin,De,De,2025-02-14,Insider,False
TES-C1790,Anna Singh,anna.singh794@example.com,Shanghai,Cn,Ca,2023-08-10,Standard,False
TES-C2048,Wei Garcia,wei.garcia798@example.com,Austin,Tx,Uk,2025-06-01,Standard,False
TES-C9160,michael smith,michael.smith338@example.com,Shanghai,Cn,Cn,2021-01-20,Standard,False
TES-C2207,Vivaan Martin,vivaan.martin91@example.com,Chicago,Il,De,2025-02-27,Standard,False
TES-C4947,Mohammed Wang,mohammed.wang339@example.com,Shanghai,Cn,De,2021-02-28,Unknown,False
TES-C5782,mohammed anderson,mohammed.anderson384@example.com,Shanghai,Cn,De,2021-01-29,Referral Program,False
TES-C6455,NOAH KHAN,noah.khan125@example.com,New York,Ny,Uk,2023-02-24,Referral Program,False
TES-C5392,Ava Rossi,ava.rossi247@example.com,Shanghai,Cn,Cn,2023-07-29,Referral Program,False
TES-C5038,Sara Rossi,sara.rossi670@example.com,Seattle,Wa,Uk,2024-11-07,Insider,False
TES-C8978,Anna Yamada,anna.yamada695@example.com,Fremont,Ca,Ca,2023-11-24,Insider,False
TES-C9652,wei rossi,wei.rossi480@example.com,Los Angeles,Ca,Uk,2024-08-14,Insider,False
TES-C8159,rahul patel,rahul.patel304@example.com,Fremont,Ca,De,2024-07-08,Referral Program,False
TES-C9222,Michael Anderson,michael.anderson896@example.com,Los Angeles,Ca,Uk,2022-02-19,Referral Program,False
TES-C7254,ava müller,ava.müller123@example.com,Chicago,Il,Us,2025-02-22,Insider,False
TES-C6721,Vivaan Anderson,vivaan.anderson732@example.com,Berlin,De,Cn,2022-03-28,Insider,False
TES-C9006,Mohammed Singh,mohammed.singh15@example.com,Chicago,Il,Ca,2024-02-11,Referral Program,False
TES-C10559,Zoe Wilson,,Shanghai,Cn,Cn,2023-10-14,Standard,True
TES-C3376,Ben Lee,ben.lee507@example.com,Chicago,Il,Ca,2022-08-02,Referral Program,False
TES-C1423,Fatima Wang,fatima.wang451@example.com,Shanghai,Cn,Cn,2023-08-07,Insider,False
TES-C6914,noah rossi,noah.rossi238@example.com,Berlin,De,Cn,2024-10-15,Standard,False
TES-C7242,Ben Patel,ben.patel971@example.com,Seattle,Wa,Ca,2025-10-14,Standard,False
TES-C7738,David Yamada,david.yamada632@example.com,Los Angeles,Ca,Cn,2021-03-02,Referral Program,False
TES-C3978,Olivia Sharma,olivia.sharma403@example.com,Seattle,Wa,Ca,2024-07-07,Insider,False
TES-C6466,Olivia Brown,olivia.brown415@example.com,Los Angeles,Ca,Uk,2022-12-24,Insider,False
TES-C1824,Sofia Wilson,sofia.wilson581@example.com,Chicago,Il,Uk,2025-09-04,Standard,False
TES-C5040, John Johnson ,john.johnson687@example.com,New York,Ny,De,2025-07-15,Referral Program,False
TES-C7395,Aarav Rossi,aarav.rossi319@example.com,Seattle,Wa,Jp,2023-02-01,Referral Program,False
TES-C3499,Wei Patel,wei.patel71@example.com,Shanghai,Cn,Ca,2021-08-08,Standard,False
TES-C2897,liam johnson,liam.johnson962@example.com,Austin,Tx,Cn,2022-04-08,Referral Program,False
TES-C1205,Priya Brown,priya.brown252@example.com,Los Angeles,Ca,De,2021-03-30,Standard,False
TES-C8990,Ken Wilson,ken.wilson154@example.com,Austin,Tx,Us,2025-11-23,Insider,False
TES-C8070,Ken Tanaka,ken.tanaka744@example.com,Austin,Tx,De,2025-06-14,Referral Program,False
TES-C7486,Emma Chen,emma.chen229@example.com,Chicago,Il,Ca,2025-09-15,Referral Program,False
TES-C5227,Li Kumar,li.kumar17@example.com,Shanghai,Cn,De,2025-07-22,Referral Program,False
TES-C4624,Sara Davis,,Fremont,Ca,De,2023-12-25,Standard,True
TES-C7017,Aditya Wang,,Berlin,De,Cn,2025-10-28,Insider,True
TES-C9345,Maria Patel,maria.patel767@example.com,Fremont,Ca,Ca,2022-02-27,Referral Program,False
TES-C4257, Liam Yamada ,liam.yamada249@example.com,Los Angeles,Ca,Us,2021-04-04,Standard,False
TES-C9882,Vivaan Brown,vivaan.brown798@example.com,Miami,Fl,De,2021-10-17,Insider,False
TES-C6239,Liam Johnson,liam.johnson743@example.com,New York,Ny,Cn,2025-02-27,Referral Program,False
TES-C1582,Mohammed Sharma,mohammed.sharma312@example.com,Miami,Fl,Ca,2024-01-06,Standard,False
TES-C4181,Yuki Yamada,yuki.yamada547@example.com,Seattle,Wa,Cn,2024-06-29,Standard,False
TES-C4673,Michael Wang,michael.wang960@example.com,Los Angeles,Ca,Cn,2025-03-15,Insider,False
TES-C3316,Noah Lee,noah.lee282@example.com,New York,Ny,Ca,2024-02-02,Referral Program,False
TES-C6886, Carlos Davis ,carlos.davis521@example.com,Miami,Fl,Cn,2024-02-20,Standard,False
TES-C9381,ADITYA SINGH,aditya.singh716@example.com,Berlin,De,Cn,2024-02-03,Referral Program,False
TES-C8329,Maria Wilson,maria.wilson409@example.com,San Francisco,Ca,Uk,2023-10-16,Referral Program,False
TES-C7154, Liam Lee ,liam.lee34@example.com,Seattle,Wa,Jp,2023-04-20,Referral Program,False
TES-C5010,Chen Khan,chen.khan884@example.com,Austin,Tx,Us,2023-08-03,Standard,False
TES-C4699,Priya Kim,,Chicago,Il,Jp,2021-02-23,Insider,True
TES-C10005,Chen Patel,chen.patel234@example.com,Miami,Fl,De,2024-09-23,Insider,False
TES-C2134,WEI SINGH,wei.singh120@example.com,Austin,Tx,Uk,2023-11-13,Insider,False
TES-C3215,Sara Suzuki,sara.suzuki215@example.com,Fremont,Ca,De,2023-07-09,Referral Program,False
TES-C4518,Ken Wilson,ken.wilson518@example.com,Seattle,Wa,Jp,2025-10-14,Referral Program,False
TES-C8452,FATIMA ROSSI,fatima.rossi920@example.com,Los Angeles,Ca,Uk,2022-12-11,Referral Program,False
TES-C8547,Yuki Patel,yuki.patel902@example.com,Miami,Fl,Jp,2021-05-02,Referral Program,False
TES-C6909, Fatima Khan ,fatima.khan17@example.com,Fremont,Ca,Cn,2024-12-14,Referral Program,False
TES-C3174,zoe anderson,zoe.anderson468@example.com,Fremont,Ca,Cn,2024-07-11,Insider,False
TES-C8113,Sara Khan,,Fremont,Ca,Cn,2024-04-25,Insider,True
TES-C1093,SOFIA YAMADA,sofia.yamada602@example.com,San Francisco,Ca,Ca,2022-04-03,Insider,False
TES-C9491,Fatima Yamada,fatima.yamada770@example.com,San Francisco,Ca,De,2021-02-20,Referral Program,False
TES-C8991,Mohammed Smith,mohammed.smith925@example.com,Seattle,Wa,De,2021-05-06,Unknown,False
TES-C10884,Sara Patel,sara.patel491@example.com,Shanghai,Cn,Ca,2023-02-07,Insider,False
TES-C3235,John Smith,john.smith275@example.com,Berlin,De,De,2021-12-12,Referral Program,False
TES-C4582,michael kim,,Fremont,Ca,Ca,2023-06-25,Insider,True
TES-C7425,John Tanaka,john.tanaka702@example.com,Miami,Fl,Uk,2023-05-29,Insider,False
TES-C4212,Emma Wang,emma.wang536@example.com,Shanghai,Cn,De,2023-01-11,Referral Program,False
TES-C3037,Emma Singh,emma.singh928@example.com,Shanghai,Cn,Cn,2023-12-11,Standard,False
TES-C7776,sofia kim,sofia.kim962@example.com,Fremont,Ca,Us,2025-12-12,Standard,False
TES-C6892,DAVID PATEL,david.patel845@example.com,New York,Ny,Us,2025-12-27,Insider,False
TES-C1237,Priya Garcia,priya.garcia445@example.com,San Francisco,Ca,Uk,2022-07-06,Standard,False
TES-C4727,LIAM LEE,,Austin,Tx,Uk,2021-10-07,Insider,True
TES-C2629,Olivia Johnson,olivia.johnson184@example.com,Berlin,De,Jp,2023-05-08,Standard,False
TES-C3997,Chen Patel,chen.patel743@example.com,San Francisco,Ca,Jp,2024-06-30,Standard,False
TES-C5030,John Chen,john.chen458@example.com,Fremont,Ca,Jp,2021-02-21,Referral Program,False
TES-C4942,Priya Kumar,priya.kumar946@example.com,Seattle,Wa,Us,2022-07-07,Insider,False
TES-C6546,james davis,james.davis949@example.com,New York,Ny,Us,2023-07-24,Referral Program,False
TES-C6193,Mohammed Singh,mohammed.singh484@example.com,Seattle,Wa,De,2022-06-13,Standard,False
TES-C10414,Chen Khan,chen.khan612@example.com,Shanghai,Cn,Us,2024-03-07,Insider,False
TES-C8133,Aditya Lee,aditya.lee658@example.com,Miami,Fl,Us,2025-08-08,Insider,False
TES-C4988,Mohammed Smith,,Fremont,Ca,De,2024-11-07,Standard,True
TES-C9203,Zoe Wilson,zoe.wilson836@example.com,Fremont,Ca,Cn,2023-06-12,Referral Program,False
TES-C7114,Yuki Patel,yuki.patel688@example.com,Fremont,Ca,Us,2023-01-08,Unknown,False
TES-C10970,priya müller,priya.müller778@example.com,Austin,Tx,Us,2022-06-28,Referral Program,False
TES-C2137,li johnson,,Los Angeles,Ca,Uk,2023-02-09,Insider,True
TES-C6143,CARLOS KHAN,,Fremont,Ca,Uk,2022-08-10,Referral Program,True
TES-C10522,RAHUL ANDERSON,rahul.anderson901@example.com,Austin,Tx,De,2023-06-05,Insider,False
TES-C7276,Priya Tanaka,priya.tanaka101@example.com,Seattle,Wa,Us,2023-09-16,Insider,False
TES-C7421,Aditya Brown,aditya.brown636@example.com,Los Angeles,Ca,Cn,2025-05-20,Insider,False
TES-C10206,Wei Chen,wei.chen180@example.com,Austin,Tx,Us,2023-11-04,Insider,False
TES-C9811,Michael Suzuki,,New York,Ny,Jp,2024-03-03,Referral Program,True
TES-C9745,david martin,david.martin116@example.com,Miami,Fl,Cn,2024-03-21,Standard,False
TES-C8040,Liam Garcia,liam.garcia22@example.com,Shanghai,Cn,De,2022-07-22,Standard,False
TES-C1847,john khan,john.khan676@example.com,Seattle,Wa,De,2023-05-13,Referral Program,False
TES-C9088,Fatima Davis,fatima.davis190@example.com,Berlin,De,Uk,2023-03-10,Standard,False
TES-C6972,Olivia Khan,olivia.khan389@example.com,San Francisco,Ca,Jp,2022-08-27,Referral Program,False
TES-C2180,SOFIA YAMADA,sofia.yamada665@example.com,Seattle,Wa,Ca,2021-05-05,Referral Program,False
TES-C10457,Anna Johnson,anna.johnson467@example.com,Fremont,Ca,Ca,2025-10-02,Referral Program,False
TES-C9374,Ken Anderson,ken.anderson168@example.com,Miami,Fl,Cn,2025-09-24,Standard,False
TES-C4940,Michael Davis,michael.davis655@example.com,Berlin,De,Us,2025-09-14,Referral Program,False
TES-C8955,Liam Martin,liam.martin917@example.com,Miami,Fl,De,2023-10-26,Insider,False
TES-C4915,chen lee,chen.lee322@example.com,New York,Ny,Us,2023-02-09,Referral Program,False
TES-C5652,EMMA WILSON,emma.wilson630@example.com,Austin,Tx,Ca,2025-10-31,Standard,False
TES-C4467,Maria Johnson,maria.johnson978@example.com,New York,Ny,Us,2023-09-08,Unknown,False
TES-C4230,Rahul Wilson,rahul.wilson732@example.com,San Francisco,Ca,Us,2021-07-03,Referral Program,False
TES-C9210,Maria Lee,maria.lee719@example.com,San Francisco,Ca,Cn,2024-12-22,Referral Program,False
TES-C3498,Chen Kim,chen.kim994@example.com,New York,Ny,De,2023-07-15,Standard,False
TES-C10470,Anna Khan,,San Francisco,Ca,Ca,2025-11-21,Referral Program,True
TES-C7743,Ava Müller,ava.müller408@example.com,Fremont,Ca,Jp,2021-10-31,Referral Program,False
TES-C6013,Li Tanaka,li.tanaka305@example.com,Fremont,Ca,Uk,2023-08-18,Referral Program,False
TES-C6307,Michael Patel,michael.patel798@example.com,Shanghai,Cn,Jp,2024-01-19,Referral Program,False
TES-C4748,sofia müller,sofia.müller30@example.com,Los Angeles,Ca,Uk,2021-01-01,Insider,False
TES-C10800,sara garcia,,Austin,Tx,Us,2023-11-26,Insider,True
TES-C2414,JAMES WANG,james.wang82@example.com,Shanghai,Cn,Jp,2024-08-07,Standard,False
TES-C4198,Carlos Garcia,carlos.garcia544@example.com,Berlin,De,Cn,2025-06-13,Referral Program,False
TES-C3921,priya patel,priya.patel820@example.com,San Francisco,Ca,Jp,2022-11-17,Unknown,False
TES-C10008,Sofia Wilson,sofia.wilson170@example.com,New York,Ny,Cn,2021-07-15,Insider,False
TES-C8525,Anna Brown,anna.brown728@example.com,Miami,Fl,Uk,2024-03-13,Standard,False
TES-C9085,Sofia Anderson,sofia.anderson851@example.com,Berlin,De,Us,2024-03-19,Unknown,False
TES-C8512,Mohammed Rossi,mohammed.rossi458@example.com,Los Angeles,Ca,Ca,2023-03-12,Unknown,False
TES-C5687,David Lee,david.lee836@example.com,Shanghai,Cn,Uk,2024-02-14,Referral Program,False
TES-C8458,MICHAEL SMITH,michael.smith351@example.com,Berlin,De,Us,2023-11-26,Standard,False
TES-C8999,OLIVIA KHAN,olivia.khan921@example.com,New York,Ny,Uk,2025-05-14,Standard,False
TES-C6295,Maria Smith,maria.smith455@example.com,Shanghai,Cn,Ca,2021-01-04,Standard,False
TES-C6231, Olivia Kim ,,New York,Ny,Us,2022-07-07,Insider,True
TES-C8828,Ben Brown,ben.brown89@example.com,Chicago,Il,Cn,2022-12-02,Standard,False
TES-C1821,Rahul Garcia,rahul.garcia696@example.com,Shanghai,Cn,Uk,2021-02-02,Referral Program,False
TES-C4787,ben rossi,ben.rossi399@example.com,Chicago,Il,Ca,2021-03-29,Insider,False
TES-C9751,Mohammed Lee,mohammed.lee295@example.com,Miami,Fl,Us,2022-02-28,Insider,False
TES-C1829,Zoe Kim,zoe.kim401@example.com,Seattle,Wa,Cn,2024-07-09,Referral Program,False
TES-C3124,anna suzuki,anna.suzuki189@example.com,Austin,Tx,Uk,2021-07-07,Referral Program,False
TES-C8269,Priya Smith,priya.smith61@example.com,Shanghai,Cn,De,2025-05-15,Insider,False
TES-C9411,Ken Martin,ken.martin867@example.com,Berlin,De,Uk,2023-03-19,Standard,False
TES-C5005,Olivia Rossi,olivia.rossi871@example.com,Seattle,Wa,Cn,2022-10-22,Standard,False
TES-C2308,Zoe Sharma,zoe.sharma701@example.com,Fremont,Ca,Uk,2025-10-25,Insider,False
TES-C8502,Liam Johnson,liam.johnson50@example.com,Los Angeles,Ca,Ca,2021-06-22,Insider,False
TES-C1143,anna brown,anna.brown389@example.com,San Francisco,Ca,Cn,2022-11-06,Referral Program,False
TES-C4210,Ben Garcia,ben.garcia284@example.com,Miami,Fl,Cn,2023-12-09,Standard,False
TES-C8734,Maria Chen,maria.chen256@example.com,Chicago,Il,Us,2022-01-14,Referral Program,False
TES-C2610, Fatima Singh ,fatima.singh191@example.com,Miami,Fl,Us,2023-06-15,Insider,False
TES-C3051,Emma Suzuki,emma.suzuki879@example.com,Berlin,De,Jp,2021-10-02,Referral Program,False
TES-C7171,Li Johnson,li.johnson658@example.com,Berlin,De,De,2023-07-13,Referral Program,False
TES-C5562,Fatima Chen,fatima.chen151@example.com,Shanghai,Cn,Cn,2024-09-03,Referral Program,False
TES-C4092,Aditya Singh,aditya.singh997@example.com,Berlin,De,Jp,2025-03-13,Referral Program,False
TES-C1971,Zoe Brown,zoe.brown412@example.com,Los Angeles,Ca,Cn,2023-06-15,Insider,False
TES-C8980,Maria Yamada,maria.yamada569@example.com,Berlin,De,Jp,2023-12-16,Insider,False
TES-C5280,carlos patel,,Austin,Tx,Cn,2022-05-23,Insider,True
TES-C6157,John Suzuki,john.suzuki427@example.com,Miami,Fl,De,2025-08-18,Standard,False
TES-C5404,Vivaan Garcia,vivaan.garcia742@example.com,Chicago,Il,Cn,2022-08-28,Standard,False
TES-C6872,PRIYA GARCIA,priya.garcia133@example.com,Los Angeles,Ca,De,2022-08-30,Unknown,False
TES-C3270,li johnson,li.johnson401@example.com,Miami,Fl,De,2024-12-18,Referral Program,False
TES-C10174, Noah Chen ,noah.chen212@example.com,New York,Ny,Cn,2024-02-23,Unknown,False
TES-C6379,Sofia Sharma,,Berlin,De,Jp,2024-04-10,Insider,True
TES-C5806,James Singh,james.singh331@example.com,Miami,Fl,Cn,2021-08-15,Standard,False
TES-C1324,James Martin,james.martin730@example.com,Berlin,De,Us,2023-04-21,Referral Program,False
TES-C4922,noah müller,noah.müller568@example.com,Seattle,Wa,De,2022-02-22,Standard,False
TES-C4816,Olivia Rossi,olivia.rossi792@example.com,Austin,Tx,Cn,2025-09-25,Referral Program,False
TES-C4433,Emma Johnson,emma.johnson500@example.com,Seattle,Wa,Jp,2024-08-14,Standard,False
TES-C5777,BEN WANG,ben.wang752@example.com,Chicago,Il,Jp,2023-01-21,Insider,False
TES-C7955,James Khan,james.khan309@example.com,San Francisco,Ca,De,2025-05-16,Standard,False
TES-C6760,Rahul Khan,rahul.khan944@example.com,Shanghai,Cn,Us,2021-12-28,Referral Program,False
TES-C7317,ben lee,ben.lee930@example.com,Austin,Tx,De,2022-01-23,Standard,False
TES-C8822,Vivaan Patel,vivaan.patel447@example.com,Fremont,Ca,De,2022-11-07,Referral Program,False
TES-C9821,Olivia Patel,,Shanghai,Cn,Ca,2022-02-13,Referral Program,True
TES-C7449,Anna Rossi,anna.rossi846@example.com,New York,Ny,Ca,2023-05-15,Standard,False
TES-C8311,Zoe Lee,zoe.lee295@example.com,San Francisco,Ca,Cn,2021-07-17,Insider,False
TES-C10474,David Müller,david.müller157@example.com,New York,Ny,Cn,2021-11-30,Referral Program,False
TES-C7244,Zoe Tanaka,zoe.tanaka322@example.com,Los Angeles,Ca,Cn,2023-10-11,Referral Program,False
TES-C4526,ben kumar,ben.kumar46@example.com,Chicago,Il,Uk,2022-10-24,Standard,False
TES-C5988,Maria Singh,maria.singh880@example.com,New York,Ny,De,2021-02-09,Unknown,False
TES-C5465,Anna Yamada,anna.yamada688@example.com,Los Angeles,Ca,Jp,2021-02-24,Standard,False
TES-C1137,Li Tanaka,li.tanaka896@example.com,Berlin,De,Uk,2021-08-10,Insider,False
TES-C8565,Mohammed Kumar,mohammed.kumar859@example.com,Seattle,Wa,Cn,2025-03-07,Standard,False
TES-C3767,Emma Yamada,emma.yamada762@example.com,New York,Ny,Uk,2023-01-31,Referral Program,False
TES-C8039,aditya yamada,,Austin,Tx,Ca,2023-01-31,Insider,True
TES-C5756,rahul smith,rahul.smith551@example.com,Austin,Tx,Ca,2024-03-31,Insider,False
TES-C4670, Chen Rossi ,chen.rossi918@example.com,Shanghai,Cn,Ca,2025-10-16,Unknown,False
TES-C2411, Aarav Kim ,aarav.kim974@example.com,Fremont,Ca,Ca,2021-03-26,Referral Program,False
TES-C3355,Maria Suzuki,maria.suzuki182@example.com,San Francisco,Ca,Us,2022-05-04,Referral Program,False
TES-C8625,Ben Brown,ben.brown888@example.com,Chicago,Il,Ca,2021-05-14,Referral Program,False
TES-C10994,David Tanaka,david.tanaka862@example.com,Fremont,Ca,De,2024-04-07,Referral Program,False
TES-C2574,DAVID ROSSI,david.rossi647@example.com,Fremont,Ca,Ca,2024-01-08,Referral Program,False
TES-C3705,Vivaan Kim,vivaan.kim949@example.com,Seattle,Wa,De,2024-02-27,Referral Program,False
TES-C7895,Zoe Suzuki,zoe.suzuki740@example.com,Shanghai,Cn,Ca,2025-12-20,Insider,False
TES-C10690,Ken Tanaka,ken.tanaka73@example.com,Berlin,De,Cn,2022-12-11,Standard,False
TES-C10960,Zoe Garcia,zoe.garcia23@example.com,Fremont,Ca,Uk,2022-09-13,Unknown,False
TES-C1555,Anna Smith,anna.smith364@example.com,Berlin,De,Uk,2021-10-09,Insider,False
TES-C6559,Anna Sharma,anna.sharma718@example.com,New York,Ny,Cn,2023-02-16,Referral Program,False
TES-C1957,Noah Brown,noah.brown546@example.com,Shanghai,Cn,Ca,2021-02-04,Unknown,False
TES-C2432,Liam Kim,liam.kim74@example.com,Chicago,Il,Uk,2023-11-05,Insider,False
TES-C7082,Ken Wilson,ken.wilson132@example.com,Shanghai,Cn,Ca,2022-01-26,Referral Program,False
TES-C3292,Olivia Yamada,olivia.yamada382@example.com,Fremont,Ca,Uk,2024-11-30,Standard,False
TES-C4414,Aarav Lee,aarav.lee420@example.com,San Francisco,Ca,Ca,2022-01-17,Referral Program,False
TES-C9224,Vivaan Singh,vivaan.singh818@example.com,Fremont,Ca,Jp,2024-02-06,Standard,False
TES-C6264,Emma Kim,,Berlin,De,Jp,2022-01-21,Standard,True
TES-C1867,Chen Johnson,chen.johnson219@example.com,Los Angeles,Ca,Us,2023-12-10,Standard,False
TES-C2352,Michael Chen,michael.chen941@example.com,Shanghai,Cn,Ca,2023-03-20,Standard,False
TES-C2205,Priya Tanaka,priya.tanaka220@example.com,Seattle,Wa,De,2025-08-02,Insider,False
TES-C8174,Zoe Johnson,zoe.johnson408@example.com,Austin,Tx,Ca,2023-12-28,Insider,False
TES-C2195,anna kumar,anna.kumar511@example.com,Austin,Tx,De,2021-04-28,Insider,False
TES-C3945,Rahul Kim,rahul.kim948@example.com,Miami,Fl,Ca,2023-07-03,Referral Program,False
TES-C3940,Ava Khan,ava.khan714@example.com,San Francisco,Ca,Jp,2023-04-28,Referral Program,False
TES-C2806,James Wang,james.wang319@example.com,Fremont,Ca,Jp,2022-03-26,Referral Program,False
TES-C2160,Olivia Lee,olivia.lee854@example.com,Chicago,Il,Cn,2023-12-03,Referral Program,False
TES-C4932, Anna Smith ,anna.smith523@example.com,Seattle,Wa,Ca,2025-08-22,Insider,False
TES-C6959, Mohammed Johnson ,mohammed.johnson665@example.com,Fremont,Ca,Us,2025-05-09,Standard,False
TES-C8717,Maria Chen,maria.chen276@example.com,Seattle,Wa,De,2024-09-01,Referral Program,False
TES-C10307,Mohammed Davis,,Miami,Fl,Ca,2025-01-23,Referral Program,True
TES-C9894,Aditya Müller,aditya.müller334@example.com,Los Angeles,Ca,Cn,2024-08-01,Standard,False
TES-C7711,OLIVIA BROWN,olivia.brown684@example.com,Fremont,Ca,Ca,2021-12-31,Insider,False
TES-C9657,emma davis,emma.davis240@example.com,Los Angeles,Ca,Ca,2025-02-14,Insider,False
TES-C2019,Aarav Sharma,,Los Angeles,Ca,Uk,2021-06-01,Insider,True
TES-C3931,chen johnson,chen.johnson652@example.com,Berlin,De,Us,2024-10-24,Insider,False
TES-C7368,WEI JOHNSON,,Miami,Fl,Cn,2024-04-10,Insider,True
TES-C5866,Ava Patel,ava.patel37@example.com,Fremont,Ca,Us,2021-09-30,Insider,False
TES-C5457,Anna Tanaka,anna.tanaka818@example.com,Shanghai,Cn,Ca,2025-10-03,Unknown,False
TES-C2185,Michael Wilson,michael.wilson994@example.com,Chicago,Il,Jp,2023-07-15,Referral Program,False
TES-C10287,Wei Müller,wei.müller746@example.com,Shanghai,Cn,Us,2024-07-13,Referral Program,False
TES-C9494,Aarav Smith,aarav.smith490@example.com,Fremont,Ca,Cn,2023-12-26,Standard,False
TES-C10067,Yuki Brown,yuki.brown320@example.com,Fremont,Ca,Us,2024-09-29,Insider,False
TES-C4935,Aditya Martin,aditya.martin165@example.com,Miami,Fl,Us,2022-07-12,Insider,False
TES-C10167,vivaan brown,vivaan.brown393@example.com,New York,Ny,Us,2023-01-20,Referral Program,False
TES-C5197,Ben Singh,,San Francisco,Ca,De,2021-06-18,Insider,True
TES-C1884,Rahul Yamada,rahul.yamada92@example.com,Austin,Tx,Us,2025-10-05,Referral Program,False
TES-C6289,Noah Davis,noah.davis164@example.com,Fremont,Ca,De,2021-07-27,Standard,False
TES-C7262,John Singh,john.singh33@example.com,Seattle,Wa,Ca,2024-04-20,Insider,False
TES-C5201,Carlos Tanaka,carlos.tanaka148@example.com,Shanghai,Cn,Ca,2024-07-23,Standard,False
TES-C6116,James Tanaka,james.tanaka496@example.com,Los Angeles,Ca,Us,2025-04-13,Insider,False
TES-C6010,Michael Johnson,michael.johnson560@example.com,Berlin,De,Uk,2023-06-12,Standard,False
TES-C1543,Sara Kumar,sara.kumar922@example.com,Austin,Tx,Jp,2021-02-17,Referral Program,False
TES-C6681,ben yamada,ben.yamada799@example.com,Fremont,Ca,Jp,2024-09-18,Standard,False
TES-C6850,AARAV SMITH,aarav.smith782@example.com,Shanghai,Cn,Jp,2024-03-03,Referral Program,False
TES-C8034,John Garcia,john.garcia110@example.com,Seattle,Wa,Cn,2021-12-19,Standard,False
TES-C8413,CARLOS ANDERSON,carlos.anderson321@example.com,San Francisco,Ca,Uk,2023-04-18,Unknown,False
TES-C2790, Vivaan Anderson ,vivaan.anderson925@example.com,Los Angeles,Ca,Uk,2023-11-07,Standard,False
TES-C1290,Rahul Anderson,rahul.anderson89@example.com,Fremont,Ca,Jp,2021-02-11,Insider,False
TES-C4244,Liam Khan,liam.khan396@example.com,Los Angeles,Ca,De,2024-07-30,Insider,False
TES-C2014,Aditya Patel,aditya.patel68@example.com,Miami,Fl,De,2023-11-24,Standard,False
TES-C3771,David Chen,david.chen322@example.com,Berlin,De,De,2021-09-16,Standard,False
TES-C6457,Maria Kumar,maria.kumar836@example.com,Fremont,Ca,Cn,2022-09-27,Referral Program,False
TES-C6844,Maria Singh,maria.singh617@example.com,Berlin,De,Ca,2021-01-07,Referral Program,False
TES-C8668,CARLOS SHARMA,carlos.sharma934@example.com,Chicago,Il,Jp,2022-07-28,Insider,False
TES-C3992,Sofia Martin,sofia.martin780@example.com,Seattle,Wa,Cn,2025-10-29,Unknown,False
TES-C8151,James Smith,james.smith127@example.com,New York,Ny,Uk,2025-03-02,Standard,False
TES-C10252,Emma Tanaka,emma.tanaka937@example.com,Los Angeles,Ca,Cn,2022-03-03,Unknown,False
TES-C2710,carlos davis,carlos.davis646@example.com,New York,Ny,De,2021-06-21,Referral Program,False
TES-C9529,Sofia Patel,sofia.patel98@example.com,Austin,Tx,Us,2022-03-02,Standard,False
TES-C8002,Michael Garcia,michael.garcia52@example.com,San Francisco,Ca,Us,2024-06-27,Referral Program,False
TES-C2922,Anna Wang,,San Francisco,Ca,Us,2021-05-21,Standard,True
TES-C2135, John Johnson ,john.johnson767@example.com,Los Angeles,Ca,Jp,2022-01-08,Insider,False
TES-C6549,ava brown,ava.brown777@example.com,Berlin,De,Jp,2023-09-12,Standard,False
TES-C10452,olivia müller,olivia.müller127@example.com,Fremont,Ca,Us,2021-06-23,Insider,False
TES-C7535,Olivia Khan,olivia.khan653@example.com,Fremont,Ca,Ca,2025-08-02,Insider,False
TES-C3169,Carlos Yamada,carlos.yamada731@example.com,Shanghai,Cn,De,2023-05-17,Standard,False
TES-C4438,Rahul Wang,rahul.wang372@example.com,Shanghai,Cn,Uk,2024-07-18,Referral Program,False
TES-C6639,Anna Wang,anna.wang493@example.com,Shanghai,Cn,De,2023-03-16,Standard,False
TES-C10606,Zoe Rossi,zoe.rossi571@example.com,Austin,Tx,Us,2025-10-30,Referral Program,False
TES-C1456,Ava Chen,ava.chen92@example.com,Seattle,Wa,Us,2021-04-12,Standard,False
TES-C6244,Aarav Martin,aarav.martin630@example.com,San Francisco,Ca,Cn,2024-03-19,Insider,False
TES-C1916,Wei Martin,wei.martin669@example.com,Los Angeles,Ca,Cn,2022-11-15,Standard,False
TES-C9716,Mohammed Wang,mohammed.wang116@example.com,Seattle,Wa,Us,2021-03-31,Insider,False
TES-C2735,Maria Brown,maria.brown947@example.com,New York,Ny,Uk,2021-03-16,Standard,False
TES-C8350,Rahul Kim,rahul.kim31@example.com,Shanghai,Cn,Cn,2023-04-09,Referral Program,False
TES-C9544,Ken Rossi,,Austin,Tx,Us,2023-05-14,Referral Program,True
TES-C2209,Olivia Brown,,New York,Ny,Us,2023-02-02,Referral Program,True
TES-C9248,MICHAEL JOHNSON,michael.johnson775@example.com,Miami,Fl,Us,2022-07-23,Standard,False
TES-C4360,Li Yamada,li.yamada484@example.com,Seattle,Wa,De,2021-02-04,Insider,False
TES-C8257,Zoe Khan,zoe.khan996@example.com,Seattle,Wa,De,2021-04-24,Referral Program,False
TES-C10009,James Wilson,james.wilson55@example.com,Los Angeles,Ca,Ca,2025-12-15,Standard,False
TES-C2114,Li Wilson,li.wilson762@example.com,Miami,Fl,Us,2022-10-20,Insider,False
TES-C9185,John Anderson,john.anderson957@example.com,Los Angeles,Ca,Us,2022-10-08,Referral Program,False
TES-C2984,Priya Chen,priya.chen549@example.com,Berlin,De,Jp,2023-10-08,Referral Program,False
TES-C8944,Sara Kumar,sara.kumar6@example.com,Seattle,Wa,De,2022-05-14,Insider,False
TES-C2297,yuki brown,yuki.brown604@example.com,Los Angeles,Ca,Cn,2022-06-01,Referral Program,False
TES-C5076,carlos anderson,carlos.anderson826@example.com,Los Angeles,Ca,Us,2022-02-04,Insider,False
TES-C5885,Maria Suzuki,,Chicago,Il,Uk,2023-09-03,Referral Program,True
TES-C3706,Zoe Brown,zoe.brown137@example.com,Seattle,Wa,Jp,2025-07-15,Insider,False
TES-C1552,Fatima Suzuki,fatima.suzuki687@example.com,Los Angeles,Ca,Cn,2021-08-31,Insider,False
TES-C4790,David Tanaka,david.tanaka2@example.com,Chicago,Il,De,2024-04-13,Insider,False
TES-C7992,Aditya Lee,aditya.lee655@example.com,Berlin,De,Cn,2022-08-25,Standard,False
TES-C10517,david davis,david.davis602@example.com,Berlin,De,Us,2024-09-13,Insider,False
TES-C8337,Wei Garcia,wei.garcia598@example.com,Seattle,Wa,Uk,2024-12-01,Referral Program,False
TES-C9192, Carlos Sharma ,carlos.sharma145@example.com,Austin,Tx,Jp,2024-09-08,Standard,False
TES-C10682,Michael Martin,michael.martin252@example.com,Chicago,Il,Us,2025-03-23,Insider,False
TES-C9899,David Yamada,david.yamada903@example.com,Shanghai,Cn,Us,2021-04-21,Standard,False
TES-C9399,Mohammed Garcia,mohammed.garcia533@example.com,New York,Ny,Cn,2021-07-26,Insider,False
TES-C9658,Ben Rossi,ben.rossi136@example.com,Austin,Tx,Ca,2025-06-23,Insider,False
TES-C9490,Priya Kumar,priya.kumar827@example.com,Seattle,Wa,Cn,2022-04-24,Referral Program,False
TES-C10159,Emma Martin,emma.martin324@example.com,Seattle,Wa,Jp,2022-03-29,Standard,False
TES-C9607,Chen Rossi,chen.rossi56@example.com,Fremont,Ca,Us,2021-10-03,Referral Program,False
TES-C10023,Anna Patel,anna.patel436@example.com,New York,Ny,Jp,2025-11-22,Insider,False
TES-C4538,James Tanaka,james.tanaka333@example.com,San Francisco,Ca,Us,2023-12-20,Referral Program,False
TES-C5108,Maria Garcia,maria.garcia460@example.com,Austin,Tx,Ca,2021-06-05,Insider,False
TES-C8888,Ben Rossi,,Berlin,De,Jp,2022-01-23,Insider,True
TES-C6127,EMMA ROSSI,emma.rossi531@example.com,New York,Ny,Uk,2023-10-21,Insider,False
TES-C4512,Anna Kumar,anna.kumar488@example.com,Chicago,Il,De,2021-04-03,Insider,False
TES-C5407,Aditya Kim,aditya.kim61@example.com,San Francisco,Ca,Uk,2023-05-12,Insider,False
TES-C7550,DAVID PATEL,david.patel607@example.com,Austin,Tx,Uk,2021-10-20,Standard,False
TES-C2013,David Smith,david.smith843@example.com,Shanghai,Cn,De,2025-11-07,Unknown,False
TES-C8172,Sara Kim,sara.kim156@example.com,New York,Ny,Uk,2025-08-14,Referral Program,False
TES-C5087,sara müller,sara.müller101@example.com,San Francisco,Ca,Us,2024-07-07,Referral Program,False
TES-C8405,Carlos Suzuki,carlos.suzuki152@example.com,Austin,Tx,De,2025-05-02,Referral Program,False
TES-C9533,Noah Kim,noah.kim576@example.com,San Francisco,Ca,De,2024-03-16,Referral Program,False
TES-C6936,Carlos Lee,carlos.lee138@example.com,Fremont,Ca,Uk,2024-03-08,Insider,False
TES-C2099,Ben Wilson,ben.wilson209@example.com,New York,Ny,Us,2021-03-16,Referral Program,False
TES-C3879,Ken Patel,,Fremont,Ca,Us,2021-08-25,Insider,True
TES-C7849, Sara Müller ,sara.müller512@example.com,Austin,Tx,Jp,2021-09-06,Standard,False
TES-C5705,Wei Suzuki,wei.suzuki751@example.com,Berlin,De,Jp,2022-04-28,Insider,False
TES-C4159,Yuki Sharma,,New York,Ny,Jp,2025-02-16,Referral Program,True
TES-C5924,James Tanaka,james.tanaka184@example.com,Shanghai,Cn,Cn,2021-03-03,Referral Program,False
TES-C6791,ava smith,ava.smith989@example.com,Miami,Fl,Us,2024-08-18,Standard,False
TES-C1659,fatima brown,fatima.brown436@example.com,San Francisco,Ca,Cn,2021-04-15,Insider,False
TES-C7413,Vivaan Khan,vivaan.khan670@example.com,New York,Ny,Us,2021-03-29,Insider,False
TES-C10815,MARIA SMITH,maria.smith488@example.com,San Francisco,Ca,De,2023-06-30,Referral Program,False
TES-C9458, Wei Wang ,wei.wang356@example.com,New York,Ny,De,2022-02-21,Referral Program,False
TES-C10698,Wei Wang,wei.wang703@example.com,Fremont,Ca,Jp,2023-12-22,Insider,False
TES-C8925,OLIVIA SHARMA,olivia.sharma159@example.com,Austin,Tx,Jp,2022-09-13,Insider,False
TES-C8998,Aarav Sharma,aarav.sharma905@example.com,Berlin,De,Uk,2023-05-16,Referral Program,False
TES-C10245, James Suzuki ,james.suzuki938@example.com,Seattle,Wa,Jp,2021-10-12,Standard,False
TES-C1861,Emma Rossi,emma.rossi829@example.com,Fremont,Ca,Uk,2022-04-26,Referral Program,False
TES-C5004,Sofia Garcia,sofia.garcia747@example.com,Seattle,Wa,De,2021-03-14,Insider,False
TES-C7123,Mohammed Anderson,mohammed.anderson304@example.com,Los Angeles,Ca,Ca,2023-06-21,Insider,False
TES-C1320, Anna Lee ,anna.lee400@example.com,Berlin,De,Cn,2022-11-11,Standard,False
TES-C1680,Michael Brown,michael.brown116@example.com,Berlin,De,Us,2021-04-25,Referral Program,False
TES-C5268,Mohammed Müller,mohammed.müller859@example.com,Miami,Fl,Cn,2022-12-18,Standard,False
TES-C1999,Wei Smith,,Los Angeles,Ca,Ca,2021-10-28,Referral Program,True
TES-C7467,Chen Sharma,chen.sharma658@example.com,Berlin,De,De,2023-01-10,Insider,False
TES-C3612,Chen Singh,chen.singh489@example.com,New York,Ny,Cn,2023-12-05,Insider,False
TES-C2426,Emma Garcia,,Miami,Fl,Ca,2025-09-22,Insider,True
TES-C1869,Olivia Smith,olivia.smith642@example.com,Berlin,De,Jp,2024-05-10,Insider,False
TES-C4683,Maria Davis,maria.davis896@example.com,New York,Ny,Us,2023-03-18,Unknown,False
TES-C5840,Carlos Tanaka,carlos.tanaka22@example.com,San Francisco,Ca,Ca,2022-05-31,Insider,False
TES-C2736,Ben Kim,,New York,Ny,Uk,2021-10-15,Standard,True
TES-C2950,Aarav Kim,aarav.kim235@example.com,Shanghai,Cn,Us,2021-11-26,Insider,False
TES-C5007,Ben Kim,ben.kim125@example.com,Fremont,Ca,Uk,2022-09-09,Insider,False
TES-C1794,Olivia Anderson,olivia.anderson439@example.com,Berlin,De,Ca,2024-10-22,Standard,False
TES-C10286,Maria Anderson,maria.anderson901@example.com,Berlin,De,Jp,2025-01-30,Referral Program,False
TES-C8694,Aditya Khan,aditya.khan557@example.com,Los Angeles,Ca,Uk,2025-03-28,Standard,False
TES-C3431,mohammed patel,mohammed.patel53@example.com,Miami,Fl,Cn,2025-01-27,Insider,False
TES-C6428,MARIA ROSSI,maria.rossi729@example.com,Miami,Fl,Uk,2024-01-16,Standard,False
TES-C7328,Olivia Smith,olivia.smith112@example.com,Seattle,Wa,De,2021-11-22,Insider,False
TES-C5508,Sara Smith,sara.smith857@example.com,Berlin,De,Uk,2021-01-09,Insider,False
TES-C5230,Li Kim,li.kim94@example.com,Berlin,De,Ca,2023-09-19,Standard,False
TES-C7183,Mohammed Wang,mohammed.wang139@example.com,Berlin,De,Uk,2022-12-16,Standard,False
TES-C6654,Olivia Davis,olivia.davis770@example.com,Austin,Tx,Jp,2025-04-23,Standard,False
TES-C3208,YUKI LEE,yuki.lee355@example.com,San Francisco,Ca,Us,2024-09-26,Insider,False
TES-C4426,Emma Chen,emma.chen12@example.com,Miami,Fl,Jp,2024-07-19,Referral Program,False
TES-C7755,Li Chen,li.chen976@example.com,Seattle,Wa,De,2024-12-24,Insider,False
TES-C2675,Sara Wilson,sara.wilson822@example.com,Miami,Fl,Jp,2022-06-28,Referral Program,False
TES-C9749,Michael Smith,michael.smith230@example.com,Austin,Tx,De,2021-10-12,Standard,False
TES-C9499,John Singh,john.singh984@example.com,New York,Ny,De,2021-08-25,Standard,False
TES-C6839,Mohammed Tanaka,mohammed.tanaka731@example.com,Miami,Fl,Uk,2022-03-22,Unknown,False
TES-C9421,RAHUL ROSSI,rahul.rossi832@example.com,Austin,Tx,Uk,2025-12-15,Standard,False
TES-C7805,Noah Singh,,Fremont,Ca,Cn,2022-12-08,Referral Program,True
TES-C6511,Michael Garcia,michael.garcia653@example.com,Fremont,Ca,Us,2022-11-25,Insider,False
TES-C6575,mohammed khan,mohammed.khan263@example.com,Seattle,Wa,Cn,2025-07-10,Standard,False
TES-C9976,DAVID SMITH,david.smith546@example.com,Fremont,Ca,De,2022-09-05,Standard,False
TES-C6266,FATIMA SINGH,fatima.singh430@example.com,Seattle,Wa,Jp,2025-05-19,Unknown,False
TES-C7753,Ben Müller,ben.müller165@example.com,Los Angeles,Ca,Uk,2023-12-26,Insider,False
TES-C1309,Olivia Johnson,olivia.johnson930@example.com,Miami,Fl,Cn,2025-09-06,Referral Program,False
TES-C2931,Zoe Lee,zoe.lee166@example.com,New York,Ny,Jp,2024-01-06,Referral Program,False
TES-C9500,Sofia Davis,sofia.davis615@example.com,Fremont,Ca,Us,2021-11-22,Referral Program,False
TES-C10458,Noah Kumar,noah.kumar629@example.com,Chicago,Il,Cn,2022-05-03,Insider,False
TES-C2265,Li Wang,li.wang527@example.com,Fremont,Ca,Us,2021-05-14,Standard,False
TES-C6666,Sara Smith,sara.smith134@example.com,Austin,Tx,Us,2024-12-23,Insider,False
TES-C6332,Priya Tanaka,priya.tanaka629@example.com,Los Angeles,Ca,Jp,2022-08-20,Referral Program,False
TES-C7392,Zoe Suzuki,zoe.suzuki825@example.com,New York,Ny,Uk,2024-09-25,Standard,False
TES-C3293,Aditya Suzuki,aditya.suzuki76@example.com,Seattle,Wa,Uk,2023-07-16,Insider,False
TES-C2554,Rahul Anderson,rahul.anderson210@example.com,Shanghai,Cn,De,2022-10-11,Standard,False
TES-C9284,Aarav Johnson,aarav.johnson283@example.com,Berlin,De,Ca,2023-10-22,Insider,False
TES-C7601,Chen Khan,chen.khan6@example.com,San Francisco,Ca,Cn,2024-05-17,Insider,False
TES-C5353,Olivia Suzuki,olivia.suzuki387@example.com,Chicago,Il,Us,2025-10-29,Insider,False
TES-C3194,Michael Martin,michael.martin480@example.com,San Francisco,Ca,Us,2021-03-21,Referral Program,False
TES-C4987,Michael Johnson,michael.johnson886@example.com,Los Angeles,Ca,Cn,2024-05-23,Unknown,False
TES-C4605,Ben Sharma,ben.sharma645@example.com,Austin,Tx,Cn,2025-05-06,Standard,False
TES-C1841,Liam Suzuki,liam.suzuki922@example.com,Los Angeles,Ca,Ca,2024-11-19,Insider,False
TES-C10808,Carlos Davis,carlos.davis619@example.com,Seattle,Wa,Ca,2021-05-30,Insider,False
TES-C7146,Liam Yamada,liam.yamada665@example.com,Seattle,Wa,Cn,2024-06-21,Referral Program,False
TES-C6581,Sara Brown,sara.brown269@example.com,Berlin,De,Uk,2021-08-08,Standard,False
TES-C5377, Li Kumar ,li.kumar353@example.com,New York,Ny,Uk,2021-11-22,Standard,False
TES-C5435,Rahul Singh,rahul.singh739@example.com,Los Angeles,Ca,Uk,2021-11-22,Unknown,False
TES-C1256,maria patel,maria.patel171@example.com,Miami,Fl,De,2021-03-25,Referral Program,False
TES-C10811,Priya Rossi,priya.rossi783@example.com,Berlin,De,Cn,2023-08-31,Insider,False
TES-C8827, Fatima Patel ,fatima.patel441@example.com,Austin,Tx,Cn,2021-03-31,Standard,False
TES-C6881, James Brown ,james.brown703@example.com,San Francisco,Ca,Ca,2025-02-12,Referral Program,False
TES-C2541, David Brown ,david.brown696@example.com,San Francisco,Ca,Cn,2023-12-09,Standard,False
TES-C1116,rahul rossi,rahul.rossi649@example.com,Seattle,Wa,De,2022-08-30,Standard,False
TES-C1392,Wei Chen,,San Francisco,Ca,De,2021-02-01,Standard,True
TES-C4595, James Davis ,james.davis220@example.com,Fremont,Ca,Us,2023-03-17,Referral Program,False
TES-C2877,Ava Khan,ava.khan444@example.com,New York,Ny,Ca,2023-02-01,Referral Program,False
TES-C10270,Vivaan Khan,vivaan.khan188@example.com,Shanghai,Cn,Cn,2021-11-15,Referral Program,False
TES-C2403,FATIMA KHAN,,Chicago,Il,Us,2021-10-01,Referral Program,True
TES-C5233,KEN YAMADA,ken.yamada670@example.com,Shanghai,Cn,Us,2024-01-09,Standard,False
TES-C4440,Anna Johnson,anna.johnson445@example.com,New York,Ny,Us,2022-09-21,Standard,False
TES-C5707,Rahul Sharma,,Fremont,Ca,Jp,2023-01-11,Insider,True
TES-C3504,Anna Johnson,anna.johnson437@example.com,Shanghai,Cn,Jp,2024-11-24,Insider,False
TES-C2262,Liam Patel,liam.patel451@example.com,Seattle,Wa,Jp,2022-08-14,Standard,False
TES-C4197,Fatima Singh,fatima.singh682@example.com,New York,Ny,De,2025-10-01,Referral Program,False
TES-C6667,Sara Suzuki,sara.suzuki579@example.com,Chicago,Il,De,2023-07-20,Insider,False
TES-C4587,Ben Kumar,ben.kumar334@example.com,Los Angeles,Ca,De,2025-05-31,Standard,False
TES-C5526,Sara Brown,sara.brown770@example.com,Shanghai,Cn,Cn,2022-03-28,Referral Program,False
TES-C9885,Mohammed Yamada,mohammed.yamada926@example.com,Berlin,De,Cn,2021-01-10,Standard,False
TES-C6335,Sofia Garcia,sofia.garcia219@example.com,Shanghai,Cn,Cn,2023-08-28,Referral Program,False
TES-C7817,Fatima Lee,,Austin,Tx,Jp,2025-09-29,Standard,True
TES-C6405,Carlos Tanaka,,Los Angeles,Ca,Jp,2023-01-12,Referral Program,True
TES-C3560,Emma Suzuki,emma.suzuki485@example.com,Seattle,Wa,Cn,2025-12-11,Standard,False
TES-C3028,anna singh,anna.singh961@example.com,Chicago,Il,Us,2022-01-09,Insider,False
TES-C8683,Rahul Brown,rahul.brown43@example.com,Austin,Tx,Ca,2023-12-14,Insider,False
TES-C1796,Aditya Johnson,aditya.johnson45@example.com,Berlin,De,Cn,2025-06-08,Insider,False
TES-C4341, Priya Martin ,priya.martin141@example.com,Los Angeles,Ca,De,2022-04-15,Referral Program,False
TES-C4823,Ken Johnson,ken.johnson445@example.com,Austin,Tx,De,2023-10-14,Unknown,False
TES-C2437,Wei Martin,wei.martin493@example.com,Seattle,Wa,Ca,2025-12-14,Standard,False
TES-C4529,Ken Davis,ken.davis170@example.com,Shanghai,Cn,De,2025-12-08,Insider,False
TES-C1792,ZOE MARTIN,zoe.martin389@example.com,Seattle,Wa,Us,2023-05-05,Unknown,False
TES-C5916,Noah Kumar,noah.kumar42@example.com,New York,Ny,Jp,2021-05-08,Referral Program,False
TES-C6593,ava garcia,ava.garcia305@example.com,San Francisco,Ca,Uk,2021-10-04,Insider,False
TES-C7104,maria tanaka,maria.tanaka652@example.com,Seattle,Wa,Cn,2024-08-28,Standard,False
TES-C6134,Sara Suzuki,sara.suzuki387@example.com,Austin,Tx,Ca,2025-10-08,Standard,False
TES-C3428,DAVID SMITH,david.smith167@example.com,Seattle,Wa,De,2023-12-19,Insider,False
TES-C1310,Ben Garcia,ben.garcia820@example.com,Los Angeles,Ca,Jp,2022-11-23,Referral Program,False
TES-C7644, Carlos Suzuki ,,Austin,Tx,Ca,2021-05-28,Standard,True
TES-C10080,Priya Anderson,priya.anderson199@example.com,Fremont,Ca,Jp,2021-05-24,Standard,False
TES-C8797,Anna Yamada,anna.yamada424@example.com,New York,Ny,De,2023-09-09,Standard,False
TES-C2311,Li Kumar,li.kumar526@example.com,Austin,Tx,Us,2024-01-18,Insider,False
TES-C1117,OLIVIA SMITH,olivia.smith867@example.com,Chicago,Il,De,2022-07-30,Insider,False
TES-C4740,Rahul Wilson,rahul.wilson442@example.com,San Francisco,Ca,De,2024-02-26,Standard,False
TES-C6472,Rahul Tanaka,rahul.tanaka664@example.com,Chicago,Il,Jp,2024-06-18,Insider,False
TES-C4812,Fatima Wilson,fatima.wilson997@example.com,Shanghai,Cn,De,2023-08-08,Insider,False
TES-C4757,David Müller,david.müller747@example.com,Miami,Fl,Cn,2023-08-30,Standard,False
TES-C7960,MOHAMMED KHAN,mohammed.khan608@example.com,Miami,Fl,Cn,2022-06-21,Standard,False
TES-C10987,yuki müller,yuki.müller337@example.com,Los Angeles,Ca,De,2024-08-20,Standard,False
TES-C5785,Aarav Khan,aarav.khan337@example.com,San Francisco,Ca,Uk,2025-10-23,Insider,False
TES-C5895,Li Kim,,Miami,Fl,De,2021-09-19,Standard,True
TES-C9268,Yuki Martin,yuki.martin541@example.com,New York,Ny,Uk,2023-12-11,Insider,False
TES-C4889,vivaan brown,vivaan.brown480@example.com,Los Angeles,Ca,Cn,2021-06-23,Insider,False
TES-C4176,rahul anderson,rahul.anderson807@example.com,Chicago,Il,De,2025-04-01,Standard,False
TES-C2900,aarav lee,aarav.lee351@example.com,Fremont,Ca,Cn,2024-12-30,Standard,False
TES-C4850,Olivia Tanaka,olivia.tanaka771@example.com,Fremont,Ca,Uk,2022-03-28,Insider,False
TES-C5241, Michael Müller ,michael.müller415@example.com,Seattle,Wa,De,2024-03-16,Referral Program,False
TES-C4417,BEN WILSON,ben.wilson135@example.com,Austin,Tx,Cn,2021-04-17,Insider,False
TES-C6126,Fatima Kim,fatima.kim617@example.com,Berlin,De,Ca,2022-09-01,Referral Program,False
TES-C5906,Ben Sharma,ben.sharma839@example.com,Shanghai,Cn,Cn,2025-05-15,Standard,False
TES-C5300,Vivaan Kumar,vivaan.kumar803@example.com,Los Angeles,Ca,De,2024-12-31,Referral Program,False
TES-C9728,Carlos Tanaka,carlos.tanaka847@example.com,Miami,Fl,Ca,2022-04-15,Referral Program,False
TES-C10714,zoe tanaka,zoe.tanaka645@example.com,Los Angeles,Ca,De,2024-07-11,Unknown,False
TES-C9019,Emma Johnson,emma.johnson75@example.com,New York,Ny,Us,2023-05-26,Standard,False
TES-C4082,KEN MÜLLER,ken.müller904@example.com,Seattle,Wa,Cn,2021-01-01,Standard,False
TES-C4555,Liam Rossi,liam.rossi890@example.com,Miami,Fl,De,2022-11-30,Standard,False
TES-C5257,Anna Suzuki,anna.suzuki837@example.com,Chicago,Il,Jp,2021-07-19,Unknown,False
TES-C10207,chen chen,chen.chen336@example.com,Chicago,Il,Jp,2022-07-26,Referral Program,False
TES-C9975,Priya Kumar,priya.kumar382@example.com,Miami,Fl,Us,2024-09-20,Insider,False
TES-C7552, Sofia Anderson ,sofia.anderson584@example.com,Austin,Tx,Uk,2022-05-24,Insider,False
TES-C8388,ZOE SHARMA,zoe.sharma152@example.com,San Francisco,Ca,Cn,2021-10-04,Standard,False
TES-C1798,Ken Rossi,ken.rossi614@example.com,Miami,Fl,De,2021-02-23,Referral Program,False
TES-C6154,maria chen,maria.chen284@example.com,San Francisco,Ca,Cn,2021-04-30,Referral Program,False
TES-C10341,ben singh,ben.singh404@example.com,Miami,Fl,Cn,2025-02-11,Referral Program,False
TES-C5258,liam smith,liam.smith257@example.com,Berlin,De,Jp,2024-04-22,Referral Program,False
TES-C6712,Ava Müller,ava.müller628@example.com,Chicago,Il,Uk,2025-10-10,Standard,False
TES-C3595,Priya Yamada,priya.yamada508@example.com,Los Angeles,Ca,Uk,2023-01-24,Standard,False
TES-C3832,EMMA SMITH,emma.smith315@example.com,New York,Ny,Jp,2022-03-08,Insider,False
TES-C9420,JAMES ANDERSON,james.anderson52@example.com,New York,Ny,De,2022-03-22,Referral Program,False
TES-C1057,Anna Kumar,anna.kumar702@example.com,Los Angeles,Ca,Uk,2023-10-01,Standard,False
TES-C7133,Aditya Patel,aditya.patel810@example.com,Seattle,Wa,De,2023-06-03,Standard,False
TES-C2934,David Singh,,New York,Ny,Uk,2025-03-13,Standard,True
TES-C4379,Mohammed Martin,mohammed.martin1@example.com,Fremont,Ca,Us,2021-05-03,Referral Program,False
TES-C6764, Rahul Müller ,rahul.müller803@example.com,Seattle,Wa,De,2024-11-27,Referral Program,False
TES-C10822,Ken Garcia,ken.garcia875@example.com,Fremont,Ca,Jp,2023-01-26,Insider,False
TES-C6738,Aarav Yamada,aarav.yamada874@example.com,Seattle,Wa,Cn,2022-01-09,Standard,False
TES-C1197,Vivaan Lee,vivaan.lee813@example.com,Fremont,Ca,De,2024-02-03,Referral Program,False
TES-C1646,Ken Wilson,ken.wilson101@example.com,Chicago,Il,De,2025-12-13,Unknown,False
TES-C8665,Priya Tanaka,priya.tanaka321@example.com,Berlin,De,Jp,2024-02-18,Insider,False
TES-C10975,David Patel,david.patel146@example.com,Miami,Fl,Uk,2022-12-11,Insider,False
TES-C1403,sara brown,sara.brown716@example.com,Shanghai,Cn,De,2022-07-27,Insider,False
TES-C6146,Yuki Yamada,yuki.yamada746@example.com,Austin,Tx,Ca,2022-11-17,Referral Program,False
TES-C3519,Emma Rossi,emma.rossi433@example.com,Los Angeles,Ca,De,2025-02-01,Insider,False
TES-C1871,MOHAMMED SINGH,mohammed.singh25@example.com,New York,Ny,Us,2022-12-21,Standard,False
TES-C9981,Yuki Johnson,yuki.johnson599@example.com,Fremont,Ca,Uk,2021-04-26,Standard,False
TES-C8673,Fatima Sharma,fatima.sharma868@example.com,Austin,Tx,Jp,2021-07-02,Insider,False
TES-C1160,aarav tanaka,aarav.tanaka503@example.com,Fremont,Ca,Jp,2021-07-26,Referral Program,False
TES-C9476,Yuki Garcia,yuki.garcia214@example.com,San Francisco,Ca,Us,2023-08-21,Standard,False
TES-C10488,Ben Lee,ben.lee374@example.com,Chicago,Il,Cn,2025-04-18,Referral Program,False
TES-C2123,Emma Tanaka,emma.tanaka780@example.com,Miami,Fl,Ca,2022-09-08,Insider,False
TES-C6124,Michael Smith,michael.smith249@example.com,Chicago,Il,Cn,2025-10-17,Insider,False
TES-C3473,Chen Khan,chen.khan246@example.com,Austin,Tx,Ca,2021-10-24,Referral Program,False
TES-C2839,ANNA DAVIS,anna.davis203@example.com,Los Angeles,Ca,Uk,2024-01-29,Referral Program,False
TES-C5150,NOAH BROWN,noah.brown62@example.com,New York,Ny,Ca,2024-01-24,Referral Program,False
TES-C7234, Ava Yamada ,ava.yamada684@example.com,Chicago,Il,Us,2025-01-15,Referral Program,False
TES-C1091,Olivia Davis,olivia.davis472@example.com,Fremont,Ca,Jp,2022-11-29,Referral Program,False
TES-C10290,Sofia Lee,sofia.lee970@example.com,Los Angeles,Ca,Ca,2024-12-06,Insider,False
TES-C9891,Vivaan Lee,vivaan.lee381@example.com,Fremont,Ca,Jp,2022-08-04,Insider,False
TES-C1597,James Garcia,james.garcia113@example.com,Fremont,Ca,De,2025-01-03,Insider,False
TES-C8240,Rahul Müller,rahul.müller638@example.com,Seattle,Wa,Ca,2022-06-27,Standard,False
TES-C3821,Michael Yamada,michael.yamada362@example.com,Austin,Tx,Uk,2025-01-05,Insider,False
TES-C1397,Yuki Müller,yuki.müller266@example.com,Berlin,De,Uk,2021-01-03,Insider,False
TES-C8169,Vivaan Brown,vivaan.brown320@example.com,Los Angeles,Ca,Us,2025-12-09,Referral Program,False
TES-C4870,John Rossi,john.rossi593@example.com,Fremont,Ca,Ca,2022-03-20,Insider,False
TES-C1101,Liam Tanaka,liam.tanaka523@example.com,Los Angeles,Ca,Uk,2023-03-15,Insider,False
TES-C9914,Vivaan Davis,vivaan.davis96@example.com,Fremont,Ca,Jp,2023-08-29,Referral Program,False
TES-C9415,Emma Smith,emma.smith695@example.com,San Francisco,Ca,Us,2024-04-04,Standard,False
TES-C10648, Sofia Wang ,sofia.wang764@example.com,Miami,Fl,Us,2021-11-08,Insider,False
TES-C6471,Noah Kim,noah.kim693@example.com,Shanghai,Cn,Jp,2022-08-01,Insider,False
TES-C6478,Carlos Patel,carlos.patel10@example.com,Miami,Fl,De,2022-01-24,Referral Program,False
TES-C4097,zoe johnson,zoe.johnson447@example.com,San Francisco,Ca,Ca,2024-12-26,Standard,False
TES-C4838,Michael Martin,michael.martin367@example.com,Chicago,Il,De,2022-11-19,Insider,False
TES-C9805,David Lee,david.lee582@example.com,Chicago,Il,Cn,2024-10-28,Referral Program,False
TES-C2261,Anna Sharma,anna.sharma437@example.com,Berlin,De,De,2024-10-12,Insider,False
TES-C9107,Liam Wang,liam.wang520@example.com,Miami,Fl,Cn,2023-02-10,Standard,False
TES-C5289,Yuki Smith,yuki.smith970@example.com,Austin,Tx,Uk,2021-01-17,Insider,False
TES-C10115,Aditya Singh,aditya.singh219@example.com,Fremont,Ca,Jp,2024-12-20,Standard,False
TES-C9959,Aditya Smith,aditya.smith596@example.com,Miami,Fl,Uk,2021-05-03,Standard,False
TES-C4495,li sharma,,Shanghai,Cn,Cn,2022-02-19,Standard,True
TES-C9329, Mohammed Wang ,mohammed.wang594@example.com,Austin,Tx,De,2025-08-12,Standard,False
TES-C7470,Ava Anderson,ava.anderson397@example.com,Seattle,Wa,Us,2025-10-08,Unknown,False
TES-C3336,Vivaan Chen,vivaan.chen933@example.com,Los Angeles,Ca,Cn,2024-09-26,Referral Program,False
TES-C9043,Yuki Wilson,yuki.wilson878@example.com,Austin,Tx,Us,2024-11-28,Referral Program,False
TES-C6078,ava khan,ava.khan254@example.com,New York,Ny,Us,2022-08-13,Referral Program,False
TES-C2766, Yuki Rossi ,yuki.rossi378@example.com,Chicago,Il,Cn,2023-07-30,Standard,False
TES-C10039,Vivaan Chen,,Los Angeles,Ca,Us,2023-12-31,Referral Program,True
TES-C9011,Aarav Anderson,aarav.anderson675@example.com,Fremont,Ca,Cn,2023-12-09,Standard,False
TES-C6589,Emma Brown,emma.brown37@example.com,Seattle,Wa,Jp,2025-11-07,Unknown,False
TES-C7668,VIVAAN SUZUKI,vivaan.suzuki942@example.com,Miami,Fl,Jp,2021-02-02,Referral Program,False
TES-C1504,Maria Smith,maria.smith425@example.com,Chicago,Il,Cn,2023-04-21,Insider,False
TES-C9167,Ben Martin,,Seattle,Wa,Cn,2023-03-04,Standard,True
TES-C4008, John Brown ,john.brown737@example.com,Shanghai,Cn,Cn,2025-11-29,Referral Program,False
TES-C6594,Fatima Garcia,fatima.garcia112@example.com,Seattle,Wa,Cn,2021-04-05,Standard,False
TES-C4524,Ava Sharma,ava.sharma543@example.com,Seattle,Wa,Ca,2021-07-18,Referral Program,False
TES-C6032,Sara Martin,sara.martin153@example.com,Seattle,Wa,Uk,2022-09-26,Standard,False
TES-C1497,YUKI ROSSI,yuki.rossi516@example.com,San Francisco,Ca,Ca,2025-08-21,Insider,False
TES-C5471,anna johnson,anna.johnson275@example.com,Los Angeles,Ca,De,2023-07-07,Unknown,False
TES-C7016,anna singh,anna.singh638@example.com,New York,Ny,Us,2025-03-23,Referral Program,False
TES-C7746,james davis,james.davis10@example.com,Miami,Fl,Ca,2023-07-28,Standard,False
TES-C6542,Ben Singh,ben.singh188@example.com,Fremont,Ca,Us,2024-08-01,Referral Program,False
TES-C1315,liam kim,liam.kim474@example.com,Chicago,Il,De,2025-10-23,Insider,False
TES-C7991,Sara Wilson,,San Francisco,Ca,Uk,2023-04-09,Standard,True
TES-C2473,Olivia Anderson,olivia.anderson314@example.com,Los Angeles,Ca,Uk,2022-12-09,Standard,False
TES-C8657,Wei Lee,wei.lee427@example.com,Shanghai,Cn,Us,2021-03-29,Standard,False
TES-C1465,ANNA WANG,anna.wang873@example.com,Berlin,De,Ca,2024-05-14,Standard,False
TES-C6887,Noah Lee,noah.lee472@example.com,Los Angeles,Ca,Jp,2025-05-22,Insider,False
TES-C3101,Fatima Martin,,Shanghai,Cn,Cn,2025-03-08,Standard,True
TES-C3200,Ben Müller,ben.müller835@example.com,Seattle,Wa,Ca,2024-06-18,Standard,False
TES-C4523,Li Garcia,li.garcia646@example.com,Chicago,Il,De,2022-04-22,Insider,False
TES-C4494,John Wilson,john.wilson266@example.com,Seattle,Wa,Jp,2025-10-14,Insider,False
TES-C3583,EMMA SMITH,emma.smith77@example.com,San Francisco,Ca,Cn,2025-03-05,Referral Program,False
TES-C7062,Aditya Singh,aditya.singh759@example.com,Miami,Fl,Us,2023-07-19,Standard,False
TES-C4784,Mohammed Chen,mohammed.chen332@example.com,Berlin,De,Us,2022-12-12,Insider,False
TES-C4602,Olivia Davis,olivia.davis377@example.com,Shanghai,Cn,De,2023-04-13,Insider,False
TES-C1565,John Wang,john.wang157@example.com,Fremont,Ca,Jp,2021-08-09,Insider,False
TES-C6497,Wei Sharma,wei.sharma769@example.com,Fremont,Ca,Ca,2025-11-20,Insider,False
TES-C3391,Sofia Wilson,sofia.wilson577@example.com,Berlin,De,Ca,2021-03-23,Insider,False
TES-C9632,Aditya Singh,aditya.singh263@example.com,Fremont,Ca,Uk,2021-05-13,Insider,False
TES-C5240,Olivia Wilson,olivia.wilson14@example.com,Chicago,Il,Jp,2025-07-07,Insider,False
TES-C4296,John Yamada,john.yamada55@example.com,Miami,Fl,Jp,2024-06-16,Referral Program,False
TES-C7156,Aarav Wang,aarav.wang800@example.com,Berlin,De,Jp,2022-01-06,Standard,False
TES-C8894,Sara Sharma,sara.sharma174@example.com,Fremont,Ca,Us,2022-02-16,Insider,False
TES-C4297,Ben Rossi,ben.rossi936@example.com,Miami,Fl,De,2024-06-09,Insider,False
TES-C10546,Michael Müller,michael.müller839@example.com,Miami,Fl,Jp,2022-08-08,Standard,False
TES-C5509,Carlos Yamada,carlos.yamada608@example.com,Berlin,De,Us,2022-04-22,Referral Program,False
TES-C1952,Noah Garcia,,Fremont,Ca,Cn,2023-06-04,Insider,True
TES-C1181,Maria Anderson,maria.anderson581@example.com,Miami,Fl,Uk,2024-01-10,Standard,False
TES-C5059,mohammed davis,mohammed.davis157@example.com,Berlin,De,De,2021-04-27,Insider,False
TES-C2685,Ava Suzuki,,New York,Ny,De,2021-06-10,Standard,True
TES-C1020,Ben Davis,ben.davis626@example.com,Fremont,Ca,Us,2021-07-07,Insider,False
TES-C2832,Aarav Lee,aarav.lee721@example.com,Berlin,De,Cn,2024-06-16,Insider,False
TES-C5028,Li Chen,li.chen223@example.com,Seattle,Wa,Cn,2024-10-08,Insider,False
TES-C8561,sara rossi,sara.rossi275@example.com,Los Angeles,Ca,Jp,2025-03-11,Referral Program,False
TES-C3320,Chen Chen,chen.chen907@example.com,Shanghai,Cn,Ca,2023-04-06,Standard,False
TES-C6415,CARLOS ANDERSON,carlos.anderson690@example.com,San Francisco,Ca,Us,2022-09-19,Referral Program,False
TES-C2987,Yuki Wang,yuki.wang503@example.com,Berlin,De,Uk,2023-03-10,Insider,False
TES-C10615,Chen Tanaka,chen.tanaka828@example.com,Shanghai,Cn,Uk,2022-08-26,Insider,False
TES-C6836,Mohammed Khan,mohammed.khan164@example.com,San Francisco,Ca,Uk,2023-10-10,Referral Program,False
TES-C5884,Liam Martin,liam.martin142@example.com,Los Angeles,Ca,De,2025-07-25,Insider,False
TES-C3899,Wei Patel,wei.patel938@example.com,New York,Ny,Cn,2025-08-09,Referral Program,False
TES-C1050,Mohammed Smith,mohammed.smith446@example.com,Miami,Fl,Us,2021-04-14,Referral Program,False
TES-C4264,rahul tanaka,rahul.tanaka577@example.com,Chicago,Il,De,2024-02-03,Referral Program,False
TES-C4009,Noah Yamada,noah.yamada512@example.com,Chicago,Il,Uk,2024-06-12,Insider,False
TES-C4671,wei wilson,wei.wilson56@example.com,Chicago,Il,Uk,2024-11-23,Referral Program,False
TES-C4483,Michael Sharma,michael.sharma789@example.com,San Francisco,Ca,Ca,2023-09-09,Referral Program,False
TES-C9878,Aditya Johnson,aditya.johnson166@example.com,Berlin,De,De,2022-07-06,Standard,False
TES-C7537,Carlos Singh,carlos.singh305@example.com,New York,Ny,Uk,2025-03-25,Referral Program,False
TES-C4070,Anna Davis,anna.davis132@example.com,Chicago,Il,De,2024-01-31,Insider,False
TES-C4217,Mohammed Martin,mohammed.martin451@example.com,Fremont,Ca,Ca,2025-04-24,Referral Program,False
TES-C2652,LI DAVIS,li.davis169@example.com,Shanghai,Cn,Cn,2025-06-20,Insider,False
TES-C3728,Maria Sharma,maria.sharma585@example.com,Berlin,De,Jp,2021-07-02,Insider,False
TES-C6890,Fatima Khan,fatima.khan416@example.com,Berlin,De,Cn,2021-09-02,Referral Program,False
TES-C9498,david patel,david.patel882@example.com,Chicago,Il,De,2023-01-20,Referral Program,False
TES-C6269,Carlos Chen,carlos.chen871@example.com,Los Angeles,Ca,De,2023-03-21,Insider,False
TES-C4404,John Suzuki,john.suzuki848@example.com,Miami,Fl,Jp,2024-11-30,Insider,False
TES-C5666,li patel,li.patel370@example.com,Miami,Fl,Cn,2022-10-09,Insider,False
TES-C4725,Olivia Lee,,Berlin,De,Uk,2024-01-23,Standard,True
TES-C4795,Vivaan Martin,vivaan.martin825@example.com,San Francisco,Ca,De,2025-11-04,Insider,False
TES-C7130,James Lee,james.lee907@example.com,New York,Ny,Cn,2024-02-15,Standard,False
TES-C1742,ANNA DAVIS,anna.davis584@example.com,Shanghai,Cn,De,2022-10-25,Insider,False
TES-C3089,chen garcia,chen.garcia712@example.com,Austin,Tx,Cn,2022-03-18,Standard,False
TES-C6476,JAMES ANDERSON,james.anderson182@example.com,Fremont,Ca,Ca,2025-07-01,Insider,False
TES-C4211,Sara Johnson,sara.johnson119@example.com,New York,Ny,Us,2021-08-16,Insider,False
TES-C10812,Sara Martin,sara.martin306@example.com,Miami,Fl,Ca,2022-10-22,Standard,False
TES-C7149,Ben Suzuki,ben.suzuki195@example.com,Miami,Fl,Jp,2023-10-05,Referral Program,False
TES-C8772,sofia johnson,sofia.johnson220@example.com,Shanghai,Cn,Us,2024-07-13,Referral Program,False
TES-C10291,Vivaan Kumar,vivaan.kumar55@example.com,Chicago,Il,Uk,2023-05-13,Referral Program,False
TES-C10239,Anna Suzuki,anna.suzuki564@example.com,Berlin,De,Us,2024-10-17,Referral Program,False
TES-C9336,Fatima Khan,fatima.khan22@example.com,Shanghai,Cn,Us,2023-10-10,Insider,False
TES-C6109,ken lee,ken.lee64@example.com,Miami,Fl,Jp,2021-04-13,Referral Program,False
TES-C9030,Sofia Khan,sofia.khan34@example.com,San Francisco,Ca,Ca,2021-09-11,Referral Program,False
TES-C2150,Yuki Singh,yuki.singh59@example.com,Fremont,Ca,Us,2025-10-29,Standard,False
TES-C2121,Fatima Brown,fatima.brown964@example.com,Austin,Tx,Uk,2023-09-15,Standard,False
TES-C6871,Carlos Singh,carlos.singh494@example.com,Seattle,Wa,Cn,2021-08-09,Referral Program,False
TES-C2462,Sofia Kumar,sofia.kumar650@example.com,Austin,Tx,Us,2021-07-15,Referral Program,False
TES-C9241,Wei Davis,wei.davis563@example.com,Chicago,Il,Cn,2023-08-20,Standard,False
TES-C2358,Anna Wang,anna.wang189@example.com,Miami,Fl,Us,2021-03-25,Standard,False
TES-C5249, Carlos Johnson ,carlos.johnson840@example.com,Seattle,Wa,Uk,2023-07-13,Standard,False
TES-C6622,Fatima Martin,,Seattle,Wa,Jp,2025-06-17,Referral Program,True
TES-C1439,Emma Patel,emma.patel869@example.com,Chicago,Il,De,2021-05-11,Unknown,False
TES-C9302,Emma Johnson,emma.johnson493@example.com,Berlin,De,Cn,2022-02-02,Standard,False
TES-C10156,BEN YAMADA,ben.yamada211@example.com,Fremont,Ca,De,2024-12-10,Standard,False
TES-C3458,Fatima Rossi,fatima.rossi622@example.com,Fremont,Ca,Jp,2025-04-02,Insider,False
TES-C3561,John Johnson,john.johnson153@example.com,Miami,Fl,Uk,2025-10-01,Referral Program,False
TES-C1054,Aarav Kumar,aarav.kumar467@example.com,Fremont,Ca,Uk,2025-05-31,Standard,False
TES-C8746,olivia kumar,olivia.kumar980@example.com,Fremont,Ca,Jp,2022-11-15,Referral Program,False
TES-C6215,Wei Rossi,,Chicago,Il,Cn,2025-10-03,Insider,True
TES-C2399,Wei Singh,wei.singh939@example.com,Shanghai,Cn,Cn,2025-03-05,Referral Program,False
TES-C10620,John Brown,,Austin,Tx,Jp,2021-04-03,Referral Program,True
TES-C8800, Olivia Kim ,olivia.kim904@example.com,Chicago,Il,Jp,2023-03-21,Insider,False
TES-C4261,Olivia Rossi,olivia.rossi640@example.com,Chicago,Il,Us,2023-05-31,Insider,False
TES-C10216,john suzuki,john.suzuki783@example.com,Seattle,Wa,Uk,2025-04-28,Referral Program,False
TES-C7838,CARLOS SMITH,carlos.smith748@example.com,San Francisco,Ca,Us,2025-10-05,Referral Program,False
TES-C6380,James Kim,james.kim276@example.com,Fremont,Ca,Uk,2021-09-16,Insider,False
TES-C7373,Zoe Rossi,zoe.rossi381@example.com,Berlin,De,Cn,2024-10-25,Standard,False
TES-C1263,Fatima Yamada,fatima.yamada28@example.com,Miami,Fl,Us,2024-06-13,Standard,False
TES-C9347,KEN ANDERSON,,San Francisco,Ca,Ca,2021-02-14,Referral Program,True
TES-C5048, Fatima Sharma ,fatima.sharma912@example.com,Seattle,Wa,Jp,2021-03-09,Standard,False
TES-C1581,Rahul Chen,rahul.chen267@example.com,Los Angeles,Ca,Uk,2022-12-15,Insider,False
TES-C9505, Liam Wilson ,liam.wilson908@example.com,Los Angeles,Ca,Uk,2024-11-30,Insider,False
TES-C7289,Aditya Martin,aditya.martin14@example.com,Fremont,Ca,Us,2023-12-16,Insider,False
TES-C1396,Zoe Wang,zoe.wang292@example.com,San Francisco,Ca,Jp,2021-09-07,Insider,False
TES-C2598,Liam Davis,liam.davis512@example.com,Austin,Tx,Uk,2023-04-13,Standard,False
TES-C3986,VIVAAN KIM,vivaan.kim691@example.com,Shanghai,Cn,Jp,2022-03-20,Standard,False
TES-C2906,priya johnson,priya.johnson521@example.com,Fremont,Ca,Ca,2023-03-22,Insider,False
TES-C6842,mohammed anderson,mohammed.anderson7@example.com,Chicago,Il,Us,2022-11-07,Referral Program,False
TES-C2746,Aditya Kumar,aditya.kumar614@example.com,Austin,Tx,Ca,2025-07-01,Referral Program,False
TES-C1337, Wei Müller ,wei.müller525@example.com,Seattle,Wa,Jp,2024-10-22,Insider,False
TES-C6181,Fatima Lee,fatima.lee623@example.com,Fremont,Ca,De,2021-08-26,Insider,False
TES-C8956,michael anderson,michael.anderson371@example.com,Miami,Fl,Cn,2022-10-21,Referral Program,False
TES-C6052, John Johnson ,john.johnson484@example.com,Shanghai,Cn,Ca,2025-05-20,Standard,False
TES-C9032,Maria Müller,maria.müller583@example.com,Berlin,De,Cn,2023-02-17,Unknown,False
TES-C6822,Olivia Singh,olivia.singh500@example.com,Austin,Tx,Uk,2021-02-25,Standard,False
TES-C4280,SARA SUZUKI,sara.suzuki658@example.com,Chicago,Il,Jp,2025-02-13,Insider,False
TES-C6587,Liam Suzuki,liam.suzuki735@example.com,Fremont,Ca,Us,2022-06-12,Insider,False
TES-C8242,Fatima Wilson,fatima.wilson170@example.com,Austin,Tx,Us,2025-03-28,Referral Program,False
TES-C2596,Rahul Garcia,rahul.garcia550@example.com,Berlin,De,De,2023-06-23,Referral Program,False
TES-C2130,Carlos Suzuki,carlos.suzuki261@example.com,San Francisco,Ca,Cn,2021-02-05,Standard,False
TES-C2891,Ken Lee,ken.lee532@example.com,Shanghai,Cn,Uk,2023-06-13,Insider,False
TES-C1489,Vivaan Patel,vivaan.patel14@example.com,Berlin,De,De,2022-08-27,Insider,False
TES-C10364,Ava Davis,ava.davis711@example.com,Los Angeles,Ca,Uk,2023-01-04,Referral Program,False
TES-C9188,Maria Khan,maria.khan637@example.com,San Francisco,Ca,Us,2024-10-14,Insider,False
TES-C1647,Ava Kumar,ava.kumar651@example.com,Miami,Fl,Jp,2021-09-15,Standard,False
TES-C1287,David Yamada,david.yamada129@example.com,Fremont,Ca,De,2021-11-03,Standard,False
TES-C6209,emma sharma,emma.sharma691@example.com,Austin,Tx,Us,2021-09-05,Referral Program,False
TES-C5153,Maria Rossi,maria.rossi852@example.com,San Francisco,Ca,Ca,2021-11-07,Insider,False
TES-C10636,Ken Tanaka,ken.tanaka904@example.com,Seattle,Wa,Cn,2022-02-07,Referral Program,False
TES-C4258,Ben Singh,ben.singh559@example.com,Shanghai,Cn,Jp,2022-02-03,Referral Program,False
TES-C1139, Rahul Lee ,rahul.lee697@example.com,Shanghai,Cn,Uk,2024-01-28,Referral Program,False
TES-C4770,Yuki Kim,yuki.kim45@example.com,Austin,Tx,Jp,2022-01-11,Insider,False
TES-C6214,Maria Yamada,maria.yamada289@example.com,Austin,Tx,De,2023-06-18,Standard,False
TES-C8290,Zoe Müller,zoe.müller911@example.com,Berlin,De,Uk,2022-08-31,Unknown,False
TES-C4919,Olivia Anderson,olivia.anderson13@example.com,Shanghai,Cn,Uk,2025-09-12,Standard,False
TES-C9584,Zoe Yamada,zoe.yamada46@example.com,Fremont,Ca,Cn,2023-10-21,Insider,False
TES-C2086,Li Chen,li.chen327@example.com,Los Angeles,Ca,Cn,2024-07-24,Referral Program,False
TES-C6894,Rahul Wang,rahul.wang884@example.com,Seattle,Wa,Jp,2022-01-08,Insider,False
TES-C2908,Ben Khan,ben.khan434@example.com,San Francisco,Ca,Uk,2022-12-09,Standard,False
TES-C10651,Emma Smith,emma.smith103@example.com,Miami,Fl,Us,2022-01-25,Insider,False
TES-C8510, Li Brown ,li.brown318@example.com,Shanghai,Cn,Cn,2022-03-19,Referral Program,False
TES-C6448,rahul davis,rahul.davis318@example.com,Berlin,De,Us,2024-01-27,Insider,False
TES-C2385,Ava Martin,ava.martin331@example.com,Austin,Tx,Uk,2022-03-29,Standard,False
TES-C4065,Ken Sharma,ken.sharma329@example.com,Shanghai,Cn,Us,2024-12-26,Referral Program,False
TES-C10665,Ben Kumar,ben.kumar955@example.com,New York,Ny,Ca,2021-12-27,Insider,False
TES-C3925,Fatima Garcia,fatima.garcia650@example.com,Miami,Fl,Uk,2024-06-06,Standard,False
TES-C6345,Zoe Anderson,,Chicago,Il,Cn,2021-04-24,Standard,True
TES-C1076,ANNA JOHNSON,,New York,Ny,Uk,2024-11-09,Referral Program,True
TES-C6689,Olivia Martin,olivia.martin760@example.com,Berlin,De,Cn,2023-01-23,Insider,False
TES-C1059,Chen Chen,chen.chen394@example.com,Los Angeles,Ca,Us,2025-01-27,Referral Program,False
TES-C2174,mohammed tanaka,,Seattle,Wa,Jp,2021-09-17,Referral Program,True
TES-C8770,MICHAEL CHEN,michael.chen260@example.com,Shanghai,Cn,Jp,2023-06-02,Insider,False
TES-C3465, Emma Garcia ,emma.garcia179@example.com,Shanghai,Cn,Ca,2021-12-07,Insider,False
TES-C9293,Ken Wilson,,Fremont,Ca,Uk,2024-03-21,Insider,True
TES-C4202,wei martin,wei.martin209@example.com,Shanghai,Cn,Us,2021-01-17,Standard,False
TES-C8217,Emma Singh,emma.singh383@example.com,Miami,Fl,Us,2024-08-01,Standard,False
TES-C1702,Liam Singh,liam.singh407@example.com,Seattle,Wa,Jp,2022-12-15,Insider,False
TES-C9380,John Singh,john.singh190@example.com,Miami,Fl,Uk,2022-01-05,Referral Program,False
TES-C10676,Aditya Tanaka,aditya.tanaka716@example.com,Berlin,De,De,2023-01-15,Insider,False
TES-C8582,Ken Wilson,ken.wilson536@example.com,Fremont,Ca,Us,2021-04-02,Standard,False
TES-C5547,Li Tanaka,li.tanaka772@example.com,Shanghai,Cn,Jp,2024-02-15,Referral Program,False
TES-C5893,Carlos Khan,carlos.khan75@example.com,Los Angeles,Ca,Jp,2022-11-24,Insider,False
TES-C3873,chen martin,,Seattle,Wa,Ca,2021-05-10,Referral Program,True
TES-C7672,chen sharma,chen.sharma751@example.com,Berlin,De,De,2024-12-09,Insider,False
TES-C6662,Emma Davis,emma.davis465@example.com,Fremont,Ca,Cn,2024-02-20,Standard,False
TES-C7926,James Patel,james.patel983@example.com,Los Angeles,Ca,Us,2021-10-05,Referral Program,False
TES-C3255,Noah Chen,noah.chen471@example.com,New York,Ny,Uk,2021-12-04,Referral Program,False
TES-C1053,Mohammed Sharma,mohammed.sharma194@example.com,Chicago,Il,Uk,2025-07-06,Insider,False
TES-C10209,John Lee,john.lee329@example.com,Seattle,Wa,Us,2022-09-15,Insider,False
TES-C8275,David Yamada,david.yamada318@example.com,Chicago,Il,Cn,2021-05-26,Referral Program,False
TES-C9207,Aarav Davis,aarav.davis948@example.com,Chicago,Il,Cn,2025-03-07,Standard,False
TES-C6462,Aditya Chen,aditya.chen585@example.com,Chicago,Il,Cn,2023-10-26,Insider,False
TES-C2305,priya yamada,priya.yamada510@example.com,Berlin,De,Us,2022-03-26,Insider,False
TES-C2597,Aditya Müller,aditya.müller221@example.com,Chicago,Il,Us,2022-11-26,Insider,False
TES-C8574,Anna Anderson,anna.anderson209@example.com,Austin,Tx,Cn,2021-03-21,Standard,False
TES-C6477, Aarav Johnson ,aarav.johnson374@example.com,Shanghai,Cn,Us,2021-06-26,Standard,False
TES-C10401,olivia garcia,olivia.garcia523@example.com,Chicago,Il,De,2022-01-13,Standard,False
TES-C6607,Wei Patel,wei.patel408@example.com,New York,Ny,Us,2024-01-23,Insider,False
TES-C2225,Noah Smith,noah.smith510@example.com,Miami,Fl,Us,2021-10-13,Insider,False
TES-C10897,Olivia Suzuki,olivia.suzuki372@example.com,New York,Ny,De,2022-06-22,Standard,False
TES-C9649,MARIA PATEL,maria.patel843@example.com,Los Angeles,Ca,Us,2024-01-03,Referral Program,False
TES-C2347,Aarav Rossi,aarav.rossi94@example.com,Los Angeles,Ca,De,2025-10-23,Insider,False
TES-C2162,Anna Khan,anna.khan507@example.com,Austin,Tx,De,2021-07-13,Referral Program,False
TES-C3667,ADITYA JOHNSON,aditya.johnson126@example.com,Chicago,Il,Jp,2021-05-03,Referral Program,False
TES-C3077,Rahul Wang,rahul.wang851@example.com,Los Angeles,Ca,Us,2023-01-28,Insider,False
TES-C5065,Ava Kim,ava.kim783@example.com,New York,Ny,Us,2024-08-30,Unknown,False
TES-C8938,Chen Kim,chen.kim431@example.com,Chicago,Il,Jp,2022-03-20,Standard,False
TES-C10675,ADITYA MARTIN,aditya.martin999@example.com,Austin,Tx,Cn,2025-07-21,Referral Program,False
TES-C1857,sofia sharma,sofia.sharma744@example.com,San Francisco,Ca,Uk,2022-05-20,Insider,False
TES-C1213,Carlos Johnson,carlos.johnson394@example.com,Berlin,De,Cn,2025-06-21,Referral Program,False
TES-C6933,Liam Davis,liam.davis996@example.com,San Francisco,Ca,Us,2023-11-23,Insider,False
TES-C9782,MARIA MÜLLER,maria.müller88@example.com,Miami,Fl,De,2022-10-01,Referral Program,False
TES-C9410,Priya Sharma,priya.sharma977@example.com,Chicago,Il,Us,2023-04-25,Referral Program,False
TES-C9800,Noah Sharma,noah.sharma294@example.com,Berlin,De,Us,2024-07-25,Referral Program,False
TES-C8264,Michael Singh,michael.singh233@example.com,Fremont,Ca,Us,2025-09-28,Insider,False
TES-C1175,Zoe Tanaka,zoe.tanaka535@example.com,Shanghai,Cn,Us,2022-09-03,Standard,False
TES-C2714,Liam Müller,liam.müller323@example.com,Shanghai,Cn,Uk,2025-01-05,Referral Program,False
TES-C7691,Wei Garcia,wei.garcia335@example.com,Miami,Fl,Uk,2024-09-09,Referral Program,False
TES-C4486,ben tanaka,ben.tanaka745@example.com,Shanghai,Cn,Us,2022-03-26,Referral Program,False
TES-C5138,Mohammed Singh,mohammed.singh372@example.com,San Francisco,Ca,Uk,2025-12-31,Standard,False
TES-C1943, Yuki Lee ,yuki.lee276@example.com,Austin,Tx,Uk,2024-02-19,Referral Program,False
TES-C6532,SOFIA YAMADA,sofia.yamada377@example.com,Miami,Fl,Jp,2022-06-07,Referral Program,False
TES-C5676,vivaan davis,vivaan.davis211@example.com,Miami,Fl,Us,2023-04-22,Standard,False
TES-C6535,Mohammed Kim,mohammed.kim587@example.com,San Francisco,Ca,Jp,2022-08-26,Standard,False
TES-C6140,Carlos Smith,carlos.smith747@example.com,Los Angeles,Ca,Ca,2021-11-19,Referral Program,False
TES-C10125,James Lee,james.lee232@example.com,Miami,Fl,De,2021-03-11,Insider,False
TES-C2321,YUKI WANG,yuki.wang449@example.com,Chicago,Il,Cn,2022-03-24,Insider,False
TES-C3096,Aditya Yamada,aditya.yamada552@example.com,Seattle,Wa,Us,2021-06-29,Referral Program,False
TES-C9274,Wei Brown,wei.brown755@example.com,Berlin,De,Uk,2025-07-10,Standard,False
TES-C10918,Yuki Chen,yuki.chen838@example.com,Berlin,De,Uk,2022-01-06,Referral Program,False
TES-C3148,maria suzuki,maria.suzuki786@example.com,Shanghai,Cn,Us,2023-09-07,Referral Program,False
TES-C8613,Ava Kim,ava.kim25@example.com,Seattle,Wa,Us,2025-01-14,Referral Program,False
TES-C1751,Aditya Suzuki,aditya.suzuki641@example.com,Seattle,Wa,Us,2024-12-31,Referral Program,False
TES-C3678,Michael Rossi,,Miami,Fl,Uk,2023-09-23,Referral Program,True
TES-C2285,Zoe Brown,zoe.brown180@example.com,Los Angeles,Ca,De,2024-05-01,Referral Program,False
TES-C6595,Emma Tanaka,emma.tanaka799@example.com,Berlin,De,Jp,2025-12-28,Referral Program,False
TES-C5183,olivia brown,olivia.brown999@example.com,Miami,Fl,Us,2024-10-04,Referral Program,False
TES-C5484,James Wang,james.wang567@example.com,Austin,Tx,Us,2024-12-10,Insider,False
TES-C8395,Liam Singh,liam.singh97@example.com,New York,Ny,Ca,2024-09-18,Referral Program,False
TES-C8037,SARA SMITH,,Fremont,Ca,Ca,2024-12-20,Referral Program,True
TES-C4845,Maria Müller,maria.müller457@example.com,Austin,Tx,De,2025-01-22,Referral Program,False
TES-C5596,Anna Müller,anna.müller765@example.com,Fremont,Ca,Cn,2021-07-11,Referral Program,False
TES-C9534,Rahul Davis,rahul.davis148@example.com,Seattle,Wa,Ca,2025-05-12,Insider,False
TES-C10855,Carlos Johnson,carlos.johnson152@example.com,Miami,Fl,Ca,2022-10-26,Standard,False
TES-C2667,Fatima Smith,fatima.smith957@example.com,Fremont,Ca,Ca,2024-03-25,Referral Program,False
TES-C6751,David Johnson,david.johnson214@example.com,Shanghai,Cn,Jp,2025-04-01,Referral Program,False
TES-C3703,PRIYA BROWN,priya.brown508@example.com,New York,Ny,Us,2024-02-08,Standard,False
TES-C3690,David Smith,david.smith193@example.com,Chicago,Il,Ca,2022-04-01,Insider,False
TES-C6784,James Smith,james.smith683@example.com,Miami,Fl,De,2024-09-11,Standard,False
TES-C6044,Anna Kim,anna.kim959@example.com,Fremont,Ca,Cn,2023-09-04,Insider,False
TES-C7619,Priya Brown,priya.brown471@example.com,Berlin,De,Uk,2021-04-29,Standard,False
TES-C4298,Chen Rossi,chen.rossi287@example.com,Shanghai,Cn,Us,2022-11-01,Standard,False
TES-C3147,Rahul Kumar,rahul.kumar82@example.com,Chicago,Il,Cn,2023-03-31,Insider,False
TES-C7451,Li Chen,li.chen28@example.com,Seattle,Wa,Uk,2025-04-08,Referral Program,False
TES-C9833,Ava Patel,ava.patel198@example.com,New York,Ny,Ca,2023-12-31,Standard,False
TES-C8018,Maria Davis,maria.davis93@example.com,Berlin,De,Uk,2021-12-31,Standard,False
TES-C4048,BEN SMITH,ben.smith534@example.com,Fremont,Ca,Uk,2024-02-20,Insider,False
TES-C8675,Sara Müller,sara.müller713@example.com,San Francisco,Ca,Jp,2021-02-09,Insider,False
TES-C2149,Rahul Sharma,rahul.sharma144@example.com,New York,Ny,De,2022-05-04,Standard,False
TES-C1416,ben garcia,ben.garcia486@example.com,Seattle,Wa,Cn,2023-08-15,Standard,False
TES-C5364,Aarav Lee,aarav.lee148@example.com,Miami,Fl,Us,2023-03-10,Insider,False
TES-C1853,LIAM ANDERSON,liam.anderson846@example.com,Austin,Tx,Us,2025-10-09,Standard,False
TES-C5371,David Wilson,david.wilson255@example.com,Berlin,De,Cn,2022-09-25,Standard,False
TES-C9696,Emma Chen,,Chicago,Il,Jp,2025-10-29,Referral Program,True
TES-C6306,NOAH SMITH,,Los Angeles,Ca,Uk,2022-11-10,Standard,True
TES-C9965,Mohammed Müller,mohammed.müller926@example.com,New York,Ny,Cn,2022-10-14,Standard,False
TES-C7138,Anna Davis,anna.davis632@example.com,Berlin,De,De,2025-01-23,Referral Program,False
TES-C10121,Zoe Johnson,zoe.johnson513@example.com,Fremont,Ca,De,2023-03-16,Referral Program,False
TES-C1410, Rahul Davis ,rahul.davis728@example.com,Seattle,Wa,Jp,2023-10-26,Insider,False
TES-C8907,Aarav Tanaka,aarav.tanaka905@example.com,Los Angeles,Ca,Cn,2021-11-04,Standard,False
TES-C1155,OLIVIA SUZUKI,olivia.suzuki580@example.com,Los Angeles,Ca,De,2021-03-04,Referral Program,False
TES-C1662,Anna Singh,anna.singh281@example.com,Seattle,Wa,Ca,2025-01-08,Standard,False
TES-C2543,Rahul Chen,rahul.chen763@example.com,Chicago,Il,Jp,2023-09-19,Referral Program,False
TES-C7027,Ken Smith,ken.smith864@example.com,Chicago,Il,Jp,2025-01-25,Referral Program,False
TES-C5688,David Lee,david.lee775@example.com,Seattle,Wa,Cn,2025-03-12,Insider,False
TES-C2600,Ava Patel,ava.patel174@example.com,Los Angeles,Ca,Jp,2023-04-29,Insider,False
TES-C10128,Emma Yamada,emma.yamada785@example.com,New York,Ny,Uk,2022-08-18,Referral Program,False
TES-C3679,David Lee,david.lee103@example.com,Austin,Tx,Ca,2025-09-18,Referral Program,False
TES-C4454,Priya Kumar,priya.kumar548@example.com,Miami,Fl,Us,2025-10-25,Standard,False
TES-C5745,Priya Yamada,priya.yamada768@example.com,Chicago,Il,Ca,2024-11-01,Referral Program,False
TES-C6107,Wei Yamada,wei.yamada522@example.com,Miami,Fl,Us,2022-03-13,Unknown,False
TES-C7518,Sofia Tanaka,sofia.tanaka441@example.com,Fremont,Ca,Us,2023-03-20,Referral Program,False
TES-C6500,Aarav Wang,aarav.wang818@example.com,Fremont,Ca,Uk,2022-08-13,Standard,False
TES-C8831,Chen Sharma,chen.sharma717@example.com,San Francisco,Ca,De,2021-12-18,Standard,False
TES-C7211,Olivia Wang,olivia.wang78@example.com,New York,Ny,Us,2024-07-18,Standard,False
TES-C1539,Sofia Davis,sofia.davis388@example.com,Miami,Fl,Uk,2021-03-26,Standard,False
TES-C5226,Priya Tanaka,priya.tanaka748@example.com,Chicago,Il,Uk,2022-05-11,Insider,False
TES-C3018,Li Chen,li.chen902@example.com,Chicago,Il,Ca,2022-11-01,Insider,False
TES-C6861,Emma Singh,emma.singh354@example.com,New York,Ny,Ca,2022-01-10,Insider,False
TES-C5537,Emma Smith,emma.smith332@example.com,Chicago,Il,Cn,2025-05-16,Insider,False
TES-C7575,michael brown,michael.brown611@example.com,San Francisco,Ca,Us,2022-12-10,Standard,False
TES-C2673,John Lee,john.lee481@example.com,Berlin,De,De,2021-01-02,Referral Program,False
TES-C10591,Rahul Martin,rahul.martin935@example.com,Berlin,De,Ca,2024-11-22,Standard,False
TES-C9113,Anna Yamada,anna.yamada66@example.com,Miami,Fl,Jp,2024-12-05,Unknown,False
TES-C1930,John Brown,john.brown705@example.com,Austin,Tx,Uk,2023-03-14,Referral Program,False
TES-C10086,Ava Yamada,ava.yamada352@example.com,Berlin,De,De,2021-08-05,Referral Program,False
TES-C3095,Noah Patel,,Berlin,De,De,2021-07-03,Referral Program,True
TES-C2981,Emma Kim,,Miami,Fl,Us,2025-11-15,Standard,True
TES-C2039,Zoe Brown,zoe.brown767@example.com,Chicago,Il,Us,2024-12-06,Insider,False
TES-C1902,Sofia Khan,sofia.khan928@example.com,Chicago,Il,Ca,2022-01-23,Standard,False
TES-C2294,Aditya Müller,aditya.müller664@example.com,Chicago,Il,Ca,2025-01-31,Referral Program,False
TES-C3497,BEN YAMADA,ben.yamada59@example.com,Berlin,De,Cn,2023-06-04,Referral Program,False
TES-C3547,Priya Müller,priya.müller296@example.com,San Francisco,Ca,De,2023-08-04,Referral Program,False
TES-C4501,Ava Smith,ava.smith566@example.com,Los Angeles,Ca,Ca,2024-06-27,Standard,False
TES-C6262,Olivia Singh,olivia.singh786@example.com,San Francisco,Ca,Jp,2023-07-13,Referral Program,False
TES-C10374,LI MÜLLER,li.müller827@example.com,Los Angeles,Ca,Jp,2023-05-21,Referral Program,False
TES-C5231,Priya Patel,priya.patel144@example.com,Berlin,De,Us,2025-04-19,Insider,False
TES-C7794,Ken Brown,ken.brown473@example.com,Berlin,De,Uk,2023-02-11,Standard,False
TES-C3505,ava martin,ava.martin270@example.com,New York,Ny,Cn,2024-07-11,Standard,False
TES-C6316,carlos tanaka,carlos.tanaka124@example.com,Chicago,Il,Us,2025-09-16,Referral Program,False
TES-C5053,BEN SUZUKI,ben.suzuki412@example.com,Los Angeles,Ca,Us,2025-10-09,Standard,False
TES-C1564,Wei Yamada,wei.yamada93@example.com,Miami,Fl,Jp,2023-09-24,Unknown,False
TES-C4559,Chen Davis,chen.davis112@example.com,Fremont,Ca,Ca,2024-01-21,Standard,False
TES-C4934,Wei Smith,wei.smith88@example.com,New York,Ny,Us,2025-01-01,Referral Program,False
TES-C2590,michael khan,michael.khan954@example.com,Los Angeles,Ca,De,2021-09-18,Insider,False
TES-C4332,Fatima Garcia,fatima.garcia870@example.com,Seattle,Wa,De,2025-10-06,Referral Program,False
TES-C6086,Fatima Suzuki,fatima.suzuki191@example.com,Chicago,Il,De,2023-06-17,Standard,False
TES-C9764,emma tanaka,emma.tanaka497@example.com,Seattle,Wa,De,2024-02-05,Insider,False
TES-C7931,emma kumar,emma.kumar869@example.com,Los Angeles,Ca,De,2025-10-11,Standard,False
TES-C2838,Wei Chen,wei.chen834@example.com,Fremont,Ca,Ca,2024-03-18,Insider,False
TES-C7261,Carlos Wang,carlos.wang879@example.com,San Francisco,Ca,Uk,2024-09-04,Standard,False
TES-C6259,Anna Johnson,anna.johnson630@example.com,Austin,Tx,Cn,2021-08-07,Insider,False
TES-C6489, Noah Davis ,noah.davis575@example.com,Berlin,De,Uk,2024-12-06,Standard,False
TES-C2346,yuki müller,yuki.müller38@example.com,Austin,Tx,Uk,2021-12-20,Standard,False
TES-C2062,Noah Johnson,noah.johnson785@example.com,Berlin,De,Ca,2023-03-13,Referral Program,False
TES-C1030,Liam Suzuki,liam.suzuki122@example.com,Shanghai,Cn,De,2022-02-20,Referral Program,False
TES-C3981,Yuki Martin,yuki.martin191@example.com,Miami,Fl,Jp,2023-11-10,Standard,False
TES-C9575,Michael Rossi,michael.rossi20@example.com,Los Angeles,Ca,De,2025-10-10,Insider,False
TES-C7160,Vivaan Rossi,vivaan.rossi876@example.com,Fremont,Ca,Us,2021-11-19,Insider,False
TES-C7459,Vivaan Garcia,vivaan.garcia742@example.com,Seattle,Wa,Us,2022-06-11,Standard,False
TES-C9077,ava davis,ava.davis304@example.com,Fremont,Ca,Jp,2022-11-25,Insider,False
TES-C1169,Yuki Müller,yuki.müller18@example.com,Austin,Tx,Jp,2021-07-19,Referral Program,False
TES-C7665, Li Wilson ,li.wilson270@example.com,Fremont,Ca,Jp,2021-09-15,Standard,False
TES-C6722,ZOE WANG,zoe.wang903@example.com,Miami,Fl,Us,2025-09-20,Standard,False
TES-C1733,James Smith,james.smith63@example.com,Fremont,Ca,De,2024-10-14,Insider,False
TES-C4367,Ben Anderson,ben.anderson265@example.com,San Francisco,Ca,Jp,2024-01-04,Insider,False
TES-C7650,Emma Kumar,emma.kumar676@example.com,Chicago,Il,Uk,2022-09-11,Referral Program,False
TES-C4876,Sofia Kumar,sofia.kumar999@example.com,Seattle,Wa,Uk,2022-12-16,Referral Program,False
TES-C3163,James Wang,james.wang191@example.com,New York,Ny,Jp,2025-01-01,Insider,False
TES-C4720,Mohammed Tanaka,mohammed.tanaka657@example.com,Seattle,Wa,De,2025-07-23,Standard,False
TES-C9215,Michael Singh,michael.singh83@example.com,Berlin,De,Cn,2025-01-25,Standard,False
TES-C6427,ben singh,,Shanghai,Cn,Uk,2021-02-20,Referral Program,True
TES-C5480, Ben Garcia ,ben.garcia992@example.com,San Francisco,Ca,Ca,2023-03-08,Standard,False
TES-C4172,Priya Kim,priya.kim930@example.com,Berlin,De,Uk,2025-10-21,Referral Program,False
TES-C10889,Maria Davis,maria.davis204@example.com,Shanghai,Cn,De,2025-04-03,Referral Program,False
TES-C4596,Sofia Khan,sofia.khan377@example.com,Berlin,De,Jp,2024-07-22,Standard,False
TES-C3477,Olivia Martin,olivia.martin998@example.com,Fremont,Ca,Uk,2022-04-11,Insider,False
TES-C4037,KEN CHEN,ken.chen839@example.com,Seattle,Wa,Us,2025-08-27,Referral Program,False
TES-C8648,Liam Chen,liam.chen102@example.com,Los Angeles,Ca,Jp,2023-02-17,Unknown,False
TES-C9469,michael davis,michael.davis937@example.com,Seattle,Wa,Uk,2022-09-16,Referral Program,False
TES-C9603,Fatima Rossi,fatima.rossi310@example.com,Shanghai,Cn,Us,2023-05-17,Insider,False
TES-C5683,DAVID JOHNSON,david.johnson594@example.com,Chicago,Il,Uk,2021-12-09,Referral Program,False
TES-C6337,Zoe Patel,zoe.patel160@example.com,Austin,Tx,Uk,2021-01-16,Standard,False
TES-C1530,Zoe Khan,zoe.khan964@example.com,New York,Ny,De,2023-05-08,Insider,False
TES-C2446,Anna Brown,,Chicago,Il,Ca,2023-12-11,Standard,True
TES-C4653,Maria Anderson,,Berlin,De,Uk,2021-04-23,Unknown,True
TES-C3895,Sofia Chen,sofia.chen114@example.com,Los Angeles,Ca,De,2022-04-09,Standard,False
TES-C1202,rahul kumar,rahul.kumar505@example.com,New York,Ny,Uk,2024-09-26,Standard,False
TES-C9114,Li Kumar,li.kumar183@example.com,Seattle,Wa,Ca,2024-04-27,Standard,False
TES-C7779,John Anderson,john.anderson182@example.com,Los Angeles,Ca,Ca,2025-07-08,Referral Program,False
TES-C1941,VIVAAN DAVIS,vivaan.davis20@example.com,Austin,Tx,Jp,2024-01-28,Standard,False
TES-C7589,Olivia Rossi,olivia.rossi208@example.com,Austin,Tx,Us,2021-05-02,Unknown,False
TES-C3098,mohammed rossi,mohammed.rossi815@example.com,Seattle,Wa,Us,2022-03-23,Referral Program,False
TES-C10292,Vivaan Patel,vivaan.patel191@example.com,Seattle,Wa,De,2023-08-15,Insider,False
TES-C1616,Sara Yamada,sara.yamada941@example.com,New York,Ny,De,2022-12-09,Referral Program,False
TES-C8766,anna müller,anna.müller560@example.com,Miami,Fl,Ca,2023-03-18,Referral Program,False
TES-C5042,Noah Rossi,noah.rossi174@example.com,Miami,Fl,Uk,2024-03-28,Referral Program,False
TES-C8964,Noah Kumar,noah.kumar820@example.com,Seattle,Wa,De,2024-09-02,Standard,False
TES-C3689,michael wilson,,Austin,Tx,Cn,2023-02-24,Standard,True
TES-C6551,vivaan martin,vivaan.martin735@example.com,Fremont,Ca,Jp,2023-10-27,Referral Program,False
TES-C9832,Li Smith,li.smith127@example.com,Miami,Fl,Uk,2025-08-17,Insider,False
TES-C5951, Rahul Garcia ,rahul.garcia715@example.com,Shanghai,Cn,Uk,2022-05-10,Standard,False
TES-C9759,Carlos Martin,carlos.martin722@example.com,Chicago,Il,Cn,2025-12-04,Insider,False
TES-C1023,Rahul Müller,rahul.müller842@example.com,Shanghai,Cn,Ca,2025-07-31,Insider,False
TES-C1533,ADITYA SUZUKI,aditya.suzuki895@example.com,Miami,Fl,Uk,2024-02-25,Referral Program,False
TES-C5142,Priya Garcia,priya.garcia476@example.com,New York,Ny,De,2025-12-25,Referral Program,False
TES-C6326,Aditya Chen,aditya.chen945@example.com,Los Angeles,Ca,De,2023-09-13,Standard,False
TES-C2871, Priya Rossi ,priya.rossi696@example.com,Shanghai,Cn,Us,2025-12-28,Insider,False
TES-C4865,Chen Brown,chen.brown606@example.com,Austin,Tx,De,2021-01-05,Referral Program,False
TES-C1814,Sara Suzuki,sara.suzuki467@example.com,San Francisco,Ca,Jp,2022-10-18,Insider,False
TES-C6376,chen smith,chen.smith821@example.com,Miami,Fl,Ca,2025-03-19,Standard,False
TES-C5079,David Lee,david.lee188@example.com,Chicago,Il,Uk,2025-06-14,Insider,False
TES-C9487,David Garcia,david.garcia944@example.com,Seattle,Wa,Uk,2024-07-16,Standard,False
TES-C5174,Carlos Tanaka,carlos.tanaka348@example.com,Fremont,Ca,Cn,2025-12-18,Unknown,False
TES-C5290,Noah Johnson,noah.johnson786@example.com,Miami,Fl,Cn,2023-09-20,Insider,False
TES-C1518,David Patel,david.patel97@example.com,Miami,Fl,De,2024-06-25,Insider,False
TES-C5618,James Sharma,james.sharma831@example.com,Austin,Tx,Uk,2023-09-10,Referral Program,False
TES-C5543,AARAV BROWN,aarav.brown648@example.com,Seattle,Wa,De,2022-02-26,Standard,False
TES-C8804,Sara Lee,,Miami,Fl,Cn,2023-02-04,Referral Program,True
TES-C6541,VIVAAN KHAN,vivaan.khan176@example.com,Shanghai,Cn,De,2023-02-28,Referral Program,False
TES-C10929,sofia johnson,sofia.johnson133@example.com,San Francisco,Ca,Us,2025-04-14,Insider,False
TES-C8016,Michael Wang,michael.wang113@example.com,New York,Ny,Ca,2023-06-07,Unknown,False
TES-C3289,David Yamada,david.yamada428@example.com,Austin,Tx,Cn,2022-12-03,Standard,False
TES-C1974,VIVAAN YAMADA,vivaan.yamada384@example.com,Chicago,Il,Uk,2023-03-17,Standard,False
TES-C10790,Maria Khan,maria.khan462@example.com,Berlin,De,Cn,2024-07-21,Standard,False
TES-C10643,Michael Wang,michael.wang770@example.com,Los Angeles,Ca,Jp,2023-12-01,Referral Program,False
TES-C2242,Vivaan Müller,vivaan.müller583@example.com,Seattle,Wa,De,2021-09-12,Unknown,False
TES-C7733,Sofia Chen,sofia.chen915@example.com,Miami,Fl,Ca,2024-01-27,Standard,False
TES-C4755,Priya Rossi,priya.rossi651@example.com,San Francisco,Ca,Jp,2023-09-04,Referral Program,False
TES-C10848,James Lee,james.lee997@example.com,San Francisco,Ca,Us,2024-06-25,Insider,False
TES-C7172,James Sharma,james.sharma378@example.com,San Francisco,Ca,Ca,2021-04-16,Insider,False
TES-C10835,Olivia Martin,olivia.martin383@example.com,Austin,Tx,Cn,2022-02-11,Insider,False
TES-C2750,Mohammed Wilson,mohammed.wilson630@example.com,Los Angeles,Ca,Cn,2024-10-27,Insider,False
TES-C10891,MICHAEL DAVIS,michael.davis745@example.com,Los Angeles,Ca,Jp,2023-08-24,Insider,False
TES-C5156,Anna Davis,anna.davis790@example.com,Chicago,Il,Uk,2025-12-04,Insider,False
TES-C3384, Emma Davis ,emma.davis770@example.com,Berlin,De,Ca,2025-09-25,Insider,False
TES-C7125,Wei Martin,wei.martin77@example.com,Austin,Tx,Ca,2022-03-25,Standard,False
TES-C2374,Vivaan Tanaka,vivaan.tanaka806@example.com,Seattle,Wa,Ca,2021-12-03,Insider,False
TES-C2917,SARA DAVIS,sara.davis237@example.com,San Francisco,Ca,Jp,2025-03-09,Unknown,False
TES-C1200,Anna Brown,anna.brown405@example.com,New York,Ny,Ca,2021-12-22,Standard,False
TES-C4759,Ben Smith,ben.smith253@example.com,Fremont,Ca,Uk,2024-03-25,Insider,False
TES-C1114,mohammed garcia,mohammed.garcia425@example.com,Seattle,Wa,Ca,2021-01-08,Standard,False
TES-C3881,Wei Johnson,wei.johnson831@example.com,San Francisco,Ca,Ca,2023-12-23,Standard,False
TES-C6695,Rahul Yamada,rahul.yamada472@example.com,Los Angeles,Ca,Ca,2022-11-09,Referral Program,False
TES-C2357,Priya Khan,priya.khan107@example.com,San Francisco,Ca,Uk,2023-03-06,Standard,False
TES-C6530, Ava Garcia ,ava.garcia512@example.com,Shanghai,Cn,De,2022-11-05,Referral Program,False
TES-C2449,Fatima Kim,,Fremont,Ca,Us,2023-07-17,Standard,True
TES-C4625,Anna Khan,anna.khan424@example.com,Berlin,De,Jp,2021-06-22,Insider,False
TES-C3481,Fatima Chen,fatima.chen570@example.com,New York,Ny,Uk,2024-09-25,Referral Program,False
TES-C2656,Sofia Johnson,sofia.johnson997@example.com,Fremont,Ca,Jp,2025-05-26,Standard,False
TES-C8120,Ken Garcia,ken.garcia187@example.com,San Francisco,Ca,Uk,2025-07-02,Insider,False
TES-C3411,Li Chen,li.chen773@example.com,Los Angeles,Ca,Cn,2024-09-23,Standard,False
TES-C10103,Sara Sharma,sara.sharma758@example.com,San Francisco,Ca,Us,2025-04-18,Insider,False
TES-C8841,Liam Davis,liam.davis118@example.com,Shanghai,Cn,Us,2023-03-16,Referral Program,False
TES-C8866,Ben Chen,ben.chen221@example.com,Austin,Tx,Uk,2023-03-25,Standard,False
TES-C2320,Emma Chen,emma.chen173@example.com,Miami,Fl,Cn,2022-08-21,Unknown,False
TES-C2720,Mohammed Yamada,mohammed.yamada490@example.com,Los Angeles,Ca,Uk,2025-10-08,Referral Program,False
TES-C9140,Rahul Johnson,rahul.johnson437@example.com,Berlin,De,Jp,2023-03-28,Referral Program,False
TES-C8696,WEI MARTIN,wei.martin444@example.com,San Francisco,Ca,Cn,2023-02-05,Referral Program,False
TES-C5685,Carlos Rossi,carlos.rossi121@example.com,San Francisco,Ca,Ca,2022-05-11,Standard,False
TES-C8757,Liam Wang,liam.wang406@example.com,New York,Ny,Cn,2025-07-04,Standard,False
TES-C9933, Ava Kim ,ava.kim719@example.com,Miami,Fl,Ca,2022-01-15,Insider,False
TES-C6361,ANNA GARCIA,anna.garcia474@example.com,Seattle,Wa,Us,2023-04-29,Referral Program,False
TES-C8902,NOAH WANG,noah.wang283@example.com,Fremont,Ca,Us,2023-09-01,Insider,False
TES-C5886,FATIMA SUZUKI,fatima.suzuki738@example.com,San Francisco,Ca,Cn,2023-03-28,Referral Program,False
TES-C2113,david singh,david.singh623@example.com,Chicago,Il,Jp,2024-10-07,Insider,False
TES-C4036,Emma Kim,emma.kim677@example.com,Miami,Fl,Ca,2023-10-26,Insider,False
TES-C7495,Maria Brown,maria.brown320@example.com,Austin,Tx,De,2021-04-18,Referral Program,False
TES-C10536,ADITYA SMITH,aditya.smith316@example.com,New York,Ny,Ca,2022-10-16,Standard,False
TES-C7329,priya kumar,priya.kumar959@example.com,Berlin,De,Uk,2025-12-06,Insider,False
TES-C10358,Ben Wilson,ben.wilson935@example.com,San Francisco,Ca,Us,2022-02-02,Insider,False
TES-C2151,li johnson,li.johnson985@example.com,Los Angeles,Ca,De,2021-07-24,Insider,False
TES-C6910,Vivaan Davis,vivaan.davis53@example.com,Fremont,Ca,Jp,2024-01-08,Standard,False
TES-C9029,Aarav Wilson,aarav.wilson589@example.com,San Francisco,Ca,Uk,2021-06-07,Referral Program,False
TES-C7579,VIVAAN JOHNSON,vivaan.johnson871@example.com,New York,Ny,Ca,2023-04-30,Referral Program,False
TES-C5817,Aarav Johnson,aarav.johnson884@example.com,Austin,Tx,Cn,2024-10-27,Insider,False
TES-C9333,Emma Patel,emma.patel992@example.com,Shanghai,Cn,Us,2023-05-27,Referral Program,False
TES-C1475,Priya Anderson,priya.anderson651@example.com,Austin,Tx,De,2023-06-10,Referral Program,False
TES-C10464,Sofia Wang,sofia.wang942@example.com,Austin,Tx,Us,2024-11-18,Standard,False
TES-C9793,rahul anderson,rahul.anderson915@example.com,Los Angeles,Ca,Ca,2025-08-03,Insider,False
TES-C10246,Rahul Patel,rahul.patel52@example.com,Austin,Tx,Uk,2021-11-29,Referral Program,False
TES-C9589,Maria Smith,maria.smith33@example.com,Shanghai,Cn,Jp,2022-05-28,Insider,False
TES-C8676,Zoe Lee,zoe.lee361@example.com,Los Angeles,Ca,Us,2025-09-11,Standard,False
TES-C3927,Ava Davis,ava.davis825@example.com,Fremont,Ca,Jp,2021-03-13,Unknown,False
TES-C7384,Noah Lee,,Austin,Tx,Ca,2022-12-20,Insider,True
TES-C3193,Sofia Yamada,sofia.yamada241@example.com,Shanghai,Cn,Cn,2023-11-14,Insider,False
TES-C4444,Mohammed Suzuki,mohammed.suzuki168@example.com,Fremont,Ca,De,2025-06-28,Referral Program,False
TES-C3944,Aarav Rossi,aarav.rossi720@example.com,San Francisco,Ca,De,2023-07-15,Standard,False
TES-C7407,Priya Singh,priya.singh137@example.com,San Francisco,Ca,Cn,2021-10-12,Referral Program,False
TES-C6246,Maria Davis,maria.davis393@example.com,Berlin,De,Ca,2022-04-27,Unknown,False
TES-C6950,David Davis,david.davis631@example.com,Shanghai,Cn,Cn,2024-04-29,Standard,False
TES-C2251,Olivia Wang,olivia.wang36@example.com,Los Angeles,Ca,Us,2025-01-04,Insider,False
TES-C9432,Liam Yamada,liam.yamada627@example.com,New York,Ny,Uk,2025-05-15,Referral Program,False
TES-C7230,David Davis,david.davis212@example.com,Los Angeles,Ca,De,2025-11-09,Unknown,False
TES-C10113,John Singh,john.singh546@example.com,Austin,Tx,Us,2022-06-25,Insider,False
TES-C5670,Vivaan Sharma,,Berlin,De,Us,2022-07-07,Insider,True
TES-C6819,John Kim,john.kim929@example.com,Seattle,Wa,Us,2021-02-27,Standard,False
TES-C3118,BEN SMITH,ben.smith938@example.com,Austin,Tx,Ca,2023-11-18,Standard,False
TES-C5599,Anna Patel,,Miami,Fl,Uk,2022-09-10,Standard,True
TES-C7694,Rahul Patel,rahul.patel614@example.com,Chicago,Il,Cn,2024-02-11,Insider,False
TES-C4300,Carlos Suzuki,carlos.suzuki249@example.com,Los Angeles,Ca,Uk,2023-06-16,Standard,False
TES-C2067,Noah Sharma,noah.sharma949@example.com,Shanghai,Cn,De,2023-06-18,Referral Program,False
TES-C7447,ANNA DAVIS,anna.davis137@example.com,Austin,Tx,Cn,2024-08-05,Insider,False
TES-C6461,Olivia Smith,olivia.smith101@example.com,Miami,Fl,Cn,2024-04-26,Standard,False
TES-C1874,Michael Suzuki,michael.suzuki184@example.com,San Francisco,Ca,De,2021-06-19,Unknown,False
TES-C10116,Noah Patel,noah.patel676@example.com,Austin,Tx,Uk,2021-10-02,Insider,False
TES-C2584,Aarav Smith,aarav.smith382@example.com,Shanghai,Cn,Us,2024-10-07,Standard,False
TES-C6564,YUKI LEE,yuki.lee229@example.com,Berlin,De,Cn,2023-08-08,Referral Program,False
TES-C6870, Ben Yamada ,ben.yamada530@example.com,Austin,Tx,Us,2022-10-02,Unknown,False
TES-C6184,Ava Wang,,Austin,Tx,Cn,2025-02-25,Standard,True
TES-C4900,ben müller,ben.müller175@example.com,San Francisco,Ca,Jp,2022-04-26,Referral Program,False
TES-C5588,Sofia Anderson,sofia.anderson68@example.com,Shanghai,Cn,Jp,2022-02-01,Insider,False
TES-C4026,LI KHAN,li.khan349@example.com,New York,Ny,Uk,2022-04-16,Referral Program,False
TES-C6274,Zoe Kim,zoe.kim436@example.com,Seattle,Wa,Cn,2025-05-21,Referral Program,False
TES-C10574,MOHAMMED SINGH,mohammed.singh933@example.com,New York,Ny,Us,2025-07-14,Referral Program,False
TES-C9844,Chen Brown,chen.brown758@example.com,Los Angeles,Ca,Jp,2022-07-11,Referral Program,False
TES-C3310,Anna Kumar,anna.kumar740@example.com,Los Angeles,Ca,Us,2023-11-20,Insider,False
TES-C5857,SARA SUZUKI,sara.suzuki813@example.com,Seattle,Wa,Uk,2021-10-30,Referral Program,False
TES-C9608,James Smith,james.smith457@example.com,Berlin,De,Ca,2022-08-12,Insider,False
TES-C10920,PRIYA KHAN,priya.khan465@example.com,Miami,Fl,Uk,2021-02-10,Standard,False
TES-C4868,Anna Smith,anna.smith295@example.com,Chicago,Il,De,2023-06-12,Referral Program,False
TES-C5585,Ben Chen,ben.chen222@example.com,Austin,Tx,Uk,2022-05-19,Insider,False
TES-C8931,RAHUL SINGH,rahul.singh818@example.com,Fremont,Ca,De,2025-09-06,Insider,False
TES-C5172,Liam Smith,,Fremont,Ca,Uk,2023-07-27,Standard,True
TES-C5557,MOHAMMED DAVIS,mohammed.davis265@example.com,Fremont,Ca,Ca,2024-07-24,Standard,False
TES-C7352,Zoe Davis,zoe.davis534@example.com,Chicago,Il,Us,2024-11-13,Referral Program,False
TES-C9474,Carlos Patel,carlos.patel387@example.com,Chicago,Il,Uk,2022-08-19,Standard,False
TES-C9396,Sara Chen,sara.chen987@example.com,Seattle,Wa,De,2022-09-09,Insider,False
TES-C10279,Fatima Garcia,fatima.garcia804@example.com,New York,Ny,De,2024-08-31,Standard,False
TES-C9930,AVA ROSSI,,New York,Ny,De,2023-04-07,Standard,True
TES-C1529,Anna Brown,anna.brown580@example.com,Austin,Tx,Uk,2021-10-21,Insider,False
TES-C9176,Ava Lee,ava.lee801@example.com,Shanghai,Cn,Ca,2022-11-04,Insider,False
TES-C6048,Ben Singh,ben.singh155@example.com,Los Angeles,Ca,Uk,2021-06-22,Standard,False
TES-C5750,David Yamada,david.yamada524@example.com,Berlin,De,Uk,2025-06-29,Standard,False
TES-C8168,james singh,james.singh240@example.com,New York,Ny,Uk,2023-07-26,Insider,False
TES-C1630,Olivia Smith,,Los Angeles,Ca,Us,2022-02-06,Standard,True
TES-C10319,aditya suzuki,aditya.suzuki369@example.com,Los Angeles,Ca,Uk,2022-12-20,Referral Program,False
TES-C6355,Yuki Lee,yuki.lee337@example.com,Austin,Tx,De,2024-02-08,Referral Program,False
TES-C3279,Emma Anderson,emma.anderson436@example.com,Shanghai,Cn,Us,2024-04-24,Referral Program,False
TES-C9452,Chen Davis,chen.davis345@example.com,Seattle,Wa,De,2023-04-13,Standard,False
TES-C7780,Fatima Smith,fatima.smith233@example.com,Chicago,Il,Jp,2023-12-11,Insider,False
TES-C1141,Anna Suzuki,anna.suzuki301@example.com,Fremont,Ca,Jp,2021-02-23,Insider,False
TES-C9738,Ken Sharma,ken.sharma348@example.com,Los Angeles,Ca,Cn,2021-09-21,Referral Program,False
TES-C4218,James Martin,,Fremont,Ca,De,2024-03-14,Insider,True
TES-C10946, Aditya Martin ,aditya.martin240@example.com,Miami,Fl,Jp,2021-04-16,Standard,False
TES-C7240,Rahul Anderson,rahul.anderson944@example.com,Shanghai,Cn,Jp,2022-05-07,Referral Program,False
TES-C1932,Liam Davis,liam.davis285@example.com,San Francisco,Ca,Jp,2023-12-05,Insider,False
TES-C10514,Carlos Rossi,,San Francisco,Ca,Cn,2024-01-25,Standard,True
TES-C3291,liam anderson,liam.anderson936@example.com,San Francisco,Ca,Uk,2022-02-07,Standard,False
TES-C4726,Anna Khan,anna.khan644@example.com,Berlin,De,Uk,2023-10-06,Standard,False
TES-C1193,Rahul Davis,rahul.davis7@example.com,Austin,Tx,Jp,2023-06-03,Insider,False
TES-C7714,Yuki Lee,yuki.lee535@example.com,Berlin,De,De,2021-10-13,Standard,False
TES-C10595,Wei Anderson,wei.anderson312@example.com,San Francisco,Ca,De,2025-05-31,Standard,False
TES-C3329,anna chen,anna.chen130@example.com,Shanghai,Cn,Cn,2021-04-04,Insider,False
TES-C2309,YUKI LEE,yuki.lee226@example.com,Chicago,Il,Uk,2023-01-03,Standard,False
TES-C3626,Noah Chen,noah.chen399@example.com,Chicago,Il,Cn,2021-10-31,Insider,False
TES-C6988,james wang,james.wang761@example.com,Chicago,Il,Uk,2023-12-18,Standard,False
TES-C9288,SOFIA ROSSI,,Chicago,Il,Cn,2023-02-18,Standard,True
TES-C1653,Carlos Tanaka,carlos.tanaka470@example.com,New York,Ny,Us,2023-04-16,Referral Program,False
TES-C5592,RAHUL KHAN,rahul.khan185@example.com,Fremont,Ca,Jp,2023-11-21,Standard,False
TES-C1699,Aarav Yamada,aarav.yamada641@example.com,Shanghai,Cn,Uk,2025-01-02,Standard,False
TES-C5296,SARA WILSON,sara.wilson934@example.com,Austin,Tx,Uk,2025-06-08,Referral Program,False
TES-C10668, Sara Tanaka ,sara.tanaka249@example.com,Seattle,Wa,De,2025-02-19,Standard,False
TES-C9918,Chen Suzuki,chen.suzuki799@example.com,Los Angeles,Ca,Uk,2023-12-16,Referral Program,False
TES-C3692,Noah Singh,noah.singh323@example.com,New York,Ny,De,2024-02-04,Insider,False
TES-C8752,Priya Rossi,priya.rossi395@example.com,Miami,Fl,Jp,2024-05-04,Standard,False
TES-C8046,wei wilson,wei.wilson651@example.com,New York,Ny,Uk,2021-12-09,Insider,False
TES-C6242,Zoe Rossi,zoe.rossi974@example.com,Austin,Tx,De,2025-03-12,Standard,False
TES-C1637,Rahul Wilson,rahul.wilson176@example.com,Shanghai,Cn,De,2021-09-03,Referral Program,False
TES-C1688,olivia martin,olivia.martin244@example.com,Berlin,De,Ca,2021-07-27,Insider,False
TES-C10991,Yuki Sharma,yuki.sharma837@example.com,Chicago,Il,Jp,2021-11-05,Standard,False
TES-C2820,Priya Patel,priya.patel453@example.com,Fremont,Ca,De,2022-01-27,Insider,False
TES-C5105,James Chen,james.chen543@example.com,Berlin,De,De,2025-01-09,Insider,False
TES-C6330,James Johnson,james.johnson256@example.com,Shanghai,Cn,Cn,2021-10-16,Insider,False
TES-C2741,Zoe Smith,zoe.smith71@example.com,Shanghai,Cn,Cn,2024-10-09,Insider,False
TES-C8548,ANNA TANAKA,anna.tanaka807@example.com,Seattle,Wa,De,2025-12-07,Referral Program,False
TES-C1987,James Davis,james.davis113@example.com,Austin,Tx,Cn,2024-01-20,Standard,False
TES-C2486,PRIYA BROWN,priya.brown297@example.com,Seattle,Wa,Cn,2022-07-16,Insider,False
TES-C3250,Zoe Anderson,zoe.anderson848@example.com,San Francisco,Ca,Jp,2024-04-29,Insider,False
TES-C3086,David Anderson,david.anderson868@example.com,Berlin,De,Uk,2022-11-13,Standard,False
TES-C2252,John Suzuki,,Seattle,Wa,Cn,2021-09-20,Referral Program,True
TES-C6651,Michael Brown,michael.brown259@example.com,Miami,Fl,Ca,2022-11-19,Insider,False
TES-C1394,Ava Patel,,Austin,Tx,Ca,2021-07-25,Referral Program,True
TES-C3892,Michael Davis,michael.davis121@example.com,Chicago,Il,Ca,2023-06-23,Standard,False
TES-C10579,Yuki Chen,,Miami,Fl,Jp,2021-08-03,Insider,True
TES-C5075,Liam Garcia,liam.garcia524@example.com,Los Angeles,Ca,Us,2023-04-30,Referral Program,False
TES-C5892,Ben Lee,ben.lee527@example.com,Austin,Tx,Uk,2021-12-18,Referral Program,False
TES-C5861,Michael Singh,,New York,Ny,Us,2022-11-30,Referral Program,True
TES-C2129,Wei Smith,wei.smith661@example.com,Berlin,De,Jp,2024-09-07,Referral Program,False
TES-C8855,Ava Patel,ava.patel804@example.com,Berlin,De,Us,2023-08-01,Insider,False
TES-C7987,ANNA BROWN,anna.brown766@example.com,Seattle,Wa,Cn,2024-04-11,Insider,False
TES-C1865,wei patel,wei.patel779@example.com,Berlin,De,Us,2023-03-04,Unknown,False
TES-C9628,Fatima Davis,fatima.davis868@example.com,Fremont,Ca,Jp,2022-12-28,Referral Program,False
TES-C3867,Fatima Johnson,fatima.johnson863@example.com,Los Angeles,Ca,Cn,2024-06-18,Standard,False
TES-C1864,David Brown,david.brown596@example.com,Berlin,De,Cn,2021-12-23,Insider,False
TES-C5431,David Sharma,david.sharma246@example.com,Los Angeles,Ca,Jp,2023-06-07,Standard,False
TES-C6272,Wei Garcia,wei.garcia471@example.com,Shanghai,Cn,Ca,2024-04-12,Referral Program,False
TES-C9038,MICHAEL BROWN,michael.brown116@example.com,Los Angeles,Ca,De,2023-10-30,Referral Program,False
TES-C10006,zoe smith,zoe.smith667@example.com,Austin,Tx,Uk,2025-09-22,Insider,False
TES-C5502,rahul patel,rahul.patel133@example.com,Berlin,De,Ca,2022-09-21,Referral Program,False
TES-C6241,Emma Yamada,emma.yamada778@example.com,Chicago,Il,Uk,2022-11-14,Insider,False
TES-C3127,Rahul Khan,rahul.khan532@example.com,Shanghai,Cn,De,2023-12-15,Referral Program,False
TES-C4010,Li Rossi,li.rossi504@example.com,Fremont,Ca,Ca,2024-07-31,Referral Program,False
TES-C1862,David Wilson,david.wilson368@example.com,Chicago,Il,Jp,2025-04-17,Referral Program,False
TES-C9074,MOHAMMED KUMAR,mohammed.kumar179@example.com,Chicago,Il,Uk,2024-10-07,Referral Program,False
TES-C9730,wei müller,wei.müller377@example.com,Fremont,Ca,Us,2023-12-06,Referral Program,False
TES-C3627, Aarav Yamada ,aarav.yamada726@example.com,Austin,Tx,Cn,2023-11-08,Referral Program,False
TES-C8749,zoe brown,zoe.brown81@example.com,New York,Ny,Ca,2023-11-29,Referral Program,False
TES-C3967,Noah Johnson,noah.johnson357@example.com,San Francisco,Ca,De,2022-04-21,Insider,False
TES-C1959,RAHUL ROSSI,rahul.rossi744@example.com,Miami,Fl,De,2021-02-18,Referral Program,False
TES-C6138,Ava Patel,ava.patel751@example.com,Fremont,Ca,Cn,2025-12-15,Standard,False
TES-C2739,john kumar,john.kumar640@example.com,New York,Ny,Uk,2022-10-20,Referral Program,False
TES-C4669, Wei Patel ,wei.patel339@example.com,Austin,Tx,Us,2023-08-26,Referral Program,False
TES-C4798,Ben Müller,ben.müller64@example.com,Los Angeles,Ca,Cn,2022-12-01,Standard,False
TES-C2854,Fatima Lee,fatima.lee901@example.com,Fremont,Ca,Ca,2023-11-25,Referral Program,False
TES-C9195,Fatima Martin,fatima.martin63@example.com,Los Angeles,Ca,Uk,2024-12-01,Insider,False
TES-C8200,Rahul Tanaka,,Shanghai,Cn,De,2021-11-01,Referral Program,True
TES-C10255,Noah Kumar,noah.kumar682@example.com,Los Angeles,Ca,Cn,2023-08-31,Insider,False
TES-C3434,Liam Johnson,,Berlin,De,Jp,2025-04-19,Insider,True
TES-C5635,michael kim,michael.kim633@example.com,Los Angeles,Ca,Jp,2021-01-08,Insider,False
TES-C6555,David Lee,david.lee28@example.com,Miami,Fl,Cn,2025-01-03,Unknown,False
TES-C10618,maria patel,,Berlin,De,De,2022-04-03,Insider,True
TES-C7885,Chen Sharma,chen.sharma190@example.com,Seattle,Wa,Jp,2023-11-16,Referral Program,False
TES-C1524,Priya Anderson,priya.anderson690@example.com,Austin,Tx,Uk,2025-01-14,Standard,False
TES-C4418,Ken Singh,,San Francisco,Ca,Us,2022-05-25,Insider,True
TES-C4684,Mohammed Patel,,Shanghai,Cn,Cn,2024-03-26,Insider,True
TES-C3836,zoe kim,zoe.kim965@example.com,Seattle,Wa,Ca,2025-02-23,Referral Program,False
TES-C7825,Yuki Lee,yuki.lee628@example.com,Shanghai,Cn,Us,2025-11-01,Referral Program,False
TES-C2271, Zoe Brown ,zoe.brown335@example.com,Miami,Fl,Uk,2022-03-04,Standard,False
TES-C4480,Aarav Martin,aarav.martin772@example.com,San Francisco,Ca,Uk,2022-01-27,Referral Program,False
TES-C10068,carlos rossi,carlos.rossi889@example.com,Seattle,Wa,Us,2023-06-29,Referral Program,False
TES-C5957,ken singh,ken.singh781@example.com,New York,Ny,Us,2025-12-16,Referral Program,False
TES-C5816,Liam Chen,liam.chen608@example.com,New York,Ny,Cn,2023-05-08,Referral Program,False
TES-C5616,Ben Müller,ben.müller950@example.com,New York,Ny,Cn,2021-06-05,Insider,False
TES-C8557,Ben Johnson,ben.johnson290@example.com,Chicago,Il,Cn,2024-03-26,Referral Program,False
TES-C3380,Zoe Brown,zoe.brown91@example.com,Austin,Tx,Jp,2021-03-04,Insider,False
TES-C8356,Sara Wang,sara.wang290@example.com,Berlin,De,De,2025-01-03,Referral Program,False
TES-C3843,Olivia Rossi,olivia.rossi307@example.com,San Francisco,Ca,De,2025-01-15,Referral Program,False
TES-C4387,David Lee,david.lee886@example.com,Los Angeles,Ca,Ca,2023-05-14,Referral Program,False
TES-C10406,Ken Brown,ken.brown68@example.com,Miami,Fl,Uk,2023-01-22,Standard,False
TES-C6711,Emma Brown,emma.brown569@example.com,San Francisco,Ca,De,2023-05-23,Insider,False
TES-C6855,Ben Wang,ben.wang387@example.com,Los Angeles,Ca,De,2023-05-14,Standard,False
TES-C2578,Chen Wang,chen.wang840@example.com,Miami,Fl,Us,2023-07-29,Standard,False
TES-C9541,Sofia Garcia,sofia.garcia207@example.com,Fremont,Ca,Ca,2022-05-07,Insider,False
TES-C5593,Sofia Kim,sofia.kim814@example.com,San Francisco,Ca,Us,2024-01-29,Standard,False
TES-C6135,rahul garcia,rahul.garcia318@example.com,Los Angeles,Ca,Jp,2022-02-03,Referral Program,False
TES-C5730,aarav singh,,Chicago,Il,Uk,2023-12-08,Standard,True
TES-C8157,Carlos Lee,carlos.lee763@example.com,Austin,Tx,Ca,2021-04-14,Standard,False
TES-C2211, Chen Tanaka ,,Miami,Fl,Uk,2024-04-21,Insider,True
TES-C2898,James Davis,james.davis958@example.com,Miami,Fl,Cn,2024-12-11,Standard,False
TES-C6904,Anna Suzuki,anna.suzuki936@example.com,New York,Ny,Us,2024-02-20,Insider,False
TES-C9620,aarav brown,,San Francisco,Ca,Uk,2024-01-23,Referral Program,True
TES-C8758,Vivaan Rossi,vivaan.rossi602@example.com,Shanghai,Cn,De,2023-06-28,Standard,False
TES-C6485,Carlos Sharma,carlos.sharma575@example.com,Miami,Fl,Ca,2023-07-13,Standard,False
TES-C4482,Carlos Brown,carlos.brown76@example.com,Berlin,De,Ca,2024-09-09,Referral Program,False
TES-C4309,VIVAAN MÜLLER,vivaan.müller767@example.com,Miami,Fl,Ca,2025-03-12,Unknown,False
TES-C3224,James Sharma,james.sharma64@example.com,New York,Ny,Cn,2021-08-22,Referral Program,False
TES-C6624,Vivaan Wilson,,Miami,Fl,Ca,2025-05-23,Referral Program,True
TES-C1833,RAHUL SINGH,,Chicago,Il,Uk,2024-03-12,Referral Program,True
TES-C7491,Sofia Brown,sofia.brown51@example.com,Miami,Fl,Us,2023-06-02,Referral Program,False
TES-C6205,Olivia Garcia,olivia.garcia819@example.com,Fremont,Ca,Ca,2025-10-22,Standard,False
TES-C8966,Priya Kumar,,Miami,Fl,De,2023-07-06,Referral Program,True
TES-C6671,Aarav Brown,aarav.brown619@example.com,San Francisco,Ca,Jp,2024-10-20,Standard,False
TES-C7298,Aarav Kumar,aarav.kumar654@example.com,Berlin,De,De,2022-04-14,Standard,False
TES-C5011,Sofia Sharma,sofia.sharma258@example.com,Los Angeles,Ca,Cn,2025-03-05,Referral Program,False
TES-C1073,Olivia Chen,olivia.chen638@example.com,Fremont,Ca,Ca,2021-06-03,Referral Program,False
TES-C9117,anna johnson,anna.johnson34@example.com,San Francisco,Ca,Cn,2021-10-28,Referral Program,False
TES-C6292,Liam Wang,liam.wang179@example.com,Miami,Fl,Jp,2021-03-05,Referral Program,False
TES-C10134,Fatima Müller,fatima.müller77@example.com,Chicago,Il,Jp,2025-02-25,Standard,False
TES-C1446,Maria Singh,maria.singh691@example.com,San Francisco,Ca,Jp,2024-02-28,Referral Program,False
TES-C5314,Carlos Sharma,carlos.sharma28@example.com,Los Angeles,Ca,Uk,2025-01-30,Standard,False
TES-C3091,James Martin,james.martin356@example.com,San Francisco,Ca,De,2023-07-20,Referral Program,False
TES-C1088,AVA KHAN,ava.khan625@example.com,Fremont,Ca,De,2023-05-04,Insider,False
TES-C4374,Chen Sharma,chen.sharma894@example.com,Berlin,De,Cn,2024-07-30,Insider,False
TES-C5217,Yuki Rossi,,Los Angeles,Ca,Uk,2021-05-08,Standard,True
TES-C10814,JOHN WANG,john.wang468@example.com,New York,Ny,Cn,2023-01-28,Insider,False
TES-C4318,Li Khan,,Berlin,De,Us,2022-10-10,Unknown,True
TES-C8593,wei patel,wei.patel40@example.com,Seattle,Wa,Uk,2023-12-18,Standard,False
TES-C2153,michael brown,michael.brown530@example.com,New York,Ny,Us,2023-11-09,Referral Program,False
TES-C1012, Carlos Garcia ,carlos.garcia608@example.com,New York,Ny,Us,2025-08-18,Standard,False
TES-C9296,Yuki Anderson,yuki.anderson975@example.com,Los Angeles,Ca,Us,2022-10-25,Insider,False
TES-C1134,Rahul Johnson,rahul.johnson31@example.com,Berlin,De,Uk,2023-05-02,Referral Program,False
TES-C2028,Mohammed Brown,mohammed.brown909@example.com,Fremont,Ca,Us,2023-02-06,Insider,False
TES-C9735,zoe martin,zoe.martin609@example.com,San Francisco,Ca,Jp,2022-10-16,Standard,False
TES-C6407,Ben Rossi,ben.rossi948@example.com,Seattle,Wa,Jp,2022-12-27,Unknown,False
TES-C3674,Chen Kumar,chen.kumar959@example.com,Seattle,Wa,Jp,2022-02-17,Insider,False
TES-C7893,Rahul Anderson,rahul.anderson398@example.com,New York,Ny,Cn,2022-01-28,Standard,False
TES-C8207,Mohammed Wang,mohammed.wang731@example.com,Chicago,Il,Ca,2022-04-04,Standard,False
TES-C3283, Carlos Tanaka ,carlos.tanaka599@example.com,Shanghai,Cn,Ca,2024-06-09,Standard,False
TES-C1922,Liam Martin,liam.martin182@example.com,Shanghai,Cn,Jp,2024-06-08,Standard,False
TES-C3207,Carlos Suzuki,carlos.suzuki438@example.com,Miami,Fl,Cn,2021-01-09,Standard,False
TES-C7529,Fatima Lee,fatima.lee996@example.com,Austin,Tx,De,2022-01-17,Insider,False
TES-C10460,Vivaan Lee,vivaan.lee46@example.com,Fremont,Ca,Us,2022-02-22,Insider,False
TES-C6057,Ken Müller,ken.müller920@example.com,Fremont,Ca,Ca,2021-06-13,Standard,False
TES-C7842,david lee,david.lee302@example.com,Seattle,Wa,Us,2023-01-22,Standard,False
TES-C9486,EMMA CHEN,emma.chen746@example.com,Seattle,Wa,De,2025-12-23,Referral Program,False
TES-C8083,MICHAEL PATEL,michael.patel311@example.com,Miami,Fl,Jp,2025-02-16,Unknown,False
TES-C3068,CHEN JOHNSON,chen.johnson794@example.com,Chicago,Il,De,2025-03-09,Standard,False
TES-C7995,Vivaan Anderson,vivaan.anderson668@example.com,Miami,Fl,Cn,2021-12-16,Standard,False
TES-C7718, Priya Singh ,priya.singh578@example.com,San Francisco,Ca,De,2024-09-17,Insider,False
TES-C1391,wei anderson,wei.anderson452@example.com,Shanghai,Cn,Us,2023-09-23,Referral Program,False
TES-C5773,Priya Yamada,priya.yamada800@example.com,Los Angeles,Ca,Cn,2021-04-15,Insider,False
TES-C5225,John Kumar,,Los Angeles,Ca,De,2022-12-15,Referral Program,True
TES-C2065,Liam Martin,liam.martin220@example.com,Miami,Fl,Jp,2022-10-31,Referral Program,False
TES-C9809, John Müller ,john.müller173@example.com,Los Angeles,Ca,Cn,2025-02-03,Standard,False
TES-C7378,sara patel,sara.patel243@example.com,Chicago,Il,De,2024-03-22,Standard,False
TES-C6672,David Sharma,david.sharma861@example.com,Chicago,Il,Uk,2022-10-01,Insider,False
TES-C6079,Ava Müller,ava.müller228@example.com,Miami,Fl,Ca,2022-01-02,Insider,False
TES-C6482, Noah Kim ,noah.kim404@example.com,Los Angeles,Ca,Jp,2025-12-17,Standard,False
TES-C5313,Priya Patel,priya.patel738@example.com,Los Angeles,Ca,De,2021-04-15,Insider,False
TES-C9896,John Tanaka,john.tanaka165@example.com,Austin,Tx,Us,2025-11-20,Referral Program,False
TES-C9447,Aditya Wilson,aditya.wilson853@example.com,Shanghai,Cn,De,2025-02-01,Standard,False
TES-C9540,Carlos Müller,carlos.müller165@example.com,Austin,Tx,De,2023-09-25,Insider,False
TES-C1589,WEI SUZUKI,wei.suzuki781@example.com,Chicago,Il,De,2021-10-23,Insider,False
TES-C7676,Mohammed Kim,mohammed.kim743@example.com,Chicago,Il,Uk,2024-02-27,Insider,False
TES-C2363,John Suzuki,,Berlin,De,Us,2023-01-21,Referral Program,True
TES-C4782,ken smith,ken.smith208@example.com,Chicago,Il,Ca,2024-09-11,Standard,False
TES-C8558,Aditya Johnson,aditya.johnson329@example.com,Seattle,Wa,De,2024-04-04,Unknown,False
TES-C9932,ANNA KIM,anna.kim917@example.com,San Francisco,Ca,Jp,2023-05-09,Referral Program,False
TES-C8316,olivia garcia,olivia.garcia907@example.com,Berlin,De,Jp,2021-01-31,Referral Program,False
TES-C2744,David Suzuki,david.suzuki800@example.com,New York,Ny,De,2023-07-29,Referral Program,False
TES-C10451,aditya brown,aditya.brown717@example.com,Miami,Fl,Cn,2023-11-29,Referral Program,False
TES-C3681,Ken Wilson,ken.wilson860@example.com,Fremont,Ca,Ca,2025-05-12,Insider,False
TES-C5219,Rahul Khan,rahul.khan63@example.com,Berlin,De,Jp,2023-03-27,Standard,False
TES-C6765,Michael Martin,michael.martin615@example.com,Miami,Fl,Us,2024-11-24,Standard,False
TES-C10965,LI YAMADA,li.yamada24@example.com,New York,Ny,Uk,2022-06-19,Standard,False
TES-C2223,Maria Wilson,,Berlin,De,Uk,2023-09-26,Standard,True
TES-C10476,mohammed wang,mohammed.wang43@example.com,New York,Ny,Ca,2023-11-22,Standard,False
TES-C7340,david martin,david.martin387@example.com,Chicago,Il,Us,2022-08-29,Referral Program,False
TES-C9384,Zoe Patel,zoe.patel514@example.com,Seattle,Wa,De,2022-02-07,Referral Program,False
TES-C2450,Olivia Lee,olivia.lee976@example.com,Shanghai,Cn,Us,2021-05-10,Referral Program,False
TES-C1558,Rahul Rossi,rahul.rossi372@example.com,Miami,Fl,Ca,2025-02-27,Referral Program,False
TES-C4895,Chen Johnson,chen.johnson805@example.com,San Francisco,Ca,Uk,2022-12-09,Standard,False
TES-C3711,John Kim,john.kim415@example.com,Shanghai,Cn,De,2025-11-08,Insider,False
TES-C7901,JAMES KUMAR,james.kumar73@example.com,San Francisco,Ca,Uk,2021-02-07,Insider,False
TES-C4326,Priya Patel,priya.patel165@example.com,Seattle,Wa,Us,2025-04-01,Standard,False
TES-C2967, Mohammed Tanaka ,mohammed.tanaka446@example.com,San Francisco,Ca,Jp,2023-07-25,Insider,False
TES-C1605,Rahul Wilson,rahul.wilson848@example.com,Miami,Fl,Ca,2021-09-29,Standard,False
TES-C5735,Yuki Wilson,yuki.wilson541@example.com,Fremont,Ca,Ca,2021-06-27,Standard,False
TES-C6178,Liam Brown,liam.brown468@example.com,Berlin,De,De,2022-04-17,Standard,False
TES-C4422,Ken Müller,ken.müller157@example.com,Fremont,Ca,Uk,2025-03-17,Insider,False
TES-C10513,Emma Smith,emma.smith868@example.com,New York,Ny,Cn,2024-12-15,Referral Program,False
TES-C4183,Rahul Tanaka,rahul.tanaka705@example.com,New York,Ny,Ca,2024-04-03,Standard,False
TES-C10969,James Sharma,james.sharma327@example.com,Chicago,Il,Us,2025-12-25,Referral Program,False
TES-C5291, Rahul Khan ,rahul.khan528@example.com,San Francisco,Ca,Uk,2023-08-22,Standard,False
TES-C2156,Carlos Kim,carlos.kim411@example.com,Los Angeles,Ca,Ca,2025-05-04,Referral Program,False
TES-C3979,Maria Wang,maria.wang113@example.com,Austin,Tx,Us,2023-07-21,Referral Program,False
TES-C3782,Yuki Kumar,,Shanghai,Cn,Ca,2025-04-04,Standard,True
TES-C1668,Priya Kim,priya.kim409@example.com,New York,Ny,Jp,2024-04-17,Referral Program,False
TES-C3549,Aarav Wang,aarav.wang179@example.com,Miami,Fl,Uk,2022-02-23,Referral Program,False
TES-C7013,James Rossi,james.rossi833@example.com,Shanghai,Cn,De,2023-01-25,Standard,False
TES-C3064,yuki wilson,yuki.wilson724@example.com,San Francisco,Ca,Uk,2025-12-11,Standard,False
TES-C9445,Carlos Lee,carlos.lee600@example.com,Fremont,Ca,Ca,2025-06-29,Insider,False
TES-C7279,michael patel,michael.patel82@example.com,Berlin,De,Ca,2022-12-23,Insider,False
TES-C8960,liam suzuki,liam.suzuki967@example.com,New York,Ny,Cn,2025-07-02,Insider,False
TES-C7465,RAHUL SMITH,rahul.smith721@example.com,Shanghai,Cn,Cn,2021-06-03,Insider,False
TES-C9587,Anna Müller,,Chicago,Il,Uk,2024-11-05,Referral Program,True
TES-C6296,Ken Brown,ken.brown227@example.com,Seattle,Wa,De,2021-12-13,Insider,False
TES-C2301,Vivaan Khan,vivaan.khan388@example.com,Fremont,Ca,Ca,2022-12-12,Referral Program,False
TES-C10515,Emma Garcia,,New York,Ny,Uk,2023-07-08,Referral Program,True
TES-C10572,Anna Johnson,anna.johnson73@example.com,Miami,Fl,Ca,2021-03-25,Referral Program,False
TES-C2823,JAMES SHARMA,james.sharma950@example.com,Austin,Tx,Cn,2022-03-22,Insider,False
TES-C1460,Li Kim,li.kim537@example.com,Chicago,Il,Jp,2023-10-08,Insider,False
TES-C4053,Sara Smith,sara.smith189@example.com,New York,Ny,Jp,2021-10-21,Referral Program,False
TES-C1515,OLIVIA DAVIS,olivia.davis684@example.com,Shanghai,Cn,Us,2024-06-30,Standard,False
TES-C8641,Vivaan Müller,vivaan.müller540@example.com,Austin,Tx,Us,2023-10-20,Insider,False
TES-C3524,Rahul Wilson,rahul.wilson660@example.com,Los Angeles,Ca,Jp,2021-11-28,Unknown,False
TES-C8592,Rahul Martin,rahul.martin123@example.com,Austin,Tx,Ca,2023-10-19,Referral Program,False
TES-C1177,Sofia Rossi,sofia.rossi336@example.com,Miami,Fl,Us,2021-06-08,Insider,False
TES-C8837,Aditya Smith,aditya.smith850@example.com,Los Angeles,Ca,Ca,2023-04-14,Insider,False
TES-C6907,Yuki Patel,yuki.patel684@example.com,Berlin,De,Cn,2023-02-27,Standard,False
TES-C4415,Li Suzuki,li.suzuki556@example.com,Fremont,Ca,Uk,2022-06-27,Standard,False
TES-C5624,Ben Kumar,,Austin,Tx,Ca,2024-08-15,Standard,True
TES-C4236,Ben Rossi,ben.rossi123@example.com,Chicago,Il,Ca,2023-07-24,Insider,False
TES-C4871,Carlos Suzuki,carlos.suzuki821@example.com,Fremont,Ca,Us,2021-05-29,Insider,False
TES-C7106,SOFIA PATEL,sofia.patel481@example.com,New York,Ny,Uk,2025-01-01,Insider,False
TES-C7540,li singh,li.singh168@example.com,Shanghai,Cn,Ca,2025-05-04,Insider,False
TES-C8812,li garcia,li.garcia739@example.com,Seattle,Wa,Uk,2023-09-18,Referral Program,False
TES-C6859,Aarav Johnson,aarav.johnson869@example.com,Berlin,De,Ca,2024-08-10,Insider,False
TES-C3442,Sara Patel,sara.patel749@example.com,Austin,Tx,De,2023-07-06,Insider,False
TES-C6294,priya martin,priya.martin176@example.com,Seattle,Wa,Uk,2023-06-15,Referral Program,False
TES-C3668,Ava Davis,ava.davis403@example.com,San Francisco,Ca,Us,2023-12-09,Standard,False
TES-C10075,Ben Müller,ben.müller141@example.com,Fremont,Ca,Us,2024-09-21,Insider,False
TES-C9566,Olivia Wang,olivia.wang811@example.com,San Francisco,Ca,Cn,2022-02-03,Insider,False
TES-C6308,Liam Kim,liam.kim843@example.com,Fremont,Ca,Cn,2023-11-25,Referral Program,False
TES-C8639,Fatima Johnson,fatima.johnson483@example.com,Miami,Fl,Uk,2024-03-07,Insider,False
TES-C8867,Aarav Rossi,aarav.rossi372@example.com,Los Angeles,Ca,Jp,2023-04-21,Insider,False
TES-C5374,Aditya Patel,,Berlin,De,Uk,2023-10-12,Insider,True
TES-C3113, Mohammed Brown ,mohammed.brown137@example.com,New York,Ny,Us,2022-01-31,Standard,False
TES-C10521, Anna Kumar ,,Chicago,Il,Uk,2023-09-30,Referral Program,True
TES-C5143,Noah Wilson,noah.wilson573@example.com,Los Angeles,Ca,Us,2023-12-14,Insider,False
TES-C6895,ANNA TANAKA,anna.tanaka37@example.com,New York,Ny,Ca,2021-05-09,Referral Program,False
TES-C3861,Emma Patel,emma.patel528@example.com,Chicago,Il,Ca,2023-04-10,Referral Program,False
TES-C9477,Olivia Tanaka,olivia.tanaka604@example.com,Austin,Tx,Us,2023-02-26,Referral Program,False
TES-C6176,Zoe Yamada,zoe.yamada112@example.com,Berlin,De,Ca,2021-04-19,Standard,False
TES-C7900,CARLOS JOHNSON,carlos.johnson265@example.com,San Francisco,Ca,Us,2025-09-17,Insider,False
TES-C5728,zoe anderson,zoe.anderson488@example.com,Berlin,De,De,2021-11-23,Referral Program,False
TES-C1270,fatima johnson,fatima.johnson947@example.com,New York,Ny,De,2021-02-10,Referral Program,False
TES-C2204,Aarav Smith,aarav.smith124@example.com,Miami,Fl,De,2021-09-13,Referral Program,False
TES-C5549,Noah Yamada,noah.yamada498@example.com,Chicago,Il,Uk,2022-08-01,Referral Program,False
TES-C1705,Sofia Anderson,sofia.anderson641@example.com,Fremont,Ca,Cn,2021-04-25,Standard,False
TES-C4966,Liam Yamada,liam.yamada938@example.com,Seattle,Wa,Ca,2024-10-28,Unknown,False
TES-C6190,James Patel,james.patel885@example.com,Shanghai,Cn,De,2025-10-12,Referral Program,False
TES-C3080,Rahul Lee,rahul.lee360@example.com,Chicago,Il,De,2023-05-25,Insider,False
TES-C2619,Wei Anderson,wei.anderson626@example.com,Miami,Fl,De,2022-11-24,Referral Program,False
TES-C5903,Wei Rossi,,Berlin,De,Jp,2022-02-16,Referral Program,True
TES-C9663,Mohammed Garcia,mohammed.garcia862@example.com,New York,Ny,Jp,2021-11-17,Standard,False
TES-C1094,Ben Singh,ben.singh642@example.com,Austin,Tx,Cn,2021-10-21,Standard,False
TES-C9123,Ava Kumar,ava.kumar42@example.com,Los Angeles,Ca,Us,2024-09-10,Insider,False
TES-C6102,rahul kim,rahul.kim774@example.com,Austin,Tx,Uk,2022-02-13,Standard,False
TES-C7520, Maria Smith ,maria.smith222@example.com,Berlin,De,Cn,2022-03-28,Standard,False
TES-C3948,ADITYA WANG,aditya.wang543@example.com,Fremont,Ca,Jp,2024-07-08,Referral Program,False
TES-C5826,Yuki Brown,yuki.brown119@example.com,Fremont,Ca,Jp,2022-10-16,Insider,False
TES-C2392, Aditya Davis ,aditya.davis650@example.com,Chicago,Il,Jp,2023-10-28,Standard,False
TES-C3377,yuki chen,yuki.chen78@example.com,Fremont,Ca,Us,2021-05-07,Insider,False
TES-C10278,Zoe Patel,zoe.patel94@example.com,Austin,Tx,Us,2025-05-19,Referral Program,False
TES-C10680,Michael Chen,michael.chen992@example.com,Los Angeles,Ca,De,2023-10-02,Referral Program,False
TES-C7999,Priya Rossi,priya.rossi780@example.com,Los Angeles,Ca,Us,2023-06-25,Insider,False
TES-C8447,Noah Martin,noah.martin185@example.com,Berlin,De,Us,2022-05-03,Insider,False
TES-C9362,Li Suzuki,li.suzuki101@example.com,Seattle,Wa,Cn,2022-04-14,Unknown,False
TES-C9110,wei müller,wei.müller217@example.com,New York,Ny,De,2025-03-09,Insider,False
TES-C10166,JAMES PATEL,james.patel279@example.com,San Francisco,Ca,Jp,2021-04-27,Insider,False
TES-C6536,Carlos Chen,,Fremont,Ca,Ca,2022-08-03,Referral Program,True
TES-C2404,David Brown,david.brown426@example.com,Los Angeles,Ca,Uk,2021-12-23,Referral Program,False
TES-C2247,Liam Martin,liam.martin818@example.com,Chicago,Il,Jp,2025-08-10,Referral Program,False
TES-C6419,Ben Suzuki,ben.suzuki406@example.com,Seattle,Wa,Us,2024-12-07,Standard,False
TES-C10886,Rahul Brown,rahul.brown815@example.com,Fremont,Ca,Us,2021-12-10,Standard,False
TES-C6439,carlos garcia,carlos.garcia149@example.com,New York,Ny,De,2025-03-14,Insider,False
TES-C4999,Vivaan Sharma,vivaan.sharma994@example.com,Seattle,Wa,Uk,2022-11-21,Referral Program,False
TES-C5385,Carlos Tanaka,,Fremont,Ca,Us,2024-06-16,Referral Program,True
TES-C4892,Li Wang,li.wang802@example.com,Seattle,Wa,De,2025-03-20,Insider,False
TES-C7433,Aarav Wang,aarav.wang552@example.com,Shanghai,Cn,Cn,2024-01-31,Insider,False
TES-C9881,Michael Garcia,michael.garcia366@example.com,Seattle,Wa,Jp,2023-12-30,Referral Program,False
TES-C7867,John Patel,john.patel227@example.com,Seattle,Wa,Us,2023-10-09,Referral Program,False
TES-C6117,Olivia Khan,olivia.khan771@example.com,Chicago,Il,Cn,2024-02-03,Standard,False
TES-C7656, Priya Anderson ,priya.anderson516@example.com,Seattle,Wa,Ca,2024-02-07,Referral Program,False
TES-C4575,CARLOS KHAN,carlos.khan435@example.com,Los Angeles,Ca,Us,2025-08-13,Standard,False
TES-C6663,Priya Müller,priya.müller313@example.com,Shanghai,Cn,Jp,2023-06-15,Standard,False
TES-C8285,MICHAEL SINGH,michael.singh801@example.com,Fremont,Ca,Uk,2021-02-25,Standard,False
TES-C9196,Fatima Tanaka,fatima.tanaka745@example.com,Los Angeles,Ca,Us,2024-10-10,Insider,False
TES-C4613,MOHAMMED SMITH,mohammed.smith123@example.com,Berlin,De,Jp,2023-05-06,Insider,False
TES-C7664,David Anderson,,Chicago,Il,Us,2022-02-09,Insider,True
TES-C6896,EMMA ROSSI,emma.rossi298@example.com,Fremont,Ca,De,2024-03-17,Insider,False
TES-C9548,Priya Anderson,priya.anderson939@example.com,Chicago,Il,Jp,2021-03-12,Standard,False
TES-C8890, John Brown ,john.brown667@example.com,Los Angeles,Ca,Uk,2022-09-21,Referral Program,False
TES-C3693, Sara Davis ,sara.davis161@example.com,Chicago,Il,Us,2025-07-11,Standard,False
TES-C2480,liam wang,liam.wang672@example.com,New York,Ny,Jp,2022-10-23,Insider,False
TES-C1894,Olivia Chen,olivia.chen347@example.com,Berlin,De,De,2021-02-22,Standard,False
TES-C4564,David Tanaka,david.tanaka615@example.com,Los Angeles,Ca,Ca,2023-02-27,Insider,False
TES-C10729,Emma Khan,emma.khan405@example.com,New York,Ny,Cn,2024-08-20,Insider,False
TES-C1561,Aarav Patel,aarav.patel657@example.com,Austin,Tx,Ca,2023-05-08,Standard,False
TES-C3362,Zoe Sharma,zoe.sharma71@example.com,Seattle,Wa,Cn,2022-05-26,Insider,False
TES-C4121,Wei Singh,wei.singh626@example.com,Berlin,De,Ca,2021-05-10,Standard,False
TES-C6794,Aditya Khan,aditya.khan738@example.com,Shanghai,Cn,Cn,2023-05-07,Insider,False
TES-C1915,Ava Smith,ava.smith595@example.com,Shanghai,Cn,Us,2022-03-26,Unknown,False
TES-C2777,Aditya Singh,aditya.singh280@example.com,Shanghai,Cn,Cn,2021-12-11,Unknown,False
TES-C5814,Sara Chen,sara.chen70@example.com,New York,Ny,Ca,2024-08-20,Standard,False
TES-C1121,Li Khan,li.khan483@example.com,Los Angeles,Ca,Ca,2023-06-29,Insider,False
TES-C3904,maria johnson,maria.johnson786@example.com,Chicago,Il,Us,2025-01-14,Standard,False
TES-C4806,Chen Tanaka,chen.tanaka412@example.com,Austin,Tx,Cn,2021-05-21,Standard,False
TES-C4342,Chen Wilson,chen.wilson629@example.com,San Francisco,Ca,Jp,2025-02-19,Standard,False
TES-C9061,Chen Müller,chen.müller318@example.com,Berlin,De,Uk,2025-01-25,Insider,False
TES-C5989,Rahul Yamada,rahul.yamada347@example.com,Miami,Fl,Ca,2025-04-10,Standard,False
TES-C2573,David Müller,david.müller556@example.com,Shanghai,Cn,Ca,2023-06-17,Referral Program,False
TES-C9713,Yuki Davis,yuki.davis884@example.com,Chicago,Il,Uk,2024-04-10,Insider,False
TES-C4747,James Sharma,james.sharma882@example.com,Seattle,Wa,De,2021-09-27,Insider,False
TES-C6676,John Brown,john.brown118@example.com,Austin,Tx,Jp,2023-07-25,Standard,False
TES-C7988,Mohammed Smith,mohammed.smith491@example.com,New York,Ny,Ca,2021-05-10,Insider,False
TES-C7193,Michael Kumar,michael.kumar615@example.com,Fremont,Ca,Ca,2023-12-28,Insider,False
TES-C3792,emma kim,emma.kim802@example.com,Fremont,Ca,Ca,2025-04-20,Referral Program,False
TES-C6737,Vivaan Davis,,Seattle,Wa,Jp,2025-11-02,Referral Program,True
TES-C1898,Sara Kim,sara.kim337@example.com,Fremont,Ca,Cn,2024-01-11,Referral Program,False
TES-C6017,Maria Garcia,maria.garcia86@example.com,San Francisco,Ca,Ca,2025-04-25,Referral Program,False
TES-C6240,NOAH KIM,noah.kim14@example.com,Austin,Tx,Ca,2025-08-26,Standard,False
TES-C4025,DAVID LEE,david.lee314@example.com,Fremont,Ca,Us,2021-06-26,Insider,False
TES-C4606,Li Khan,li.khan919@example.com,Miami,Fl,Ca,2024-05-14,Standard,False
TES-C8631,Vivaan Brown,vivaan.brown643@example.com,Miami,Fl,Cn,2023-01-03,Standard,False
TES-C2434,Liam Tanaka,liam.tanaka53@example.com,Miami,Fl,Us,2024-08-01,Standard,False
TES-C10366,LIAM CHEN,liam.chen864@example.com,New York,Ny,Uk,2023-05-25,Standard,False
TES-C3571,SARA DAVIS,sara.davis619@example.com,Miami,Fl,Cn,2025-11-28,Standard,False
TES-C1963,Maria Khan,maria.khan251@example.com,New York,Ny,Jp,2024-09-07,Standard,False
TES-C4335,Carlos Müller,carlos.müller876@example.com,Seattle,Wa,Jp,2023-04-12,Standard,False
TES-C4507,Ava Sharma,ava.sharma211@example.com,Seattle,Wa,Us,2024-07-29,Insider,False
TES-C10158,Emma Sharma,emma.sharma476@example.com,New York,Ny,Uk,2024-11-17,Referral Program,False
TES-C5124,Liam Lee,liam.lee203@example.com,Shanghai,Cn,Ca,2025-02-16,Referral Program,False
TES-C3954,John Wilson,john.wilson367@example.com,Los Angeles,Ca,Us,2024-05-03,Standard,False
TES-C9162,Rahul Brown,rahul.brown110@example.com,Miami,Fl,Ca,2021-10-30,Referral Program,False
TES-C8153,Ken Garcia,ken.garcia413@example.com,Chicago,Il,Us,2022-11-05,Insider,False
TES-C10274,Ava Suzuki,ava.suzuki521@example.com,Shanghai,Cn,Uk,2025-07-11,Insider,False
TES-C2436,Noah Lee,noah.lee375@example.com,Fremont,Ca,Ca,2025-11-17,Referral Program,False
TES-C3330,Liam Singh,liam.singh752@example.com,Los Angeles,Ca,Uk,2023-02-18,Insider,False
TES-C3418,Li Johnson,li.johnson134@example.com,Fremont,Ca,Cn,2022-06-14,Insider,False
TES-C8951,Ken Wang,ken.wang651@example.com,Shanghai,Cn,De,2023-06-18,Unknown,False
TES-C8057,Ava Patel,ava.patel585@example.com,San Francisco,Ca,Cn,2025-01-21,Referral Program,False
TES-C10723,Ben Patel,ben.patel955@example.com,Fremont,Ca,Jp,2021-05-14,Standard,False
TES-C5949,Ken Smith,ken.smith636@example.com,Shanghai,Cn,Cn,2025-05-02,Referral Program,False
TES-C5871,Carlos Martin,carlos.martin333@example.com,San Francisco,Ca,Ca,2022-04-08,Standard,False
TES-C9069,Priya Wang,priya.wang197@example.com,Chicago,Il,Uk,2022-12-05,Insider,False
TES-C5365,John Patel,john.patel752@example.com,Miami,Fl,Us,2023-08-08,Standard,False
TES-C8497, Rahul Johnson ,rahul.johnson785@example.com,New York,Ny,Cn,2022-12-05,Referral Program,False
TES-C7709,Aditya Brown,,Seattle,Wa,Ca,2022-06-12,Insider,True
TES-C9133,Aditya Sharma,aditya.sharma675@example.com,Chicago,Il,Jp,2024-11-18,Insider,False
TES-C3982,Mohammed Johnson,mohammed.johnson333@example.com,Seattle,Wa,Uk,2025-11-27,Referral Program,False
TES-C4751,Fatima Davis,fatima.davis259@example.com,Los Angeles,Ca,Jp,2024-01-31,Referral Program,False
TES-C6697,Wei Patel,wei.patel910@example.com,San Francisco,Ca,Uk,2025-11-24,Referral Program,False
TES-C7116,Sara Johnson,sara.johnson285@example.com,Fremont,Ca,Us,2025-08-09,Insider,False
TES-C8339,Vivaan Rossi,vivaan.rossi867@example.com,Austin,Tx,Uk,2023-10-10,Standard,False
TES-C7450,ken yamada,ken.yamada905@example.com,Miami,Fl,De,2023-11-09,Standard,False
TES-C6729,Ava Chen,ava.chen517@example.com,Fremont,Ca,Us,2022-06-21,Insider,False
TES-C2342,Yuki Kumar,yuki.kumar241@example.com,Austin,Tx,Jp,2022-06-03,Standard,False
TES-C10640,Fatima Brown,fatima.brown13@example.com,Berlin,De,Uk,2025-09-06,Standard,False
TES-C2002, Rahul Smith ,,Austin,Tx,Uk,2021-10-23,Insider,True
TES-C10526,AVA KHAN,,Shanghai,Cn,Cn,2021-03-27,Standard,True
TES-C2883,Chen Brown,chen.brown645@example.com,Chicago,Il,Us,2022-12-07,Standard,False
TES-C1252,Zoe Wang,zoe.wang499@example.com,San Francisco,Ca,Cn,2024-11-05,Referral Program,False
TES-C10356,Vivaan Smith,vivaan.smith306@example.com,Miami,Fl,Us,2022-05-11,Insider,False
TES-C5894,Ava Chen,ava.chen228@example.com,San Francisco,Ca,Ca,2022-12-31,Referral Program,False
TES-C6208,Liam Patel,liam.patel8@example.com,Berlin,De,Uk,2025-06-20,Standard,False
TES-C1618, Ben Singh ,ben.singh223@example.com,Chicago,Il,Ca,2025-09-15,Insider,False
TES-C7769,Noah Sharma,noah.sharma394@example.com,Berlin,De,Cn,2022-11-18,Insider,False
TES-C4089,Vivaan Smith,vivaan.smith896@example.com,Los Angeles,Ca,Us,2024-12-03,Referral Program,False
TES-C5678,Zoe Tanaka,zoe.tanaka563@example.com,Los Angeles,Ca,Us,2022-10-07,Referral Program,False
TES-C2072,Olivia Anderson,olivia.anderson519@example.com,Fremont,Ca,De,2023-03-06,Referral Program,False
TES-C2706,Ken Suzuki,ken.suzuki167@example.com,Fremont,Ca,Us,2021-01-14,Insider,False
TES-C5923,Fatima Müller,fatima.müller336@example.com,Miami,Fl,Ca,2024-09-19,Standard,False
TES-C1314,PRIYA BROWN,priya.brown849@example.com,San Francisco,Ca,Us,2021-12-25,Insider,False
TES-C9677,Yuki Kumar,,Fremont,Ca,Uk,2022-09-22,Referral Program,True
TES-C1041,John Smith,john.smith772@example.com,New York,Ny,Ca,2021-05-23,Referral Program,False
TES-C2572,Michael Brown,michael.brown328@example.com,Seattle,Wa,Uk,2023-02-10,Referral Program,False
TES-C10386,Li Brown,li.brown376@example.com,Seattle,Wa,Ca,2022-08-23,Insider,False
TES-C9532,Rahul Kumar,rahul.kumar631@example.com,Berlin,De,Us,2021-02-19,Insider,False
TES-C3402,Noah Kumar,noah.kumar734@example.com,San Francisco,Ca,Cn,2022-03-08,Insider,False
TES-C9535,Ava Smith,,Chicago,Il,De,2025-01-17,Referral Program,True
TES-C10277,Olivia Kumar,olivia.kumar733@example.com,Miami,Fl,Us,2022-11-15,Standard,False
TES-C3661,Mohammed Martin,mohammed.martin763@example.com,Berlin,De,Uk,2021-12-09,Insider,False
TES-C5809,Mohammed Wilson,mohammed.wilson453@example.com,Berlin,De,Cn,2023-12-17,Referral Program,False
TES-C1692,Aditya Johnson,aditya.johnson831@example.com,New York,Ny,Uk,2021-02-24,Referral Program,False
TES-C1238,Carlos Rossi,carlos.rossi92@example.com,Miami,Fl,Ca,2022-03-14,Standard,False
TES-C1729,Michael Lee,,Berlin,De,Jp,2023-09-19,Insider,True
TES-C7320,OLIVIA SHARMA,olivia.sharma629@example.com,Shanghai,Cn,Jp,2023-01-16,Referral Program,False
TES-C3597,Maria Brown,maria.brown385@example.com,Seattle,Wa,Ca,2022-12-08,Standard,False
TES-C1626,Ben Garcia,ben.garcia997@example.com,Shanghai,Cn,Us,2021-06-30,Insider,False
TES-C8765,Wei Garcia,,Fremont,Ca,Us,2021-02-27,Standard,True
TES-C9817,Li Suzuki,li.suzuki363@example.com,Seattle,Wa,Ca,2024-01-04,Insider,False
TES-C5301,zoe wilson,zoe.wilson311@example.com,Fremont,Ca,Cn,2021-10-19,Insider,False
TES-C4604,Wei Wilson,wei.wilson136@example.com,Chicago,Il,Cn,2025-07-23,Standard,False
TES-C3300,james kumar,james.kumar820@example.com,Los Angeles,Ca,De,2022-12-03,Standard,False
TES-C9090,Emma Khan,emma.khan304@example.com,Chicago,Il,De,2021-03-22,Unknown,False
TES-C10321,Zoe Patel,zoe.patel44@example.com,Los Angeles,Ca,Uk,2023-11-10,Standard,False
TES-C4728,Priya Kumar,,Fremont,Ca,Jp,2021-01-16,Referral Program,True
TES-C3245,mohammed wang,mohammed.wang920@example.com,Miami,Fl,Us,2022-05-24,Standard,False
TES-C4822,Sara Johnson,sara.johnson545@example.com,Chicago,Il,Ca,2025-11-14,Referral Program,False
TES-C4994,Liam Lee,liam.lee795@example.com,Miami,Fl,Ca,2021-11-04,Insider,False
TES-C9376,priya suzuki,priya.suzuki52@example.com,Austin,Tx,De,2022-04-06,Standard,False
TES-C10577,Ava Martin,ava.martin833@example.com,Los Angeles,Ca,Us,2021-10-23,Standard,False
TES-C5711,FATIMA SHARMA,fatima.sharma475@example.com,New York,Ny,Jp,2024-05-13,Standard,False
TES-C7855,Vivaan Wang,vivaan.wang226@example.com,San Francisco,Ca,Uk,2021-11-06,Standard,False
TES-C9012,Yuki Patel,,Fremont,Ca,Ca,2023-04-27,Insider,True
TES-C6438,Wei Patel,wei.patel514@example.com,Berlin,De,Us,2021-10-02,Insider,False
TES-C5791,Wei Wilson,wei.wilson702@example.com,San Francisco,Ca,Ca,2021-01-10,Referral Program,False
TES-C8235,olivia lee,,Berlin,De,De,2025-08-26,Insider,True
TES-C3653,James Chen,james.chen786@example.com,Shanghai,Cn,Jp,2023-07-01,Standard,False
TES-C4834,Carlos Martin,carlos.martin882@example.com,Miami,Fl,De,2023-02-13,Unknown,False
TES-C5545,Anna Martin,anna.martin997@example.com,New York,Ny,De,2024-01-25,Insider,False
TES-C1989,Rahul Sharma,rahul.sharma696@example.com,Chicago,Il,Cn,2022-01-27,Standard,False
TES-C9871,Li Smith,li.smith550@example.com,New York,Ny,De,2024-05-16,Insider,False
TES-C2431,Aarav Kumar,aarav.kumar497@example.com,Chicago,Il,Us,2023-09-11,Unknown,False
TES-C5847,Yuki Rossi,yuki.rossi806@example.com,Chicago,Il,Cn,2021-05-15,Standard,False
TES-C6172,Noah Tanaka,noah.tanaka751@example.com,Berlin,De,De,2023-03-18,Referral Program,False
TES-C10881,Anna Garcia,anna.garcia860@example.com,Seattle,Wa,Cn,2025-04-21,Referral Program,False
TES-C7460,Anna Müller,anna.müller852@example.com,Fremont,Ca,Uk,2022-10-05,Standard,False
TES-C10984,Fatima Yamada,fatima.yamada132@example.com,Los Angeles,Ca,Ca,2022-01-20,Standard,False
TES-C6631,Chen Kumar,chen.kumar724@example.com,Chicago,Il,Cn,2024-04-23,Standard,False
TES-C4015, Anna Garcia ,anna.garcia422@example.com,Seattle,Wa,Uk,2021-11-19,Insider,False
TES-C3975,David Kim,david.kim412@example.com,San Francisco,Ca,Jp,2021-02-24,Insider,False
TES-C2111,Emma Patel,emma.patel613@example.com,Chicago,Il,Us,2023-12-02,Standard,False
TES-C4382,Liam Lee,liam.lee963@example.com,Seattle,Wa,Jp,2022-11-23,Insider,False
TES-C8184,Maria Martin,maria.martin227@example.com,Austin,Tx,Ca,2024-04-28,Referral Program,False
TES-C6874,Emma Kumar,emma.kumar912@example.com,Shanghai,Cn,Ca,2023-03-08,Referral Program,False
TES-C3220,Chen Patel,chen.patel58@example.com,Shanghai,Cn,Jp,2022-12-04,Referral Program,False
TES-C8661,Sofia Johnson,sofia.johnson664@example.com,New York,Ny,Ca,2021-06-16,Referral Program,False
TES-C7854,Ava Singh,ava.singh455@example.com,Berlin,De,De,2022-12-19,Standard,False
TES-C6960,MARIA YAMADA,maria.yamada122@example.com,Miami,Fl,De,2022-02-05,Standard,False
TES-C6075,Fatima Chen,fatima.chen507@example.com,Seattle,Wa,Uk,2023-11-13,Referral Program,False
TES-C3813,david patel,david.patel165@example.com,Fremont,Ca,Jp,2025-10-10,Insider,False
TES-C1596,olivia rossi,olivia.rossi572@example.com,Chicago,Il,Us,2024-07-02,Referral Program,False
TES-C2131,Li Martin,li.martin280@example.com,Chicago,Il,Ca,2023-05-16,Insider,False
TES-C8288,Carlos Müller,,Fremont,Ca,Us,2023-05-09,Insider,True
TES-C3859,WEI WILSON,wei.wilson304@example.com,New York,Ny,Us,2022-05-14,Standard,False
TES-C9720,CARLOS TANAKA,carlos.tanaka904@example.com,Miami,Fl,Cn,2024-08-11,Standard,False
TES-C9429,ava khan,ava.khan444@example.com,Chicago,Il,Cn,2024-01-07,Referral Program,False
TES-C4062,JOHN LEE,john.lee892@example.com,Austin,Tx,Jp,2024-10-02,Standard,False
TES-C3007,noah martin,noah.martin199@example.com,Berlin,De,Jp,2022-11-01,Insider,False
TES-C1358,ANNA KIM,anna.kim110@example.com,Shanghai,Cn,Jp,2024-11-14,Insider,False
TES-C6552,David Yamada,david.yamada588@example.com,Los Angeles,Ca,De,2025-05-05,Referral Program,False
TES-C5634,FATIMA BROWN,,Chicago,Il,Uk,2022-08-24,Referral Program,True
TES-C1303,Vivaan Kim,,Chicago,Il,Jp,2024-03-07,Standard,True
TES-C7587,Mohammed Suzuki,mohammed.suzuki235@example.com,Berlin,De,Us,2022-12-02,Referral Program,False
TES-C8607,Ben Kumar,ben.kumar248@example.com,Berlin,De,Us,2025-12-15,Insider,False
TES-C4639,Priya Garcia,priya.garcia894@example.com,Miami,Fl,Us,2024-01-21,Insider,False
TES-C1748,Sara Kumar,sara.kumar168@example.com,Los Angeles,Ca,Cn,2025-04-27,Standard,False
TES-C4313,Maria Lee,maria.lee61@example.com,Shanghai,Cn,Uk,2025-02-09,Insider,False
TES-C8430,Olivia Sharma,olivia.sharma406@example.com,Berlin,De,De,2021-02-05,Unknown,False
TES-C1133, Wei Wilson ,wei.wilson426@example.com,Miami,Fl,Ca,2025-10-19,Unknown,False
TES-C2148,aarav johnson,aarav.johnson630@example.com,New York,Ny,Us,2024-01-19,Insider,False
TES-C1933,David Patel,david.patel646@example.com,San Francisco,Ca,Ca,2021-08-26,Standard,False
TES-C8720,Carlos Khan,carlos.khan107@example.com,Miami,Fl,De,2021-04-24,Insider,False
TES-C5341,liam smith,liam.smith419@example.com,San Francisco,Ca,Us,2023-04-02,Standard,False
TES-C9853,Aditya Sharma,aditya.sharma162@example.com,Shanghai,Cn,Uk,2025-12-04,Standard,False
TES-C10833,Emma Martin,emma.martin738@example.com,Berlin,De,De,2025-06-04,Insider,False
TES-C6610,Aarav Lee,aarav.lee240@example.com,Los Angeles,Ca,Uk,2024-12-31,Referral Program,False
TES-C9344,Rahul Kim,rahul.kim528@example.com,Shanghai,Cn,Cn,2022-08-17,Unknown,False
TES-C5196,John Tanaka,,Berlin,De,Cn,2025-02-26,Referral Program,True
TES-C1319,Mohammed Chen,mohammed.chen730@example.com,Shanghai,Cn,Cn,2025-06-28,Referral Program,False
TES-C2560,David Müller,david.müller614@example.com,Berlin,De,De,2025-11-17,Standard,False
TES-C5046,Olivia Martin,olivia.martin382@example.com,Los Angeles,Ca,Cn,2021-05-14,Insider,False
TES-C6388,Ben Rossi,,Austin,Tx,Cn,2025-06-21,Insider,True
TES-C3762,Olivia Davis,olivia.davis105@example.com,Berlin,De,Us,2022-12-25,Insider,False
TES-C3217,DAVID DAVIS,david.davis792@example.com,Chicago,Il,Uk,2025-07-04,Standard,False
TES-C4222,Yuki Anderson,,Berlin,De,Ca,2023-01-10,Referral Program,True
TES-C2159,Wei Brown,wei.brown734@example.com,Miami,Fl,Ca,2024-02-18,Standard,False
TES-C9509,David Rossi,david.rossi475@example.com,Fremont,Ca,Jp,2024-11-26,Insider,False
TES-C9888,Fatima Müller,fatima.müller572@example.com,New York,Ny,Us,2021-10-14,Referral Program,False
TES-C5677,Li Patel,li.patel574@example.com,Chicago,Il,Ca,2025-11-24,Standard,False
TES-C2874,OLIVIA GARCIA,olivia.garcia403@example.com,San Francisco,Ca,De,2021-02-25,Insider,False
TES-C10467,ZOE KHAN,zoe.khan489@example.com,Fremont,Ca,Ca,2024-06-24,Insider,False
TES-C8060,Emma Müller,emma.müller924@example.com,Shanghai,Cn,Uk,2023-07-26,Insider,False
TES-C8652,YUKI WANG,yuki.wang969@example.com,Los Angeles,Ca,Uk,2021-06-13,Standard,False
TES-C2818,Michael Smith,michael.smith31@example.com,Fremont,Ca,Cn,2023-12-11,Standard,False
TES-C2448,Chen Suzuki,chen.suzuki356@example.com,Seattle,Wa,De,2022-02-28,Standard,False
TES-C1924,Maria Khan,maria.khan542@example.com,San Francisco,Ca,Us,2024-02-19,Unknown,False
TES-C1185,LIAM WANG,liam.wang554@example.com,New York,Ny,Uk,2025-01-10,Insider,False
TES-C8211,Ben Sharma,ben.sharma661@example.com,Shanghai,Cn,Jp,2023-03-14,Insider,False
TES-C3799,Noah Martin,noah.martin956@example.com,Shanghai,Cn,Us,2024-07-05,Insider,False
TES-C8526,Ava Kumar,ava.kumar646@example.com,Los Angeles,Ca,Uk,2024-06-07,Standard,False
TES-C5633,ava suzuki,ava.suzuki214@example.com,Miami,Fl,Cn,2023-07-02,Referral Program,False
TES-C5086,ava lee,ava.lee543@example.com,Seattle,Wa,Cn,2024-06-12,Referral Program,False
TES-C3060,CARLOS BROWN,carlos.brown794@example.com,Seattle,Wa,Ca,2022-07-05,Referral Program,False
TES-C1294,Liam Wang,liam.wang480@example.com,Austin,Tx,Uk,2021-08-15,Insider,False
TES-C9002,Aarav Rossi,,San Francisco,Ca,Uk,2021-07-10,Standard,True
TES-C7380,Ava Brown,ava.brown144@example.com,Fremont,Ca,Us,2022-08-28,Referral Program,False
TES-C3701,Sara Khan,sara.khan947@example.com,Los Angeles,Ca,Cn,2022-11-01,Standard,False
TES-C6613,Ava Yamada,ava.yamada332@example.com,Berlin,De,Cn,2025-05-16,Insider,False
TES-C5715,Maria Singh,maria.singh572@example.com,Los Angeles,Ca,Ca,2021-11-06,Referral Program,False
TES-C3496,Maria Kumar,,Chicago,Il,Cn,2024-05-05,Referral Program,True
TES-C6369,Rahul Khan,rahul.khan677@example.com,Shanghai,Cn,De,2022-03-03,Referral Program,False
TES-C3041,John Yamada,john.yamada842@example.com,Fremont,Ca,Uk,2024-06-07,Referral Program,False
TES-C3673,Wei Martin,wei.martin567@example.com,Los Angeles,Ca,Uk,2023-08-10,Referral Program,False
TES-C1542,Liam Kumar,liam.kumar996@example.com,Austin,Tx,Us,2023-05-08,Referral Program,False
TES-C4971,KEN KUMAR,ken.kumar903@example.com,Seattle,Wa,Ca,2022-08-17,Referral Program,False
TES-C4240,Rahul Suzuki,rahul.suzuki418@example.com,Chicago,Il,De,2021-06-21,Referral Program,False
TES-C2228,Olivia Martin,olivia.martin567@example.com,Berlin,De,Us,2025-12-22,Referral Program,False
TES-C5632,Olivia Garcia,olivia.garcia882@example.com,New York,Ny,De,2025-05-20,Standard,False
TES-C4365,Vivaan Kim,vivaan.kim198@example.com,Chicago,Il,Uk,2022-03-04,Insider,False
TES-C9653,Fatima Lee,fatima.lee213@example.com,Austin,Tx,Us,2021-06-07,Referral Program,False
TES-C1048,Emma Brown,emma.brown181@example.com,Miami,Fl,Cn,2024-07-24,Referral Program,False
TES-C8829, David Rossi ,david.rossi585@example.com,Chicago,Il,Uk,2025-06-23,Standard,False
TES-C9503,Emma Chen,emma.chen813@example.com,Miami,Fl,De,2022-08-02,Insider,False
TES-C3730,David Martin,david.martin58@example.com,Shanghai,Cn,Us,2021-06-09,Unknown,False
TES-C5394, Vivaan Sharma ,vivaan.sharma499@example.com,Fremont,Ca,Cn,2024-11-06,Referral Program,False
TES-C6955,Vivaan Wilson,vivaan.wilson536@example.com,Fremont,Ca,Ca,2021-02-20,Referral Program,False
TES-C5428, Noah Tanaka ,noah.tanaka461@example.com,Miami,Fl,Uk,2025-12-12,Standard,False
TES-C2280,Carlos Kumar,carlos.kumar870@example.com,Shanghai,Cn,Cn,2025-03-07,Insider,False
TES-C8223,Wei Kim,wei.kim654@example.com,Austin,Tx,Ca,2025-11-24,Referral Program,False
TES-C6399,Priya Rossi,priya.rossi967@example.com,Austin,Tx,Cn,2023-05-16,Insider,False
TES-C7004,Liam Davis,liam.davis718@example.com,New York,Ny,Us,2023-01-14,Insider,False
TES-C3354,Sofia Patel,sofia.patel318@example.com,Chicago,Il,Uk,2023-11-09,Referral Program,False
TES-C5321,Sara Brown,sara.brown459@example.com,Shanghai,Cn,Ca,2021-09-09,Referral Program,False
TES-C2117,Ava Martin,ava.martin887@example.com,New York,Ny,Cn,2021-10-25,Standard,False
TES-C2250,YUKI DAVIS,yuki.davis283@example.com,Fremont,Ca,Jp,2021-05-18,Standard,False
TES-C9124,FATIMA SHARMA,fatima.sharma504@example.com,Shanghai,Cn,Jp,2021-09-01,Standard,False
TES-C1998,Anna Tanaka,anna.tanaka806@example.com,Miami,Fl,Uk,2025-06-28,Insider,False
TES-C8538,Li Tanaka,li.tanaka545@example.com,New York,Ny,Ca,2025-03-29,Referral Program,False
TES-C6954,Yuki Patel,yuki.patel814@example.com,Los Angeles,Ca,De,2022-04-15,Standard,False
TES-C8901,david anderson,david.anderson210@example.com,Seattle,Wa,Jp,2022-08-01,Standard,False
TES-C10787,LIAM ROSSI,liam.rossi696@example.com,Los Angeles,Ca,Uk,2024-05-08,Standard,False
TES-C8905,Aditya Brown,aditya.brown763@example.com,San Francisco,Ca,Cn,2025-03-25,Standard,False
TES-C5433,Wei Suzuki,wei.suzuki627@example.com,Miami,Fl,Cn,2024-10-01,Referral Program,False
TES-C6627,Aditya Müller,aditya.müller98@example.com,San Francisco,Ca,Us,2022-11-16,Insider,False
TES-C4637,Aditya Wang,,Berlin,De,Cn,2023-08-20,Insider,True
TES-C10718,Maria Kumar,maria.kumar954@example.com,Berlin,De,Us,2022-06-08,Standard,False
TES-C5418, Aarav Kumar ,aarav.kumar396@example.com,Miami,Fl,Cn,2022-01-28,Referral Program,False
TES-C8048,Sara Wilson,sara.wilson592@example.com,Miami,Fl,Us,2021-01-26,Referral Program,False
TES-C2138,James Davis,james.davis385@example.com,Fremont,Ca,De,2023-10-12,Standard,False
TES-C7113,James Yamada,james.yamada940@example.com,Seattle,Wa,Cn,2021-11-07,Referral Program,False
TES-C2465,Sofia Khan,sofia.khan668@example.com,Miami,Fl,De,2024-10-17,Standard,False
TES-C4730,ava brown,ava.brown954@example.com,New York,Ny,Uk,2025-08-29,Unknown,False
TES-C8178,Fatima Müller,fatima.müller811@example.com,San Francisco,Ca,Uk,2023-01-22,Standard,False
TES-C1097,David Müller,david.müller744@example.com,San Francisco,Ca,Us,2023-07-16,Referral Program,False
TES-C4917,Ken Yamada,ken.yamada966@example.com,Los Angeles,Ca,De,2024-01-08,Referral Program,False
TES-C2618, Maria Davis ,maria.davis993@example.com,Berlin,De,Uk,2024-01-12,Standard,False
TES-C1953,Aditya Lee,aditya.lee129@example.com,San Francisco,Ca,Uk,2023-06-20,Insider,False
TES-C4119,John Lee,john.lee91@example.com,Austin,Tx,De,2024-08-21,Referral Program,False
TES-C5319,Vivaan Martin,,Chicago,Il,Uk,2023-12-29,Referral Program,True
TES-C10493,Emma Brown,emma.brown536@example.com,Los Angeles,Ca,De,2023-07-13,Standard,False
TES-C7093,Michael Khan,michael.khan363@example.com,Chicago,Il,Uk,2024-06-11,Insider,False
TES-C1071,James Sharma,james.sharma286@example.com,Berlin,De,Us,2025-10-07,Referral Program,False
TES-C8728,YUKI WILSON,yuki.wilson825@example.com,New York,Ny,Ca,2023-10-22,Insider,False
TES-C9849,James Chen,james.chen238@example.com,Chicago,Il,Uk,2025-08-22,Standard,False
TES-C1476,Sara Khan,sara.khan144@example.com,Fremont,Ca,Cn,2021-04-05,Standard,False
TES-C7506,JOHN DAVIS,john.davis539@example.com,Berlin,De,Ca,2023-04-08,Standard,False
TES-C9850,Liam Johnson,liam.johnson451@example.com,New York,Ny,Jp,2022-02-28,Insider,False
TES-C4841,Fatima Suzuki,fatima.suzuki412@example.com,Miami,Fl,Us,2023-11-23,Insider,False
TES-C6508,Michael Patel,michael.patel429@example.com,Berlin,De,Uk,2025-11-23,Standard,False
TES-C10182,Fatima Davis,fatima.davis145@example.com,New York,Ny,Ca,2023-03-21,Standard,False
TES-C3732,ZOE MÜLLER,zoe.müller488@example.com,Miami,Fl,Us,2025-03-16,Standard,False
TES-C1095,Ben Anderson,ben.anderson925@example.com,Miami,Fl,Ca,2021-07-10,Insider,False
TES-C5179,Wei Rossi,wei.rossi624@example.com,Seattle,Wa,Uk,2021-03-25,Insider,False
TES-C3949,Michael Kumar,michael.kumar252@example.com,San Francisco,Ca,Ca,2025-05-26,Insider,False
TES-C1378,Sofia Yamada,sofia.yamada462@example.com,Los Angeles,Ca,Uk,2022-06-04,Standard,False
TES-C4826,Maria Anderson,maria.anderson829@example.com,Seattle,Wa,Cn,2021-09-20,Standard,False
TES-C5721,David Brown,david.brown683@example.com,Shanghai,Cn,Cn,2021-02-13,Standard,False
TES-C1526,Vivaan Wang,vivaan.wang120@example.com,Los Angeles,Ca,Uk,2021-12-02,Referral Program,False
TES-C3017,Aarav Rossi,aarav.rossi755@example.com,Los Angeles,Ca,Ca,2023-04-19,Unknown,False
TES-C6265,Mohammed Singh,mohammed.singh47@example.com,New York,Ny,Us,2022-08-18,Standard,False
TES-C9395,Emma Singh,emma.singh780@example.com,Miami,Fl,Cn,2024-03-28,Referral Program,False
TES-C1546,John Lee,john.lee958@example.com,Shanghai,Cn,Cn,2022-01-20,Referral Program,False
TES-C3327,David Khan,david.khan842@example.com,Seattle,Wa,Cn,2021-06-22,Referral Program,False
TES-C1732,Priya Chen,priya.chen607@example.com,Fremont,Ca,Cn,2025-02-15,Standard,False
TES-C8857,Liam Sharma,liam.sharma895@example.com,San Francisco,Ca,De,2021-10-16,Standard,False
TES-C2198,Wei Rossi,wei.rossi636@example.com,Fremont,Ca,Ca,2021-06-30,Referral Program,False
TES-C2764,Ava Patel,ava.patel271@example.com,Fremont,Ca,Jp,2024-11-10,Standard,False
TES-C7358,anna davis,anna.davis755@example.com,Austin,Tx,Cn,2022-11-13,Standard,False
TES-C2731,Ken Singh,ken.singh56@example.com,Miami,Fl,Ca,2022-11-20,Insider,False
TES-C2709,zoe davis,zoe.davis110@example.com,Austin,Tx,Uk,2021-03-22,Insider,False
TES-C3758,Maria Davis,maria.davis503@example.com,Seattle,Wa,Cn,2022-04-30,Standard,False
TES-C7982, Ken Patel ,ken.patel935@example.com,Seattle,Wa,Uk,2024-02-16,Insider,False
TES-C5490,Ben Singh,ben.singh943@example.com,Seattle,Wa,Uk,2021-07-16,Standard,False
TES-C4808,John Kumar,john.kumar913@example.com,Shanghai,Cn,Jp,2022-03-09,Referral Program,False
TES-C1516,Yuki Davis,yuki.davis836@example.com,Miami,Fl,De,2023-07-23,Referral Program,False
TES-C10506,CHEN BROWN,chen.brown562@example.com,Shanghai,Cn,Cn,2021-10-26,Unknown,False
TES-C5303,VIVAAN CHEN,vivaan.chen671@example.com,Miami,Fl,Uk,2022-06-06,Referral Program,False
TES-C10306,Anna Khan,anna.khan990@example.com,New York,Ny,Jp,2025-12-02,Insider,False
TES-C8069,Sofia Patel,sofia.patel60@example.com,Shanghai,Cn,Uk,2022-05-05,Insider,False
TES-C10440,Sara Patel,sara.patel544@example.com,Miami,Fl,Cn,2021-07-18,Insider,False
TES-C6247,olivia anderson,olivia.anderson916@example.com,San Francisco,Ca,Cn,2023-06-19,Referral Program,False
TES-C7762,sara davis,sara.davis152@example.com,Austin,Tx,Cn,2025-03-17,Referral Program,False
TES-C9898,fatima kim,fatima.kim821@example.com,Seattle,Wa,Ca,2021-01-12,Referral Program,False
TES-C4913,Vivaan Wang,vivaan.wang438@example.com,Miami,Fl,Jp,2023-08-21,Standard,False
TES-C2749,Michael Yamada,michael.yamada250@example.com,Austin,Tx,Uk,2025-04-05,Insider,False
TES-C2439,Priya Yamada,priya.yamada26@example.com,Los Angeles,Ca,Uk,2021-02-14,Referral Program,False
TES-C4663,Emma Garcia,emma.garcia235@example.com,New York,Ny,Cn,2023-10-11,Referral Program,False
TES-C1993,Liam Patel,liam.patel447@example.com,Shanghai,Cn,Ca,2024-01-02,Insider,False
TES-C10339,Ava Anderson,ava.anderson652@example.com,San Francisco,Ca,Cn,2025-12-18,Referral Program,False
TES-C3187,ken khan,ken.khan88@example.com,Austin,Tx,Jp,2021-04-21,Referral Program,False
TES-C4205, Mohammed Garcia ,mohammed.garcia308@example.com,Los Angeles,Ca,Jp,2024-08-17,Insider,False
TES-C9371,Ken Brown,ken.brown447@example.com,Shanghai,Cn,Ca,2025-12-03,Insider,False
TES-C2896,John Kim,john.kim269@example.com,Los Angeles,Ca,Ca,2024-05-20,Referral Program,False
TES-C5702,Li Suzuki,li.suzuki435@example.com,Fremont,Ca,Us,2022-08-24,Standard,False
TES-C2876,Rahul Singh,rahul.singh10@example.com,Seattle,Wa,Cn,2021-01-16,Standard,False
TES-C5112,Liam Davis,liam.davis565@example.com,Austin,Tx,Us,2025-05-14,Insider,False
TES-C4902, Vivaan Wang ,vivaan.wang413@example.com,Fremont,Ca,Uk,2022-11-06,Insider,False
TES-C1302,Vivaan Kumar,vivaan.kumar720@example.com,San Francisco,Ca,Cn,2025-02-10,Referral Program,False
TES-C1716,Priya Chen,priya.chen93@example.com,Los Angeles,Ca,Cn,2025-10-19,Referral Program,False
TES-C7436,Olivia Sharma,olivia.sharma578@example.com,Berlin,De,Cn,2023-08-17,Standard,False
TES-C6195,Chen Wilson,chen.wilson756@example.com,New York,Ny,Jp,2021-03-12,Standard,False
TES-C7235, Sara Chen ,sara.chen193@example.com,Berlin,De,Ca,2023-12-28,Insider,False
TES-C10249,Zoe Patel,zoe.patel573@example.com,San Francisco,Ca,Uk,2022-07-21,Insider,False
TES-C7213,Emma Smith,emma.smith301@example.com,Chicago,Il,Jp,2023-08-12,Referral Program,False
TES-C4333,Ben Martin,,Los Angeles,Ca,Jp,2021-09-07,Insider,True
TES-C7658,Mohammed Brown,mohammed.brown649@example.com,New York,Ny,Ca,2022-05-23,Insider,False
TES-C4254,Noah Wang,noah.wang949@example.com,Berlin,De,Uk,2021-02-11,Insider,False
TES-C8968, Fatima Martin ,fatima.martin157@example.com,New York,Ny,Ca,2021-01-09,Referral Program,False
TES-C2413,Priya Johnson,priya.johnson701@example.com,Fremont,Ca,Cn,2025-08-10,Insider,False
TES-C10365,Ben Yamada,ben.yamada491@example.com,Miami,Fl,Us,2022-05-11,Referral Program,False
TES-C2697,Sofia Brown,sofia.brown391@example.com,Fremont,Ca,De,2022-03-17,Referral Program,False
TES-C7832,noah yamada,noah.yamada671@example.com,Chicago,Il,Us,2021-08-23,Referral Program,False
TES-C4088,KEN YAMADA,ken.yamada368@example.com,Shanghai,Cn,Ca,2025-02-03,Unknown,False
TES-C6965,Michael Johnson,michael.johnson397@example.com,Seattle,Wa,Uk,2022-12-05,Insider,False
TES-C1701,Zoe Suzuki,zoe.suzuki568@example.com,Shanghai,Cn,Jp,2023-02-24,Unknown,False
TES-C4237,BEN TANAKA,ben.tanaka390@example.com,Berlin,De,Ca,2025-12-06,Standard,False
TES-C9756,Aditya Sharma,aditya.sharma114@example.com,Miami,Fl,Cn,2025-03-14,Insider,False
TES-C4306,Sofia Müller,sofia.müller958@example.com,Shanghai,Cn,Jp,2023-06-18,Standard,False
TES-C8898,Anna Garcia,anna.garcia705@example.com,Chicago,Il,Us,2023-08-02,Standard,False
TES-C2317,Li Suzuki,,Shanghai,Cn,Cn,2021-12-13,Referral Program,True
TES-C8292,John Rossi,,Shanghai,Cn,Ca,2023-01-16,Standard,True
TES-C6130,Ken Lee,ken.lee62@example.com,New York,Ny,Cn,2023-10-13,Referral Program,False
TES-C1047,Michael Brown,michael.brown301@example.com,New York,Ny,Jp,2021-04-15,Standard,False
TES-C4231,Mohammed Singh,mohammed.singh371@example.com,Berlin,De,Cn,2023-11-05,Insider,False
TES-C5763,AARAV WILSON,,Los Angeles,Ca,Us,2024-11-23,Insider,True
TES-C8708,MICHAEL SMITH,michael.smith659@example.com,Los Angeles,Ca,De,2023-09-15,Insider,False
TES-C9042,Sofia Martin,sofia.martin966@example.com,Austin,Tx,Jp,2024-09-17,Standard,False
TES-C5971,Maria Khan,maria.khan430@example.com,Fremont,Ca,Ca,2025-02-15,Insider,False
TES-C7145,Aditya Müller,aditya.müller980@example.com,Seattle,Wa,Cn,2021-07-27,Insider,False
TES-C2475,Carlos Brown,,Fremont,Ca,Jp,2021-02-18,Insider,True
TES-C9597,Priya Davis,priya.davis551@example.com,Los Angeles,Ca,Cn,2024-05-26,Standard,False
TES-C3687, Emma Anderson ,,Shanghai,Cn,De,2024-07-22,Insider,True
TES-C10596,Ava Kim,,Austin,Tx,De,2021-11-09,Standard,True
TES-C1505,WEI GARCIA,wei.garcia899@example.com,Seattle,Wa,Us,2022-02-07,Insider,False
TES-C7209,James Sharma,james.sharma159@example.com,San Francisco,Ca,De,2025-01-20,Standard,False
TES-C9149,Olivia Yamada,olivia.yamada41@example.com,Austin,Tx,De,2025-03-06,Insider,False
TES-C4563,Michael Yamada,michael.yamada464@example.com,Miami,Fl,Us,2024-08-29,Standard,False
TES-C3070, John Chen ,john.chen192@example.com,Seattle,Wa,Cn,2025-06-11,Standard,False
TES-C1300,Anna Chen,anna.chen935@example.com,New York,Ny,Ca,2021-02-03,Referral Program,False
TES-C8786, Maria Garcia ,maria.garcia591@example.com,Austin,Tx,Ca,2021-01-06,Referral Program,False
TES-C2429,Ava Wilson,ava.wilson644@example.com,Austin,Tx,De,2021-09-28,Standard,False
TES-C10632,David Garcia,david.garcia184@example.com,San Francisco,Ca,Ca,2023-10-04,Insider,False
TES-C10055,Vivaan Martin,vivaan.martin513@example.com,Seattle,Wa,Ca,2021-04-20,Referral Program,False
TES-C7728,Li Kim,li.kim486@example.com,Fremont,Ca,Jp,2022-06-14,Standard,False
TES-C5832,David Suzuki,david.suzuki499@example.com,Los Angeles,Ca,Cn,2022-03-04,Insider,False
TES-C8373,Michael Patel,michael.patel626@example.com,Los Angeles,Ca,Us,2022-04-07,Standard,False
TES-C9097,Mohammed Yamada,mohammed.yamada228@example.com,Chicago,Il,Uk,2022-05-05,Referral Program,False
TES-C3658,Priya Kim,priya.kim927@example.com,New York,Ny,Uk,2021-06-19,Insider,False
TES-C2125,zoe wilson,zoe.wilson371@example.com,New York,Ny,De,2022-07-27,Referral Program,False
TES-C4764,Yuki Garcia,yuki.garcia114@example.com,Chicago,Il,Jp,2024-11-25,Referral Program,False
TES-C2935,Olivia Garcia,olivia.garcia640@example.com,New York,Ny,Us,2022-01-28,Standard,False
TES-C4910,Zoe Patel,zoe.patel307@example.com,Miami,Fl,De,2025-01-29,Standard,False
TES-C4115,Sofia Smith,sofia.smith160@example.com,Miami,Fl,Us,2024-10-20,Insider,False
TES-C2512,Vivaan Johnson,vivaan.johnson31@example.com,Fremont,Ca,Us,2021-07-27,Referral Program,False
TES-C9897,Liam Davis,liam.davis505@example.com,New York,Ny,Uk,2021-06-14,Referral Program,False
TES-C3066,ava chen,ava.chen925@example.com,San Francisco,Ca,Jp,2024-08-28,Referral Program,False
TES-C5329,Chen Wang,,Miami,Fl,Ca,2023-06-13,Standard,True
TES-C3553,James Kim,james.kim884@example.com,San Francisco,Ca,Cn,2024-03-03,Insider,False
TES-C4608,DAVID BROWN,david.brown713@example.com,Los Angeles,Ca,Jp,2023-11-15,Referral Program,False
TES-C10788,Carlos Kim,carlos.kim189@example.com,Chicago,Il,Cn,2024-10-17,Referral Program,False
TES-C6282,ken lee,ken.lee868@example.com,Shanghai,Cn,Ca,2021-05-13,Insider,False
TES-C1025,John Tanaka,john.tanaka709@example.com,Austin,Tx,Us,2025-06-21,Referral Program,False
TES-C6782,Wei Garcia,wei.garcia81@example.com,Austin,Tx,Us,2022-11-13,Referral Program,False
TES-C8764,Ben Müller,ben.müller233@example.com,Shanghai,Cn,De,2023-09-19,Referral Program,False
TES-C8094,Aditya Rossi,,New York,Ny,Us,2022-12-16,Referral Program,True
TES-C1036,DAVID MARTIN,david.martin557@example.com,Chicago,Il,Jp,2025-01-21,Standard,False
TES-C5003,James Singh,james.singh783@example.com,New York,Ny,Cn,2021-09-18,Standard,False
TES-C9078,Zoe Anderson,zoe.anderson502@example.com,Miami,Fl,Ca,2025-06-15,Insider,False
TES-C7059,Ken Khan,ken.khan632@example.com,Seattle,Wa,De,2021-06-26,Insider,False
TES-C8100,Mohammed Wang,,Seattle,Wa,Ca,2022-02-07,Insider,True
TES-C10299,PRIYA MÜLLER,priya.müller992@example.com,Fremont,Ca,Jp,2024-04-10,Insider,False
TES-C9842,Sofia Kim,sofia.kim792@example.com,Austin,Tx,Uk,2021-04-22,Referral Program,False
TES-C4105,Ava Khan,ava.khan590@example.com,Chicago,Il,De,2021-12-15,Insider,False
TES-C5530, Chen Chen ,chen.chen960@example.com,Berlin,De,Us,2023-10-10,Standard,False
TES-C6159,vivaan singh,vivaan.singh307@example.com,Miami,Fl,Uk,2025-12-08,Referral Program,False
TES-C10193,james anderson,james.anderson877@example.com,Seattle,Wa,Jp,2022-03-10,Unknown,False
TES-C9852,ZOE KUMAR,zoe.kumar583@example.com,Seattle,Wa,Ca,2025-12-24,Standard,False
TES-C10873,Carlos Johnson,carlos.johnson142@example.com,Berlin,De,Ca,2021-04-20,Unknown,False
TES-C6112,Liam Rossi,liam.rossi255@example.com,Chicago,Il,Jp,2024-01-12,Insider,False
TES-C9840,AARAV DAVIS,aarav.davis880@example.com,Austin,Tx,De,2021-07-07,Referral Program,False
TES-C4598,John Brown,john.brown388@example.com,New York,Ny,Us,2021-05-23,Referral Program,False
TES-C8508,Zoe Chen,zoe.chen939@example.com,New York,Ny,Us,2022-08-25,Unknown,False
TES-C9128,David Davis,david.davis719@example.com,Berlin,De,De,2025-12-16,Referral Program,False
TES-C5245,Aarav Tanaka,aarav.tanaka213@example.com,Seattle,Wa,Uk,2025-04-25,Standard,False
TES-C9064,Olivia Anderson,olivia.anderson847@example.com,Fremont,Ca,Cn,2022-03-21,Standard,False
TES-C7840,Vivaan Suzuki,vivaan.suzuki792@example.com,Los Angeles,Ca,Jp,2022-01-27,Referral Program,False
TES-C3457,Rahul Müller,rahul.müller582@example.com,Miami,Fl,Cn,2023-12-10,Referral Program,False
TES-C5221,Emma Garcia,emma.garcia25@example.com,Chicago,Il,Us,2022-08-27,Standard,False
TES-C2954,aarav wang,aarav.wang815@example.com,Berlin,De,Us,2022-02-23,Referral Program,False
TES-C1772, Olivia Tanaka ,olivia.tanaka177@example.com,Austin,Tx,Ca,2022-06-20,Insider,False
TES-C5681,Li Singh,,Austin,Tx,Cn,2023-05-04,Referral Program,True
TES-C9611,Ava Brown,ava.brown226@example.com,Shanghai,Cn,Uk,2022-10-24,Referral Program,False
TES-C5690,Aarav Sharma,aarav.sharma641@example.com,Austin,Tx,De,2025-12-19,Standard,False
TES-C1687,Ava Singh,ava.singh890@example.com,New York,Ny,Uk,2024-07-16,Insider,False
TES-C3228,maria yamada,maria.yamada427@example.com,Miami,Fl,De,2024-10-17,Insider,False
TES-C8312,Ava Wilson,ava.wilson701@example.com,Austin,Tx,Uk,2024-02-16,Standard,False
TES-C3684,Aditya Yamada,aditya.yamada766@example.com,Berlin,De,Uk,2024-06-05,Referral Program,False
TES-C2705,Yuki Yamada,yuki.yamada626@example.com,Fremont,Ca,Uk,2023-03-06,Insider,False
TES-C5117,Mohammed Tanaka,mohammed.tanaka986@example.com,Los Angeles,Ca,Cn,2024-10-24,Unknown,False
TES-C8074,Liam Garcia,liam.garcia423@example.com,Fremont,Ca,Ca,2024-05-22,Insider,False
TES-C5982, Wei Khan ,wei.khan990@example.com,Miami,Fl,De,2022-05-05,Insider,False
TES-C10543,Emma Wang,emma.wang714@example.com,New York,Ny,De,2022-06-06,Standard,False
TES-C2586,Olivia Khan,olivia.khan596@example.com,New York,Ny,Us,2023-11-16,Referral Program,False
TES-C10049,chen johnson,chen.johnson595@example.com,New York,Ny,Ca,2023-03-31,Referral Program,False
TES-C2895,Anna Smith,anna.smith292@example.com,Los Angeles,Ca,Cn,2023-07-05,Standard,False
TES-C6230,Vivaan Davis,vivaan.davis761@example.com,Berlin,De,Us,2023-05-24,Referral Program,False
TES-C6578,Mohammed Brown,mohammed.brown251@example.com,Fremont,Ca,Cn,2024-02-11,Referral Program,False
TES-C4259,Wei Singh,wei.singh936@example.com,San Francisco,Ca,Cn,2024-08-21,Standard,False
TES-C5899,FATIMA WANG,fatima.wang600@example.com,Fremont,Ca,Jp,2022-05-27,Referral Program,False
TES-C7610,David Rossi,david.rossi712@example.com,New York,Ny,Jp,2023-09-19,Referral Program,False
TES-C2154,John Khan,john.khan534@example.com,New York,Ny,De,2024-04-10,Referral Program,False
TES-C5426,Wei Rossi,,San Francisco,Ca,Us,2022-03-22,Insider,True
TES-C2116,ZOE SMITH,zoe.smith18@example.com,Berlin,De,Jp,2022-03-14,Standard,False
TES-C1265,Yuki Wilson,yuki.wilson784@example.com,Seattle,Wa,Jp,2022-08-26,Referral Program,False
TES-C1828,Li Wilson,li.wilson658@example.com,Chicago,Il,Uk,2022-03-03,Referral Program,False
TES-C10662,Mohammed Smith,mohammed.smith874@example.com,Fremont,Ca,De,2022-05-16,Insider,False
TES-C9875,James Kumar,james.kumar491@example.com,San Francisco,Ca,Cn,2024-12-24,Referral Program,False
TES-C3349, Fatima Johnson ,fatima.johnson587@example.com,New York,Ny,Uk,2025-02-27,Insider,False
TES-C5335,James Singh,,Shanghai,Cn,Uk,2022-03-28,Insider,True
TES-C9454,Michael Rossi,michael.rossi377@example.com,New York,Ny,De,2024-05-05,Referral Program,False
TES-C1506,Li Kumar,li.kumar278@example.com,Los Angeles,Ca,Jp,2025-05-19,Insider,False
TES-C8606,Aditya Wang,aditya.wang465@example.com,Fremont,Ca,Us,2022-08-09,Standard,False
TES-C6917,Priya Johnson,priya.johnson101@example.com,Los Angeles,Ca,Us,2022-10-18,Unknown,False
TES-C5980,Vivaan Wang,vivaan.wang308@example.com,Seattle,Wa,Cn,2022-05-03,Insider,False
TES-C1035,Sofia Wang,sofia.wang222@example.com,Shanghai,Cn,Jp,2021-01-09,Insider,False
TES-C10509,Carlos Johnson,carlos.johnson31@example.com,Austin,Tx,Ca,2024-01-05,Standard,False
TES-C7915,james wilson,james.wilson748@example.com,Shanghai,Cn,Us,2024-03-14,Standard,False
TES-C2650,Priya Singh,priya.singh611@example.com,Berlin,De,Cn,2025-06-09,Standard,False
TES-C5614,Liam Brown,liam.brown250@example.com,New York,Ny,Ca,2023-07-21,Referral Program,False
TES-C3550,Aarav Kim,aarav.kim939@example.com,Chicago,Il,De,2022-06-24,Referral Program,False
TES-C7632,Vivaan Rossi,vivaan.rossi903@example.com,Seattle,Wa,Uk,2023-02-03,Referral Program,False
TES-C9967,James Brown,james.brown376@example.com,Berlin,De,Cn,2025-03-02,Standard,False
TES-C6417,Chen Anderson,chen.anderson15@example.com,Miami,Fl,De,2023-04-08,Standard,False
TES-C3745,Priya Wilson,priya.wilson928@example.com,Seattle,Wa,Cn,2022-01-16,Standard,False
TES-C10501,JAMES DAVIS,,Shanghai,Cn,Ca,2025-04-24,Standard,True
TES-C3295,David Garcia,david.garcia495@example.com,Austin,Tx,Cn,2021-10-09,Insider,False
TES-C2199,Wei Sharma,wei.sharma802@example.com,New York,Ny,De,2023-11-19,Referral Program,False
TES-C1926,Sara Martin,sara.martin52@example.com,New York,Ny,Uk,2021-06-15,Insider,False
TES-C3791,David Singh,david.singh41@example.com,Fremont,Ca,Us,2022-08-06,Insider,False
TES-C5476,Ben Smith,ben.smith24@example.com,Miami,Fl,Cn,2022-12-26,Referral Program,False
TES-C10551,li wilson,li.wilson277@example.com,Chicago,Il,Jp,2024-12-15,Standard,False
TES-C5684, Rahul Smith ,rahul.smith976@example.com,Seattle,Wa,Ca,2024-04-08,Referral Program,False
TES-C9273,Zoe Wang,zoe.wang221@example.com,Austin,Tx,Us,2022-01-23,Referral Program,False
TES-C10323,Aarav Yamada,aarav.yamada646@example.com,Miami,Fl,Ca,2023-12-01,Referral Program,False
TES-C6412,Noah Anderson,noah.anderson502@example.com,Shanghai,Cn,Ca,2021-06-28,Referral Program,False
TES-C9675,Zoe Singh,zoe.singh543@example.com,Chicago,Il,Uk,2024-04-06,Insider,False
TES-C3197,Yuki Martin,yuki.martin554@example.com,Los Angeles,Ca,Ca,2023-08-18,Insider,False
TES-C3347,priya rossi,priya.rossi48@example.com,Berlin,De,Cn,2021-08-27,Insider,False
TES-C10375,Li Khan,li.khan504@example.com,San Francisco,Ca,Cn,2022-03-12,Referral Program,False
TES-C2217,ken smith,,New York,Ny,Ca,2021-02-27,Insider,True
TES-C10602,Ken Rossi,ken.rossi282@example.com,Seattle,Wa,Jp,2023-07-19,Insider,False
TES-C4739,Ken Suzuki,ken.suzuki928@example.com,Shanghai,Cn,Jp,2023-04-03,Standard,False
TES-C4001,Emma Martin,emma.martin161@example.com,Berlin,De,Ca,2025-12-05,Referral Program,False
TES-C5119,Sara Wang,sara.wang133@example.com,New York,Ny,Jp,2025-11-13,Referral Program,False
TES-C2901,Fatima Martin,fatima.martin829@example.com,Austin,Tx,De,2023-07-15,Referral Program,False
TES-C4503,Aditya Kim,aditya.kim289@example.com,Shanghai,Cn,De,2021-03-04,Referral Program,False
TES-C9416,Vivaan Garcia,vivaan.garcia763@example.com,San Francisco,Ca,Ca,2022-07-07,Referral Program,False
TES-C3695,CARLOS KHAN,carlos.khan654@example.com,San Francisco,Ca,Us,2025-09-17,Referral Program,False
TES-C6435,David Brown,david.brown520@example.com,Berlin,De,Uk,2022-06-28,Standard,False
TES-C3778,Wei Davis,wei.davis334@example.com,Austin,Tx,Jp,2023-10-22,Standard,False
TES-C7079,John Garcia,john.garcia825@example.com,New York,Ny,Cn,2025-04-29,Referral Program,False
TES-C5210,Ken Suzuki,ken.suzuki739@example.com,Chicago,Il,De,2025-10-19,Referral Program,False
TES-C2902,Rahul Yamada,rahul.yamada770@example.com,Chicago,Il,Us,2021-04-11,Insider,False
TES-C8602,Sara Kumar,sara.kumar144@example.com,Shanghai,Cn,De,2021-03-21,Referral Program,False
TES-C3564, Olivia Smith ,olivia.smith770@example.com,Seattle,Wa,Uk,2025-06-30,Referral Program,False
TES-C1620,Rahul Khan,rahul.khan892@example.com,Shanghai,Cn,Cn,2024-12-23,Standard,False
TES-C1458,priya martin,priya.martin601@example.com,Berlin,De,Ca,2021-02-12,Insider,False
TES-C5024,Liam Brown,liam.brown769@example.com,Los Angeles,Ca,Jp,2023-11-07,Referral Program,False
TES-C8699,James Khan,james.khan50@example.com,Austin,Tx,Jp,2023-12-23,Standard,False
TES-C1769,Sara Wilson,sara.wilson19@example.com,New York,Ny,Jp,2021-01-24,Insider,False
TES-C6228,Zoe Smith,zoe.smith77@example.com,Los Angeles,Ca,Jp,2021-03-24,Insider,False
TES-C7469,Aarav Müller,aarav.müller566@example.com,Shanghai,Cn,Cn,2024-01-27,Standard,False
TES-C10852,James Kim,james.kim43@example.com,Miami,Fl,Ca,2022-03-29,Standard,False
TES-C2742,Maria Lee,,New York,Ny,Cn,2024-10-15,Referral Program,True
TES-C3856,Liam Garcia,liam.garcia260@example.com,Fremont,Ca,Uk,2022-10-02,Insider,False
TES-C1813,maria brown,maria.brown548@example.com,Berlin,De,Ca,2022-01-30,Standard,False
TES-C10131,Zoe Patel,zoe.patel960@example.com,Berlin,De,Us,2022-10-30,Standard,False
TES-C8853,Aarav Patel,aarav.patel993@example.com,San Francisco,Ca,Ca,2023-09-04,Standard,False
TES-C9031,Yuki Rossi,yuki.rossi275@example.com,Seattle,Wa,Cn,2024-01-06,Insider,False
TES-C7532,Ken Lee,ken.lee887@example.com,Shanghai,Cn,Jp,2023-12-17,Insider,False
TES-C4719,Ben Kim,,Fremont,Ca,Us,2021-01-17,Insider,True
TES-C6849,mohammed johnson,mohammed.johnson637@example.com,Fremont,Ca,Us,2021-01-24,Insider,False
TES-C2060,James Martin,james.martin236@example.com,Shanghai,Cn,Uk,2025-10-20,Insider,False
TES-C6503,Vivaan Lee,vivaan.lee676@example.com,Berlin,De,Us,2023-11-04,Insider,False
TES-C7483,Emma Sharma,emma.sharma45@example.com,Miami,Fl,Ca,2025-04-02,Unknown,False
TES-C6597,Michael Kim,michael.kim877@example.com,Berlin,De,Uk,2023-11-12,Standard,False
TES-C7440,Aarav Yamada,aarav.yamada490@example.com,Miami,Fl,Uk,2025-05-17,Insider,False
TES-C7162,Sara Brown,sara.brown646@example.com,Berlin,De,Jp,2022-06-09,Insider,False
TES-C9365,Yuki Khan,yuki.khan668@example.com,Seattle,Wa,Cn,2023-06-02,Unknown,False
TES-C1082,Wei Chen,wei.chen884@example.com,San Francisco,Ca,Us,2021-06-14,Insider,False
TES-C4420,Aarav Anderson,aarav.anderson716@example.com,Austin,Tx,Uk,2024-04-11,Referral Program,False
TES-C1711,Priya Sharma,priya.sharma52@example.com,Berlin,De,Ca,2024-06-11,Referral Program,False
TES-C5232,Ben Martin,ben.martin954@example.com,Seattle,Wa,Cn,2022-07-20,Referral Program,False
TES-C7247,RAHUL TANAKA,rahul.tanaka845@example.com,Los Angeles,Ca,Cn,2022-09-05,Standard,False
TES-C5327,Olivia Kumar,olivia.kumar352@example.com,Fremont,Ca,De,2023-10-24,Standard,False
TES-C5208,Emma Anderson,emma.anderson186@example.com,Fremont,Ca,Uk,2022-04-10,Referral Program,False
TES-C9059,Carlos Wilson,carlos.wilson222@example.com,Chicago,Il,Us,2023-11-17,Insider,False
TES-C5922,John Tanaka,john.tanaka859@example.com,Chicago,Il,Uk,2023-10-16,Standard,False
TES-C6813,john chen,john.chen299@example.com,Fremont,Ca,De,2021-01-15,Standard,False
TES-C6484,Olivia Khan,olivia.khan433@example.com,Miami,Fl,Ca,2023-10-20,Insider,False
TES-C8975,MOHAMMED BROWN,mohammed.brown187@example.com,Shanghai,Cn,Jp,2025-12-13,Referral Program,False
TES-C5824,Wei Brown,wei.brown675@example.com,Shanghai,Cn,Us,2023-06-23,Standard,False
TES-C8284,Olivia Chen,olivia.chen142@example.com,Seattle,Wa,Ca,2023-07-19,Standard,False
TES-C2654,James Martin,james.martin298@example.com,Shanghai,Cn,Uk,2022-08-31,Standard,False
TES-C4453,Mohammed Kumar,mohammed.kumar364@example.com,Miami,Fl,Ca,2024-08-13,Standard,False
TES-C6499,fatima brown,fatima.brown116@example.com,Seattle,Wa,Ca,2024-02-16,Standard,False
TES-C9705,Olivia Wilson,olivia.wilson551@example.com,Fremont,Ca,Jp,2022-05-09,Referral Program,False
TES-C9845,Noah Suzuki,noah.suzuki517@example.com,Chicago,Il,Jp,2024-01-21,Referral Program,False
TES-C1789,Noah Garcia,noah.garcia980@example.com,Chicago,Il,Jp,2022-01-24,Standard,False
TES-C9223,Anna Davis,anna.davis421@example.com,Los Angeles,Ca,Jp,2023-04-12,Insider,False
TES-C3605,Priya Garcia,priya.garcia151@example.com,New York,Ny,Us,2023-09-10,Standard,False
TES-C4803,Mohammed Martin,mohammed.martin843@example.com,Fremont,Ca,De,2025-10-24,Insider,False
TES-C9984,chen brown,chen.brown401@example.com,Miami,Fl,Jp,2021-06-23,Referral Program,False
TES-C3278,Emma Patel,emma.patel321@example.com,Berlin,De,Jp,2025-01-02,Insider,False
TES-C4855, Mohammed Patel ,mohammed.patel235@example.com,Fremont,Ca,Cn,2025-04-23,Insider,False
TES-C7997, Priya Müller ,priya.müller943@example.com,Fremont,Ca,De,2025-08-07,Referral Program,False
TES-C7252,Liam Chen,liam.chen559@example.com,Chicago,Il,Uk,2025-05-13,Insider,False
TES-C8389,Liam Patel,liam.patel750@example.com,Austin,Tx,Us,2024-10-02,Referral Program,False
TES-C2140,Sara Brown,sara.brown150@example.com,Austin,Tx,Jp,2021-01-20,Insider,False
TES-C4675,Liam Kumar,,Seattle,Wa,De,2022-06-22,Referral Program,True
TES-C3370,Michael Tanaka,michael.tanaka921@example.com,San Francisco,Ca,Jp,2021-05-28,Insider,False
