order_id,customer_id,order_date,product_category,quantity,unit_price_usd,order_status,payment_method
TES-O8315,TES-C2866,2023-05-07,Solar Panel Kit,1,19329.42,Delivered,Lease
TES-O9239,TES-C6442,2025-11-21,Powerwall,1,11129.77,Unknown,Lease
TES-O11506,TES-C6681,2023-02-26,Model 3,1,46001.21,Delivered,Credit Card
TES-O6287,TES-C10367,2023-06-10,Powerwall,1,9722.47,Cancelled,Credit Card
TES-O13071,TES-C4627,2025-04-12,Merchandise,5,290.03,Returned,Financing
TES-O9612,TES-C7470,2024-09-20,Model 3,1,41467.2,Delivered,Cash
TES-O14985,TES-C1232,2023-03-26,Model 3,1,44921.32,Returned,Cash
TES-O13515,TES-C5724,2023-02-19,Powerwall,1,11550.62,Shipped,Financing
TES-O7132,TES-C2650,2024-01-27,Merchandise,2,234.12,Delivered,Lease
TES-O9790,TES-C2043,2025-07-09,Model S,1,79923.96,Pending,Credit Card
TES-O10325,TES-C8692,2024-12-28,Powerwall,1,9948.7,Delivered,Financing
TES-O5737,TES-C8073,2024-07-13,Model X,1,95244.45,Pending,Credit Card
TES-O13953,TES-C5454,2023-09-03,Powerwall,1,10464.88,Delivered,Cash
TES-O13901,TES-C9999,2023-02-01,Model Y,1,43833.53,Shipped,Credit Card
TES-O7252,TES-C1606,2024-04-23,Powerwall,1,9925.84,Unknown,Cash
TES-O13859,TES-C6364,2024-07-04,Merchandise,5,102.71,Returned,Credit Card
TES-O7962,TES-C7721,2023-05-19,Model S,1,94084.77,Returned,Credit Card
TES-O11782,TES-C1859,2024-07-19,Model 3,1,39413.51,Delivered,Lease
TES-O10040,TES-C9991,2023-07-02,Model S,1,80211.29,Returned,Credit Card
TES-O9550,TES-C3510,2025-02-15,Powerwall,1,9341.56,Shipped,Financing
TES-O7167,TES-C7111,2023-09-07,Model S,1,76758.43,Delivered,Cash
TES-O8292,TES-C2626,2025-02-09,Model S,1,90444.33,Unknown,Financing
TES-O11289,TES-C4661,2025-09-08,Model X,1,90435.5,Cancelled,Credit Card
TES-O6520,TES-C7930,2025-08-19,Model X,1,97170.1,Delivered,Lease
TES-O14596,TES-C8034,2023-04-15,Merchandise,2,263.02,Delivered,Lease
TES-O8938,TES-C1249,2025-07-12,Solar Panel Kit,1,15562.74,Pending,Cash
TES-O7923,TES-C4319,2025-02-24,Powerwall,1,10918.3,Delivered,Credit Card
TES-O8705,TES-C7323,2024-04-08,Powerwall,1,11510.25,Delivered,Lease
TES-O10857,TES-C5211,2023-10-29,Model Y,1,53791.3,Pending,Lease
TES-O9609,TES-C2964,2024-03-15,Model 3,1,42705.92,Pending,Credit Card
TES-O13057,TES-C8639,2024-07-02,Supercharging Credits,5,183.14,Cancelled,Financing
TES-O9775,TES-C7641,2023-06-16,Model X,1,82282.67,Delivered,Financing
TES-O11504,TES-C7842,2024-06-19,Model X,1,98842.72,Delivered,Credit Card
TES-O10262,TES-C2750,2024-05-14,Solar Panel Kit,1,22063.8,Returned,Cash
TES-O10306,TES-C6174,2023-05-13,Merchandise,5,21.97,Cancelled,Credit Card
TES-O5953,TES-C9655,2025-03-03,Model Y,1,51996.02,Cancelled,Financing
TES-O5326,TES-C8635,2024-06-13,Supercharging Credits,2,37.98,Delivered,Financing
TES-O13211,TES-C1251,2025-09-26,Model 3,1,47762.12,Shipped,Cash
TES-O7663,TES-C2817,2023-04-24,Model S,1,94222.93,Pending,Financing
TES-O11068,TES-C2287,2024-12-06,Powerwall,1,11330.57,Returned,Lease
TES-O14815,TES-C4572,2024-07-30,Model S,1,89949.59,Delivered,Lease
TES-O5311,TES-C8464,2023-07-24,Model S,1,79225.61,Shipped,Credit Card
TES-O14598,TES-C9110,2024-01-20,Solar Panel Kit,1,21333.5,Delivered,Financing
TES-O8892,TES-C8558,2023-02-06,Merchandise,1,54.56,Delivered,Lease
TES-O10728,TES-C7055,2025-09-28,Model X,1,87202.78,Delivered,Cash
TES-O13497,TES-C4025,2025-04-30,Model X,1,89286.45,Delivered,Lease
TES-O13021,TES-C9647,2024-04-13,Model X,1,92699.09,Delivered,Lease
TES-O5593,TES-C7119,2023-04-12,Model S,1,81992.99,Delivered,Credit Card
TES-O8185,TES-C8872,2024-04-22,Powerwall,1,10623.43,Delivered,Credit Card
TES-O14229,TES-C9504,2024-06-17,Model Y,1,52188.91,Delivered,Credit Card
TES-O11256,TES-C1978,2025-12-14,Powerwall,1,10802.85,Cancelled,Credit Card
TES-O5267,TES-C9939,2025-12-17,Powerwall,1,10182.77,Delivered,Cash
TES-O7510,TES-C5040,2025-04-08,Supercharging Credits,4,102.38,Returned,Credit Card
TES-O7099,TES-C6824,2023-01-06,Powerwall,1,9664.68,Pending,Credit Card
TES-O5219,TES-C10682,2024-11-15,Solar Panel Kit,1,19536.34,Pending,Credit Card
TES-O12613,TES-C1546,2023-10-10,Merchandise,4,146.55,Returned,Cash
TES-O7377,TES-C10406,2023-04-28,Model S,1,79736.71,Cancelled,Cash
TES-O13495,TES-C8585,2025-08-06,Merchandise,1,253.71,Pending,Financing
TES-O9153,TES-C9999,2023-07-12,Supercharging Credits,1,56.37,Delivered,Cash
TES-O7461,TES-C1067,2025-08-31,Model Y,1,49816.89,Returned,Financing
TES-O12315,TES-C9746,2025-11-10,Powerwall,1,10592.06,Returned,Cash
TES-O10925,TES-C6554,2024-02-04,Model S,1,89171.16,Delivered,Credit Card
TES-O13110,TES-C1434,2025-06-08,Supercharging Credits,2,96.46,Returned,Cash
TES-O6719,TES-C9377,2023-12-09,Model X,1,87970.49,Cancelled,Financing
TES-O13123,TES-C4196,2024-01-10,Model S,1,78879.98,Delivered,Financing
TES-O9781,TES-C6530,2023-01-06,Supercharging Credits,5,56.01,Delivered,Financing
TES-O5128,TES-C6666,2024-04-27,Supercharging Credits,5,80.12,Delivered,Credit Card
TES-O7738,TES-C7054,2023-09-12,Merchandise,1,167.89,Delivered,Credit Card
TES-O5943,TES-C8805,2024-07-02,Supercharging Credits,4,23.64,Shipped,Credit Card
TES-O5079,TES-C2158,2023-04-18,Solar Panel Kit,1,18172.67,Delivered,Credit Card
TES-O12774,TES-C5824,2025-10-17,Model 3,1,44358.21,Returned,Cash
TES-O8329,TES-C3835,2024-03-31,Model 3,1,44273.42,Delivered,Financing
TES-O9203,TES-C7779,2023-04-17,Model S,1,90424.08,Cancelled,Lease
TES-O12233,TES-C9370,2023-09-13,Model 3,1,45641.89,Pending,Financing
TES-O8649,TES-C3319,2023-05-17,Supercharging Credits,3,109.8,Returned,Cash
TES-O7425,TES-C8430,2024-03-09,Supercharging Credits,2,128.45,Returned,Financing
TES-O10153,TES-C4319,2024-01-20,Model X,1,95451.06,Returned,Financing
TES-O6801,TES-C1561,2025-06-08,Model 3,1,39031.54,Shipped,Financing
TES-O10170,TES-C4971,2024-11-02,Powerwall,1,9048.08,Delivered,Lease
TES-O8809,TES-C7567,2023-03-23,Powerwall,1,10988.09,Shipped,Financing
TES-O7001,TES-C4162,2025-05-24,Model Y,1,44050.21,Cancelled,Lease
TES-O10644,TES-C1906,2024-09-08,Powerwall,1,11869.98,Cancelled,Credit Card
TES-O13438,TES-C7154,2023-03-16,Model Y,1,54694.03,Cancelled,Credit Card
TES-O13501,TES-C10634,2024-10-28,Supercharging Credits,3,194.89,Delivered,Credit Card
TES-O11392,TES-C7796,2025-12-01,Solar Panel Kit,1,20880.09,Shipped,Financing
TES-O13418,TES-C5333,2024-01-11,Supercharging Credits,5,198.57,Returned,Financing
TES-O8459,TES-C6180,2025-10-21,Model Y,1,54163.59,Delivered,Cash
TES-O5675,TES-C5768,2023-07-01,Model S,1,80183.8,Cancelled,Cash
TES-O14588,TES-C5016,2024-11-21,Solar Panel Kit,1,22897.5,Delivered,Financing
TES-O7179,TES-C7515,2024-01-07,Supercharging Credits,5,41.27,Pending,Financing
TES-O7482,TES-C3025,2025-02-11,Model Y,1,54593.26,Delivered,Credit Card
TES-O7789,TES-C6233,2024-05-06,Powerwall,1,11737.7,Delivered,Cash
TES-O6523,TES-C1836,2024-11-29,Powerwall,1,9891.82,Cancelled,Financing
TES-O8355,TES-C3744,2023-12-13,Model X,1,91348.3,Shipped,Cash
TES-O7939,TES-C9321,2023-03-09,Solar Panel Kit,1,17997.39,Shipped,Lease
TES-O11360,TES-C7917,2024-02-03,Powerwall,1,11890.18,Returned,Financing
TES-O9059,TES-C7669,2025-10-19,Solar Panel Kit,1,21715.09,Delivered,Lease
TES-O11507,TES-C7401,2025-02-09,Supercharging Credits,5,85.34,Delivered,Credit Card
TES-O10541,TES-C9747,2024-06-22,Model Y,1,46019.82,Delivered,Lease
TES-O6745,TES-C5071,2023-08-20,Supercharging Credits,1,97.8,Shipped,Credit Card
TES-O5426,TES-C5215,2024-05-15,Model X,1,89344.94,Shipped,Financing
TES-O9555,TES-C4842,2024-06-27,Supercharging Credits,5,54.31,Delivered,Credit Card
TES-O13694,TES-C6052,2023-04-23,Model X,1,96791.41,Pending,Lease
TES-O10672,TES-C8462,2025-12-30,Powerwall,1,10782.07,Delivered,Cash
TES-O6946,TES-C9342,2024-05-24,Supercharging Credits,5,169.56,Shipped,Credit Card
TES-O9534,TES-C9954,2023-09-18,Model 3,1,42684.63,Delivered,Cash
TES-O11947,TES-C1619,2024-02-23,Merchandise,3,245.57,Delivered,Lease
TES-O7986,TES-C9624,2024-06-14,Solar Panel Kit,1,22065.92,Cancelled,Financing
TES-O13536,TES-C4140,2024-01-27,Model Y,1,51817.18,Pending,Cash
TES-O11456,TES-C7043,2025-01-14,Powerwall,1,9748.47,Delivered,Cash
TES-O9492,TES-C2309,2023-06-01,Merchandise,4,34.46,Delivered,Cash
TES-O12404,TES-C8755,2023-10-08,Solar Panel Kit,1,15513.92,Cancelled,Credit Card
TES-O14072,TES-C8645,2025-12-15,Model Y,1,51358.58,Delivered,Cash
TES-O5509,TES-C5033,2023-04-16,Supercharging Credits,1,51.95,Delivered,Cash
TES-O11051,TES-C2357,2024-04-14,Model X,1,83944.24,Delivered,Credit Card
TES-O12632,TES-C8043,2023-10-12,Model Y,1,50948.47,Pending,Lease
TES-O8976,TES-C5370,2023-01-03,Model 3,1,44642.08,Delivered,Cash
TES-O6449,TES-C1943,2024-07-12,Supercharging Credits,4,28.26,Returned,Lease
TES-O14161,TES-C1557,2025-01-30,Model 3,1,47959.36,Pending,Credit Card
TES-O6281,TES-C2973,2023-10-28,Supercharging Credits,5,94.62,Unknown,Credit Card
TES-O13735,TES-C7863,2023-09-18,Model X,1,91633.58,Shipped,Cash
TES-O10648,TES-C4159,2025-07-25,Model Y,1,51411.66,Delivered,Cash
TES-O5088,TES-C9448,2023-03-10,Merchandise,5,231.04,Delivered,Lease
TES-O13687,TES-C2585,2024-03-19,Supercharging Credits,4,23.59,Delivered,Financing
TES-O14811,TES-C1681,2025-06-20,Model X,1,98328.42,Returned,Financing
TES-O6878,TES-C4767,2024-04-10,Model 3,1,47399.95,Delivered,Credit Card
TES-O8056,TES-C9003,2023-12-10,Merchandise,3,198.3,Delivered,Cash
TES-O14325,TES-C3685,2024-08-09,Merchandise,5,293.63,Returned,Credit Card
TES-O11990,TES-C1870,2024-12-27,Model X,1,98903.03,Returned,Cash
TES-O6666,TES-C7258,2023-07-03,Model Y,1,53368.67,Returned,Financing
TES-O11281,TES-C2738,2024-10-13,Supercharging Credits,3,20.51,Pending,Lease
TES-O11769,TES-C7877,2023-12-23,Powerwall,1,9812.02,Delivered,Financing
TES-O10797,TES-C2579,2024-08-12,Powerwall,1,10209.05,Pending,Financing
TES-O12214,TES-C9957,2024-11-04,Solar Panel Kit,1,24955.78,Delivered,Financing
TES-O5516,TES-C3656,2025-10-01,Model S,1,91937.26,Delivered,Credit Card
TES-O10978,TES-C8174,2025-05-20,Model X,1,86257.28,Delivered,Lease
TES-O8650,TES-C4285,2023-01-10,Model 3,1,45374.55,Shipped,Financing
TES-O9050,TES-C6163,2023-06-18,Model S,1,76801.27,Pending,Financing
TES-O9212,TES-C10742,2023-07-28,Model S,1,83033.1,Cancelled,Financing
TES-O8452,TES-C7653,2025-02-14,Model X,1,99306.67,Delivered,Cash
TES-O7436,TES-C9348,2025-11-12,Model X,1,95376.0,Delivered,Credit Card
TES-O5674,TES-C2005,2023-11-26,Solar Panel Kit,1,23346.79,Delivered,Cash
TES-O14085,TES-C7942,2023-06-30,Model S,1,78964.02,Delivered,Cash
TES-O13260,TES-C2300,2025-08-21,Model Y,1,45451.45,Delivered,Credit Card
TES-O10343,TES-C2112,2023-12-11,Merchandise,2,157.08,Delivered,Lease
TES-O9033,TES-C3590,2025-12-12,Model Y,1,53803.61,Shipped,Credit Card
TES-O14708,TES-C5839,2023-03-13,Solar Panel Kit,1,17098.86,Delivered,Financing
TES-O8320,TES-C7994,2024-04-14,Solar Panel Kit,1,17959.36,Shipped,Cash
TES-O14681,TES-C10907,2024-06-20,Model S,1,76708.05,Returned,Lease
TES-O14795,TES-C3710,2023-11-06,Model Y,1,48450.76,Shipped,Financing
TES-O6454,TES-C10396,2025-04-21,Supercharging Credits,2,39.31,Pending,Financing
TES-O7682,TES-C7543,2025-11-19,Powerwall,1,10453.51,Shipped,Cash
TES-O7159,TES-C6429,2024-03-23,Supercharging Credits,5,23.83,Delivered,Credit Card
TES-O14936,TES-C6792,2024-11-07,Model X,1,86237.74,Delivered,Cash
TES-O14156,TES-C9749,2024-01-12,Merchandise,5,225.18,Delivered,Cash
TES-O13278,TES-C9999,2025-05-08,Model 3,1,41196.44,Pending,Financing
TES-O12213,TES-C3489,2024-05-31,Model Y,1,42730.48,Cancelled,Lease
TES-O5698,TES-C10630,2024-06-02,Supercharging Credits,4,170.14,Delivered,Lease
TES-O9341,TES-C10499,2024-01-30,Solar Panel Kit,1,23637.0,Delivered,Cash
TES-O8444,TES-C8366,2024-02-28,Merchandise,5,146.68,Shipped,Lease
TES-O14417,TES-C2114,2023-01-21,Powerwall,1,9579.56,Delivered,Credit Card
TES-O6483,TES-C2767,2025-12-13,Model Y,1,54511.74,Shipped,Financing
TES-O7157,TES-C2862,2023-09-19,Model S,1,85486.0,Pending,Lease
TES-O12142,TES-C1952,2023-09-16,Solar Panel Kit,1,19042.36,Pending,Cash
TES-O7297,TES-C4542,2023-10-17,Powerwall,1,10474.25,Returned,Lease
TES-O6123,TES-C8153,2025-07-03,Powerwall,1,10785.46,Delivered,Credit Card
TES-O8351,TES-C6587,2025-02-24,Model 3,1,45250.1,Delivered,Cash
TES-O5955,TES-C9947,2024-11-16,Merchandise,1,120.64,Pending,Cash
TES-O13985,TES-C1722,2023-09-22,Model Y,1,50649.19,Cancelled,Financing
TES-O5990,TES-C9096,2025-03-10,Model S,1,75950.7,Pending,Credit Card
TES-O13414,TES-C8111,2025-11-16,Supercharging Credits,3,60.01,Delivered,Credit Card
TES-O7340,TES-C8227,2024-03-31,Model 3,1,38341.33,Returned,Credit Card
TES-O11857,TES-C4154,2024-08-14,Model S,1,85713.07,Shipped,Financing
TES-O7189,TES-C2195,2024-05-27,Supercharging Credits,1,59.92,Returned,Lease
TES-O7241,TES-C10632,2024-03-27,Supercharging Credits,5,18.71,Unknown,Lease
TES-O13771,TES-C6909,2024-09-01,Model S,1,75295.85,Returned,Financing
TES-O6408,TES-C2789,2023-03-07,Supercharging Credits,5,167.23,Delivered,Cash
TES-O6550,TES-C1137,2025-07-29,Model Y,1,50677.6,Returned,Lease
TES-O6477,TES-C7351,2025-07-01,Merchandise,3,22.23,Delivered,Financing
TES-O12364,TES-C4343,2025-09-21,Supercharging Credits,2,124.9,Returned,Lease
TES-O10283,TES-C1798,2025-01-22,Model S,1,89319.38,Shipped,Financing
TES-O5276,TES-C2610,2023-04-23,Supercharging Credits,3,39.46,Delivered,Credit Card
TES-O10183,TES-C7665,2024-03-23,Merchandise,2,192.33,Pending,Lease
TES-O9509,TES-C5076,2023-06-02,Powerwall,1,9721.93,Delivered,Financing
TES-O5763,TES-C9946,2023-02-07,Model S,1,78915.91,Cancelled,Lease
TES-O7619,TES-C8525,2024-06-29,Merchandise,5,110.74,Shipped,Credit Card
TES-O9023,TES-C6159,2025-10-23,Powerwall,1,10109.61,Returned,Lease
TES-O10407,TES-C5825,2023-09-30,Model S,1,80566.72,Returned,Cash
TES-O5972,TES-C3442,2024-01-13,Merchandise,4,140.56,Delivered,Credit Card
TES-O14141,TES-C4273,2024-10-04,Solar Panel Kit,1,20330.29,Pending,Financing
TES-O12950,TES-C5110,2023-04-06,Supercharging Credits,5,182.83,Pending,Financing
TES-O12265,TES-C8752,2025-02-12,Supercharging Credits,4,163.52,Delivered,Cash
TES-O12768,TES-C4676,2023-06-20,Model S,1,85234.99,Pending,Financing
TES-O8708,TES-C5065,2025-10-19,Merchandise,3,157.18,Cancelled,Cash
TES-O9955,TES-C1133,2024-02-01,Supercharging Credits,4,39.57,Shipped,Lease
TES-O14600,TES-C4527,2025-05-14,Model 3,1,44604.17,Pending,Lease
TES-O7937,TES-C9259,2025-06-26,Powerwall,1,9440.77,Returned,Credit Card
TES-O11528,TES-C7538,2025-05-29,Model Y,1,42973.79,Delivered,Credit Card
TES-O9663,TES-C9999,2025-07-20,Model X,1,94878.75,Cancelled,Lease
TES-O8036,TES-C8561,2024-11-01,Model S,1,77788.89,Returned,Cash
TES-O10645,TES-C1984,2025-06-19,Model 3,1,45588.3,Delivered,Financing
TES-O7529,TES-C1129,2025-05-22,Merchandise,2,91.54,Cancelled,Financing
TES-O7638,TES-C2199,2024-07-13,Merchandise,5,133.54,Delivered,Financing
TES-O12073,TES-C9214,2025-07-15,Model S,1,75090.08,Shipped,Cash
TES-O6531,TES-C10349,2024-11-14,Powerwall,1,9147.7,Returned,Cash
TES-O11072,TES-C3905,2023-11-08,Supercharging Credits,1,139.56,Cancelled,Credit Card
TES-O8443,TES-C4321,2025-03-23,Supercharging Credits,4,21.31,Delivered,Cash
TES-O8481,TES-C1665,2025-11-19,Model 3,1,42597.91,Returned,Credit Card
TES-O14516,TES-C3005,2023-10-11,Powerwall,1,11068.63,Cancelled,Financing
TES-O8707,TES-C2553,2023-08-25,Solar Panel Kit,1,22720.81,Delivered,Financing
TES-O6210,TES-C5635,2025-12-01,Model S,1,77588.23,Delivered,Financing
TES-O10396,TES-C5204,2023-06-06,Model S,1,78123.5,Cancelled,Lease
TES-O7615,TES-C8125,2025-11-29,Solar Panel Kit,1,16061.81,Pending,Cash
TES-O14705,TES-C9999,2025-03-26,Merchandise,4,22.09,Cancelled,Lease
TES-O11225,TES-C3004,2025-03-31,Model 3,1,38781.81,Delivered,Lease
TES-O7204,TES-C9294,2025-12-07,Supercharging Credits,3,195.82,Pending,Lease
TES-O7836,TES-C4226,2024-01-18,Model Y,1,52509.07,Delivered,Cash
TES-O7980,TES-C1935,2024-03-05,Model 3,1,40641.38,Delivered,Lease
TES-O13375,TES-C10195,2023-02-16,Solar Panel Kit,1,18677.65,Delivered,Financing
TES-O10788,TES-C3586,2025-03-13,Model 3,1,45845.37,Pending,Financing
TES-O9465,TES-C7230,2023-05-09,Powerwall,1,10406.43,Returned,Financing
TES-O5480,TES-C2032,2024-12-27,Model X,1,85049.09,Cancelled,Financing
TES-O7114,TES-C5415,2024-02-23,Model X,1,90443.02,Delivered,Credit Card
TES-O9626,TES-C9109,2025-09-30,Model 3,1,45739.33,Delivered,Credit Card
TES-O8311,TES-C2121,2025-07-19,Merchandise,5,147.0,Returned,Cash
TES-O7432,TES-C7547,2024-02-17,Model S,1,78411.4,Shipped,Credit Card
TES-O5307,TES-C4592,2025-11-30,Powerwall,1,9165.78,Cancelled,Financing
TES-O12095,TES-C4146,2023-04-07,Model S,1,88528.78,Shipped,Lease
TES-O11084,TES-C6043,2025-05-23,Merchandise,3,111.68,Returned,Financing
TES-O6493,TES-C9974,2024-02-13,Solar Panel Kit,1,16705.48,Cancelled,Credit Card
TES-O8371,TES-C10924,2025-03-08,Solar Panel Kit,1,24213.27,Delivered,Financing
TES-O13629,TES-C3014,2025-06-23,Solar Panel Kit,1,24771.49,Pending,Credit Card
TES-O13044,TES-C9974,2024-04-14,Merchandise,4,157.27,Delivered,Credit Card
TES-O10744,TES-C9086,2023-01-17,Merchandise,2,39.55,Delivered,Financing
TES-O12797,TES-C6129,2024-12-11,Model X,1,80348.53,Cancelled,Financing
TES-O14127,TES-C6448,2024-10-19,Model S,1,94683.3,Delivered,Credit Card
TES-O10750,TES-C4152,2025-12-16,Powerwall,1,9168.15,Returned,Financing
TES-O14315,TES-C5043,2025-05-09,Powerwall,1,10714.14,Shipped,Financing
TES-O8644,TES-C6105,2025-03-12,Model S,1,80556.29,Delivered,Lease
TES-O11144,TES-C3081,2023-01-26,Model S,1,76401.77,Pending,Credit Card
TES-O9424,TES-C4869,2023-02-27,Powerwall,1,11650.58,Returned,Cash
TES-O10920,TES-C5780,2024-08-08,Model X,1,99166.23,Delivered,Financing
TES-O10478,TES-C7001,2023-04-05,Merchandise,5,227.22,Returned,Financing
TES-O5672,TES-C6545,2025-06-13,Model Y,1,52442.22,Returned,Cash
TES-O10092,TES-C10657,2023-06-19,Model 3,1,40076.7,Pending,Cash
TES-O5186,TES-C4103,2025-07-28,Solar Panel Kit,1,19935.54,Delivered,Cash
TES-O10065,TES-C6667,2024-01-14,Model Y,1,49895.71,Delivered,Cash
TES-O12564,TES-C3561,2023-02-02,Model Y,1,54828.26,Delivered,Financing
TES-O5282,TES-C10093,2024-11-16,Model Y,1,47635.42,Pending,Credit Card
TES-O6280,TES-C2695,2023-06-27,Model Y,1,51294.09,Shipped,Financing
TES-O5889,TES-C1277,2023-07-16,Solar Panel Kit,1,17143.74,Cancelled,Lease
TES-O11513,TES-C10605,2024-10-10,Solar Panel Kit,1,20433.33,Cancelled,Lease
TES-O6992,TES-C1429,2025-02-07,Merchandise,4,279.63,Delivered,Lease
TES-O12002,TES-C10918,2024-07-11,Supercharging Credits,1,191.27,Delivered,Lease
TES-O11066,TES-C3469,2023-02-10,Supercharging Credits,5,138.5,Pending,Credit Card
TES-O9132,TES-C2801,2025-11-19,Solar Panel Kit,1,21140.73,Delivered,Credit Card
TES-O9650,TES-C1509,2025-02-20,Solar Panel Kit,1,17997.68,Shipped,Financing
TES-O11568,TES-C5775,2023-10-12,Solar Panel Kit,1,22837.31,Shipped,Credit Card
TES-O8106,TES-C9583,2024-05-05,Model Y,1,45424.27,Returned,Credit Card
TES-O12389,TES-C2782,2023-06-10,Powerwall,1,9835.57,Cancelled,Credit Card
TES-O13723,TES-C4766,2024-03-26,Supercharging Credits,5,63.55,Delivered,Lease
TES-O9432,TES-C2114,2024-10-29,Powerwall,1,9046.68,Delivered,Lease
TES-O12569,TES-C9581,2023-02-04,Model S,1,81799.99,Delivered,Lease
TES-O14174,TES-C10729,2024-01-13,Powerwall,1,11468.63,Returned,Credit Card
TES-O9496,TES-C4508,2025-05-25,Model S,1,94772.9,Cancelled,Cash
TES-O5852,TES-C3537,2024-06-08,Model X,1,81866.12,Shipped,Cash
TES-O12068,TES-C2567,2023-05-10,Model X,1,92535.23,Cancelled,Financing
TES-O12491,TES-C9166,2025-01-06,Supercharging Credits,1,26.08,Cancelled,Lease
TES-O7460,TES-C2306,2025-03-03,Model 3,1,47146.13,Shipped,Lease
TES-O13961,TES-C3868,2023-05-08,Model X,1,81265.66,Delivered,Credit Card
TES-O7979,TES-C6128,2024-09-17,Solar Panel Kit,1,21208.04,Pending,Financing
TES-O14355,TES-C5507,2024-01-12,Model 3,1,38901.02,Shipped,Financing
TES-O13864,TES-C1502,2025-06-29,Solar Panel Kit,1,19338.51,Delivered,Credit Card
TES-O12024,TES-C5507,2024-03-14,Supercharging Credits,2,135.76,Delivered,Financing
TES-O11229,TES-C2570,2024-07-07,Merchandise,3,189.0,Pending,Cash
TES-O14850,TES-C6163,2025-11-30,Model S,1,88322.7,Delivered,Financing
TES-O11368,TES-C9591,2023-10-14,Model Y,1,48006.67,Unknown,Financing
TES-O6722,TES-C9999,2025-03-31,Supercharging Credits,1,144.42,Returned,Cash
TES-O6560,TES-C8489,2024-09-04,Model 3,1,42395.36,Returned,Cash
TES-O11659,TES-C5861,2025-05-22,Solar Panel Kit,1,18797.13,Returned,Credit Card
TES-O8282,TES-C3266,2025-02-28,Merchandise,5,90.53,Pending,Lease
TES-O11859,TES-C6534,2023-05-09,Model S,1,91536.48,Shipped,Cash
TES-O11189,TES-C8130,2025-10-28,Model X,1,80032.4,Cancelled,Credit Card
TES-O9381,TES-C7379,2024-07-23,Model S,1,93170.28,Delivered,Lease
TES-O5184,TES-C1758,2025-06-07,Model Y,1,44215.42,Delivered,Financing
TES-O12136,TES-C4632,2023-09-16,Solar Panel Kit,1,23076.1,Delivered,Cash
TES-O6063,TES-C6200,2025-10-25,Powerwall,1,10019.34,Shipped,Financing
TES-O9914,TES-C9692,2025-04-14,Powerwall,1,11404.78,Returned,Financing
TES-O14456,TES-C1236,2024-10-18,Supercharging Credits,3,48.1,Cancelled,Financing
TES-O5579,TES-C8462,2025-09-15,Model Y,1,44510.4,Cancelled,Financing
TES-O6889,TES-C4136,2024-03-08,Merchandise,3,261.94,Shipped,Cash
TES-O11175,TES-C1178,2025-01-15,Solar Panel Kit,1,21208.75,Pending,Cash
TES-O12684,TES-C10770,2025-04-26,Model S,1,78093.53,Pending,Financing
TES-O5168,TES-C9121,2024-02-02,Model S,1,92329.58,Pending,Cash
TES-O9966,TES-C7941,2025-02-14,Solar Panel Kit,1,18964.85,Delivered,Financing
TES-O11614,TES-C1480,2023-06-21,Model X,1,99758.53,Unknown,Cash
TES-O11692,TES-C4734,2025-01-29,Model X,1,96796.16,Pending,Lease
TES-O12363,TES-C9513,2025-07-14,Model X,1,88030.96,Delivered,Cash
TES-O13318,TES-C2599,2024-08-03,Model S,1,93974.85,Shipped,Credit Card
TES-O12088,TES-C8175,2023-11-16,Model Y,1,51107.5,Returned,Cash
TES-O10594,TES-C8122,2023-06-27,Powerwall,1,9837.43,Pending,Credit Card
TES-O11615,TES-C6895,2023-02-20,Model Y,1,48964.12,Pending,Financing
TES-O13076,TES-C2884,2024-03-19,Powerwall,1,10292.57,Delivered,Credit Card
TES-O6725,TES-C1450,2025-05-08,Model Y,1,46888.8,Delivered,Financing
TES-O10882,TES-C10605,2025-08-31,Model X,1,96478.56,Delivered,Cash
TES-O8656,TES-C10974,2024-11-12,Model Y,1,49709.81,Delivered,Lease
TES-O7877,TES-C1228,2025-03-31,Model X,1,86249.59,Cancelled,Cash
TES-O6259,TES-C1571,2023-07-29,Model Y,1,42956.65,Delivered,Lease
TES-O14384,TES-C7253,2023-02-24,Solar Panel Kit,1,23268.82,Cancelled,Credit Card
TES-O5858,TES-C6865,2023-08-05,Model 3,1,47617.98,Delivered,Financing
TES-O14914,TES-C4034,2023-11-03,Model S,1,79840.79,Delivered,Credit Card
TES-O8321,TES-C9624,2023-01-21,Powerwall,1,11463.47,Shipped,Lease
TES-O7775,TES-C9952,2024-02-19,Solar Panel Kit,1,23491.39,Delivered,Lease
TES-O8882,TES-C9478,2023-08-19,Powerwall,1,11239.28,Delivered,Financing
TES-O5631,TES-C9999,2023-05-19,Merchandise,2,86.18,Delivered,Credit Card
TES-O5482,TES-C7490,2023-06-01,Model X,1,84877.38,Returned,Credit Card
TES-O8426,TES-C8827,2025-02-21,Model X,1,88578.57,Delivered,Lease
TES-O6078,TES-C2864,2023-07-04,Supercharging Credits,1,10.92,Pending,Financing
TES-O7715,TES-C9261,2024-11-01,Powerwall,1,11150.18,Delivered,Credit Card
TES-O14683,TES-C9999,2024-02-08,Merchandise,4,276.89,Unknown,Financing
TES-O9968,TES-C10627,2023-10-14,Model S,1,91967.59,Delivered,Credit Card
TES-O11168,TES-C3389,2025-10-31,Model 3,1,41295.25,Pending,Lease
TES-O5891,TES-C10242,2024-07-10,Model S,1,88435.17,Returned,Lease
TES-O13061,TES-C5093,2024-01-23,Supercharging Credits,4,144.57,Pending,Lease
TES-O14403,TES-C9398,2023-04-26,Powerwall,1,9188.02,Cancelled,Cash
TES-O10526,TES-C1252,2024-07-17,Solar Panel Kit,1,18917.65,Cancelled,Cash
TES-O14703,TES-C1987,2025-08-13,Powerwall,1,9773.5,Shipped,Financing
TES-O9524,TES-C4878,2025-07-02,Supercharging Credits,5,115.22,Delivered,Cash
TES-O6048,TES-C6509,2024-01-03,Merchandise,5,25.83,Returned,Financing
TES-O9082,TES-C3578,2024-03-26,Solar Panel Kit,1,18209.36,Pending,Credit Card
TES-O7618,TES-C3644,2025-10-16,Model S,1,87577.02,Shipped,Credit Card
TES-O6464,TES-C4497,2023-08-01,Model 3,1,40315.45,Unknown,Cash
TES-O12232,TES-C1836,2025-12-15,Solar Panel Kit,1,20133.4,Delivered,Cash
TES-O10796,TES-C5940,2025-11-27,Model 3,1,45094.83,Cancelled,Lease
TES-O13077,TES-C8496,2024-06-13,Solar Panel Kit,1,20878.45,Cancelled,Cash
TES-O8498,TES-C9171,2025-09-11,Supercharging Credits,1,153.91,Delivered,Financing
TES-O7629,TES-C1321,2025-05-04,Solar Panel Kit,1,17164.25,Shipped,Financing
TES-O12199,TES-C5328,2025-10-07,Supercharging Credits,2,180.91,Shipped,Financing
TES-O10563,TES-C4502,2023-03-01,Model Y,1,45809.0,Delivered,Financing
TES-O5697,TES-C3847,2023-02-12,Supercharging Credits,5,156.73,Delivered,Cash
TES-O6466,TES-C5476,2024-04-03,Model Y,1,49637.23,Pending,Financing
TES-O8995,TES-C3843,2023-09-03,Solar Panel Kit,1,20787.16,Delivered,Lease
TES-O6558,TES-C5064,2023-11-13,Model Y,1,44112.42,Pending,Lease
TES-O14133,TES-C3233,2023-08-03,Model S,1,88829.03,Delivered,Cash
TES-O12288,TES-C7764,2025-01-09,Powerwall,1,9218.8,Shipped,Cash
TES-O7478,TES-C2923,2024-06-25,Model S,1,82736.33,Delivered,Credit Card
TES-O5353,TES-C9190,2024-11-03,Merchandise,4,298.07,Cancelled,Financing
TES-O6216,TES-C10393,2024-03-04,Model S,1,76752.35,Shipped,Credit Card
TES-O7784,TES-C7120,2023-07-04,Merchandise,1,272.79,Delivered,Cash
TES-O8341,TES-C6486,2023-12-17,Merchandise,1,128.26,Delivered,Credit Card
TES-O13084,TES-C5577,2024-05-30,Model Y,1,49596.86,Pending,Cash
TES-O10215,TES-C5702,2025-09-26,Powerwall,1,11031.98,Returned,Cash
TES-O6488,TES-C5776,2024-01-12,Powerwall,1,10492.4,Shipped,Cash
TES-O12671,TES-C3512,2023-05-27,Model X,1,87230.74,Cancelled,Cash
TES-O14116,TES-C6421,2023-03-06,Model X,1,83018.98,Returned,Financing
TES-O12853,TES-C4548,2025-12-16,Supercharging Credits,4,180.04,Cancelled,Lease
TES-O12558,TES-C7762,2023-08-30,Model S,1,77388.72,Delivered,Credit Card
TES-O9163,TES-C10588,2023-07-15,Model 3,1,39227.48,Delivered,Lease
TES-O9272,TES-C9999,2025-06-13,Model S,1,91802.36,Delivered,Lease
TES-O11962,TES-C3769,2023-02-28,Merchandise,3,117.64,Cancelled,Credit Card
TES-O7267,TES-C3505,2023-08-30,Model X,1,98465.74,Delivered,Cash
TES-O6859,TES-C10040,2023-12-23,Merchandise,3,149.73,Delivered,Lease
TES-O13048,TES-C3706,2025-02-01,Merchandise,1,137.79,Shipped,Lease
TES-O12188,TES-C5581,2024-04-02,Model S,1,92821.17,Cancelled,Financing
TES-O10944,TES-C1531,2025-06-02,Solar Panel Kit,1,15098.78,Cancelled,Credit Card
TES-O12608,TES-C5449,2023-09-28,Model X,1,96904.23,Delivered,Cash
TES-O10811,TES-C1526,2024-11-09,Merchandise,3,296.14,Returned,Financing
TES-O7333,TES-C6169,2023-10-28,Model 3,1,38716.98,Pending,Financing
TES-O7133,TES-C6183,2023-11-06,Supercharging Credits,4,196.59,Delivered,Lease
TES-O10790,TES-C9581,2024-07-06,Merchandise,4,128.54,Shipped,Cash
TES-O12477,TES-C10780,2025-07-18,Solar Panel Kit,1,20573.34,Pending,Credit Card
TES-O12230,TES-C3962,2023-05-08,Powerwall,1,10777.78,Delivered,Cash
TES-O6190,TES-C4875,2023-08-18,Solar Panel Kit,1,24940.22,Cancelled,Lease
TES-O9009,TES-C3839,2025-05-23,Solar Panel Kit,1,16737.59,Shipped,Credit Card
TES-O14638,TES-C9540,2024-04-08,Solar Panel Kit,1,23640.37,Returned,Financing
TES-O6806,TES-C10765,2025-05-01,Supercharging Credits,4,163.26,Pending,Credit Card
TES-O8334,TES-C3211,2024-05-19,Powerwall,1,10976.09,Cancelled,Financing
TES-O12357,TES-C8868,2024-01-01,Merchandise,5,217.0,Delivered,Cash
TES-O13976,TES-C1996,2025-01-28,Model X,1,93421.61,Delivered,Lease
TES-O7575,TES-C5384,2025-05-17,Solar Panel Kit,1,21566.57,Delivered,Financing
TES-O12161,TES-C6483,2025-10-28,Powerwall,1,11866.94,Delivered,Lease
TES-O12538,TES-C8108,2025-10-23,Solar Panel Kit,1,16511.61,Delivered,Lease
TES-O11617,TES-C2037,2025-12-08,Model S,1,90716.32,Shipped,Cash
TES-O5869,TES-C9056,2025-10-25,Model Y,1,52645.0,Delivered,Lease
TES-O6360,TES-C1718,2024-08-30,Merchandise,4,88.32,Delivered,Credit Card
TES-O12091,TES-C10389,2025-10-01,Merchandise,4,243.53,Delivered,Cash
TES-O5753,TES-C8727,2025-01-28,Model S,1,94273.04,Delivered,Cash
TES-O12367,TES-C2451,2023-06-04,Model Y,1,43801.06,Pending,Financing
TES-O12157,TES-C5644,2025-08-05,Model 3,1,46941.87,Cancelled,Lease
TES-O5193,TES-C2865,2024-05-09,Model X,1,86178.21,Pending,Financing
TES-O9718,TES-C9350,2024-04-27,Powerwall,1,11949.18,Delivered,Financing
TES-O9861,TES-C8231,2025-03-23,Model 3,1,44895.72,Shipped,Financing
TES-O5949,TES-C5320,2025-06-24,Powerwall,1,9751.59,Delivered,Credit Card
TES-O12305,TES-C8092,2023-12-12,Model 3,1,40449.29,Returned,Cash
TES-O7843,TES-C8632,2023-04-24,Powerwall,1,10125.85,Cancelled,Cash
TES-O11996,TES-C7899,2025-09-24,Solar Panel Kit,1,22009.9,Delivered,Credit Card
TES-O7048,TES-C2974,2025-03-20,Model 3,1,44222.59,Returned,Credit Card
TES-O5371,TES-C2601,2025-05-09,Model 3,1,41842.25,Cancelled,Cash
TES-O14297,TES-C7222,2024-08-10,Merchandise,4,291.46,Cancelled,Cash
TES-O12459,TES-C4343,2023-07-26,Model S,1,81879.31,Delivered,Lease
TES-O5313,TES-C2577,2024-09-14,Supercharging Credits,4,161.19,Pending,Lease
TES-O12483,TES-C7174,2024-02-26,Model 3,1,45690.46,Pending,Lease
TES-O13911,TES-C8218,2023-03-25,Model Y,1,43877.32,Shipped,Lease
TES-O6733,TES-C1626,2024-07-02,Model Y,1,49312.66,Delivered,Financing
TES-O6544,TES-C3535,2023-09-07,Model Y,1,42903.16,Pending,Credit Card
TES-O7722,TES-C3860,2025-07-11,Model S,1,86337.03,Returned,Cash
TES-O8560,TES-C7088,2023-11-15,Model S,1,78343.48,Returned,Cash
TES-O11274,TES-C6018,2025-03-24,Model X,1,96675.14,Cancelled,Lease
TES-O13240,TES-C5135,2024-01-11,Model Y,1,47824.86,Delivered,Financing
TES-O7317,TES-C7490,2025-07-06,Model X,1,97183.54,Pending,Credit Card
TES-O14508,TES-C8644,2023-09-06,Model S,1,77744.02,Delivered,Lease
TES-O8398,TES-C3794,2025-04-17,Powerwall,1,9923.48,Delivered,Credit Card
TES-O5344,TES-C1797,2025-02-11,Model S,1,92225.74,Returned,Cash
TES-O10185,TES-C9136,2025-09-27,Model Y,1,45078.91,Delivered,Financing
TES-O10560,TES-C6534,2025-02-01,Model S,1,85093.47,Returned,Lease
TES-O7649,TES-C1010,2024-07-24,Model X,1,92941.08,Delivered,Financing
TES-O10138,TES-C2542,2024-05-30,Model Y,1,44215.59,Pending,Credit Card
TES-O11042,TES-C8280,2024-11-25,Model 3,1,38522.38,Pending,Lease
TES-O13889,TES-C10434,2024-10-28,Model S,1,80921.21,Pending,Credit Card
TES-O12264,TES-C4821,2023-07-22,Supercharging Credits,3,143.53,Shipped,Credit Card
TES-O5347,TES-C10626,2025-03-10,Powerwall,1,10989.55,Returned,Cash
TES-O12040,TES-C4783,2025-05-03,Solar Panel Kit,1,16900.77,Pending,Cash
TES-O11538,TES-C9776,2025-02-02,Model 3,1,42254.29,Pending,Credit Card
TES-O12186,TES-C7534,2025-02-12,Model Y,1,46407.95,Pending,Financing
TES-O9583,TES-C3862,2023-10-08,Supercharging Credits,5,126.03,Delivered,Cash
TES-O14889,TES-C7593,2023-10-07,Powerwall,1,10157.62,Delivered,Lease
TES-O11440,TES-C1225,2023-06-03,Powerwall,1,11971.24,Pending,Lease
TES-O5342,TES-C8765,2025-11-20,Merchandise,3,86.48,Shipped,Credit Card
TES-O12596,TES-C2326,2023-04-20,Model X,1,94638.2,Delivered,Cash
TES-O13134,TES-C8019,2023-01-16,Model 3,1,46231.64,Pending,Lease
TES-O7229,TES-C9455,2024-03-16,Model 3,1,42667.82,Pending,Credit Card
TES-O10018,TES-C5581,2025-05-27,Model 3,1,40802.89,Delivered,Lease
TES-O12400,TES-C5174,2024-05-07,Powerwall,1,9968.44,Returned,Credit Card
TES-O14693,TES-C8849,2023-05-30,Supercharging Credits,1,141.22,Shipped,Credit Card
TES-O14138,TES-C2794,2023-11-11,Model 3,1,40074.37,Delivered,Lease
TES-O5543,TES-C5442,2025-08-09,Model X,1,99930.93,Delivered,Lease
TES-O9433,TES-C2860,2025-09-01,Model 3,1,43179.5,Pending,Lease
TES-O12270,TES-C6884,2025-04-26,Solar Panel Kit,1,19189.91,Delivered,Financing
TES-O14583,TES-C7642,2023-12-19,Solar Panel Kit,1,19112.32,Delivered,Credit Card
TES-O9201,TES-C2922,2025-06-21,Powerwall,1,9688.29,Delivered,Lease
TES-O10935,TES-C1788,2023-07-06,Powerwall,1,10188.17,Delivered,Credit Card
TES-O10320,TES-C6285,2025-12-15,Powerwall,1,11765.72,Shipped,Financing
TES-O10384,TES-C9354,2025-06-12,Merchandise,4,73.12,Delivered,Cash
TES-O13056,TES-C2170,2024-07-07,Model Y,1,51467.31,Pending,Lease
TES-O7777,TES-C3706,2025-11-08,Supercharging Credits,5,174.12,Pending,Credit Card
TES-O5484,TES-C2317,2024-05-16,Powerwall,1,10691.26,Cancelled,Cash
TES-O8126,TES-C8179,2023-03-05,Model S,1,83082.78,Delivered,Cash
TES-O13754,TES-C3426,2025-11-23,Powerwall,1,10228.06,Unknown,Credit Card
TES-O5031,TES-C1402,2024-03-07,Model S,1,88270.09,Delivered,Cash
TES-O12905,TES-C10992,2025-01-19,Powerwall,1,10079.5,Shipped,Lease
TES-O13752,TES-C7138,2023-01-09,Supercharging Credits,2,62.47,Delivered,Credit Card
TES-O13086,TES-C2876,2025-12-22,Model Y,1,52891.05,Delivered,Cash
TES-O5948,TES-C3008,2025-02-27,Model Y,1,54497.41,Shipped,Credit Card
TES-O10514,TES-C5170,2024-03-08,Supercharging Credits,1,50.44,Pending,Credit Card
TES-O7431,TES-C10517,2023-06-07,Model S,1,89285.17,Delivered,Financing
TES-O6471,TES-C4235,2024-07-19,Model Y,1,53429.06,Cancelled,Credit Card
TES-O8648,TES-C3870,2023-09-29,Model 3,1,40465.88,Delivered,Cash
TES-O10462,TES-C10498,2025-10-12,Model X,1,81988.81,Pending,Cash
TES-O10877,TES-C9934,2023-01-11,Model X,1,94177.14,Shipped,Lease
TES-O12206,TES-C8877,2025-03-17,Model S,1,86332.42,Unknown,Lease
TES-O14943,TES-C10613,2024-08-20,Powerwall,1,10155.54,Returned,Cash
TES-O11730,TES-C5351,2024-06-16,Model Y,1,46706.01,Cancelled,Cash
TES-O12706,TES-C9099,2023-09-24,Powerwall,1,9878.88,Shipped,Cash
TES-O5287,TES-C4699,2025-04-09,Model S,1,89700.87,Pending,Financing
TES-O5882,TES-C10459,2025-05-10,Merchandise,1,248.45,Shipped,Credit Card
TES-O10943,TES-C1873,2024-03-01,Model 3,1,43909.41,Returned,Lease
TES-O10580,TES-C8942,2023-06-17,Model S,1,81795.12,Returned,Financing
TES-O5083,TES-C2925,2025-11-05,Merchandise,5,293.56,Delivered,Financing
TES-O10096,TES-C4495,2023-05-31,Model 3,1,46597.0,Delivered,Credit Card
TES-O10846,TES-C2407,2023-11-06,Merchandise,3,107.82,Shipped,Financing
TES-O8204,TES-C7531,2023-11-04,Model Y,1,52580.08,Delivered,Cash
TES-O8096,TES-C10406,2024-06-09,Model 3,1,38585.95,Shipped,Lease
TES-O10599,TES-C1457,2025-10-23,Model Y,1,50280.41,Pending,Cash
TES-O12090,TES-C3784,2025-10-15,Model S,1,79093.42,Delivered,Cash
TES-O12146,TES-C10028,2025-08-18,Model X,1,98230.52,Delivered,Lease
TES-O12354,TES-C7260,2023-07-18,Supercharging Credits,4,149.93,Cancelled,Lease
TES-O9478,TES-C6199,2023-08-30,Merchandise,5,21.23,Pending,Lease
TES-O12131,TES-C6744,2024-09-23,Model Y,1,46489.59,Delivered,Credit Card
TES-O9246,TES-C4464,2024-02-10,Model 3,1,46134.29,Delivered,Lease
TES-O9859,TES-C2723,2025-07-31,Model X,1,91386.83,Delivered,Cash
TES-O9269,TES-C2797,2025-06-28,Model S,1,84399.6,Pending,Lease
TES-O9349,TES-C10145,2025-05-15,Merchandise,4,50.62,Delivered,Lease
TES-O13287,TES-C5606,2023-09-05,Powerwall,1,11834.68,Cancelled,Lease
TES-O12339,TES-C5157,2025-06-16,Model X,1,84625.22,Returned,Financing
TES-O13468,TES-C6171,2023-12-30,Model 3,1,45412.01,Delivered,Lease
TES-O12811,TES-C4546,2023-06-09,Model S,1,88989.67,Returned,Financing
TES-O10922,TES-C8779,2025-07-22,Model X,1,89144.12,Delivered,Cash
TES-O12798,TES-C9207,2025-11-17,Model S,1,90201.6,Shipped,Financing
TES-O14091,TES-C2318,2023-02-23,Model S,1,88097.52,Cancelled,Financing
TES-O7035,TES-C4367,2025-03-25,Merchandise,1,40.31,Shipped,Financing
TES-O8629,TES-C7878,2025-10-26,Solar Panel Kit,1,21415.32,Shipped,Lease
TES-O11373,TES-C1806,2024-01-05,Model Y,1,49315.41,Delivered,Lease
TES-O12627,TES-C8968,2024-11-05,Model 3,1,43844.16,Cancelled,Cash
TES-O7083,TES-C4546,2024-11-21,Merchandise,5,245.68,Delivered,Financing
TES-O13919,TES-C5894,2024-01-18,Model Y,1,48976.93,Shipped,Cash
TES-O9494,TES-C10706,2024-05-16,Merchandise,4,232.46,Returned,Lease
TES-O7270,TES-C8585,2025-09-01,Model 3,1,45463.72,Shipped,Credit Card
TES-O9284,TES-C7353,2023-08-03,Solar Panel Kit,1,15826.41,Cancelled,Cash
TES-O6866,TES-C2584,2025-02-01,Model Y,1,49457.32,Delivered,Cash
TES-O6370,TES-C10822,2024-07-02,Model S,1,92048.28,Delivered,Cash
TES-O10614,TES-C5238,2025-10-06,Merchandise,1,286.27,Shipped,Financing
TES-O11004,TES-C1256,2023-01-30,Supercharging Credits,1,170.48,Delivered,Cash
TES-O5472,TES-C6317,2023-08-23,Model S,1,93328.93,Cancelled,Lease
TES-O13903,TES-C1212,2023-08-20,Supercharging Credits,3,84.88,Delivered,Financing
TES-O12892,TES-C2369,2025-10-16,Powerwall,1,10738.45,Delivered,Lease
TES-O9393,TES-C9146,2025-03-11,Powerwall,1,9972.58,Returned,Credit Card
TES-O11038,TES-C7971,2025-07-07,Model Y,1,47058.95,Delivered,Financing
TES-O12247,TES-C1931,2024-12-08,Model 3,1,42933.15,Pending,Credit Card
TES-O13840,TES-C4586,2025-04-11,Model Y,1,46811.09,Shipped,Credit Card
TES-O11157,TES-C7628,2023-07-18,Supercharging Credits,1,162.6,Pending,Cash
TES-O9946,TES-C5348,2024-11-22,Model S,1,89079.31,Delivered,Credit Card
TES-O8514,TES-C9335,2023-12-06,Model Y,1,47134.11,Delivered,Credit Card
TES-O9024,TES-C1949,2024-11-19,Supercharging Credits,3,36.44,Delivered,Credit Card
TES-O5789,TES-C10279,2025-01-01,Supercharging Credits,2,73.02,Pending,Financing
TES-O11868,TES-C10357,2025-03-30,Model 3,1,45926.94,Delivered,Lease
TES-O5241,TES-C10482,2023-05-09,Model X,1,99792.05,Shipped,Credit Card
TES-O14589,TES-C3856,2025-11-29,Supercharging Credits,5,124.87,Delivered,Financing
TES-O13907,TES-C10172,2024-02-02,Model S,1,75075.02,Pending,Financing
TES-O11489,TES-C3236,2024-10-15,Model 3,1,44105.31,Delivered,Financing
TES-O6455,TES-C4392,2025-04-22,Model S,1,76820.14,Delivered,Financing
TES-O6430,TES-C6239,2023-11-21,Powerwall,1,11454.68,Delivered,Lease
TES-O13105,TES-C2790,2025-04-15,Model S,1,84815.83,Pending,Financing
TES-O13406,TES-C10259,2025-03-21,Solar Panel Kit,1,18000.04,Delivered,Cash
TES-O14630,TES-C1728,2024-09-27,Powerwall,1,9034.33,Shipped,Cash
TES-O5988,TES-C8649,2025-04-23,Solar Panel Kit,1,24108.44,Pending,Financing
TES-O9385,TES-C8617,2023-04-29,Powerwall,1,11728.22,Delivered,Credit Card
TES-O7914,TES-C4079,2025-06-26,Model X,1,95497.83,Pending,Lease
TES-O12713,TES-C3716,2023-06-02,Powerwall,1,11003.56,Cancelled,Lease
TES-O11850,TES-C1915,2024-03-29,Solar Panel Kit,1,19385.68,Delivered,Credit Card
TES-O14767,TES-C2147,2023-05-05,Powerwall,1,9763.14,Pending,Credit Card
TES-O7841,TES-C6646,2024-03-03,Model Y,1,49385.07,Pending,Lease
TES-O8539,TES-C10602,2025-10-15,Model Y,1,50591.54,Delivered,Lease
TES-O14729,TES-C8033,2025-11-28,Solar Panel Kit,1,24709.49,Delivered,Financing
TES-O7218,TES-C6014,2025-09-21,Model 3,1,41852.54,Delivered,Lease
TES-O5552,TES-C10446,2025-08-16,Model S,1,78466.0,Pending,Lease
TES-O5362,TES-C7287,2024-02-10,Model X,1,86719.45,Pending,Financing
TES-O12597,TES-C4350,2023-01-16,Model Y,1,48660.94,Shipped,Lease
TES-O14609,TES-C5443,2024-05-05,Powerwall,1,10020.97,Delivered,Cash
TES-O11207,TES-C1137,2023-05-24,Model Y,1,47892.69,Delivered,Cash
TES-O10086,TES-C1306,2023-09-07,Merchandise,1,282.57,Cancelled,Financing
TES-O11833,TES-C7865,2023-07-21,Powerwall,1,10342.83,Delivered,Credit Card
TES-O14388,TES-C1326,2025-05-14,Merchandise,2,33.82,Delivered,Credit Card
TES-O14515,TES-C6061,2023-10-06,Merchandise,5,186.55,Pending,Lease
TES-O14884,TES-C8775,2024-09-21,Model 3,1,38499.18,Cancelled,Credit Card
TES-O10781,TES-C9380,2023-10-13,Powerwall,1,9375.83,Returned,Cash
TES-O12750,TES-C6512,2023-05-19,Supercharging Credits,1,132.47,Returned,Financing
TES-O11597,TES-C4795,2024-09-01,Model S,1,84674.1,Returned,Financing
TES-O8425,TES-C5873,2025-04-17,Supercharging Credits,3,84.46,Shipped,Credit Card
TES-O9099,TES-C7601,2025-11-11,Model 3,1,45412.55,Shipped,Cash
TES-O11884,TES-C2562,2024-11-17,Model S,1,87190.33,Delivered,Credit Card
TES-O9481,TES-C6074,2025-02-20,Model 3,1,45175.12,Returned,Financing
TES-O8898,TES-C8277,2023-09-09,Model X,1,97486.54,Pending,Lease
TES-O8151,TES-C9570,2025-06-30,Model X,1,87896.79,Cancelled,Financing
TES-O9876,TES-C9488,2024-05-03,Model X,1,88287.1,Delivered,Lease
TES-O7275,TES-C4642,2024-04-29,Model S,1,94394.79,Cancelled,Credit Card
TES-O14087,TES-C5005,2024-07-31,Model X,1,98834.0,Shipped,Credit Card
TES-O5640,TES-C9930,2024-01-24,Solar Panel Kit,1,20720.53,Cancelled,Financing
TES-O10411,TES-C1538,2025-11-06,Solar Panel Kit,1,18939.34,Shipped,Cash
TES-O13165,TES-C10894,2023-12-09,Merchandise,4,172.34,Cancelled,Financing
TES-O9414,TES-C4794,2025-12-16,Merchandise,4,134.83,Delivered,Credit Card
TES-O12984,TES-C6793,2023-03-02,Model Y,1,53524.8,Cancelled,Financing
TES-O13183,TES-C4866,2023-02-09,Solar Panel Kit,1,17463.7,Delivered,Cash
TES-O5225,TES-C10344,2025-03-01,Powerwall,1,9014.08,Delivered,Cash
TES-O14086,TES-C4441,2024-10-11,Model X,1,85225.91,Cancelled,Lease
TES-O9925,TES-C9701,2024-04-18,Solar Panel Kit,1,15789.05,Pending,Cash
TES-O13047,TES-C8366,2024-03-22,Model 3,1,47926.29,Shipped,Cash
TES-O12589,TES-C3117,2023-04-02,Solar Panel Kit,1,20113.39,Delivered,Credit Card
TES-O10629,TES-C6056,2025-04-12,Model Y,1,45375.54,Cancelled,Financing
TES-O14019,TES-C6689,2024-10-30,Model X,1,89413.72,Shipped,Credit Card
TES-O13717,TES-C3551,2023-07-09,Model S,1,88764.71,Shipped,Cash
TES-O12698,TES-C1239,2024-08-24,Model 3,1,43679.77,Cancelled,Financing
TES-O10180,TES-C8898,2025-04-11,Model S,1,89442.07,Delivered,Financing
TES-O9289,TES-C3765,2023-08-02,Merchandise,1,74.59,Delivered,Lease
TES-O7637,TES-C4697,2023-07-16,Model X,1,83122.82,Returned,Lease
TES-O14601,TES-C10834,2023-10-07,Solar Panel Kit,1,20874.42,Pending,Financing
TES-O6685,TES-C7568,2023-11-22,Solar Panel Kit,1,23073.44,Cancelled,Credit Card
TES-O12812,TES-C1227,2023-10-19,Model S,1,80627.37,Delivered,Credit Card
TES-O6899,TES-C7582,2025-11-30,Powerwall,1,9266.78,Delivered,Cash
TES-O11797,TES-C9999,2025-05-26,Solar Panel Kit,1,22883.03,Delivered,Cash
TES-O7113,TES-C4701,2023-09-25,Solar Panel Kit,1,17298.0,Returned,Credit Card
TES-O12275,TES-C1836,2023-11-01,Merchandise,2,224.6,Shipped,Financing
TES-O12402,TES-C9065,2023-01-18,Model 3,1,45722.67,Cancelled,Lease
TES-O13970,TES-C9425,2024-11-28,Powerwall,1,9500.01,Pending,Cash
TES-O5717,TES-C7511,2024-06-28,Model X,1,96170.67,Delivered,Lease
TES-O7292,TES-C4765,2025-09-15,Powerwall,1,10705.47,Returned,Cash
TES-O5154,TES-C2366,2024-02-22,Supercharging Credits,1,32.3,Delivered,Financing
TES-O14648,TES-C4733,2023-11-24,Solar Panel Kit,1,23077.41,Cancelled,Lease
TES-O8659,TES-C3018,2023-12-18,Model Y,1,48621.32,Delivered,Credit Card
TES-O11693,TES-C6249,2025-05-31,Model S,1,84438.38,Delivered,Credit Card
TES-O9063,TES-C5719,2024-04-14,Powerwall,1,11714.74,Cancelled,Cash
TES-O10547,TES-C8543,2023-12-26,Powerwall,1,9959.32,Shipped,Credit Card
TES-O13328,TES-C4802,2023-04-25,Model S,1,87975.78,Returned,Cash
TES-O10722,TES-C5566,2023-06-10,Model Y,1,46324.69,Returned,Cash
TES-O9620,TES-C1375,2025-08-20,Merchandise,2,153.69,Pending,Lease
TES-O14513,TES-C10085,2023-12-13,Model X,1,80400.67,Delivered,Financing
TES-O9133,TES-C7553,2024-05-24,Solar Panel Kit,1,19337.82,Returned,Lease
TES-O8360,TES-C2004,2023-02-28,Model S,1,85194.78,Delivered,Credit Card
TES-O10502,TES-C1197,2023-08-24,Model 3,1,47803.03,Delivered,Cash
TES-O13447,TES-C2126,2025-04-23,Model 3,1,43039.49,Delivered,Credit Card
TES-O12776,TES-C5690,2023-10-11,Powerwall,1,9856.67,Cancelled,Lease
TES-O7335,TES-C4783,2024-05-27,Merchandise,4,295.01,Shipped,Financing
TES-O9999,TES-C2033,2024-08-12,Powerwall,1,10316.79,Delivered,Lease
TES-O12273,TES-C3277,2024-03-11,Model 3,1,40246.43,Delivered,Lease
TES-O8786,TES-C7725,2025-08-02,Merchandise,5,85.96,Returned,Lease
TES-O9448,TES-C9999,2025-09-18,Merchandise,5,191.25,Returned,Financing
TES-O11098,TES-C2659,2024-07-08,Solar Panel Kit,1,21170.11,Returned,Credit Card
TES-O10368,TES-C8998,2024-10-24,Model Y,1,48571.45,Cancelled,Cash
TES-O11205,TES-C3793,2025-10-22,Model 3,1,47310.67,Delivered,Lease
TES-O7769,TES-C8171,2025-06-22,Supercharging Credits,3,75.13,Delivered,Cash
TES-O6504,TES-C7934,2023-02-23,Supercharging Credits,1,11.2,Delivered,Financing
TES-O14071,TES-C4934,2023-07-15,Model Y,1,51393.26,Delivered,Financing
TES-O13096,TES-C1023,2023-03-31,Supercharging Credits,3,25.59,Delivered,Cash
TES-O8518,TES-C6957,2024-04-30,Solar Panel Kit,1,20371.57,Shipped,Financing
TES-O9629,TES-C6104,2025-05-21,Solar Panel Kit,1,19137.88,Returned,Cash
TES-O10933,TES-C1287,2023-10-11,Supercharging Credits,4,81.86,Delivered,Credit Card
TES-O9916,TES-C8296,2024-10-21,Model X,1,94076.96,Pending,Lease
TES-O7208,TES-C9017,2025-11-06,Model Y,1,52524.1,Shipped,Lease
TES-O5158,TES-C9038,2024-11-29,Model X,1,88124.44,Unknown,Lease
TES-O7742,TES-C5806,2024-04-06,Model 3,1,41377.98,Delivered,Credit Card
TES-O9830,TES-C3511,2023-05-25,Powerwall,1,9558.64,Pending,Lease
TES-O7988,TES-C8108,2024-11-26,Model X,1,96131.52,Shipped,Cash
TES-O13804,TES-C3197,2023-06-08,Merchandise,4,138.99,Pending,Credit Card
TES-O9907,TES-C8151,2025-12-05,Solar Panel Kit,1,24828.31,Cancelled,Lease
TES-O9394,TES-C8329,2024-03-18,Model S,1,94263.85,Delivered,Cash
TES-O9064,TES-C8634,2024-03-24,Merchandise,4,213.09,Delivered,Financing
TES-O10805,TES-C8751,2024-07-24,Model 3,1,41632.96,Cancelled,Cash
TES-O10662,TES-C10779,2025-11-10,Powerwall,1,11868.92,Pending,Credit Card
TES-O14082,TES-C5217,2024-12-07,Model X,1,87186.89,Delivered,Financing
TES-O13351,TES-C9999,2023-08-23,Solar Panel Kit,1,20755.66,Returned,Financing
TES-O11379,TES-C6375,2025-05-04,Model S,1,82644.22,Pending,Cash
TES-O7935,TES-C2132,2023-02-14,Model S,1,94764.36,Pending,Lease
TES-O7651,TES-C1944,2025-03-11,Solar Panel Kit,1,17557.39,Delivered,Financing
TES-O5741,TES-C8139,2024-09-10,Merchandise,4,95.97,Pending,Financing
TES-O6951,TES-C5480,2023-06-09,Supercharging Credits,5,144.16,Cancelled,Credit Card
TES-O8950,TES-C6335,2023-02-16,Supercharging Credits,3,107.17,Pending,Financing
TES-O13670,TES-C9827,2025-03-27,Merchandise,3,173.2,Delivered,Lease
TES-O13684,TES-C6313,2023-09-18,Solar Panel Kit,1,21312.15,Delivered,Financing
TES-O10806,TES-C10368,2025-05-06,Powerwall,1,9318.55,Delivered,Cash
TES-O8969,TES-C9999,2024-06-26,Model X,1,88932.78,Delivered,Financing
TES-O10510,TES-C10510,2023-11-28,Model Y,1,48936.84,Delivered,Lease
TES-O13145,TES-C5097,2025-09-17,Merchandise,1,208.67,Returned,Financing
TES-O7684,TES-C7532,2024-04-16,Model 3,1,41181.78,Delivered,Lease
TES-O8254,TES-C5139,2024-12-12,Model Y,1,46779.36,Cancelled,Lease
TES-O14363,TES-C3031,2023-12-16,Model S,1,82064.57,Pending,Lease
TES-O10826,TES-C3754,2023-08-03,Powerwall,1,10095.56,Returned,Financing
TES-O14684,TES-C7202,2023-08-06,Solar Panel Kit,1,19955.1,Returned,Cash
TES-O10703,TES-C3347,2025-07-11,Model 3,1,45913.19,Delivered,Lease
TES-O12621,TES-C3405,2023-10-05,Model X,1,84478.11,Cancelled,Financing
TES-O9049,TES-C8254,2024-12-29,Solar Panel Kit,1,21787.56,Pending,Cash
TES-O14328,TES-C5556,2025-06-20,Model S,1,76784.47,Delivered,Lease
TES-O11847,TES-C2506,2025-05-28,Supercharging Credits,2,74.19,Shipped,Lease
TES-O6874,TES-C8675,2024-12-28,Model Y,1,51603.57,Shipped,Credit Card
TES-O11876,TES-C3391,2023-06-01,Solar Panel Kit,1,21743.27,Returned,Financing
TES-O5096,TES-C7450,2024-08-24,Model Y,1,49314.3,Shipped,Cash
TES-O7749,TES-C10434,2024-02-27,Merchandise,2,114.85,Shipped,Financing
TES-O7017,TES-C6088,2023-08-19,Solar Panel Kit,1,16158.07,Delivered,Credit Card
TES-O7449,TES-C10267,2025-07-06,Model 3,1,44366.3,Pending,Lease
TES-O6398,TES-C3328,2024-07-28,Solar Panel Kit,1,22314.27,Cancelled,Lease
TES-O9185,TES-C10023,2024-08-09,Solar Panel Kit,1,19590.64,Delivered,Credit Card
TES-O5695,TES-C5346,2025-03-25,Supercharging Credits,5,181.04,Delivered,Financing
TES-O5694,TES-C9339,2025-01-27,Powerwall,1,10315.87,Delivered,Financing
TES-O13916,TES-C10806,2025-06-17,Model X,1,94495.63,Delivered,Cash
TES-O9727,TES-C8893,2024-01-20,Merchandise,3,262.26,Pending,Lease
TES-O10218,TES-C7567,2025-11-16,Model X,1,93637.89,Returned,Financing
TES-O10027,TES-C1211,2024-04-26,Model Y,1,51736.02,Delivered,Credit Card
TES-O9702,TES-C6200,2024-02-01,Model S,1,78648.4,Delivered,Financing
TES-O6333,TES-C2798,2023-10-21,Model S,1,89736.98,Delivered,Cash
TES-O13876,TES-C10100,2025-08-19,Model S,1,88983.86,Cancelled,Financing
TES-O6571,TES-C1489,2024-07-29,Powerwall,1,9633.83,Pending,Cash
TES-O10501,TES-C3470,2024-12-20,Model X,1,99032.55,Delivered,Lease
TES-O10191,TES-C5055,2024-01-25,Model S,1,76180.76,Shipped,Lease
TES-O12787,TES-C4913,2023-06-04,Supercharging Credits,4,191.8,Delivered,Financing
TES-O6720,TES-C8714,2025-01-19,Solar Panel Kit,1,17373.27,Returned,Credit Card
TES-O10269,TES-C8922,2024-12-05,Merchandise,5,101.21,Delivered,Cash
TES-O5043,TES-C8447,2024-04-28,Model 3,1,47899.49,Delivered,Financing
TES-O5970,TES-C6345,2024-08-12,Merchandise,2,29.19,Shipped,Credit Card
TES-O13795,TES-C2355,2025-08-24,Model 3,1,43504.59,Delivered,Financing
TES-O11509,TES-C6213,2024-09-27,Model S,1,88650.51,Delivered,Lease
TES-O8174,TES-C2908,2025-08-26,Merchandise,5,276.61,Cancelled,Cash
TES-O11213,TES-C4126,2023-05-29,Model Y,1,48949.51,Delivered,Lease
TES-O7406,TES-C8395,2023-07-14,Powerwall,1,9411.61,Delivered,Financing
TES-O12559,TES-C9191,2025-06-13,Supercharging Credits,2,42.11,Delivered,Financing
TES-O9208,TES-C6730,2024-06-20,Supercharging Credits,5,108.93,Delivered,Cash
TES-O7329,TES-C5610,2023-09-03,Model Y,1,49429.27,Delivered,Cash
TES-O5562,TES-C3872,2024-06-29,Model 3,1,46593.35,Shipped,Lease
TES-O11000,TES-C5443,2024-05-07,Powerwall,1,10066.37,Pending,Credit Card
TES-O9948,TES-C9704,2025-01-31,Solar Panel Kit,1,17821.31,Cancelled,Cash
TES-O9514,TES-C8762,2025-06-16,Model 3,1,43149.17,Delivered,Lease
TES-O12960,TES-C2915,2023-04-21,Solar Panel Kit,1,17080.75,Shipped,Lease
TES-O13858,TES-C2841,2023-09-02,Model 3,1,44360.78,Delivered,Credit Card
TES-O7920,TES-C8671,2024-05-26,Model Y,1,45380.03,Unknown,Financing
TES-O14898,TES-C4955,2023-06-29,Model 3,1,38429.13,Delivered,Credit Card
TES-O8369,TES-C10775,2025-10-30,Model 3,1,44763.45,Cancelled,Lease
TES-O9991,TES-C2720,2023-06-09,Supercharging Credits,2,33.8,Shipped,Credit Card
TES-O13052,TES-C2104,2025-07-18,Model S,1,90436.22,Delivered,Lease
TES-O9627,TES-C2034,2024-07-21,Supercharging Credits,2,102.67,Delivered,Financing
TES-O11204,TES-C7539,2023-03-31,Merchandise,4,223.09,Pending,Credit Card
TES-O7954,TES-C1143,2024-04-01,Merchandise,3,151.32,Delivered,Lease
TES-O14498,TES-C6432,2024-12-05,Supercharging Credits,3,124.08,Delivered,Lease
TES-O8194,TES-C9820,2025-11-18,Powerwall,1,10477.85,Shipped,Cash
TES-O7288,TES-C10267,2024-07-22,Model 3,1,38533.1,Shipped,Cash
TES-O7797,TES-C8183,2025-05-25,Solar Panel Kit,1,21481.5,Delivered,Cash
TES-O10820,TES-C8979,2024-11-30,Model 3,1,44512.69,Delivered,Lease
TES-O10360,TES-C2217,2025-10-28,Model X,1,96527.91,Delivered,Lease
TES-O5081,TES-C2781,2023-09-12,Model 3,1,45905.32,Cancelled,Lease
TES-O7995,TES-C10436,2023-12-06,Model Y,1,45987.57,Shipped,Lease
TES-O11975,TES-C9999,2024-09-02,Merchandise,2,117.87,Shipped,Cash
TES-O8186,TES-C5198,2024-07-05,Supercharging Credits,3,85.74,Pending,Lease
TES-O8500,TES-C6081,2024-12-29,Model 3,1,43465.06,Returned,Cash
TES-O5093,TES-C8007,2025-11-10,Merchandise,1,110.08,Pending,Cash
TES-O9264,TES-C4834,2025-01-22,Model 3,1,42374.19,Cancelled,Financing
TES-O10697,TES-C10488,2024-03-20,Solar Panel Kit,1,24354.73,Delivered,Financing
TES-O13340,TES-C1832,2025-08-19,Model 3,1,41276.48,Delivered,Credit Card
TES-O11178,TES-C9251,2025-12-13,Solar Panel Kit,1,19015.01,Shipped,Cash
TES-O5916,TES-C7431,2023-11-03,Model Y,1,54158.05,Returned,Credit Card
TES-O6161,TES-C1052,2025-08-08,Model 3,1,39295.48,Shipped,Credit Card
TES-O10476,TES-C3953,2023-08-09,Model 3,1,38159.75,Delivered,Financing
TES-O11637,TES-C6127,2025-02-18,Model X,1,97487.46,Pending,Cash
TES-O8712,TES-C5912,2024-07-22,Supercharging Credits,3,90.57,Delivered,Credit Card
TES-O14643,TES-C10488,2025-10-13,Model X,1,82228.6,Delivered,Credit Card
TES-O6692,TES-C1888,2023-12-27,Supercharging Credits,4,146.08,Shipped,Lease
TES-O11551,TES-C3258,2025-09-27,Solar Panel Kit,1,23119.3,Cancelled,Financing
TES-O6691,TES-C2876,2023-03-21,Powerwall,1,10812.8,Delivered,Lease
TES-O7467,TES-C8960,2023-10-15,Model S,1,89844.76,Unknown,Credit Card
TES-O14810,TES-C8177,2024-07-06,Model X,1,92563.02,Delivered,Cash
TES-O5571,TES-C10939,2023-12-29,Supercharging Credits,3,175.24,Delivered,Cash
TES-O14525,TES-C4183,2023-05-12,Model 3,1,47953.87,Delivered,Financing
TES-O12306,TES-C8046,2025-03-07,Supercharging Credits,3,124.98,Shipped,Credit Card
TES-O12027,TES-C10512,2024-10-15,Powerwall,1,10985.44,Delivered,Cash
TES-O7411,TES-C6043,2024-05-13,Model S,1,76286.61,Delivered,Lease
TES-O8209,TES-C5352,2024-10-02,Solar Panel Kit,1,19346.2,Shipped,Credit Card
TES-O14964,TES-C4046,2024-04-24,Powerwall,1,9737.5,Delivered,Cash
TES-O14112,TES-C7525,2024-07-08,Model X,1,95542.95,Returned,Credit Card
TES-O8390,TES-C6216,2023-08-19,Supercharging Credits,5,160.32,Delivered,Cash
TES-O6423,TES-C8005,2023-08-03,Model Y,1,44804.34,Returned,Lease
TES-O12828,TES-C6214,2024-09-04,Solar Panel Kit,1,20874.06,Pending,Credit Card
TES-O12138,TES-C6810,2024-12-07,Model 3,1,39290.1,Delivered,Cash
TES-O11219,TES-C8833,2023-07-27,Model S,1,92915.84,Delivered,Lease
TES-O12496,TES-C8206,2025-06-27,Solar Panel Kit,1,20498.55,Delivered,Credit Card
TES-O12570,TES-C3635,2024-11-19,Solar Panel Kit,1,23083.74,Cancelled,Cash
TES-O8828,TES-C7632,2025-02-09,Model 3,1,42667.53,Delivered,Lease
TES-O6482,TES-C5124,2025-01-22,Merchandise,3,64.45,Unknown,Credit Card
TES-O12822,TES-C5209,2025-05-27,Merchandise,3,238.43,Delivered,Financing
TES-O8661,TES-C9996,2023-02-09,Solar Panel Kit,1,23222.06,Pending,Lease
TES-O13716,TES-C9081,2023-01-12,Supercharging Credits,3,183.82,Delivered,Credit Card
TES-O9291,TES-C7576,2024-02-26,Solar Panel Kit,1,15837.14,Pending,Lease
TES-O13853,TES-C2539,2023-05-08,Supercharging Credits,3,80.65,Delivered,Financing
TES-O9741,TES-C9227,2024-11-30,Model Y,1,47142.05,Returned,Credit Card
TES-O9288,TES-C2134,2025-08-21,Supercharging Credits,2,125.33,Pending,Credit Card
TES-O6615,TES-C6544,2024-09-05,Powerwall,1,11720.16,Delivered,Cash
TES-O14623,TES-C4100,2023-05-27,Model 3,1,38850.44,Delivered,Credit Card
TES-O12762,TES-C10146,2024-07-03,Model Y,1,46350.67,Returned,Cash
TES-O10186,TES-C9651,2025-05-29,Supercharging Credits,1,175.06,Delivered,Credit Card
TES-O5201,TES-C7259,2025-12-19,Supercharging Credits,5,62.49,Cancelled,Credit Card
TES-O9714,TES-C7631,2023-08-05,Supercharging Credits,5,163.55,Shipped,Financing
TES-O9449,TES-C3383,2024-04-06,Model 3,1,39862.37,Returned,Lease
TES-O5190,TES-C6727,2023-05-28,Model Y,1,53174.83,Returned,Credit Card
TES-O14892,TES-C10242,2025-08-30,Supercharging Credits,3,121.29,Shipped,Financing
TES-O12447,TES-C2070,2023-12-28,Solar Panel Kit,1,15937.66,Shipped,Credit Card
TES-O5439,TES-C6578,2024-10-17,Model S,1,92209.92,Cancelled,Lease
TES-O7702,TES-C8139,2024-04-05,Powerwall,1,11966.82,Delivered,Lease
TES-O13741,TES-C4181,2024-12-06,Model Y,1,44575.97,Delivered,Financing
TES-O10535,TES-C6771,2024-01-01,Powerwall,1,9886.73,Shipped,Credit Card
TES-O10565,TES-C9676,2024-01-07,Merchandise,3,296.09,Pending,Cash
TES-O14158,TES-C10600,2025-08-17,Merchandise,4,278.71,Cancelled,Cash
TES-O12488,TES-C7085,2025-12-07,Solar Panel Kit,1,21519.92,Delivered,Credit Card
TES-O11657,TES-C5505,2023-07-05,Model X,1,87019.06,Pending,Lease
TES-O14199,TES-C2031,2025-12-14,Model X,1,93671.27,Delivered,Financing
TES-O7144,TES-C10790,2024-01-07,Model X,1,83856.25,Cancelled,Cash
TES-O8301,TES-C8241,2024-05-02,Powerwall,1,11692.77,Shipped,Lease
TES-O11563,TES-C6270,2025-11-27,Solar Panel Kit,1,17179.26,Delivered,Lease
TES-O14700,TES-C5405,2023-07-17,Model Y,1,45003.94,Unknown,Financing
TES-O8904,TES-C10590,2025-01-03,Model 3,1,40139.7,Cancelled,Cash
TES-O5919,TES-C9758,2023-06-03,Model 3,1,44266.71,Cancelled,Lease
TES-O11635,TES-C2656,2025-08-03,Merchandise,5,241.7,Delivered,Credit Card
TES-O5745,TES-C8668,2023-08-06,Model 3,1,46587.15,Delivered,Cash
TES-O6235,TES-C6341,2024-05-17,Supercharging Credits,5,105.28,Delivered,Lease
TES-O9466,TES-C6457,2023-05-20,Model Y,1,46692.17,Delivered,Credit Card
TES-O14357,TES-C5686,2025-02-19,Model 3,1,45402.72,Cancelled,Financing
TES-O14780,TES-C5638,2025-11-23,Model Y,1,51921.24,Pending,Financing
TES-O11071,TES-C10519,2025-07-24,Model X,1,83329.6,Delivered,Cash
TES-O12151,TES-C4689,2025-01-18,Model S,1,91869.33,Cancelled,Cash
TES-O13290,TES-C4756,2025-10-15,Solar Panel Kit,1,15092.92,Delivered,Credit Card
TES-O12672,TES-C1072,2023-10-03,Model 3,1,39619.7,Cancelled,Lease
TES-O14982,TES-C1338,2023-10-02,Model S,1,75881.52,Shipped,Financing
TES-O7042,TES-C4461,2023-06-21,Powerwall,1,11985.41,Cancelled,Lease
TES-O9869,TES-C3559,2023-01-22,Supercharging Credits,3,131.91,Returned,Credit Card
TES-O7695,TES-C3691,2024-06-27,Solar Panel Kit,1,22493.26,Delivered,Lease
TES-O13621,TES-C3554,2023-07-05,Merchandise,1,286.57,Delivered,Lease
TES-O5873,TES-C4563,2023-03-23,Model S,1,90992.39,Delivered,Credit Card
TES-O14114,TES-C8474,2023-10-19,Merchandise,4,66.17,Returned,Cash
TES-O8003,TES-C4698,2023-10-28,Model X,1,85666.28,Delivered,Financing
TES-O9543,TES-C5191,2025-12-12,Model Y,1,53758.07,Delivered,Credit Card
TES-O8336,TES-C6339,2024-06-30,Model 3,1,39724.84,Delivered,Cash
TES-O11905,TES-C3899,2023-03-29,Powerwall,1,9159.34,Shipped,Lease
TES-O8751,TES-C7930,2024-01-08,Model 3,1,47861.4,Delivered,Cash
TES-O9759,TES-C5565,2024-04-10,Model 3,1,43922.11,Delivered,Credit Card
TES-O8058,TES-C3777,2025-10-22,Model X,1,97290.22,Cancelled,Cash
TES-O13712,TES-C2032,2024-08-10,Supercharging Credits,5,108.87,Cancelled,Credit Card
TES-O8157,TES-C9951,2024-06-16,Solar Panel Kit,1,19020.5,Pending,Credit Card
TES-O5800,TES-C1216,2023-07-23,Supercharging Credits,4,48.12,Delivered,Cash
TES-O8127,TES-C7725,2023-03-25,Powerwall,1,10270.19,Shipped,Credit Card
TES-O14374,TES-C8010,2023-06-29,Supercharging Credits,1,137.92,Delivered,Credit Card
TES-O9475,TES-C2622,2025-09-09,Supercharging Credits,2,153.95,Cancelled,Lease
TES-O7355,TES-C9299,2024-01-26,Supercharging Credits,2,92.97,Cancelled,Cash
TES-O5249,TES-C9999,2025-04-27,Model Y,1,47952.55,Cancelled,Credit Card
TES-O12498,TES-C10399,2023-04-17,Supercharging Credits,5,85.69,Shipped,Credit Card
TES-O12369,TES-C4622,2024-04-16,Merchandise,2,277.33,Returned,Cash
TES-O11003,TES-C10984,2024-05-04,Model S,1,92129.78,Returned,Lease
TES-O8669,TES-C6175,2025-02-07,Merchandise,3,275.95,Shipped,Cash
TES-O10144,TES-C8803,2023-08-19,Solar Panel Kit,1,16564.12,Shipped,Credit Card
TES-O11499,TES-C4673,2024-07-16,Merchandise,3,77.45,Pending,Lease
TES-O9048,TES-C10671,2025-01-01,Model S,1,80241.14,Delivered,Cash
TES-O8212,TES-C4522,2025-01-11,Model 3,1,41391.81,Pending,Credit Card
TES-O6796,TES-C3975,2025-03-07,Supercharging Credits,1,138.68,Delivered,Credit Card
TES-O13747,TES-C8152,2023-07-11,Model Y,1,43233.2,Returned,Financing
TES-O6730,TES-C2912,2024-08-23,Powerwall,1,11216.93,Shipped,Lease
TES-O13162,TES-C5930,2024-05-08,Supercharging Credits,1,145.28,Delivered,Credit Card
TES-O12463,TES-C3511,2023-04-13,Powerwall,1,9629.0,Shipped,Financing
TES-O9692,TES-C2019,2023-07-07,Model 3,1,45199.74,Delivered,Credit Card
TES-O10665,TES-C4776,2024-03-07,Powerwall,1,9208.83,Shipped,Cash
TES-O9804,TES-C5271,2023-05-23,Merchandise,5,40.2,Pending,Financing
TES-O11397,TES-C3769,2023-03-30,Powerwall,1,10998.33,Delivered,Lease
TES-O5187,TES-C2824,2023-10-09,Supercharging Credits,4,39.78,Cancelled,Credit Card
TES-O10395,TES-C9999,2025-09-27,Model 3,1,39615.71,Delivered,Financing
TES-O13869,TES-C1668,2024-03-14,Model 3,1,41663.32,Shipped,Lease
TES-O7538,TES-C1080,2023-06-10,Merchandise,5,115.28,Shipped,Financing
TES-O12452,TES-C6788,2023-10-05,Supercharging Credits,4,91.58,Delivered,Cash
TES-O11467,TES-C7833,2025-08-07,Powerwall,1,11204.64,Delivered,Financing
TES-O14022,TES-C9339,2024-11-30,Model S,1,77086.43,Shipped,Credit Card
TES-O6538,TES-C2748,2024-01-29,Model Y,1,53506.31,Shipped,Lease
TES-O10401,TES-C3868,2024-06-01,Model 3,1,45335.14,Cancelled,Credit Card
TES-O5747,TES-C8746,2024-10-29,Powerwall,1,11481.04,Cancelled,Financing
TES-O13600,TES-C5846,2023-09-04,Powerwall,1,10055.93,Returned,Lease
TES-O13597,TES-C2548,2024-09-25,Solar Panel Kit,1,23183.95,Shipped,Lease
TES-O7300,TES-C5864,2023-01-29,Model X,1,82093.27,Delivered,Credit Card
TES-O12069,TES-C9599,2024-01-30,Powerwall,1,9928.93,Unknown,Credit Card
TES-O14532,TES-C1855,2024-10-02,Model 3,1,47960.32,Pending,Cash
TES-O8197,TES-C2860,2024-11-10,Model 3,1,47143.27,Delivered,Cash
TES-O7202,TES-C10036,2023-09-04,Model 3,1,41981.41,Delivered,Cash
TES-O10484,TES-C1702,2023-07-10,Model X,1,85653.58,Shipped,Credit Card
TES-O5619,TES-C1327,2023-10-16,Model 3,1,41029.03,Delivered,Credit Card
TES-O6995,TES-C7129,2025-12-22,Supercharging Credits,3,148.66,Delivered,Financing
TES-O5827,TES-C9174,2024-04-06,Model 3,1,43081.95,Delivered,Financing
TES-O11279,TES-C7599,2023-04-14,Solar Panel Kit,1,22373.88,Delivered,Credit Card
TES-O7138,TES-C6752,2023-03-15,Model S,1,86353.43,Cancelled,Cash
TES-O9814,TES-C9390,2025-10-24,Supercharging Credits,1,197.71,Pending,Cash
TES-O6144,TES-C4601,2024-05-04,Powerwall,1,10677.59,Cancelled,Cash
TES-O8667,TES-C2895,2024-01-13,Model X,1,80484.02,Returned,Lease
TES-O6901,TES-C7687,2023-04-27,Supercharging Credits,4,120.4,Returned,Credit Card
TES-O14481,TES-C3008,2024-12-17,Model Y,1,51511.38,Cancelled,Financing
TES-O7642,TES-C9708,2024-10-06,Merchandise,4,195.78,Cancelled,Cash
TES-O6468,TES-C5794,2024-12-09,Model 3,1,44304.37,Cancelled,Cash
TES-O9985,TES-C9220,2025-11-29,Model S,1,88589.12,Delivered,Cash
TES-O14044,TES-C8147,2024-11-25,Solar Panel Kit,1,16719.25,Delivered,Financing
TES-O8848,TES-C2487,2024-07-25,Powerwall,1,11480.76,Delivered,Credit Card
TES-O12781,TES-C5451,2024-05-01,Model X,1,97808.79,Shipped,Financing
TES-O13188,TES-C3752,2023-06-15,Model Y,1,45721.92,Shipped,Cash
TES-O14387,TES-C4429,2023-07-02,Supercharging Credits,3,41.19,Unknown,Financing
TES-O11537,TES-C10325,2024-09-15,Powerwall,1,10827.89,Cancelled,Financing
TES-O5749,TES-C4514,2025-03-16,Model X,1,82745.16,Delivered,Cash
TES-O7013,TES-C2132,2025-01-03,Model 3,1,43398.02,Shipped,Financing
TES-O8923,TES-C8516,2024-07-27,Model X,1,92637.22,Delivered,Lease
TES-O5803,TES-C9084,2025-01-17,Supercharging Credits,2,29.34,Pending,Credit Card
TES-O14846,TES-C10706,2025-10-02,Solar Panel Kit,1,23432.33,Delivered,Credit Card
TES-O13417,TES-C2274,2024-08-18,Model X,1,89975.56,Delivered,Credit Card
TES-O7590,TES-C10705,2024-04-16,Supercharging Credits,5,67.69,Delivered,Credit Card
TES-O14794,TES-C5121,2023-07-27,Merchandise,2,94.22,Cancelled,Credit Card
TES-O6918,TES-C9143,2023-03-05,Model X,1,90276.1,Delivered,Cash
TES-O7698,TES-C9865,2025-11-02,Merchandise,5,224.64,Delivered,Financing
TES-O11631,TES-C5661,2025-05-16,Model S,1,83765.19,Cancelled,Financing
TES-O10243,TES-C2690,2024-08-29,Model X,1,94007.54,Returned,Financing
TES-O11267,TES-C6894,2024-06-19,Model Y,1,53869.17,Shipped,Financing
TES-O11149,TES-C9333,2023-03-07,Powerwall,1,10824.47,Delivered,Lease
TES-O7994,TES-C5950,2023-03-16,Model 3,1,40306.28,Delivered,Cash
TES-O10126,TES-C4416,2023-11-07,Model 3,1,44439.94,Pending,Financing
TES-O12266,TES-C1798,2025-09-18,Solar Panel Kit,1,19141.19,Delivered,Lease
TES-O9917,TES-C6460,2023-04-26,Model X,1,87591.65,Delivered,Financing
TES-O12033,TES-C1335,2023-04-22,Model S,1,75015.66,Delivered,Credit Card
TES-O10082,TES-C7774,2023-09-04,Merchandise,5,20.68,Delivered,Financing
TES-O13917,TES-C4649,2024-06-15,Model X,1,80772.86,Unknown,Cash
TES-O9136,TES-C7190,2023-09-06,Supercharging Credits,5,126.55,Pending,Financing
TES-O6062,TES-C9428,2025-07-16,Model S,1,94086.65,Cancelled,Credit Card
TES-O8484,TES-C7844,2025-02-17,Model X,1,81898.87,Pending,Credit Card
TES-O12622,TES-C9978,2025-01-08,Model X,1,91277.31,Returned,Cash
TES-O11208,TES-C8204,2023-05-27,Powerwall,1,9775.77,Delivered,Financing
TES-O9866,TES-C7064,2025-04-01,Model Y,1,44370.6,Cancelled,Financing
TES-O9176,TES-C10334,2024-04-26,Model Y,1,42025.09,Delivered,Financing
TES-O8294,TES-C2770,2025-08-31,Supercharging Credits,3,125.95,Returned,Lease
TES-O7374,TES-C5817,2024-04-30,Powerwall,1,10993.52,Shipped,Credit Card
TES-O6821,TES-C5285,2025-03-04,Merchandise,3,41.14,Cancelled,Credit Card
TES-O5008,TES-C7337,2023-06-25,Model Y,1,46538.42,Delivered,Credit Card
TES-O13980,TES-C6301,2024-07-04,Model Y,1,46820.51,Delivered,Cash
TES-O10154,TES-C7558,2024-03-17,Model 3,1,44657.3,Delivered,Lease
TES-O14691,TES-C8658,2025-10-08,Merchandise,2,225.83,Pending,Cash
TES-O7493,TES-C8833,2025-08-28,Merchandise,1,277.99,Pending,Lease
TES-O9803,TES-C1196,2023-07-14,Solar Panel Kit,1,22499.06,Returned,Lease
TES-O10123,TES-C8811,2023-12-28,Powerwall,1,10125.1,Delivered,Credit Card
TES-O7906,TES-C10422,2025-06-16,Powerwall,1,9850.92,Shipped,Lease
TES-O10643,TES-C3945,2025-10-21,Model X,1,83339.55,Delivered,Lease
TES-O13058,TES-C1306,2023-12-12,Model 3,1,46151.95,Shipped,Lease
TES-O10489,TES-C4725,2025-02-05,Model Y,1,48664.07,Returned,Financing
TES-O12527,TES-C4892,2023-04-28,Model S,1,90430.49,Shipped,Cash
TES-O7362,TES-C6345,2025-10-24,Merchandise,1,34.17,Shipped,Credit Card
TES-O5726,TES-C1381,2024-11-15,Supercharging Credits,2,17.46,Delivered,Financing
TES-O9150,TES-C6471,2023-09-08,Merchandise,2,108.12,Shipped,Cash
TES-O7967,TES-C3576,2024-12-18,Merchandise,3,36.98,Returned,Credit Card
TES-O7622,TES-C3178,2025-08-08,Solar Panel Kit,1,21452.98,Delivered,Lease
TES-O6765,TES-C2948,2025-10-01,Merchandise,3,238.33,Delivered,Cash
TES-O14472,TES-C3382,2024-05-08,Model Y,1,42377.21,Cancelled,Cash
TES-O11106,TES-C3008,2023-09-10,Powerwall,1,11368.74,Pending,Lease
TES-O10311,TES-C10463,2024-01-02,Model 3,1,38322.39,Delivered,Lease
TES-O14205,TES-C9105,2023-07-14,Model 3,1,47386.22,Delivered,Financing
TES-O12058,TES-C2615,2024-08-16,Model 3,1,44013.76,Delivered,Financing
TES-O11923,TES-C2467,2023-05-09,Model Y,1,47859.95,Delivered,Lease
TES-O10350,TES-C10080,2023-10-08,Model 3,1,39373.66,Delivered,Financing
TES-O14080,TES-C10311,2024-04-09,Model S,1,79712.09,Returned,Financing
TES-O6361,TES-C6041,2023-02-17,Supercharging Credits,5,182.58,Delivered,Financing
TES-O6534,TES-C9968,2024-09-10,Powerwall,1,10339.13,Delivered,Lease
TES-O14697,TES-C7294,2023-07-10,Powerwall,1,10753.79,Cancelled,Credit Card
TES-O7716,TES-C9047,2025-06-29,Model S,1,93842.04,Returned,Cash
TES-O11510,TES-C2573,2025-06-30,Solar Panel Kit,1,16132.75,Delivered,Cash
TES-O11131,TES-C10036,2024-05-01,Model Y,1,54185.74,Delivered,Credit Card
TES-O8469,TES-C4095,2025-01-02,Solar Panel Kit,1,23484.03,Delivered,Cash
TES-O8439,TES-C8298,2023-11-24,Solar Panel Kit,1,18377.77,Cancelled,Lease
TES-O8136,TES-C1982,2024-01-08,Model S,1,83490.17,Delivered,Financing
TES-O13465,TES-C3919,2023-11-30,Powerwall,1,9547.44,Delivered,Financing
TES-O10174,TES-C10401,2024-02-03,Merchandise,5,147.97,Cancelled,Credit Card
TES-O5580,TES-C5746,2024-10-02,Solar Panel Kit,1,16069.32,Pending,Lease
TES-O5693,TES-C5241,2025-09-20,Merchandise,2,171.74,Cancelled,Credit Card
TES-O10809,TES-C7313,2024-01-29,Powerwall,1,10762.74,Pending,Financing
TES-O14089,TES-C7462,2024-03-11,Merchandise,5,247.83,Returned,Credit Card
TES-O14428,TES-C6852,2025-08-10,Model 3,1,39489.62,Delivered,Lease
TES-O6113,TES-C4039,2023-01-17,Model Y,1,44735.73,Returned,Lease
TES-O9643,TES-C7615,2024-03-10,Model 3,1,45530.53,Shipped,Lease
TES-O11217,TES-C4043,2025-02-11,Solar Panel Kit,1,16114.02,Delivered,Lease
TES-O7585,TES-C2564,2023-03-18,Model 3,1,45867.35,Pending,Financing
TES-O11602,TES-C3447,2023-12-27,Powerwall,1,10424.67,Delivered,Cash
TES-O12417,TES-C6727,2024-12-17,Powerwall,1,11570.98,Delivered,Cash
TES-O7130,TES-C5983,2025-10-03,Merchandise,2,161.83,Delivered,Cash
TES-O8183,TES-C2766,2024-04-14,Merchandise,1,184.31,Delivered,Lease
TES-O12825,TES-C8087,2024-10-17,Model S,1,87813.6,Unknown,Financing
TES-O9378,TES-C3488,2025-06-21,Model Y,1,47005.06,Shipped,Financing
TES-O8527,TES-C5598,2023-06-22,Model Y,1,53460.59,Shipped,Credit Card
TES-O9165,TES-C9999,2025-11-05,Powerwall,1,10542.11,Delivered,Cash
TES-O13401,TES-C6781,2025-02-27,Model 3,1,38504.41,Unknown,Financing
TES-O8726,TES-C8322,2024-12-28,Model 3,1,45742.34,Pending,Financing
TES-O10641,TES-C7701,2025-04-10,Merchandise,5,95.51,Delivered,Cash
TES-O8379,TES-C8880,2024-08-06,Powerwall,1,11842.98,Delivered,Credit Card
TES-O9734,TES-C4333,2025-10-04,Model S,1,88397.01,Delivered,Financing
TES-O6613,TES-C3100,2024-01-18,Model X,1,80087.49,Pending,Lease
TES-O9351,TES-C6803,2023-12-09,Model Y,1,53025.39,Returned,Financing
TES-O14282,TES-C7317,2025-06-15,Merchandise,1,198.56,Pending,Lease
TES-O7364,TES-C6506,2024-10-19,Solar Panel Kit,1,22562.15,Cancelled,Financing
TES-O13920,TES-C5768,2025-09-17,Model 3,1,47246.81,Delivered,Cash
TES-O14002,TES-C2988,2024-09-23,Solar Panel Kit,1,15287.19,Delivered,Cash
TES-O11728,TES-C1438,2023-11-22,Solar Panel Kit,1,18709.0,Pending,Financing
TES-O8169,TES-C6359,2023-01-21,Solar Panel Kit,1,15612.17,Delivered,Cash
TES-O5474,TES-C4798,2025-06-10,Model 3,1,40296.11,Returned,Credit Card
TES-O11904,TES-C2607,2023-11-23,Model X,1,83266.19,Shipped,Credit Card
TES-O9175,TES-C5968,2023-03-27,Model Y,1,48927.59,Delivered,Lease
TES-O11960,TES-C6761,2024-11-03,Model Y,1,49970.92,Delivered,Cash
TES-O8770,TES-C3764,2023-12-15,Merchandise,4,88.24,Cancelled,Financing
TES-O5066,TES-C1114,2023-01-02,Model 3,1,42465.2,Unknown,Credit Card
TES-O14637,TES-C4041,2024-01-16,Model X,1,91648.13,Delivered,Lease
TES-O14960,TES-C5560,2023-06-13,Powerwall,1,11616.81,Cancelled,Lease
TES-O10112,TES-C7192,2024-04-16,Merchandise,4,110.18,Delivered,Credit Card
TES-O6900,TES-C7820,2023-12-08,Solar Panel Kit,1,15962.37,Delivered,Lease
TES-O10815,TES-C10370,2025-08-13,Supercharging Credits,4,92.64,Returned,Cash
TES-O7434,TES-C2598,2024-10-27,Supercharging Credits,3,69.19,Returned,Financing
TES-O7150,TES-C8307,2025-05-13,Supercharging Credits,1,36.14,Delivered,Credit Card
TES-O10327,TES-C2660,2024-11-12,Powerwall,1,11980.71,Delivered,Credit Card
TES-O12998,TES-C7836,2023-09-19,Merchandise,4,56.32,Delivered,Financing
TES-O13618,TES-C3698,2025-07-06,Supercharging Credits,1,62.06,Delivered,Financing
TES-O6754,TES-C6920,2023-03-02,Supercharging Credits,2,82.97,Returned,Cash
TES-O13791,TES-C8351,2025-10-14,Merchandise,2,111.47,Delivered,Lease
TES-O5515,TES-C2397,2024-11-02,Model S,1,91254.86,Shipped,Cash
TES-O8156,TES-C9174,2025-12-22,Merchandise,1,291.99,Shipped,Lease
TES-O8222,TES-C1610,2025-09-02,Model X,1,99256.67,Pending,Credit Card
TES-O5535,TES-C3682,2024-07-10,Merchandise,3,157.95,Delivered,Financing
TES-O12717,TES-C7884,2025-01-03,Model Y,1,47921.37,Delivered,Cash
TES-O6053,TES-C3683,2023-11-21,Supercharging Credits,1,194.69,Shipped,Lease
TES-O6673,TES-C5441,2025-01-05,Supercharging Credits,3,42.51,Delivered,Lease
TES-O14262,TES-C8672,2023-02-14,Model X,1,98734.9,Delivered,Credit Card
TES-O14057,TES-C5530,2023-01-15,Model S,1,90442.35,Delivered,Credit Card
TES-O9883,TES-C7140,2024-08-28,Supercharging Credits,5,74.43,Delivered,Lease
TES-O8819,TES-C9134,2025-01-25,Powerwall,1,11533.56,Returned,Cash
TES-O7966,TES-C1556,2025-01-16,Supercharging Credits,5,27.52,Returned,Credit Card
TES-O9022,TES-C4284,2024-01-22,Merchandise,3,82.62,Delivered,Lease
TES-O13965,TES-C2673,2025-07-26,Solar Panel Kit,1,24117.56,Cancelled,Cash
TES-O10312,TES-C7068,2025-02-09,Model Y,1,53050.59,Delivered,Financing
TES-O10452,TES-C8757,2023-03-28,Model X,1,88771.29,Returned,Lease
TES-O9392,TES-C1554,2023-02-17,Merchandise,3,93.42,Cancelled,Financing
TES-O8711,TES-C7499,2023-03-23,Model Y,1,48128.55,Delivered,Lease
TES-O11920,TES-C2197,2025-09-04,Model Y,1,50690.01,Delivered,Cash
TES-O11019,TES-C8738,2025-09-21,Merchandise,4,139.13,Returned,Credit Card
TES-O10752,TES-C6867,2025-03-22,Powerwall,1,11334.96,Returned,Lease
TES-O12766,TES-C5301,2024-07-15,Model 3,1,39952.15,Pending,Lease
TES-O6359,TES-C4277,2024-07-18,Merchandise,4,201.42,Returned,Credit Card
TES-O11609,TES-C2453,2025-09-09,Model 3,1,39746.74,Delivered,Financing
TES-O8271,TES-C10507,2025-06-08,Powerwall,1,11585.14,Shipped,Lease
TES-O5505,TES-C4245,2025-01-30,Model X,1,98074.29,Pending,Financing
TES-O6331,TES-C5204,2024-03-17,Solar Panel Kit,1,23336.37,Cancelled,Lease
TES-O10113,TES-C1721,2025-10-27,Model 3,1,42335.94,Delivered,Financing
TES-O12268,TES-C9148,2025-07-06,Model X,1,89471.27,Cancelled,Credit Card
TES-O13353,TES-C10428,2025-10-19,Model S,1,87450.77,Returned,Lease
TES-O14096,TES-C5878,2024-01-03,Supercharging Credits,4,36.76,Delivered,Cash
TES-O6223,TES-C7837,2025-08-13,Powerwall,1,9553.87,Returned,Cash
TES-O6400,TES-C10227,2025-07-27,Supercharging Credits,3,73.36,Pending,Lease
TES-O6316,TES-C10310,2023-05-08,Merchandise,5,133.6,Shipped,Lease
TES-O5722,TES-C7546,2024-12-22,Powerwall,1,10420.59,Pending,Financing
TES-O8493,TES-C3436,2023-04-23,Model S,1,83236.65,Delivered,Lease
TES-O10905,TES-C8938,2025-04-30,Powerwall,1,9180.64,Returned,Lease
TES-O8482,TES-C8694,2024-06-03,Model Y,1,53226.62,Delivered,Financing
TES-O11935,TES-C10628,2024-08-06,Model X,1,89343.55,Returned,Credit Card
TES-O9774,TES-C5543,2023-03-03,Model Y,1,54445.44,Cancelled,Cash
TES-O7106,TES-C8753,2024-06-25,Merchandise,1,36.78,Delivered,Cash
TES-O11989,TES-C4494,2025-07-10,Merchandise,3,24.61,Shipped,Credit Card
TES-O11869,TES-C10758,2023-04-29,Model 3,1,46414.91,Delivered,Lease
TES-O11623,TES-C4604,2024-06-27,Merchandise,4,90.48,Returned,Lease
TES-O7024,TES-C2057,2025-03-04,Model S,1,85111.13,Cancelled,Lease
TES-O13445,TES-C7040,2025-07-25,Model S,1,79324.06,Delivered,Financing
TES-O11182,TES-C2781,2023-04-17,Model S,1,91402.73,Delivered,Financing
TES-O10721,TES-C4941,2025-07-08,Solar Panel Kit,1,18186.57,Delivered,Credit Card
TES-O10878,TES-C8798,2024-07-07,Merchandise,4,45.65,Delivered,Credit Card
TES-O6183,TES-C5828,2023-07-10,Powerwall,1,10676.65,Pending,Credit Card
TES-O12730,TES-C9435,2025-09-28,Solar Panel Kit,1,18045.12,Pending,Financing
TES-O10234,TES-C8062,2023-10-09,Powerwall,1,11380.68,Returned,Lease
TES-O11107,TES-C3699,2024-11-14,Supercharging Credits,2,199.3,Returned,Lease
TES-O8419,TES-C10881,2024-12-25,Model Y,1,49171.05,Delivered,Lease
TES-O9107,TES-C4734,2024-01-24,Merchandise,3,156.8,Pending,Cash
TES-O12634,TES-C1486,2024-07-10,Model 3,1,40880.3,Delivered,Lease
TES-O6237,TES-C7018,2023-09-11,Supercharging Credits,4,56.39,Cancelled,Credit Card
TES-O11545,TES-C8732,2023-03-25,Model Y,1,46317.64,Shipped,Cash
TES-O10849,TES-C2948,2023-05-21,Model 3,1,45356.52,Cancelled,Cash
TES-O9603,TES-C4770,2025-02-09,Model 3,1,42790.89,Delivered,Cash
TES-O13552,TES-C7903,2023-09-02,Supercharging Credits,1,170.49,Delivered,Financing
TES-O6112,TES-C6184,2025-01-20,Model 3,1,44529.29,Delivered,Financing
TES-O9395,TES-C4644,2025-08-01,Solar Panel Kit,1,24584.18,Delivered,Financing
TES-O5147,TES-C8491,2023-03-11,Powerwall,1,10085.11,Shipped,Cash
TES-O8097,TES-C5948,2023-01-09,Model X,1,96842.56,Shipped,Cash
TES-O10104,TES-C5642,2023-12-03,Model S,1,84651.55,Delivered,Credit Card
TES-O10902,TES-C2316,2025-12-30,Model 3,1,44050.03,Delivered,Lease
TES-O14863,TES-C10397,2024-03-21,Supercharging Credits,5,45.58,Pending,Cash
TES-O14957,TES-C1978,2023-08-26,Supercharging Credits,1,129.59,Returned,Credit Card
TES-O5849,TES-C4449,2024-10-10,Model Y,1,54488.51,Cancelled,Credit Card
TES-O11643,TES-C7654,2024-06-24,Model S,1,88002.98,Shipped,Credit Card
TES-O10080,TES-C8031,2023-07-28,Model Y,1,49415.3,Delivered,Financing
TES-O7611,TES-C1312,2025-03-15,Model 3,1,40036.52,Delivered,Cash
TES-O12060,TES-C3241,2024-08-30,Merchandise,5,295.61,Shipped,Financing
TES-O12542,TES-C9999,2025-04-12,Supercharging Credits,3,153.04,Delivered,Cash
TES-O10720,TES-C9403,2025-03-31,Model Y,1,42033.04,Returned,Financing
TES-O9885,TES-C4674,2023-07-29,Solar Panel Kit,1,20360.71,Shipped,Credit Card
TES-O13451,TES-C9644,2023-02-25,Model S,1,77290.15,Delivered,Cash
TES-O7709,TES-C1693,2025-12-22,Supercharging Credits,3,131.98,Delivered,Lease
TES-O5136,TES-C1894,2023-11-18,Model X,1,99559.06,Delivered,Cash
TES-O11814,TES-C4217,2024-08-05,Model Y,1,50150.84,Delivered,Cash
TES-O13062,TES-C5006,2024-08-15,Solar Panel Kit,1,18058.85,Shipped,Lease
TES-O11305,TES-C2580,2024-04-13,Merchandise,3,67.44,Pending,Lease
TES-O10005,TES-C5362,2023-11-14,Powerwall,1,10629.02,Returned,Financing
TES-O6981,TES-C9999,2025-01-23,Supercharging Credits,4,112.41,Pending,Lease
TES-O7237,TES-C10465,2023-05-06,Solar Panel Kit,1,17186.38,Pending,Cash
TES-O13099,TES-C1590,2025-08-03,Supercharging Credits,3,108.82,Shipped,Credit Card
TES-O12571,TES-C8552,2025-04-30,Model S,1,93599.11,Shipped,Cash
TES-O14367,TES-C6246,2025-07-05,Model X,1,92096.28,Returned,Financing
TES-O7628,TES-C3342,2023-05-09,Powerwall,1,10696.34,Delivered,Financing
TES-O13673,TES-C1737,2024-01-03,Model Y,1,45222.26,Returned,Credit Card
TES-O9950,TES-C1285,2023-10-26,Supercharging Credits,2,25.11,Pending,Lease
TES-O11284,TES-C2184,2024-03-04,Model S,1,94892.78,Shipped,Financing
TES-O8695,TES-C1306,2023-04-28,Model S,1,75151.55,Unknown,Financing
TES-O10438,TES-C5280,2024-02-16,Model Y,1,43311.3,Returned,Financing
TES-O5005,TES-C9197,2023-06-17,Supercharging Credits,5,169.21,Delivered,Cash
TES-O11101,TES-C7428,2024-12-09,Model S,1,88373.34,Delivered,Cash
TES-O5677,TES-C5606,2024-08-10,Supercharging Credits,5,27.36,Cancelled,Financing
TES-O14652,TES-C6715,2023-01-02,Model Y,1,53940.1,Delivered,Credit Card
TES-O9559,TES-C8192,2023-03-13,Solar Panel Kit,1,23946.11,Returned,Cash
TES-O8769,TES-C7762,2025-03-14,Model X,1,85977.07,Delivered,Lease
TES-O7881,TES-C1595,2023-03-10,Model X,1,88941.1,Pending,Credit Card
TES-O10917,TES-C3822,2023-12-10,Solar Panel Kit,1,19596.68,Delivered,Financing
TES-O5111,TES-C6298,2025-06-18,Model 3,1,41098.48,Unknown,Credit Card
TES-O6564,TES-C6392,2023-08-10,Model Y,1,45887.83,Shipped,Cash
TES-O9703,TES-C2436,2025-02-28,Model 3,1,40384.8,Returned,Financing
TES-O13711,TES-C5434,2024-09-17,Solar Panel Kit,1,15307.41,Returned,Lease
TES-O7244,TES-C5552,2024-04-23,Model S,1,75457.26,Returned,Financing
TES-O12719,TES-C2319,2025-11-12,Model S,1,76187.78,Shipped,Lease
TES-O13575,TES-C3099,2023-10-02,Merchandise,3,283.89,Shipped,Credit Card
TES-O14704,TES-C6778,2023-03-28,Merchandise,4,246.22,Pending,Lease
TES-O5163,TES-C4685,2025-06-06,Supercharging Credits,4,122.84,Pending,Credit Card
TES-O5536,TES-C7826,2024-07-21,Model S,1,93286.96,Delivered,Financing
TES-O5951,TES-C7684,2025-03-20,Merchandise,5,57.54,Delivered,Lease
TES-O12317,TES-C10964,2025-11-03,Supercharging Credits,4,183.64,Delivered,Financing
TES-O5309,TES-C9999,2023-05-12,Model 3,1,42020.74,Delivered,Credit Card
TES-O7501,TES-C2425,2024-06-08,Model S,1,83280.36,Delivered,Cash
TES-O6311,TES-C10018,2025-10-22,Model S,1,84328.33,Delivered,Lease
TES-O9041,TES-C8762,2023-08-15,Model Y,1,44938.04,Shipped,Cash
TES-O8032,TES-C2433,2024-02-28,Model 3,1,42436.41,Delivered,Lease
TES-O6105,TES-C3221,2024-07-16,Model X,1,90485.6,Pending,Lease
TES-O13897,TES-C9658,2025-12-25,Solar Panel Kit,1,18294.5,Cancelled,Financing
TES-O8515,TES-C2542,2025-09-28,Model X,1,95911.25,Shipped,Credit Card
TES-O5978,TES-C5104,2024-10-29,Merchandise,2,168.67,Delivered,Financing
TES-O8103,TES-C1916,2025-10-04,Supercharging Credits,5,143.14,Delivered,Cash
TES-O7801,TES-C7935,2025-04-28,Merchandise,3,172.01,Pending,Financing
TES-O9640,TES-C5227,2023-05-21,Powerwall,1,10220.56,Delivered,Cash
TES-O5047,TES-C9449,2025-03-26,Model 3,1,45780.63,Cancelled,Financing
TES-O7670,TES-C3151,2025-10-06,Model Y,1,51706.45,Delivered,Financing
TES-O14272,TES-C10314,2024-08-03,Merchandise,4,164.69,Shipped,Lease
TES-O13625,TES-C2451,2023-07-28,Model 3,1,41070.01,Pending,Lease
TES-O10786,TES-C5754,2025-02-27,Model S,1,81870.03,Shipped,Financing
TES-O5127,TES-C10684,2025-01-19,Solar Panel Kit,1,23160.39,Returned,Cash
TES-O9749,TES-C5548,2025-12-18,Supercharging Credits,3,21.7,Pending,Financing
TES-O9724,TES-C6422,2024-09-07,Model X,1,83151.68,Cancelled,Financing
TES-O8847,TES-C4177,2023-10-01,Powerwall,1,10534.21,Delivered,Credit Card
TES-O6110,TES-C1639,2024-12-21,Solar Panel Kit,1,24721.54,Delivered,Lease
TES-O12956,TES-C8034,2024-02-23,Model 3,1,38387.26,Returned,Credit Card
TES-O12773,TES-C9829,2024-03-25,Merchandise,2,213.98,Returned,Financing
TES-O13291,TES-C9999,2023-01-22,Model 3,1,43446.67,Cancelled,Cash
TES-O12710,TES-C6828,2023-08-26,Solar Panel Kit,1,21008.61,Delivered,Lease
TES-O12514,TES-C7076,2025-12-07,Supercharging Credits,3,126.89,Shipped,Cash
TES-O9025,TES-C2259,2024-02-23,Model 3,1,39969.98,Shipped,Financing
TES-O8410,TES-C7175,2024-05-18,Model Y,1,51408.07,Delivered,Credit Card
TES-O14605,TES-C2690,2024-11-20,Model X,1,96268.32,Delivered,Lease
TES-O8584,TES-C9872,2024-02-10,Model Y,1,54801.46,Delivered,Cash
TES-O10160,TES-C4095,2025-01-28,Model 3,1,41499.35,Shipped,Financing
TES-O5109,TES-C7017,2024-04-10,Powerwall,1,9140.83,Shipped,Cash
TES-O12128,TES-C7746,2023-07-30,Model Y,1,51409.63,Delivered,Credit Card
TES-O12615,TES-C4198,2025-07-28,Powerwall,1,11138.79,Delivered,Financing
TES-O14018,TES-C7522,2023-12-24,Model S,1,92725.02,Returned,Credit Card
TES-O14876,TES-C7110,2025-08-26,Model Y,1,52148.24,Delivered,Financing
TES-O8016,TES-C5972,2023-04-11,Model X,1,87065.7,Delivered,Lease
TES-O8339,TES-C7590,2023-03-19,Model Y,1,42837.28,Returned,Lease
TES-O12018,TES-C1154,2024-09-06,Model 3,1,43630.02,Returned,Credit Card
TES-O5122,TES-C4690,2024-05-07,Merchandise,1,102.07,Delivered,Lease
TES-O9193,TES-C2016,2024-11-26,Model X,1,96627.78,Delivered,Financing
TES-O9691,TES-C4938,2024-06-18,Model 3,1,44732.45,Delivered,Credit Card
TES-O9315,TES-C2377,2023-11-17,Merchandise,1,87.51,Delivered,Cash
TES-O13950,TES-C3125,2023-02-02,Powerwall,1,9449.07,Cancelled,Financing
TES-O5933,TES-C1298,2023-05-27,Model 3,1,39438.19,Delivered,Financing
TES-O8171,TES-C2783,2025-05-12,Merchandise,2,72.63,Shipped,Financing
TES-O11674,TES-C10266,2025-05-29,Powerwall,1,11836.21,Shipped,Cash
TES-O5500,TES-C10173,2024-05-31,Model S,1,91053.07,Pending,Cash
TES-O7549,TES-C2947,2025-05-19,Merchandise,4,177.53,Delivered,Cash
TES-O8632,TES-C2518,2024-01-12,Model Y,1,51311.65,Delivered,Credit Card
TES-O13114,TES-C8627,2024-10-15,Model S,1,91607.42,Delivered,Credit Card
TES-O6088,TES-C10608,2024-05-31,Supercharging Credits,1,97.34,Returned,Cash
TES-O13236,TES-C2800,2023-09-24,Powerwall,1,9230.82,Returned,Cash
TES-O13581,TES-C5642,2025-08-05,Merchandise,1,130.25,Delivered,Lease
TES-O11799,TES-C2153,2025-03-12,Solar Panel Kit,1,19916.22,Delivered,Cash
TES-O5046,TES-C4562,2023-04-02,Model X,1,95712.94,Shipped,Cash
TES-O9128,TES-C10556,2024-04-19,Powerwall,1,10572.47,Delivered,Credit Card
TES-O5564,TES-C6208,2023-05-08,Model X,1,85834.6,Returned,Financing
TES-O11050,TES-C8660,2025-07-03,Merchandise,2,269.71,Delivered,Financing
TES-O7085,TES-C9321,2025-06-12,Model X,1,83825.99,Pending,Financing
TES-O14175,TES-C1627,2025-08-23,Model 3,1,43452.96,Pending,Lease
TES-O14748,TES-C7495,2024-03-18,Supercharging Credits,4,129.03,Delivered,Lease
TES-O13538,TES-C1757,2024-10-03,Model Y,1,49095.85,Shipped,Credit Card
TES-O6592,TES-C3918,2025-04-11,Model X,1,88817.77,Delivered,Lease
TES-O6371,TES-C5351,2023-01-03,Model X,1,93244.83,Delivered,Financing
TES-O12234,TES-C5853,2023-01-08,Merchandise,2,27.47,Shipped,Cash
TES-O7680,TES-C5615,2025-12-05,Solar Panel Kit,1,15514.9,Returned,Cash
TES-O6602,TES-C8237,2023-02-17,Supercharging Credits,1,139.8,Delivered,Lease
TES-O6097,TES-C2912,2024-10-31,Model S,1,85127.74,Delivered,Credit Card
TES-O10436,TES-C10450,2023-02-28,Model Y,1,54981.55,Pending,Cash
TES-O8478,TES-C3973,2024-10-24,Model X,1,87736.73,Returned,Cash
TES-O14244,TES-C10348,2025-03-30,Model S,1,75623.35,Cancelled,Financing
TES-O14165,TES-C7250,2024-03-16,Supercharging Credits,3,161.98,Returned,Cash
TES-O10405,TES-C8976,2025-12-04,Model Y,1,49319.49,Delivered,Credit Card
TES-O8854,TES-C1746,2023-04-12,Merchandise,3,135.33,Shipped,Cash
TES-O11584,TES-C5559,2023-04-20,Model 3,1,45983.29,Returned,Financing
TES-O14264,TES-C2316,2024-01-06,Solar Panel Kit,1,18486.38,Delivered,Financing
TES-O6459,TES-C6052,2023-08-08,Merchandise,1,26.22,Delivered,Financing
TES-O12942,TES-C8867,2023-06-19,Merchandise,4,175.47,Shipped,Cash
TES-O12101,TES-C9999,2024-11-25,Model S,1,92088.59,Returned,Lease
TES-O6638,TES-C8927,2024-10-17,Model Y,1,49118.85,Pending,Financing
TES-O6670,TES-C7356,2024-06-18,Supercharging Credits,2,81.45,Cancelled,Credit Card
TES-O9815,TES-C1712,2023-06-22,Powerwall,1,11036.84,Delivered,Lease
TES-O6690,TES-C9927,2023-11-06,Model X,1,81462.88,Shipped,Financing
TES-O6419,TES-C6742,2023-02-25,Model 3,1,43775.97,Returned,Financing
TES-O5244,TES-C10622,2025-06-16,Model 3,1,45939.82,Delivered,Cash
TES-O10414,TES-C9712,2024-07-17,Supercharging Credits,1,113.07,Shipped,Credit Card
TES-O9011,TES-C4189,2024-03-20,Model Y,1,47260.79,Cancelled,Financing
TES-O12062,TES-C5321,2024-11-21,Model Y,1,48206.42,Delivered,Lease
TES-O8554,TES-C3520,2024-06-25,Model S,1,83301.5,Cancelled,Credit Card
TES-O6465,TES-C6883,2024-11-30,Powerwall,1,9622.01,Returned,Lease
TES-O7625,TES-C4919,2023-10-14,Model X,1,97657.25,Delivered,Cash
TES-O9436,TES-C2038,2025-11-02,Model X,1,85502.97,Delivered,Financing
TES-O8623,TES-C6426,2025-10-03,Model 3,1,47166.13,Delivered,Cash
TES-O11318,TES-C2842,2024-11-20,Model Y,1,54110.03,Returned,Lease
TES-O14060,TES-C5243,2025-05-01,Powerwall,1,11914.7,Shipped,Cash
TES-O12135,TES-C2015,2023-09-26,Model Y,1,49011.29,Cancelled,Cash
TES-O14569,TES-C8168,2024-12-20,Merchandise,1,292.04,Returned,Financing
TES-O7704,TES-C8893,2023-07-30,Model X,1,94462.61,Delivered,Financing
TES-O11852,TES-C6353,2023-09-01,Model 3,1,39409.78,Delivered,Credit Card
TES-O13442,TES-C10470,2025-10-13,Model 3,1,43966.82,Cancelled,Credit Card
TES-O7418,TES-C3525,2023-06-28,Model 3,1,47525.84,Delivered,Financing
TES-O13657,TES-C9455,2024-12-07,Merchandise,1,69.78,Delivered,Financing
TES-O6029,TES-C5605,2023-07-28,Model X,1,93574.43,Pending,Financing
TES-O9095,TES-C6312,2024-12-04,Supercharging Credits,2,134.04,Delivered,Cash
TES-O6242,TES-C7395,2024-07-04,Supercharging Credits,1,124.31,Cancelled,Credit Card
TES-O7044,TES-C7015,2025-03-31,Model S,1,93023.86,Delivered,Financing
TES-O6968,TES-C10795,2025-11-19,Model X,1,84524.26,Delivered,Financing
TES-O5447,TES-C2977,2024-06-02,Merchandise,2,275.89,Delivered,Cash
TES-O6660,TES-C6339,2023-11-22,Model S,1,87140.94,Shipped,Credit Card
TES-O5703,TES-C1604,2025-10-10,Solar Panel Kit,1,15886.3,Pending,Cash
TES-O11017,TES-C4366,2024-02-11,Model X,1,97794.82,Delivered,Credit Card
TES-O8172,TES-C2574,2023-10-22,Model X,1,89135.84,Delivered,Cash
TES-O5551,TES-C10681,2024-01-08,Powerwall,1,11483.13,Shipped,Financing
TES-O7290,TES-C7264,2025-07-05,Merchandise,1,142.01,Cancelled,Cash
TES-O12385,TES-C3387,2025-10-08,Model Y,1,42398.71,Returned,Lease
TES-O13725,TES-C3423,2025-10-28,Model Y,1,43207.15,Returned,Lease
TES-O14130,TES-C5950,2023-04-28,Merchandise,3,271.09,Shipped,Credit Card
TES-O11282,TES-C2163,2023-05-26,Solar Panel Kit,1,17752.9,Returned,Credit Card
TES-O10562,TES-C9999,2023-12-21,Merchandise,2,274.5,Delivered,Financing
TES-O10014,TES-C5542,2024-01-17,Model X,1,91867.53,Shipped,Lease
TES-O11774,TES-C7332,2023-08-09,Merchandise,2,147.55,Pending,Financing
TES-O8763,TES-C5659,2024-11-13,Model S,1,87397.29,Shipped,Lease
TES-O7444,TES-C5860,2025-02-28,Powerwall,1,9025.18,Cancelled,Financing
TES-O11895,TES-C8664,2023-09-13,Powerwall,1,10174.38,Delivered,Cash
TES-O9618,TES-C3093,2024-08-18,Model S,1,85447.77,Cancelled,Lease
TES-O12664,TES-C1396,2024-12-05,Merchandise,2,206.5,Pending,Lease
TES-O8663,TES-C7667,2024-01-27,Model Y,1,50301.25,Shipped,Financing
TES-O11856,TES-C3169,2023-03-10,Model 3,1,43228.17,Returned,Financing
TES-O6171,TES-C7246,2025-02-12,Supercharging Credits,3,170.96,Pending,Lease
TES-O8957,TES-C9008,2024-04-06,Supercharging Credits,5,78.13,Delivered,Cash
TES-O10246,TES-C7621,2023-05-02,Solar Panel Kit,1,18072.51,Pending,Cash
TES-O13411,TES-C10031,2023-02-12,Solar Panel Kit,1,18721.23,Delivered,Financing
TES-O8330,TES-C5141,2025-03-03,Model S,1,80021.82,Returned,Cash
TES-O6680,TES-C10358,2025-11-18,Solar Panel Kit,1,23971.48,Cancelled,Cash
TES-O7484,TES-C8413,2023-08-02,Solar Panel Kit,1,16414.37,Shipped,Lease
TES-O9809,TES-C7687,2024-04-18,Model S,1,93098.1,Cancelled,Lease
TES-O6081,TES-C7381,2024-01-29,Solar Panel Kit,1,21687.88,Pending,Credit Card
TES-O11723,TES-C10817,2025-07-26,Model X,1,99877.14,Delivered,Lease
TES-O8581,TES-C6353,2024-12-24,Model Y,1,43168.84,Delivered,Cash
TES-O11183,TES-C5337,2024-01-18,Model X,1,98660.58,Delivered,Lease
TES-O6019,TES-C6927,2024-06-15,Model S,1,75687.9,Returned,Credit Card
TES-O5902,TES-C10688,2023-04-13,Model S,1,93488.27,Delivered,Financing
TES-O14342,TES-C10281,2023-08-15,Supercharging Credits,2,84.39,Delivered,Credit Card
TES-O8501,TES-C5271,2025-03-18,Solar Panel Kit,1,16515.34,Pending,Lease
TES-O12254,TES-C1643,2024-03-08,Model Y,1,54071.76,Returned,Lease
TES-O13669,TES-C9532,2023-07-10,Model Y,1,53592.09,Shipped,Cash
TES-O8261,TES-C2581,2025-01-12,Model Y,1,45162.17,Returned,Lease
TES-O13634,TES-C5574,2025-11-05,Powerwall,1,9959.46,Cancelled,Credit Card
TES-O11712,TES-C6751,2025-07-27,Model S,1,85624.72,Delivered,Lease
TES-O12513,TES-C8672,2024-01-26,Model X,1,84955.03,Delivered,Lease
TES-O7661,TES-C4476,2023-11-08,Model Y,1,42360.41,Shipped,Lease
TES-O12274,TES-C4392,2023-11-25,Model S,1,94476.41,Pending,Financing
TES-O5140,TES-C2113,2025-06-15,Powerwall,1,9015.84,Delivered,Lease
TES-O8789,TES-C5447,2024-06-30,Supercharging Credits,1,43.8,Delivered,Credit Card
TES-O6528,TES-C4030,2025-04-08,Powerwall,1,10200.43,Returned,Cash
TES-O13007,TES-C5910,2024-09-18,Model S,1,77178.76,Delivered,Cash
TES-O8513,TES-C5660,2023-11-09,Powerwall,1,11166.09,Pending,Financing
TES-O10670,TES-C3342,2024-04-29,Model 3,1,39985.93,Delivered,Cash
TES-O11931,TES-C2147,2024-11-27,Supercharging Credits,4,159.88,Cancelled,Cash
TES-O12239,TES-C8975,2023-02-04,Powerwall,1,10836.64,Delivered,Cash
TES-O8026,TES-C1778,2025-03-16,Model 3,1,43261.0,Shipped,Financing
TES-O13555,TES-C1481,2024-12-04,Solar Panel Kit,1,23885.48,Delivered,Cash
TES-O10485,TES-C6311,2025-09-16,Model Y,1,43626.2,Delivered,Lease
TES-O14207,TES-C10524,2023-03-28,Model S,1,77039.92,Pending,Credit Card
TES-O7960,TES-C6292,2024-06-04,Model 3,1,42426.59,Delivered,Cash
TES-O11065,TES-C8299,2025-08-28,Model Y,1,42126.7,Delivered,Cash
TES-O13144,TES-C10330,2023-04-05,Model X,1,99772.41,Delivered,Lease
TES-O6757,TES-C5815,2025-10-19,Model Y,1,52307.9,Returned,Credit Card
TES-O8541,TES-C3019,2024-02-15,Model S,1,88548.81,Delivered,Lease
TES-O6548,TES-C9593,2025-10-29,Model S,1,76639.12,Delivered,Credit Card
TES-O11474,TES-C3835,2023-06-28,Model S,1,81206.61,Delivered,Credit Card
TES-O5521,TES-C4852,2024-02-12,Supercharging Credits,2,184.3,Delivered,Cash
TES-O8749,TES-C9059,2025-05-30,Model Y,1,53431.98,Cancelled,Credit Card
TES-O12913,TES-C3085,2024-08-09,Model 3,1,47712.44,Pending,Cash
TES-O9126,TES-C2685,2024-04-19,Supercharging Credits,5,83.36,Returned,Lease
TES-O12861,TES-C3650,2024-03-05,Powerwall,1,11244.47,Delivered,Cash
TES-O5755,TES-C7967,2025-08-12,Solar Panel Kit,1,18846.4,Returned,Lease
TES-O13798,TES-C9999,2024-12-17,Model 3,1,42803.41,Delivered,Credit Card
TES-O10135,TES-C1693,2023-07-31,Model S,1,88421.72,Pending,Lease
TES-O12423,TES-C7395,2025-03-08,Model 3,1,42941.18,Delivered,Lease
TES-O12054,TES-C8712,2023-09-18,Model X,1,92871.49,Returned,Cash
TES-O5153,TES-C3979,2024-07-18,Model Y,1,45724.93,Delivered,Credit Card
TES-O7253,TES-C9999,2024-05-15,Model 3,1,41758.44,Returned,Financing
TES-O11416,TES-C5436,2023-03-07,Supercharging Credits,2,40.31,Shipped,Lease
TES-O11307,TES-C1731,2025-01-15,Powerwall,1,11120.95,Pending,Financing
TES-O9073,TES-C4117,2024-05-12,Model X,1,85139.67,Shipped,Cash
TES-O5379,TES-C6376,2023-06-14,Solar Panel Kit,1,24023.99,Shipped,Lease
TES-O10716,TES-C2266,2023-08-14,Model Y,1,54509.39,Delivered,Credit Card
TES-O10606,TES-C8936,2025-06-09,Model 3,1,42388.68,Unknown,Lease
TES-O13256,TES-C10855,2023-05-22,Merchandise,5,169.26,Cancelled,Lease
TES-O9267,TES-C3498,2025-06-02,Powerwall,1,9154.05,Returned,Credit Card
TES-O10733,TES-C8729,2023-02-16,Model Y,1,53751.54,Delivered,Credit Card
TES-O7293,TES-C8692,2025-11-13,Solar Panel Kit,1,17261.75,Shipped,Financing
TES-O14271,TES-C7614,2023-07-07,Model 3,1,40624.35,Delivered,Cash
TES-O14840,TES-C4330,2023-03-16,Model S,1,76810.99,Delivered,Financing
TES-O6502,TES-C7934,2025-02-16,Merchandise,4,197.21,Cancelled,Lease
TES-O9709,TES-C4500,2024-09-11,Supercharging Credits,1,62.92,Cancelled,Credit Card
TES-O5913,TES-C4714,2023-09-10,Merchandise,5,156.48,Shipped,Financing
TES-O8142,TES-C10750,2023-06-23,Model S,1,77974.12,Delivered,Cash
TES-O12946,TES-C1660,2023-10-23,Model 3,1,38642.26,Shipped,Credit Card
TES-O8665,TES-C2666,2023-05-07,Model S,1,94895.25,Delivered,Lease
TES-O13506,TES-C2595,2024-04-15,Merchandise,5,235.27,Pending,Financing
TES-O7531,TES-C1985,2025-05-02,Model S,1,82239.23,Returned,Cash
TES-O5414,TES-C5506,2025-12-25,Model 3,1,47645.35,Delivered,Financing
TES-O12216,TES-C3110,2024-05-26,Model S,1,84426.33,Returned,Cash
TES-O5671,TES-C7650,2025-08-31,Model S,1,91494.99,Shipped,Cash
TES-O8318,TES-C9983,2024-08-16,Model X,1,81461.6,Delivered,Financing
TES-O5239,TES-C10781,2023-06-10,Merchandise,5,90.9,Shipped,Financing
TES-O6815,TES-C5184,2023-05-07,Model Y,1,54207.14,Returned,Lease
TES-O7717,TES-C1390,2023-03-14,Model 3,1,40830.54,Delivered,Financing
TES-O5145,TES-C3764,2024-11-03,Merchandise,5,50.14,Delivered,Cash
TES-O12390,TES-C6997,2023-12-14,Model S,1,90074.36,Shipped,Financing
TES-O13767,TES-C5141,2025-04-09,Model Y,1,53931.23,Cancelled,Financing
TES-O13739,TES-C6165,2025-04-21,Model Y,1,43692.81,Shipped,Cash
TES-O8094,TES-C8985,2023-03-15,Model X,1,88980.84,Returned,Lease
TES-O5212,TES-C8580,2024-10-18,Solar Panel Kit,1,23352.5,Cancelled,Lease
TES-O10530,TES-C9387,2024-09-25,Model S,1,84845.19,Shipped,Financing
TES-O11750,TES-C1868,2024-05-12,Model S,1,83927.53,Delivered,Credit Card
TES-O13154,TES-C9254,2023-03-23,Model 3,1,42254.6,Delivered,Financing
TES-O12479,TES-C3195,2024-01-05,Model 3,1,44241.89,Cancelled,Financing
TES-O7833,TES-C10696,2023-12-10,Supercharging Credits,3,170.87,Delivered,Cash
TES-O10793,TES-C4332,2023-12-10,Merchandise,2,242.5,Cancelled,Lease
TES-O7271,TES-C1903,2024-06-11,Supercharging Credits,2,150.34,Delivered,Financing
TES-O9601,TES-C4118,2023-06-28,Model X,1,80250.4,Shipped,Cash
TES-O8508,TES-C9663,2024-11-20,Solar Panel Kit,1,20705.99,Delivered,Cash
TES-O6785,TES-C8194,2023-12-06,Merchandise,3,109.31,Delivered,Credit Card
TES-O14534,TES-C4595,2024-01-14,Powerwall,1,10126.5,Delivered,Lease
TES-O6634,TES-C3713,2025-02-26,Model Y,1,54215.88,Pending,Cash
TES-O7285,TES-C1850,2025-11-24,Model X,1,82034.55,Unknown,Credit Card
TES-O11026,TES-C9999,2023-10-06,Model X,1,80589.23,Pending,Financing
TES-O6526,TES-C4608,2023-10-12,Model S,1,87122.5,Delivered,Cash
TES-O7862,TES-C3991,2025-09-17,Solar Panel Kit,1,16929.31,Delivered,Cash
TES-O8407,TES-C5995,2025-01-20,Solar Panel Kit,1,16909.2,Delivered,Credit Card
TES-O6967,TES-C7944,2025-10-25,Model X,1,90567.48,Returned,Lease
TES-O11160,TES-C9999,2024-01-09,Model 3,1,43753.53,Shipped,Lease
TES-O12927,TES-C2880,2025-02-03,Solar Panel Kit,1,19570.32,Delivered,Credit Card
TES-O12999,TES-C3749,2024-11-29,Supercharging Credits,3,161.48,Pending,Lease
TES-O11610,TES-C10622,2025-10-09,Model Y,1,52551.25,Returned,Lease
TES-O5638,TES-C10930,2023-11-06,Model S,1,94358.2,Delivered,Credit Card
TES-O6596,TES-C6306,2024-11-19,Model 3,1,44718.14,Pending,Cash
TES-O9986,TES-C8190,2025-03-10,Solar Panel Kit,1,20302.65,Cancelled,Financing
TES-O6003,TES-C2925,2023-07-24,Model S,1,86756.13,Shipped,Lease
TES-O6270,TES-C8759,2025-07-06,Supercharging Credits,5,29.49,Cancelled,Credit Card
TES-O12104,TES-C9773,2024-09-19,Supercharging Credits,4,130.53,Shipped,Credit Card
TES-O7685,TES-C7549,2024-05-06,Solar Panel Kit,1,20456.51,Delivered,Lease
TES-O13940,TES-C3010,2025-10-14,Solar Panel Kit,1,20682.14,Delivered,Cash
TES-O5617,TES-C9415,2025-12-08,Model 3,1,42148.57,Delivered,Financing
TES-O5912,TES-C8578,2025-10-25,Model S,1,88868.38,Delivered,Credit Card
TES-O14391,TES-C2665,2025-10-02,Model X,1,99067.07,Shipped,Credit Card
TES-O9403,TES-C5488,2024-07-10,Solar Panel Kit,1,23653.45,Delivered,Financing
TES-O10079,TES-C3612,2023-04-27,Model Y,1,54331.36,Shipped,Cash
TES-O9100,TES-C1966,2025-06-01,Powerwall,1,9022.52,Returned,Lease
TES-O12078,TES-C9387,2023-01-16,Model X,1,98855.81,Delivered,Credit Card
TES-O14105,TES-C3468,2025-06-24,Solar Panel Kit,1,19073.94,Pending,Financing
TES-O13579,TES-C10820,2023-07-18,Model 3,1,40270.69,Shipped,Cash
TES-O6442,TES-C1054,2025-07-26,Supercharging Credits,3,104.65,Cancelled,Credit Card
TES-O6409,TES-C2225,2025-08-12,Solar Panel Kit,1,22117.34,Shipped,Financing
TES-O10067,TES-C7452,2024-11-25,Model X,1,87353.49,Shipped,Financing
TES-O8316,TES-C5993,2024-02-09,Merchandise,1,254.11,Delivered,Credit Card
TES-O6506,TES-C8550,2025-03-24,Model 3,1,40065.52,Delivered,Credit Card
TES-O14035,TES-C10420,2024-09-07,Powerwall,1,10909.7,Shipped,Credit Card
TES-O12453,TES-C7319,2023-01-18,Model X,1,85016.54,Delivered,Credit Card
TES-O12767,TES-C3488,2024-07-20,Model S,1,86089.38,Unknown,Financing
TES-O14945,TES-C4011,2023-05-07,Supercharging Credits,3,53.63,Delivered,Financing
TES-O12198,TES-C8530,2023-02-28,Merchandise,3,233.44,Pending,Lease
TES-O14366,TES-C5432,2025-01-18,Solar Panel Kit,1,24788.76,Delivered,Cash
TES-O9474,TES-C1824,2024-07-21,Supercharging Credits,2,108.8,Returned,Financing
TES-O9318,TES-C2283,2023-01-29,Powerwall,1,10781.36,Pending,Cash
TES-O14477,TES-C8989,2023-01-19,Model 3,1,41506.47,Delivered,Cash
TES-O6354,TES-C3939,2025-01-12,Model Y,1,50531.65,Delivered,Financing
TES-O6077,TES-C5413,2023-09-24,Supercharging Credits,2,191.47,Pending,Financing
TES-O7479,TES-C9967,2025-03-19,Model S,1,89352.2,Shipped,Lease
TES-O5959,TES-C9999,2024-01-02,Merchandise,1,253.63,Cancelled,Lease
TES-O14861,TES-C6914,2023-03-20,Merchandise,1,272.53,Delivered,Financing
TES-O13015,TES-C4207,2025-11-24,Model X,1,98426.5,Cancelled,Financing
TES-O14803,TES-C9884,2024-08-02,Model Y,1,48768.96,Returned,Cash
TES-O13461,TES-C4401,2024-06-19,Model X,1,94234.89,Pending,Credit Card
TES-O10389,TES-C2614,2024-03-08,Supercharging Credits,5,172.02,Returned,Lease
TES-O12460,TES-C5870,2025-02-28,Supercharging Credits,4,148.98,Returned,Credit Card
TES-O13263,TES-C5831,2024-07-13,Powerwall,1,9393.05,Pending,Lease
TES-O8228,TES-C8592,2023-02-06,Model Y,1,48198.52,Pending,Credit Card
TES-O14206,TES-C2023,2023-02-11,Model X,1,87256.9,Shipped,Lease
TES-O9263,TES-C1516,2024-09-23,Solar Panel Kit,1,19379.34,Delivered,Financing
TES-O12854,TES-C4039,2024-06-19,Merchandise,3,260.39,Delivered,Cash
TES-O8741,TES-C9156,2025-08-12,Solar Panel Kit,1,20241.45,Shipped,Financing
TES-O9102,TES-C1335,2025-04-29,Model X,1,82479.84,Cancelled,Lease
TES-O8365,TES-C7549,2023-03-31,Supercharging Credits,5,14.41,Delivered,Credit Card
TES-O5089,TES-C4048,2024-07-19,Solar Panel Kit,1,19492.01,Delivered,Cash
TES-O5369,TES-C3781,2025-03-24,Merchandise,1,263.3,Delivered,Cash
TES-O8463,TES-C7077,2024-03-28,Powerwall,1,9460.02,Pending,Credit Card
TES-O11848,TES-C9999,2024-12-26,Merchandise,4,235.89,Cancelled,Cash
TES-O6706,TES-C6072,2023-02-21,Solar Panel Kit,1,22718.72,Shipped,Credit Card
TES-O6344,TES-C8053,2024-04-24,Model S,1,91806.53,Delivered,Financing
TES-O11372,TES-C4871,2024-08-01,Merchandise,4,257.14,Delivered,Lease
TES-O8744,TES-C10139,2024-07-11,Model S,1,88317.72,Delivered,Lease
TES-O13017,TES-C4359,2024-05-13,Solar Panel Kit,1,17490.2,Pending,Credit Card
TES-O6309,TES-C4385,2023-05-22,Solar Panel Kit,1,23541.07,Shipped,Financing
TES-O9723,TES-C4564,2024-12-05,Model S,1,81231.11,Shipped,Lease
TES-O5250,TES-C6045,2024-03-23,Powerwall,1,11948.26,Delivered,Lease
TES-O11457,TES-C2879,2025-08-22,Model X,1,96742.36,Cancelled,Credit Card
TES-O13821,TES-C1664,2023-04-10,Model S,1,83405.4,Delivered,Cash
TES-O12770,TES-C7703,2024-02-20,Model S,1,79736.9,Unknown,Financing
TES-O5575,TES-C8082,2023-05-07,Powerwall,1,9282.56,Delivered,Financing
TES-O6239,TES-C7777,2025-07-01,Merchandise,1,169.96,Delivered,Financing
TES-O11843,TES-C5430,2025-04-02,Model 3,1,42323.37,Cancelled,Lease
TES-O6742,TES-C2777,2023-08-18,Model S,1,85839.89,Shipped,Cash
TES-O5460,TES-C6649,2023-10-27,Supercharging Credits,3,87.33,Unknown,Lease
TES-O14590,TES-C4166,2025-10-03,Model S,1,80102.41,Pending,Lease
TES-O10195,TES-C8016,2025-10-25,Model Y,1,52732.25,Delivered,Credit Card
TES-O8200,TES-C9999,2023-05-22,Supercharging Credits,4,127.76,Cancelled,Lease
TES-O14067,TES-C1306,2024-08-16,Model Y,1,49977.0,Shipped,Cash
TES-O10601,TES-C8721,2023-01-16,Model Y,1,53011.79,Pending,Cash
TES-O13830,TES-C3024,2025-11-30,Model Y,1,54681.01,Returned,Financing
TES-O10007,TES-C1868,2024-12-24,Powerwall,1,9880.08,Shipped,Lease
TES-O12329,TES-C5686,2023-04-03,Model X,1,80936.6,Delivered,Lease
TES-O5920,TES-C10123,2025-10-14,Model 3,1,44554.59,Delivered,Credit Card
TES-O14026,TES-C8189,2024-04-24,Merchandise,4,81.16,Shipped,Financing
TES-O11127,TES-C10209,2023-05-28,Model 3,1,43635.9,Delivered,Lease
TES-O7793,TES-C8550,2025-06-06,Model X,1,92954.94,Delivered,Lease
TES-O6932,TES-C4676,2025-01-17,Merchandise,5,161.14,Delivered,Lease
TES-O9588,TES-C4290,2023-04-08,Solar Panel Kit,1,15403.97,Delivered,Cash
TES-O13392,TES-C9010,2024-03-12,Powerwall,1,11306.24,Delivered,Lease
TES-O8987,TES-C3390,2023-05-24,Merchandise,1,235.01,Returned,Cash
TES-O6164,TES-C7387,2024-10-18,Model 3,1,42597.72,Shipped,Financing
TES-O8511,TES-C7830,2025-12-06,Supercharging Credits,4,95.89,Shipped,Cash
TES-O12480,TES-C2270,2025-07-09,Solar Panel Kit,1,21209.27,Returned,Credit Card
TES-O14361,TES-C9803,2025-09-08,Model Y,1,47363.59,Cancelled,Lease
TES-O12749,TES-C8515,2025-06-26,Model X,1,99085.77,Delivered,Lease
TES-O9988,TES-C4243,2024-11-28,Supercharging Credits,1,69.76,Unknown,Financing
TES-O6056,TES-C5133,2024-10-28,Supercharging Credits,2,19.78,Pending,Credit Card
TES-O6860,TES-C10295,2025-01-02,Solar Panel Kit,1,17976.93,Delivered,Lease
TES-O8537,TES-C4730,2024-07-13,Model Y,1,42297.14,Pending,Cash
TES-O11636,TES-C1613,2023-06-23,Powerwall,1,10324.39,Shipped,Lease
TES-O5901,TES-C5832,2024-05-18,Supercharging Credits,5,149.41,Cancelled,Cash
TES-O9624,TES-C2403,2023-09-24,Model Y,1,44849.84,Delivered,Financing
TES-O11317,TES-C6193,2024-09-30,Model S,1,83961.79,Pending,Cash
TES-O14554,TES-C10896,2024-08-27,Model X,1,85044.25,Returned,Cash
TES-O5451,TES-C9352,2025-02-21,Solar Panel Kit,1,23157.83,Shipped,Financing
TES-O9845,TES-C9355,2023-01-14,Supercharging Credits,3,75.38,Shipped,Cash
TES-O6751,TES-C8406,2025-08-12,Model Y,1,52673.83,Shipped,Lease
TES-O6543,TES-C3856,2023-06-17,Model S,1,94722.7,Pending,Credit Card
TES-O5205,TES-C4226,2024-05-10,Model Y,1,46364.15,Cancelled,Lease
TES-O10049,TES-C8867,2024-04-04,Model Y,1,49341.11,Pending,Financing
TES-O14506,TES-C3774,2024-06-04,Model 3,1,42794.42,Pending,Financing
TES-O8129,TES-C8873,2024-02-15,Merchandise,1,151.23,Shipped,Credit Card
TES-O10947,TES-C1771,2025-07-11,Model 3,1,45638.37,Delivered,Financing
TES-O14404,TES-C9090,2025-10-02,Model S,1,78207.96,Delivered,Lease
TES-O10322,TES-C3299,2024-11-26,Model X,1,96045.11,Delivered,Credit Card
TES-O12974,TES-C5282,2025-11-29,Solar Panel Kit,1,22290.78,Cancelled,Cash
TES-O5974,TES-C3759,2024-10-27,Merchandise,3,195.79,Delivered,Lease
TES-O7128,TES-C4459,2024-01-26,Merchandise,3,222.55,Unknown,Credit Card
TES-O6407,TES-C1016,2025-03-05,Model 3,1,42300.12,Shipped,Credit Card
TES-O5210,TES-C5966,2025-03-08,Supercharging Credits,1,80.57,Delivered,Financing
TES-O5407,TES-C4124,2025-02-02,Model Y,1,48482.42,Returned,Lease
TES-O5061,TES-C9251,2024-01-07,Model S,1,85876.97,Delivered,Lease
TES-O14894,TES-C2964,2025-01-18,Model 3,1,43574.0,Shipped,Credit Card
TES-O12699,TES-C8718,2025-08-29,Model Y,1,52079.78,Delivered,Lease
TES-O9526,TES-C8661,2023-03-04,Solar Panel Kit,1,17353.73,Delivered,Financing
TES-O8451,TES-C8766,2023-01-09,Supercharging Credits,2,51.74,Delivered,Credit Card
TES-O11364,TES-C3121,2023-01-10,Model X,1,82916.63,Shipped,Credit Card
TES-O7578,TES-C9605,2025-11-07,Model Y,1,54722.06,Cancelled,Cash
TES-O14855,TES-C4854,2025-07-18,Model Y,1,47350.32,Delivered,Cash
TES-O10418,TES-C10219,2024-05-05,Model 3,1,44716.34,Pending,Cash
TES-O13194,TES-C2119,2025-07-06,Supercharging Credits,3,111.29,Delivered,Financing
TES-O7245,TES-C5065,2024-12-07,Merchandise,2,138.73,Cancelled,Lease
TES-O6873,TES-C3572,2023-11-28,Model Y,1,45994.59,Delivered,Lease
TES-O7378,TES-C1039,2023-02-20,Model S,1,79472.39,Delivered,Cash
TES-O8790,TES-C4556,2023-02-20,Supercharging Credits,4,68.28,Cancelled,Cash
TES-O5557,TES-C8368,2023-06-04,Powerwall,1,11783.41,Delivered,Credit Card
TES-O12657,TES-C6935,2023-05-10,Model 3,1,45428.33,Returned,Lease
TES-O8345,TES-C2106,2024-11-23,Powerwall,1,11591.15,Shipped,Lease
TES-O14345,TES-C9895,2023-04-28,Model Y,1,50379.58,Delivered,Lease
TES-O10061,TES-C10526,2023-03-19,Solar Panel Kit,1,24727.75,Returned,Lease
TES-O6305,TES-C1469,2025-02-22,Merchandise,4,214.31,Cancelled,Credit Card
TES-O5062,TES-C1354,2023-07-02,Model Y,1,47374.51,Delivered,Credit Card
TES-O13825,TES-C7444,2023-09-12,Model S,1,90852.4,Shipped,Cash
TES-O14200,TES-C4303,2024-07-12,Powerwall,1,10921.21,Pending,Cash
TES-O6337,TES-C4103,2023-09-07,Powerwall,1,9334.71,Shipped,Credit Card
TES-O11240,TES-C5367,2024-04-25,Model S,1,80113.67,Returned,Cash
TES-O12263,TES-C5916,2025-10-25,Supercharging Credits,1,169.49,Delivered,Financing
TES-O12758,TES-C8798,2023-02-24,Model X,1,88287.61,Shipped,Cash
TES-O11242,TES-C1992,2024-09-11,Model 3,1,47851.6,Returned,Lease
TES-O5261,TES-C10492,2024-02-11,Model X,1,97303.7,Cancelled,Financing
TES-O12454,TES-C7535,2025-05-22,Merchandise,4,160.44,Returned,Lease
TES-O13745,TES-C10111,2024-10-19,Supercharging Credits,1,18.84,Delivered,Credit Card
TES-O10064,TES-C2732,2024-09-11,Supercharging Credits,3,115.25,Pending,Lease
TES-O12416,TES-C6419,2023-11-01,Model 3,1,41376.85,Returned,Credit Card
TES-O8221,TES-C1101,2024-08-05,Model X,1,81167.67,Delivered,Financing
TES-O11741,TES-C5048,2023-08-21,Model 3,1,46268.75,Delivered,Financing
TES-O13947,TES-C2104,2023-11-20,Model 3,1,41605.84,Returned,Credit Card
TES-O9669,TES-C3177,2025-05-14,Supercharging Credits,4,76.42,Delivered,Lease
TES-O12466,TES-C9021,2025-08-09,Model X,1,82039.34,Cancelled,Credit Card
TES-O8381,TES-C2048,2025-04-17,Supercharging Credits,1,177.82,Delivered,Credit Card
TES-O11437,TES-C2709,2023-10-10,Merchandise,2,286.86,Shipped,Financing
TES-O6241,TES-C3414,2025-09-20,Solar Panel Kit,1,17280.66,Delivered,Financing
TES-O11311,TES-C4799,2025-04-28,Solar Panel Kit,1,15730.52,Returned,Financing
TES-O13583,TES-C8370,2025-02-13,Model Y,1,53660.94,Shipped,Credit Card
TES-O5398,TES-C7090,2024-08-17,Solar Panel Kit,1,19454.32,Delivered,Financing
TES-O5756,TES-C10800,2024-11-22,Supercharging Credits,5,191.2,Returned,Credit Card
TES-O12059,TES-C4550,2025-08-14,Model 3,1,42097.34,Delivered,Lease
TES-O12141,TES-C1466,2023-11-20,Model S,1,82399.21,Cancelled,Credit Card
TES-O14330,TES-C10450,2024-01-10,Powerwall,1,11215.75,Returned,Lease
TES-O5167,TES-C1980,2025-03-15,Model S,1,76435.63,Returned,Credit Card
TES-O6215,TES-C3798,2023-07-01,Model X,1,91214.87,Delivered,Financing
TES-O10664,TES-C6409,2023-11-26,Powerwall,1,9164.32,Delivered,Cash
TES-O11821,TES-C6020,2023-09-20,Model X,1,88244.6,Delivered,Lease
TES-O6585,TES-C9296,2024-03-23,Model S,1,90114.36,Delivered,Financing
TES-O9127,TES-C3823,2023-09-15,Supercharging Credits,5,92.31,Unknown,Cash
TES-O14871,TES-C1298,2024-09-13,Powerwall,1,10112.67,Delivered,Lease
TES-O7821,TES-C2643,2025-01-25,Model 3,1,40821.21,Delivered,Cash
TES-O14181,TES-C9999,2024-10-27,Model X,1,82793.77,Returned,Financing
TES-O13826,TES-C10303,2025-04-19,Merchandise,5,245.25,Delivered,Lease
TES-O11685,TES-C10823,2025-10-20,Model Y,1,42522.15,Delivered,Credit Card
TES-O10735,TES-C10309,2023-09-03,Model X,1,84963.59,Delivered,Credit Card
TES-O11986,TES-C4002,2023-01-09,Merchandise,4,292.08,Unknown,Cash
TES-O13217,TES-C5115,2025-12-20,Solar Panel Kit,1,21500.62,Delivered,Cash
TES-O5192,TES-C6817,2024-05-20,Model Y,1,50454.9,Delivered,Cash
TES-O9017,TES-C3016,2023-10-11,Powerwall,1,11428.82,Returned,Lease
TES-O11095,TES-C2696,2024-03-05,Solar Panel Kit,1,21801.32,Delivered,Financing
TES-O10041,TES-C4464,2023-01-04,Powerwall,1,11557.31,Cancelled,Credit Card
TES-O14736,TES-C9042,2024-08-09,Model X,1,86470.98,Cancelled,Financing
TES-O10673,TES-C2146,2023-03-09,Model X,1,88908.74,Delivered,Credit Card
TES-O13640,TES-C9434,2023-11-17,Model X,1,92356.98,Pending,Financing
TES-O9748,TES-C5037,2024-04-25,Powerwall,1,9669.19,Delivered,Cash
TES-O7082,TES-C9458,2025-04-27,Merchandise,2,220.05,Delivered,Financing
TES-O14235,TES-C6975,2024-01-17,Powerwall,1,11863.04,Returned,Lease
TES-O6770,TES-C3874,2023-05-08,Merchandise,3,128.78,Pending,Credit Card
TES-O9462,TES-C10435,2025-02-19,Model X,1,85571.19,Cancelled,Credit Card
TES-O10859,TES-C1725,2025-08-15,Solar Panel Kit,1,15201.29,Pending,Lease
TES-O11246,TES-C6331,2023-06-04,Model Y,1,49218.15,Shipped,Financing
TES-O12475,TES-C3157,2023-04-21,Model 3,1,44592.03,Pending,Credit Card
TES-O5103,TES-C10324,2025-12-03,Supercharging Credits,3,163.42,Pending,Credit Card
TES-O13867,TES-C2966,2025-05-14,Solar Panel Kit,1,19657.96,Delivered,Lease
TES-O12738,TES-C1404,2023-06-06,Model 3,1,38136.0,Delivered,Lease
TES-O11425,TES-C8301,2023-03-14,Model S,1,91510.69,Cancelled,Lease
TES-O10231,TES-C7373,2023-01-22,Supercharging Credits,3,70.13,Delivered,Financing
TES-O9254,TES-C9733,2023-01-28,Merchandise,2,243.14,Cancelled,Financing
TES-O5303,TES-C6696,2023-09-18,Solar Panel Kit,1,24456.42,Delivered,Lease
TES-O5011,TES-C10341,2024-12-13,Model X,1,95603.5,Delivered,Financing
TES-O5962,TES-C4078,2024-12-19,Merchandise,3,63.7,Delivered,Lease
TES-O8265,TES-C9652,2025-10-28,Model X,1,81759.18,Delivered,Credit Card
TES-O14841,TES-C4387,2025-08-07,Solar Panel Kit,1,17282.88,Shipped,Cash
TES-O7804,TES-C3925,2023-08-25,Powerwall,1,11579.13,Delivered,Cash
TES-O10145,TES-C1186,2023-03-28,Model Y,1,44606.28,Pending,Lease
TES-O5337,TES-C6854,2024-08-07,Model S,1,87484.86,Delivered,Cash
TES-O6977,TES-C2294,2025-04-12,Model X,1,84506.06,Cancelled,Credit Card
TES-O6767,TES-C1123,2023-11-08,Model Y,1,54150.05,Delivered,Credit Card
TES-O8779,TES-C8954,2025-07-04,Solar Panel Kit,1,23141.8,Delivered,Credit Card
TES-O6808,TES-C1941,2025-11-15,Model S,1,90537.2,Pending,Credit Card
TES-O5589,TES-C4788,2023-12-26,Model Y,1,45929.25,Unknown,Cash
TES-O9090,TES-C7834,2025-07-30,Model S,1,90877.19,Returned,Cash
TES-O5714,TES-C4312,2023-10-16,Solar Panel Kit,1,22331.82,Delivered,Credit Card
TES-O13424,TES-C9087,2025-10-24,Model S,1,80086.24,Delivered,Credit Card
TES-O13481,TES-C10063,2024-02-12,Supercharging Credits,4,134.21,Returned,Lease
TES-O6324,TES-C2120,2023-08-31,Supercharging Credits,2,175.76,Delivered,Financing
TES-O7175,TES-C7647,2024-12-26,Solar Panel Kit,1,15513.89,Delivered,Credit Card
TES-O13300,TES-C3306,2023-02-21,Merchandise,1,237.03,Delivered,Cash
TES-O13503,TES-C3932,2025-11-24,Model S,1,91554.36,Pending,Credit Card
TES-O13816,TES-C9999,2023-02-09,Model S,1,77610.11,Shipped,Credit Card
TES-O13182,TES-C8513,2023-10-27,Model S,1,91398.93,Delivered,Lease
TES-O14131,TES-C1905,2024-10-19,Solar Panel Kit,1,22208.58,Delivered,Financing
TES-O12752,TES-C3981,2024-07-15,Model X,1,88336.06,Delivered,Lease
TES-O12030,TES-C2673,2023-09-10,Powerwall,1,9843.45,Returned,Lease
TES-O12347,TES-C3225,2024-10-19,Model 3,1,38681.36,Delivered,Lease
TES-O6893,TES-C10940,2024-09-21,Supercharging Credits,5,162.12,Returned,Credit Card
TES-O5683,TES-C6827,2023-07-21,Model Y,1,51583.55,Returned,Credit Card
TES-O9746,TES-C8942,2024-02-15,Powerwall,1,9501.85,Shipped,Credit Card
TES-O7094,TES-C10883,2024-09-08,Merchandise,2,84.78,Cancelled,Financing
TES-O12259,TES-C8407,2025-01-10,Merchandise,2,165.68,Cancelled,Cash
TES-O14409,TES-C5139,2024-05-23,Model S,1,91616.39,Cancelled,Lease
TES-O13234,TES-C9431,2024-02-19,Powerwall,1,10454.44,Cancelled,Cash
TES-O13035,TES-C9921,2025-09-08,Model S,1,75508.28,Delivered,Financing
TES-O6086,TES-C1843,2025-09-04,Model S,1,82405.32,Delivered,Financing
TES-O9826,TES-C8866,2024-12-10,Powerwall,1,9982.08,Cancelled,Financing
TES-O7898,TES-C9769,2025-12-01,Model Y,1,52475.7,Delivered,Cash
TES-O7034,TES-C7852,2025-12-25,Powerwall,1,10882.31,Pending,Cash
TES-O13225,TES-C4020,2025-04-04,Supercharging Credits,5,110.23,Delivered,Financing
TES-O5794,TES-C9880,2024-02-22,Model 3,1,41553.95,Returned,Cash
TES-O12500,TES-C8602,2025-01-03,Model 3,1,46105.12,Delivered,Lease
TES-O9705,TES-C2121,2025-03-12,Model Y,1,43322.08,Delivered,Lease
TES-O9659,TES-C7120,2023-09-10,Powerwall,1,11452.92,Returned,Cash
TES-O5013,TES-C1478,2023-01-27,Solar Panel Kit,1,18249.17,Cancelled,Cash
TES-O9310,TES-C9183,2023-06-17,Model X,1,91338.23,Delivered,Credit Card
TES-O7560,TES-C5290,2024-06-11,Model Y,1,45232.04,Returned,Lease
TES-O9772,TES-C2023,2023-12-31,Solar Panel Kit,1,17555.22,Delivered,Credit Card
TES-O13737,TES-C8697,2024-09-03,Model 3,1,47406.7,Delivered,Lease
TES-O11743,TES-C3020,2024-12-28,Model X,1,96687.71,Delivered,Credit Card
TES-O12163,TES-C2899,2023-11-11,Supercharging Credits,5,153.87,Delivered,Cash
TES-O13152,TES-C5758,2023-07-08,Supercharging Credits,5,63.02,Delivered,Lease
TES-O14263,TES-C7970,2023-05-04,Model X,1,80657.19,Returned,Financing
TES-O5091,TES-C8748,2023-01-28,Model Y,1,51339.54,Shipped,Cash
TES-O5893,TES-C10345,2024-08-20,Solar Panel Kit,1,21282.74,Shipped,Credit Card
TES-O6153,TES-C2554,2024-06-25,Model S,1,81118.56,Delivered,Cash
TES-O12517,TES-C2542,2023-01-06,Model Y,1,45172.69,Returned,Cash
TES-O11345,TES-C8780,2023-02-11,Model 3,1,47943.79,Delivered,Lease
TES-O12194,TES-C4251,2025-02-23,Model Y,1,45584.18,Shipped,Financing
TES-O7647,TES-C7220,2024-03-20,Model Y,1,42922.88,Returned,Financing
TES-O9578,TES-C7515,2023-05-09,Powerwall,1,10679.8,Unknown,Credit Card
TES-O8089,TES-C9656,2024-02-29,Solar Panel Kit,1,16514.66,Pending,Credit Card
TES-O10639,TES-C8037,2024-02-07,Model S,1,80560.48,Delivered,Cash
TES-O5939,TES-C10755,2024-01-13,Model 3,1,41132.98,Pending,Financing
TES-O11340,TES-C1115,2025-02-21,Solar Panel Kit,1,23820.07,Returned,Cash
TES-O9811,TES-C6885,2025-12-03,Model X,1,88383.77,Returned,Lease
TES-O5520,TES-C6664,2023-10-30,Model Y,1,52787.61,Shipped,Financing
TES-O14031,TES-C2028,2023-08-11,Supercharging Credits,4,145.08,Shipped,Credit Card
TES-O7884,TES-C7200,2025-06-10,Model 3,1,38571.08,Shipped,Cash
TES-O8795,TES-C4764,2025-01-31,Model X,1,91255.64,Delivered,Cash
TES-O13228,TES-C9882,2025-07-06,Model Y,1,54429.74,Cancelled,Financing
TES-O7427,TES-C5640,2025-09-27,Supercharging Credits,1,62.17,Delivered,Lease
TES-O7707,TES-C9511,2025-04-25,Solar Panel Kit,1,19938.8,Cancelled,Cash
TES-O11292,TES-C6470,2024-10-30,Model 3,1,44671.63,Returned,Lease
TES-O5358,TES-C6704,2025-06-12,Model Y,1,45569.72,Delivered,Credit Card
TES-O13524,TES-C10880,2023-04-06,Model Y,1,45446.72,Cancelled,Credit Card
TES-O6591,TES-C8753,2023-01-10,Powerwall,1,9640.01,Delivered,Cash
TES-O7023,TES-C10547,2024-09-14,Solar Panel Kit,1,19818.82,Delivered,Credit Card
TES-O12778,TES-C1514,2024-05-13,Supercharging Credits,1,132.8,Delivered,Financing
TES-O12681,TES-C6204,2024-03-26,Model Y,1,47974.32,Shipped,Credit Card
TES-O9785,TES-C2289,2025-01-20,Model S,1,82169.45,Pending,Cash
TES-O12065,TES-C10714,2024-10-23,Solar Panel Kit,1,15019.67,Pending,Cash
TES-O13193,TES-C5857,2024-08-05,Model X,1,89828.77,Cancelled,Lease
TES-O14203,TES-C2655,2024-02-28,Model Y,1,43437.32,Cancelled,Credit Card
TES-O14818,TES-C7275,2025-01-23,Model Y,1,48340.49,Cancelled,Financing
TES-O14549,TES-C1961,2024-10-28,Powerwall,1,11662.36,Shipped,Financing
TES-O14047,TES-C9220,2023-11-24,Merchandise,2,132.75,Returned,Credit Card
TES-O11077,TES-C10820,2024-02-01,Supercharging Credits,5,105.54,Shipped,Cash
TES-O8507,TES-C10840,2023-11-03,Merchandise,4,43.85,Delivered,Lease
TES-O9651,TES-C2956,2025-12-11,Model Y,1,47263.9,Pending,Credit Card
TES-O12948,TES-C7502,2024-09-12,Powerwall,1,9142.12,Delivered,Financing
TES-O7727,TES-C10329,2025-11-27,Model S,1,76706.86,Delivered,Credit Card
TES-O10347,TES-C8965,2025-11-17,Solar Panel Kit,1,22945.97,Delivered,Credit Card
TES-O13157,TES-C1853,2023-08-23,Model 3,1,39963.4,Delivered,Cash
TES-O12020,TES-C7810,2023-04-02,Merchandise,1,145.17,Shipped,Financing
TES-O13852,TES-C4864,2025-07-27,Merchandise,1,157.27,Delivered,Cash
TES-O7706,TES-C8176,2025-07-28,Model Y,1,51029.28,Shipped,Lease
TES-O5077,TES-C8376,2025-09-13,Powerwall,1,9221.2,Cancelled,Lease
TES-O6715,TES-C3026,2023-10-14,Powerwall,1,10405.0,Delivered,Cash
TES-O5105,TES-C8762,2025-11-22,Solar Panel Kit,1,18985.22,Pending,Credit Card
TES-O8752,TES-C3270,2024-02-12,Merchandise,5,119.46,Shipped,Financing
TES-O9335,TES-C6870,2023-01-26,Model Y,1,48134.84,Shipped,Cash
TES-O14839,TES-C2658,2023-08-10,Model S,1,94480.35,Cancelled,Credit Card
TES-O6570,TES-C9003,2024-11-19,Model Y,1,43988.1,Delivered,Cash
TES-O13833,TES-C9424,2025-04-05,Model X,1,95185.05,Delivered,Financing
TES-O8867,TES-C7814,2025-10-19,Model X,1,81139.28,Returned,Lease
TES-O12747,TES-C2832,2025-10-29,Model X,1,86190.86,Pending,Financing
TES-O7358,TES-C10686,2024-11-20,Powerwall,1,10356.9,Returned,Cash
TES-O14880,TES-C2025,2024-08-09,Model S,1,89712.77,Delivered,Cash
TES-O9662,TES-C4605,2024-10-02,Supercharging Credits,2,16.31,Pending,Cash
TES-O8677,TES-C1886,2025-04-04,Solar Panel Kit,1,20999.48,Shipped,Lease
TES-O8002,TES-C9180,2025-05-31,Model Y,1,42163.64,Delivered,Credit Card
TES-O11512,TES-C1495,2023-06-09,Model Y,1,53936.2,Cancelled,Credit Card
TES-O14799,TES-C3983,2025-01-06,Model X,1,91643.18,Delivered,Credit Card
TES-O11363,TES-C4024,2023-08-03,Model X,1,89046.63,Cancelled,Financing
TES-O9190,TES-C10086,2025-05-26,Powerwall,1,9128.27,Cancelled,Financing
TES-O6574,TES-C7052,2025-12-24,Model X,1,97207.5,Delivered,Lease
TES-O9701,TES-C9962,2025-12-01,Model S,1,92387.21,Delivered,Lease
TES-O5277,TES-C1358,2024-10-05,Model 3,1,39455.2,Pending,Financing
TES-O13435,TES-C9267,2024-04-11,Model X,1,81315.25,Cancelled,Lease
TES-O9120,TES-C2990,2024-06-08,Solar Panel Kit,1,21315.93,Cancelled,Cash
TES-O7047,TES-C8485,2023-02-07,Model 3,1,45797.75,Delivered,Financing
TES-O9418,TES-C1074,2023-11-28,Supercharging Credits,2,11.18,Delivered,Cash
TES-O7875,TES-C5675,2023-05-14,Supercharging Credits,2,116.52,Delivered,Cash
TES-O10159,TES-C7485,2025-09-22,Model S,1,93268.02,Delivered,Cash
TES-O10795,TES-C2717,2024-12-14,Powerwall,1,11697.31,Delivered,Lease
TES-O12881,TES-C1509,2024-05-03,Powerwall,1,9767.18,Delivered,Financing
TES-O6192,TES-C5923,2023-04-21,Model S,1,83145.78,Returned,Cash
TES-O7770,TES-C2906,2025-01-27,Model X,1,80929.57,Delivered,Cash
TES-O13734,TES-C1564,2024-02-02,Model 3,1,43461.23,Delivered,Financing
TES-O13496,TES-C8717,2025-07-15,Model S,1,77407.61,Shipped,Cash
TES-O11383,TES-C4510,2025-11-28,Model 3,1,41112.7,Pending,Credit Card
TES-O8519,TES-C8259,2023-12-06,Solar Panel Kit,1,23841.26,Delivered,Cash
TES-O7426,TES-C1363,2023-03-03,Model X,1,95963.45,Unknown,Credit Card
TES-O11036,TES-C3125,2025-05-20,Powerwall,1,10328.84,Delivered,Financing
TES-O5687,TES-C9517,2023-04-18,Model X,1,88477.56,Shipped,Lease
TES-O5868,TES-C3366,2024-06-29,Model 3,1,43540.92,Delivered,Credit Card
TES-O11478,TES-C4877,2024-12-11,Solar Panel Kit,1,19103.24,Returned,Financing
TES-O9330,TES-C10917,2025-12-08,Model 3,1,42161.11,Delivered,Lease
TES-O11640,TES-C4009,2024-09-20,Model Y,1,43231.26,Delivered,Lease
TES-O14368,TES-C2218,2025-12-29,Merchandise,4,121.85,Delivered,Cash
TES-O7294,TES-C2974,2025-05-22,Model 3,1,41584.09,Cancelled,Cash
TES-O11295,TES-C4601,2024-11-07,Supercharging Credits,4,98.74,Delivered,Lease
TES-O9146,TES-C9153,2025-01-03,Model X,1,84723.13,Delivered,Lease
TES-O13199,TES-C5794,2025-01-24,Solar Panel Kit,1,20733.73,Shipped,Lease
TES-O6589,TES-C8755,2024-11-22,Merchandise,5,65.75,Shipped,Financing
TES-O7342,TES-C6836,2024-10-29,Model X,1,82842.5,Cancelled,Credit Card
TES-O12377,TES-C5526,2023-02-23,Merchandise,4,153.05,Pending,Credit Card
TES-O12748,TES-C4217,2023-12-17,Supercharging Credits,5,193.88,Cancelled,Financing
TES-O6082,TES-C3272,2025-07-26,Model S,1,79671.87,Delivered,Cash
TES-O14539,TES-C6135,2024-09-22,Model Y,1,45246.54,Cancelled,Cash
TES-O11705,TES-C9300,2024-07-15,Model 3,1,38486.35,Shipped,Financing
TES-O13357,TES-C1415,2025-10-07,Model X,1,94905.12,Delivered,Cash
TES-O6735,TES-C10646,2025-06-30,Model S,1,86633.84,Delivered,Financing
TES-O9401,TES-C6205,2025-07-18,Model X,1,95207.49,Delivered,Lease
TES-O7368,TES-C10192,2025-07-04,Model X,1,81583.35,Delivered,Cash
TES-O13405,TES-C2281,2024-11-18,Merchandise,1,240.72,Returned,Credit Card
TES-O11190,TES-C8219,2025-04-19,Supercharging Credits,5,147.46,Cancelled,Financing
TES-O8722,TES-C3734,2023-07-28,Model X,1,92998.56,Returned,Financing
TES-O10860,TES-C4411,2024-08-25,Merchandise,5,210.31,Pending,Credit Card
TES-O12688,TES-C8510,2024-01-26,Supercharging Credits,2,171.7,Delivered,Cash
TES-O7500,TES-C6855,2025-10-05,Powerwall,1,9387.75,Pending,Financing
TES-O13238,TES-C2643,2025-11-28,Model 3,1,39717.65,Cancelled,Cash
TES-O13777,TES-C7240,2025-12-21,Model X,1,87775.2,Delivered,Financing
TES-O8727,TES-C5743,2024-02-28,Merchandise,3,296.32,Shipped,Credit Card
TES-O12176,TES-C4776,2025-12-15,Powerwall,1,11357.19,Shipped,Lease
TES-O5822,TES-C9310,2025-02-06,Powerwall,1,9058.42,Delivered,Lease
TES-O14340,TES-C9711,2024-05-31,Merchandise,3,217.89,Delivered,Credit Card
TES-O6240,TES-C6050,2023-11-20,Model S,1,80103.44,Pending,Financing
TES-O8350,TES-C9093,2023-10-14,Model Y,1,51731.64,Delivered,Cash
TES-O8235,TES-C2199,2024-10-23,Model Y,1,50251.63,Cancelled,Credit Card
TES-O7646,TES-C7774,2023-12-11,Merchandise,5,132.66,Returned,Cash
TES-O8704,TES-C1130,2025-09-29,Model Y,1,48746.23,Shipped,Cash
TES-O12228,TES-C3153,2023-09-22,Model 3,1,44856.75,Shipped,Cash
TES-O11838,TES-C5036,2025-07-23,Solar Panel Kit,1,24616.35,Cancelled,Financing
TES-O5605,TES-C10368,2023-10-14,Supercharging Credits,2,57.71,Pending,Credit Card
TES-O9121,TES-C9593,2023-12-01,Merchandise,4,237.02,Delivered,Cash
TES-O11800,TES-C6624,2025-08-16,Supercharging Credits,1,139.68,Cancelled,Cash
TES-O11410,TES-C4240,2025-05-30,Powerwall,1,10751.45,Returned,Financing
TES-O12968,TES-C4110,2023-01-26,Model Y,1,52493.09,Shipped,Credit Card
TES-O5087,TES-C1840,2025-02-27,Powerwall,1,9697.08,Delivered,Cash
TES-O9251,TES-C4564,2025-07-03,Powerwall,1,10090.45,Cancelled,Credit Card
TES-O12992,TES-C9305,2023-07-08,Model X,1,99625.48,Delivered,Lease
TES-O14037,TES-C1455,2025-10-18,Supercharging Credits,2,90.98,Shipped,Lease
TES-O7203,TES-C10214,2025-09-02,Model X,1,94049.45,Returned,Financing
TES-O8691,TES-C4035,2025-09-09,Model Y,1,49903.82,Delivered,Lease
TES-O12586,TES-C3998,2023-12-03,Supercharging Credits,2,140.15,Delivered,Credit Card
TES-O10960,TES-C6609,2023-12-22,Model S,1,82532.94,Delivered,Cash
TES-O5449,TES-C8007,2023-10-06,Model Y,1,42086.18,Returned,Lease
TES-O8761,TES-C3529,2024-03-24,Merchandise,2,102.18,Shipped,Lease
TES-O6092,TES-C8113,2023-12-27,Model S,1,77889.1,Pending,Financing
TES-O11022,TES-C3927,2025-05-10,Merchandise,1,131.92,Shipped,Cash
TES-O7532,TES-C10211,2025-05-12,Model Y,1,52646.04,Delivered,Financing
TES-O9855,TES-C2025,2024-10-25,Model S,1,75430.56,Delivered,Lease
TES-O13500,TES-C5284,2023-09-23,Merchandise,1,202.48,Delivered,Lease
TES-O6734,TES-C9999,2023-11-21,Model 3,1,46188.65,Cancelled,Financing
TES-O8258,TES-C8371,2024-01-02,Model S,1,86971.43,Shipped,Lease
TES-O7521,TES-C9166,2024-07-14,Model X,1,92165.04,Cancelled,Credit Card
TES-O7735,TES-C2676,2024-03-01,Supercharging Credits,2,60.08,Shipped,Financing
TES-O9270,TES-C10916,2025-12-01,Powerwall,1,11672.88,Returned,Cash
TES-O5598,TES-C9792,2025-05-08,Model 3,1,40375.95,Cancelled,Lease
TES-O14545,TES-C6918,2024-10-31,Model S,1,86522.59,Delivered,Financing
TES-O11471,TES-C9140,2023-09-30,Merchandise,3,208.0,Delivered,Credit Card
TES-O14446,TES-C3165,2025-07-20,Model S,1,90839.92,Cancelled,Credit Card
TES-O14338,TES-C4573,2025-06-09,Merchandise,2,196.41,Shipped,Cash
TES-O12809,TES-C5271,2025-02-12,Model 3,1,41554.6,Shipped,Lease
TES-O5860,TES-C9567,2025-11-22,Supercharging Credits,4,33.72,Delivered,Credit Card
TES-O6567,TES-C9170,2023-04-03,Powerwall,1,10349.91,Cancelled,Cash
TES-O10056,TES-C9975,2023-01-30,Supercharging Credits,4,18.82,Delivered,Financing
TES-O11522,TES-C9271,2025-09-26,Model Y,1,45246.95,Delivered,Lease
TES-O10698,TES-C8424,2025-07-19,Solar Panel Kit,1,21328.75,Delivered,Lease
TES-O6174,TES-C5282,2024-02-04,Model Y,1,42910.71,Pending,Lease
TES-O11842,TES-C4072,2024-08-30,Supercharging Credits,2,186.8,Cancelled,Lease
TES-O5620,TES-C10548,2025-11-30,Merchandise,5,73.9,Pending,Financing
TES-O6467,TES-C5125,2025-07-14,Model X,1,80659.16,Delivered,Lease
TES-O6385,TES-C5360,2025-07-28,Model X,1,92606.13,Returned,Credit Card
TES-O8742,TES-C4410,2023-02-28,Model X,1,84229.59,Delivered,Lease
TES-O8253,TES-C3826,2023-11-30,Supercharging Credits,5,59.73,Returned,Lease
TES-O12000,TES-C5958,2024-06-14,Merchandise,5,138.42,Delivered,Lease
TES-O13385,TES-C4071,2025-09-24,Supercharging Credits,3,196.89,Shipped,Credit Card
TES-O8168,TES-C1859,2024-02-17,Model S,1,80088.8,Returned,Credit Card
TES-O13768,TES-C6189,2024-04-23,Model S,1,75433.98,Pending,Cash
TES-O5295,TES-C6557,2024-02-08,Model X,1,97025.25,Delivered,Lease
TES-O11115,TES-C8869,2024-10-10,Merchandise,1,58.77,Delivered,Credit Card
TES-O14990,TES-C9516,2024-08-17,Solar Panel Kit,1,22121.17,Cancelled,Credit Card
TES-O7941,TES-C7276,2025-04-06,Merchandise,4,139.35,Shipped,Credit Card
TES-O8615,TES-C1046,2025-01-28,Supercharging Credits,5,159.67,Shipped,Lease
TES-O14813,TES-C4726,2025-08-29,Model S,1,81238.25,Delivered,Financing
TES-O6453,TES-C10112,2023-08-10,Model Y,1,44854.84,Shipped,Cash
TES-O13590,TES-C4216,2025-10-06,Model Y,1,46481.42,Delivered,Lease
TES-O13710,TES-C9177,2023-10-29,Model 3,1,44467.79,Shipped,Cash
TES-O13143,TES-C7735,2025-10-12,Merchandise,4,142.78,Returned,Financing
TES-O5692,TES-C8397,2025-05-05,Supercharging Credits,2,122.14,Returned,Credit Card
TES-O8179,TES-C8751,2025-08-20,Supercharging Credits,2,22.41,Delivered,Credit Card
TES-O5285,TES-C7464,2024-08-18,Model Y,1,51774.55,Returned,Cash
TES-O9265,TES-C9965,2023-11-19,Solar Panel Kit,1,20367.15,Delivered,Financing
TES-O11414,TES-C4545,2023-06-10,Powerwall,1,10393.09,Delivered,Credit Card
TES-O14517,TES-C7383,2025-11-24,Solar Panel Kit,1,23951.35,Shipped,Cash
TES-O5918,TES-C3076,2023-06-03,Powerwall,1,9521.17,Delivered,Financing
TES-O7809,TES-C1495,2025-06-09,Merchandise,3,51.77,Delivered,Financing
TES-O14438,TES-C7727,2025-06-07,Supercharging Credits,2,136.47,Cancelled,Financing
TES-O5189,TES-C8189,2024-06-23,Model X,1,98486.19,Shipped,Cash
TES-O8919,TES-C7970,2025-02-26,Model X,1,83257.17,Delivered,Lease
TES-O10579,TES-C6974,2025-11-03,Model 3,1,41801.5,Cancelled,Cash
TES-O9812,TES-C6122,2024-12-15,Merchandise,4,221.79,Returned,Credit Card
TES-O9094,TES-C8808,2025-04-30,Model 3,1,38874.84,Shipped,Cash
TES-O5735,TES-C3821,2025-08-31,Supercharging Credits,2,119.85,Delivered,Lease
TES-O10182,TES-C7192,2023-03-02,Model Y,1,52286.43,Pending,Credit Card
TES-O5028,TES-C6816,2024-12-25,Model 3,1,39964.46,Cancelled,Credit Card
TES-O12410,TES-C8378,2025-03-13,Merchandise,2,284.31,Returned,Cash
TES-O13108,TES-C4724,2025-11-07,Merchandise,5,233.54,Delivered,Lease
TES-O6533,TES-C7943,2023-02-12,Model X,1,84406.59,Cancelled,Credit Card
TES-O14915,TES-C5295,2023-05-22,Solar Panel Kit,1,17298.72,Shipped,Credit Card
TES-O10787,TES-C8208,2024-10-21,Model S,1,78490.33,Cancelled,Financing
TES-O14823,TES-C9775,2025-11-25,Model 3,1,39030.84,Delivered,Lease
TES-O8810,TES-C6848,2025-09-20,Merchandise,3,117.31,Shipped,Lease
TES-O6448,TES-C8176,2025-12-28,Model X,1,93080.59,Shipped,Cash
TES-O13416,TES-C3697,2025-12-11,Model 3,1,41731.78,Shipped,Lease
TES-O14336,TES-C9701,2023-07-04,Solar Panel Kit,1,23729.28,Returned,Cash
TES-O14927,TES-C6644,2024-04-28,Supercharging Credits,2,49.86,Shipped,Lease
TES-O8885,TES-C8537,2024-04-21,Supercharging Credits,2,23.77,Delivered,Credit Card
TES-O5445,TES-C3291,2024-08-28,Supercharging Credits,2,48.41,Returned,Lease
TES-O10479,TES-C2785,2024-08-13,Model X,1,86477.45,Delivered,Cash
TES-O8869,TES-C10446,2024-07-23,Solar Panel Kit,1,24665.23,Delivered,Financing
TES-O5078,TES-C9783,2023-12-03,Merchandise,1,232.75,Shipped,Credit Card
TES-O12291,TES-C6264,2024-09-18,Solar Panel Kit,1,20127.42,Shipped,Credit Card
TES-O7370,TES-C1204,2025-05-03,Solar Panel Kit,1,20722.26,Delivered,Cash
TES-O14626,TES-C2166,2023-10-27,Model S,1,86728.68,Unknown,Cash
TES-O7580,TES-C8479,2024-03-18,Powerwall,1,9992.17,Cancelled,Lease
TES-O12351,TES-C2829,2024-10-04,Merchandise,5,186.8,Delivered,Credit Card
TES-O10217,TES-C1596,2023-03-24,Model Y,1,51301.86,Delivered,Lease
TES-O14097,TES-C9191,2025-02-11,Model X,1,91327.92,Delivered,Cash
TES-O5907,TES-C10327,2023-07-31,Solar Panel Kit,1,20152.69,Shipped,Credit Card
TES-O7410,TES-C6237,2024-03-27,Model 3,1,44281.36,Delivered,Financing
TES-O13842,TES-C9757,2025-05-28,Merchandise,2,233.04,Pending,Cash
TES-O10240,TES-C3637,2025-03-02,Model S,1,91726.49,Shipped,Financing
TES-O11533,TES-C7941,2024-07-26,Model Y,1,53227.66,Delivered,Lease
TES-O13602,TES-C5264,2025-03-12,Solar Panel Kit,1,20264.65,Unknown,Credit Card
TES-O6253,TES-C1811,2024-04-09,Supercharging Credits,3,116.4,Returned,Credit Card
TES-O11005,TES-C1334,2024-02-14,Model X,1,93467.03,Returned,Cash
TES-O6421,TES-C1152,2023-03-04,Supercharging Credits,4,139.87,Pending,Credit Card
TES-O11698,TES-C7530,2024-11-17,Solar Panel Kit,1,20824.35,Delivered,Cash
TES-O6169,TES-C4601,2024-07-22,Solar Panel Kit,1,22861.44,Delivered,Financing
TES-O11314,TES-C1435,2024-11-07,Model 3,1,43546.67,Cancelled,Cash
TES-O9202,TES-C4962,2024-12-25,Model X,1,91557.06,Shipped,Cash
TES-O8291,TES-C10297,2025-06-04,Model S,1,86422.11,Shipped,Financing
TES-O8250,TES-C2315,2023-05-15,Merchandise,4,172.09,Shipped,Lease
TES-O12039,TES-C6006,2024-09-20,Powerwall,1,9035.07,Delivered,Cash
TES-O8621,TES-C1727,2025-08-31,Model 3,1,41247.33,Delivered,Financing
TES-O9344,TES-C4296,2024-07-21,Model S,1,82079.68,Delivered,Cash
TES-O8325,TES-C10313,2025-05-08,Model X,1,98258.69,Shipped,Credit Card
TES-O6489,TES-C3568,2025-03-25,Model S,1,77988.34,Delivered,Financing
TES-O12887,TES-C4962,2025-03-31,Solar Panel Kit,1,20453.93,Cancelled,Financing
TES-O11802,TES-C5545,2025-01-14,Merchandise,3,29.67,Returned,Cash
TES-O9849,TES-C2199,2025-03-07,Model X,1,99310.7,Delivered,Cash
TES-O10194,TES-C10666,2023-04-04,Powerwall,1,10127.87,Delivered,Cash
TES-O13316,TES-C2500,2023-07-25,Model 3,1,46249.32,Delivered,Lease
TES-O7233,TES-C9999,2025-10-24,Powerwall,1,9557.54,Pending,Credit Card
TES-O9808,TES-C5938,2024-03-08,Model 3,1,38826.87,Returned,Cash
TES-O10955,TES-C4683,2023-02-04,Model S,1,81872.33,Cancelled,Lease
TES-O11258,TES-C9685,2023-11-03,Merchandise,1,112.07,Pending,Cash
TES-O11968,TES-C5471,2024-10-31,Solar Panel Kit,1,15495.63,Returned,Financing
TES-O7800,TES-C6910,2023-12-17,Model 3,1,40688.84,Delivered,Credit Card
TES-O9926,TES-C3679,2023-07-11,Supercharging Credits,1,190.18,Pending,Financing
TES-O13258,TES-C4180,2025-03-23,Supercharging Credits,4,181.12,Returned,Cash
TES-O8842,TES-C3559,2024-08-10,Merchandise,1,51.05,Delivered,Cash
TES-O10173,TES-C9406,2024-06-13,Model 3,1,46139.97,Pending,Lease
TES-O5432,TES-C7653,2025-02-03,Supercharging Credits,5,36.28,Returned,Credit Card
TES-O6363,TES-C3879,2024-02-17,Model Y,1,50534.33,Delivered,Financing
TES-O10237,TES-C8962,2025-02-14,Solar Panel Kit,1,24917.07,Shipped,Financing
TES-O12458,TES-C2106,2024-09-02,Solar Panel Kit,1,15793.8,Delivered,Credit Card
TES-O7390,TES-C2831,2025-12-19,Powerwall,1,9302.64,Pending,Credit Card
TES-O5934,TES-C1974,2023-02-27,Model X,1,96992.39,Cancelled,Lease
TES-O13307,TES-C1538,2025-01-23,Model Y,1,53949.84,Delivered,Lease
TES-O5715,TES-C1493,2025-09-13,Model X,1,94619.16,Shipped,Financing
TES-O12606,TES-C3298,2023-06-06,Merchandise,2,56.0,Cancelled,Lease
TES-O9043,TES-C1725,2025-12-20,Supercharging Credits,5,49.78,Pending,Financing
TES-O11527,TES-C4515,2025-07-04,Solar Panel Kit,1,17153.89,Shipped,Lease
TES-O6146,TES-C4415,2023-04-15,Model 3,1,45120.26,Delivered,Lease
TES-O8857,TES-C5670,2023-01-12,Model X,1,85549.98,Delivered,Lease
TES-O11956,TES-C5991,2023-04-24,Supercharging Credits,4,102.5,Cancelled,Cash
TES-O12349,TES-C4689,2025-03-20,Solar Panel Kit,1,24081.14,Delivered,Financing
TES-O7764,TES-C4760,2023-05-04,Model Y,1,46963.37,Delivered,Cash
TES-O11916,TES-C9131,2025-01-19,Model X,1,86528.68,Returned,Credit Card
TES-O13930,TES-C5223,2023-04-03,Solar Panel Kit,1,16487.32,Pending,Credit Card
TES-O7386,TES-C10110,2023-03-25,Model 3,1,47114.13,Pending,Credit Card
TES-O7369,TES-C3908,2024-02-03,Model S,1,82120.41,Returned,Financing
TES-O10238,TES-C9106,2025-02-09,Supercharging Credits,2,168.49,Returned,Lease
TES-O13395,TES-C8407,2024-09-20,Model X,1,85614.25,Delivered,Cash
TES-O7021,TES-C10891,2024-08-30,Powerwall,1,10826.56,Delivered,Lease
TES-O13978,TES-C8538,2025-07-13,Model X,1,94060.22,Returned,Cash
TES-O9459,TES-C6868,2025-05-04,Powerwall,1,11887.31,Shipped,Credit Card
TES-O12661,TES-C2735,2024-11-26,Powerwall,1,11854.48,Unknown,Financing
TES-O13606,TES-C5131,2025-06-24,Solar Panel Kit,1,22089.26,Shipped,Lease
TES-O6296,TES-C9440,2024-09-09,Powerwall,1,10029.56,Returned,Financing
TES-O12577,TES-C9984,2024-07-27,Solar Panel Kit,1,20444.01,Returned,Credit Card
TES-O5175,TES-C8824,2023-09-09,Model Y,1,44188.33,Cancelled,Lease
TES-O5152,TES-C9213,2025-03-15,Model X,1,97092.3,Delivered,Lease
TES-O13848,TES-C9707,2023-10-23,Solar Panel Kit,1,22775.35,Delivered,Cash
TES-O7111,TES-C10956,2024-05-06,Model 3,1,38410.88,Delivered,Financing
TES-O9098,TES-C1767,2023-07-18,Model S,1,79690.62,Cancelled,Financing
TES-O9572,TES-C5193,2025-11-17,Model S,1,94110.78,Shipped,Lease
TES-O5002,TES-C10658,2024-11-11,Model Y,1,48638.97,Pending,Financing
TES-O13358,TES-C7868,2024-07-27,Model Y,1,46283.06,Delivered,Financing
TES-O5137,TES-C7389,2023-07-29,Supercharging Credits,1,47.73,Cancelled,Credit Card
TES-O12515,TES-C4088,2025-07-13,Supercharging Credits,4,110.51,Delivered,Credit Card
TES-O6598,TES-C2949,2024-01-03,Supercharging Credits,3,176.86,Delivered,Financing
TES-O9541,TES-C3258,2023-04-14,Solar Panel Kit,1,16224.09,Delivered,Cash
TES-O9464,TES-C7219,2023-02-01,Model 3,1,47259.82,Pending,Credit Card
TES-O7230,TES-C2348,2023-08-04,Model Y,1,45586.78,Cancelled,Lease
TES-O13967,TES-C6740,2024-03-09,Model X,1,94482.57,Shipped,Cash
TES-O5757,TES-C9746,2023-04-23,Model S,1,94503.49,Pending,Credit Card
TES-O13400,TES-C6118,2025-10-24,Model Y,1,52684.4,Shipped,Cash
TES-O11444,TES-C9964,2023-03-19,Model 3,1,42495.95,Delivered,Cash
TES-O14523,TES-C7418,2024-01-17,Model S,1,84659.28,Shipped,Cash
TES-O14346,TES-C8451,2025-09-19,Model Y,1,51281.07,Delivered,Financing
TES-O6098,TES-C3436,2025-05-30,Model S,1,78537.2,Cancelled,Financing
TES-O13751,TES-C3275,2025-10-08,Model X,1,92791.07,Returned,Lease
TES-O11939,TES-C3826,2023-06-18,Powerwall,1,11456.29,Pending,Financing
TES-O8434,TES-C9134,2024-06-27,Model Y,1,43263.32,Cancelled,Lease
TES-O14520,TES-C9999,2025-08-11,Model Y,1,44766.56,Delivered,Cash
TES-O14586,TES-C2639,2023-09-10,Model Y,1,45520.48,Delivered,Credit Card
TES-O8874,TES-C5922,2025-04-05,Model 3,1,44659.37,Delivered,Financing
TES-O6318,TES-C1505,2024-10-18,Model Y,1,50732.16,Delivered,Cash
TES-O11186,TES-C3706,2024-11-02,Solar Panel Kit,1,15565.69,Returned,Credit Card
TES-O7815,TES-C4663,2024-07-06,Model S,1,93405.27,Cancelled,Financing
TES-O12036,TES-C1060,2024-06-23,Model X,1,85824.53,Delivered,Lease
TES-O13812,TES-C2737,2024-02-21,Solar Panel Kit,1,21515.26,Returned,Lease
TES-O14339,TES-C10047,2024-06-02,Solar Panel Kit,1,21119.42,Delivered,Lease
TES-O8206,TES-C2740,2023-03-24,Model S,1,76623.82,Shipped,Cash
TES-O9902,TES-C9355,2025-03-25,Powerwall,1,11230.53,Returned,Financing
TES-O11460,TES-C10872,2023-03-04,Model 3,1,44243.28,Delivered,Cash
TES-O13668,TES-C5182,2025-08-13,Model X,1,95041.07,Cancelled,Financing
TES-O10431,TES-C5704,2023-05-28,Model Y,1,45724.86,Delivered,Lease
TES-O5937,TES-C4764,2024-11-07,Model 3,1,46505.08,Delivered,Cash
TES-O5004,TES-C1538,2025-08-25,Model 3,1,46881.11,Shipped,Credit Card
TES-O8609,TES-C4976,2024-02-08,Merchandise,1,106.13,Delivered,Cash
TES-O6026,TES-C1552,2025-10-30,Solar Panel Kit,1,15257.05,Cancelled,Credit Card
TES-O8458,TES-C8562,2023-01-29,Supercharging Credits,2,188.97,Pending,Financing
TES-O12005,TES-C1013,2025-08-16,Model X,1,82367.62,Cancelled,Financing
TES-O10612,TES-C10466,2025-08-03,Merchandise,3,90.1,Pending,Cash
TES-O14685,TES-C2402,2024-10-29,Merchandise,1,132.8,Delivered,Lease
TES-O7526,TES-C9351,2023-04-29,Model 3,1,39822.29,Delivered,Cash
TES-O7228,TES-C1039,2025-09-14,Model S,1,80119.95,Delivered,Credit Card
TES-O12792,TES-C7684,2023-05-28,Powerwall,1,9848.62,Pending,Lease
TES-O11126,TES-C8298,2023-07-18,Model 3,1,43174.82,Cancelled,Cash
TES-O10988,TES-C10803,2024-09-08,Powerwall,1,10751.55,Cancelled,Lease
TES-O14497,TES-C4692,2024-01-23,Powerwall,1,9658.09,Returned,Credit Card
TES-O14715,TES-C1419,2025-02-09,Model 3,1,47819.37,Delivered,Financing
TES-O6514,TES-C10899,2023-07-10,Powerwall,1,9293.89,Pending,Financing
TES-O5453,TES-C8989,2023-05-05,Supercharging Credits,1,135.36,Delivered,Financing
TES-O14777,TES-C1156,2023-06-04,Model X,1,87002.48,Delivered,Cash
TES-O11419,TES-C1491,2025-10-13,Model Y,1,43798.17,Returned,Credit Card
TES-O6222,TES-C5355,2023-08-12,Model Y,1,45235.09,Delivered,Credit Card
TES-O8793,TES-C5877,2023-08-01,Model S,1,94784.1,Pending,Cash
TES-O11524,TES-C1477,2024-02-28,Supercharging Credits,4,108.94,Returned,Financing
TES-O5821,TES-C4096,2024-06-12,Model X,1,83228.75,Delivered,Cash
TES-O14287,TES-C5949,2025-02-15,Supercharging Credits,4,60.51,Delivered,Financing
TES-O10808,TES-C5117,2025-04-10,Solar Panel Kit,1,20835.44,Delivered,Cash
TES-O5908,TES-C5023,2024-06-05,Powerwall,1,9861.65,Shipped,Cash
TES-O13410,TES-C9547,2025-06-04,Powerwall,1,10971.62,Delivered,Financing
TES-O10204,TES-C7336,2024-01-26,Supercharging Credits,5,162.63,Delivered,Cash
TES-O8566,TES-C4680,2024-12-03,Powerwall,1,11476.08,Pending,Financing
TES-O9306,TES-C7097,2025-07-25,Model S,1,83902.67,Cancelled,Lease
TES-O7199,TES-C4286,2024-11-13,Powerwall,1,10675.98,Shipped,Financing
TES-O12150,TES-C10448,2025-07-06,Supercharging Credits,1,149.4,Delivered,Credit Card
TES-O9590,TES-C3973,2024-12-22,Model X,1,96323.79,Pending,Credit Card
TES-O14300,TES-C10677,2025-07-27,Model X,1,92302.86,Unknown,Financing
TES-O12051,TES-C5081,2025-01-07,Solar Panel Kit,1,16933.68,Returned,Lease
TES-O8561,TES-C4639,2024-08-19,Model Y,1,43965.85,Delivered,Financing
TES-O9377,TES-C7646,2024-08-27,Supercharging Credits,1,136.93,Delivered,Financing
TES-O9172,TES-C3904,2023-02-14,Merchandise,3,85.5,Pending,Lease
TES-O13433,TES-C6412,2024-02-14,Model 3,1,47312.93,Returned,Financing
TES-O10447,TES-C9999,2025-04-10,Solar Panel Kit,1,22846.29,Delivered,Financing
TES-O9945,TES-C9172,2024-09-12,Model S,1,79254.2,Delivered,Financing
TES-O5038,TES-C10246,2023-08-28,Model X,1,86325.52,Delivered,Lease
TES-O6852,TES-C10591,2023-08-14,Solar Panel Kit,1,15913.94,Cancelled,Credit Card
TES-O13226,TES-C10947,2025-02-19,Solar Panel Kit,1,17655.14,Shipped,Credit Card
TES-O10965,TES-C6494,2025-04-26,Model 3,1,40210.57,Cancelled,Lease
TES-O8324,TES-C10041,2023-03-11,Solar Panel Kit,1,18124.62,Delivered,Financing
TES-O13319,TES-C8061,2024-03-19,Supercharging Credits,5,67.91,Delivered,Financing
TES-O14448,TES-C4582,2024-02-10,Model X,1,87441.96,Delivered,Financing
TES-O8133,TES-C8339,2025-01-23,Model S,1,75965.3,Returned,Lease
TES-O7544,TES-C10679,2025-03-08,Supercharging Credits,2,50.0,Delivered,Lease
TES-O12478,TES-C6040,2025-06-11,Supercharging Credits,5,46.84,Delivered,Credit Card
TES-O9915,TES-C4878,2025-09-06,Model S,1,87397.02,Delivered,Financing
TES-O14062,TES-C8624,2025-11-03,Model 3,1,42813.21,Cancelled,Credit Card
TES-O11771,TES-C3329,2024-11-09,Model S,1,80392.53,Delivered,Credit Card
TES-O10443,TES-C3164,2024-11-01,Solar Panel Kit,1,20916.57,Shipped,Cash
TES-O8617,TES-C7612,2025-08-25,Supercharging Credits,5,158.49,Delivered,Cash
TES-O11193,TES-C9999,2024-11-30,Merchandise,4,147.73,Shipped,Credit Card
TES-O14146,TES-C1467,2023-10-16,Merchandise,1,291.46,Delivered,Credit Card
TES-O13893,TES-C6470,2025-07-16,Model S,1,84000.28,Delivered,Credit Card
TES-O9963,TES-C10349,2024-06-01,Merchandise,5,236.74,Pending,Financing
TES-O7407,TES-C1101,2023-02-20,Powerwall,1,9878.49,Delivered,Credit Card
TES-O7246,TES-C3640,2024-08-10,Model X,1,81509.27,Pending,Cash
TES-O7873,TES-C8510,2025-05-21,Model X,1,99673.21,Delivered,Credit Card
TES-O7608,TES-C5688,2025-06-30,Supercharging Credits,3,162.68,Cancelled,Financing
TES-O10676,TES-C7289,2025-11-04,Merchandise,5,78.84,Returned,Financing
TES-O6916,TES-C2192,2025-07-29,Model S,1,87486.74,Cancelled,Credit Card
TES-O8954,TES-C1941,2025-11-26,Model 3,1,47022.54,Delivered,Cash
TES-O10863,TES-C4014,2024-12-01,Model S,1,83015.3,Delivered,Credit Card
TES-O5036,TES-C2752,2025-09-09,Solar Panel Kit,1,18706.3,Returned,Credit Card
TES-O11443,TES-C3373,2023-01-07,Model Y,1,53659.18,Shipped,Financing
TES-O5312,TES-C5458,2023-09-24,Solar Panel Kit,1,15234.49,Cancelled,Lease
TES-O12990,TES-C1423,2023-09-20,Model S,1,82228.32,Delivered,Credit Card
TES-O14692,TES-C9436,2024-05-08,Model Y,1,44098.89,Cancelled,Financing
TES-O13473,TES-C8902,2025-08-12,Powerwall,1,10841.95,Delivered,Financing
TES-O7475,TES-C8478,2024-09-28,Merchandise,3,42.04,Delivered,Credit Card
TES-O10838,TES-C9414,2024-06-22,Supercharging Credits,5,17.49,Returned,Financing
TES-O14406,TES-C6209,2024-03-17,Merchandise,5,153.24,Cancelled,Cash
TES-O8092,TES-C7883,2024-04-17,Supercharging Credits,3,170.01,Pending,Lease
TES-O12575,TES-C5642,2023-03-07,Model 3,1,39125.51,Pending,Financing
TES-O9472,TES-C5757,2024-05-02,Powerwall,1,11410.34,Cancelled,Financing
TES-O13381,TES-C5656,2025-11-12,Model 3,1,39917.44,Pending,Financing
TES-O9044,TES-C2220,2025-12-18,Model X,1,89820.07,Pending,Credit Card
TES-O12162,TES-C1302,2023-07-20,Model Y,1,44606.87,Delivered,Cash
TES-O6386,TES-C10058,2023-11-28,Supercharging Credits,1,169.61,Cancelled,Credit Card
TES-O7658,TES-C3178,2025-10-24,Model Y,1,51261.85,Cancelled,Cash
TES-O14563,TES-C7935,2025-08-01,Model X,1,96763.86,Returned,Lease
TES-O11690,TES-C1533,2023-04-08,Model S,1,89680.89,Delivered,Lease
TES-O9961,TES-C1340,2025-06-14,Solar Panel Kit,1,19260.94,Returned,Financing
TES-O10291,TES-C2427,2023-03-22,Model S,1,94669.34,Delivered,Financing
TES-O8806,TES-C9999,2023-11-23,Merchandise,5,247.21,Delivered,Cash
TES-O5793,TES-C7879,2025-06-30,Solar Panel Kit,1,24324.33,Pending,Cash
TES-O9311,TES-C7873,2025-10-08,Model X,1,95378.76,Delivered,Cash
TES-O7385,TES-C10575,2024-08-26,Powerwall,1,9759.5,Delivered,Credit Card
TES-O11475,TES-C3868,2024-03-27,Merchandise,1,157.85,Delivered,Cash
TES-O14726,TES-C1086,2023-03-18,Supercharging Credits,2,109.82,Pending,Lease
TES-O9717,TES-C5520,2025-11-07,Merchandise,1,224.44,Delivered,Credit Card
TES-O5393,TES-C4109,2025-06-20,Model 3,1,39023.81,Returned,Financing
TES-O11665,TES-C1998,2024-02-23,Solar Panel Kit,1,22047.92,Shipped,Lease
TES-O6432,TES-C6152,2024-07-06,Solar Panel Kit,1,17173.27,Pending,Credit Card
TES-O11928,TES-C2195,2024-03-24,Model S,1,88445.17,Unknown,Financing
TES-O9502,TES-C9973,2024-04-25,Model Y,1,45298.67,Cancelled,Lease
TES-O14394,TES-C6462,2024-01-13,Model S,1,81708.19,Cancelled,Financing
TES-O6170,TES-C6477,2023-08-27,Supercharging Credits,5,95.49,Returned,Cash
TES-O7723,TES-C5615,2025-11-12,Solar Panel Kit,1,16880.03,Cancelled,Cash
TES-O13097,TES-C3674,2025-09-19,Supercharging Credits,5,15.39,Delivered,Lease
TES-O12629,TES-C10537,2023-05-13,Merchandise,5,178.54,Delivered,Financing
TES-O8835,TES-C7630,2024-12-13,Supercharging Credits,5,121.54,Pending,Credit Card
TES-O13526,TES-C8972,2024-07-27,Model X,1,80390.66,Shipped,Lease
TES-O7112,TES-C7569,2025-03-26,Supercharging Credits,2,43.09,Pending,Credit Card
TES-O7465,TES-C4444,2023-10-06,Model 3,1,46008.8,Delivered,Lease
TES-O8968,TES-C4569,2024-04-21,Model 3,1,42318.46,Returned,Lease
TES-O10929,TES-C6673,2023-09-04,Solar Panel Kit,1,17421.09,Shipped,Credit Card
TES-O5815,TES-C9418,2024-12-07,Model 3,1,41714.25,Delivered,Credit Card
TES-O6074,TES-C6306,2024-01-27,Model X,1,94213.2,Delivered,Cash
TES-O6991,TES-C4501,2024-01-05,Powerwall,1,9407.8,Shipped,Cash
TES-O9836,TES-C5467,2024-09-03,Merchandise,2,276.05,Delivered,Financing
TES-O6008,TES-C2656,2023-04-16,Model X,1,83287.78,Cancelled,Lease
TES-O14918,TES-C8429,2025-07-26,Solar Panel Kit,1,21208.21,Delivered,Financing
TES-O8702,TES-C5393,2024-09-27,Model S,1,89717.51,Delivered,Credit Card
TES-O10404,TES-C2663,2023-03-07,Model S,1,77040.78,Cancelled,Cash
TES-O10129,TES-C2727,2023-01-19,Model X,1,80010.95,Returned,Lease
TES-O9252,TES-C6096,2025-09-29,Merchandise,3,135.92,Pending,Lease
TES-O10789,TES-C4973,2024-07-20,Model X,1,90571.75,Pending,Lease
TES-O6375,TES-C7430,2024-05-16,Powerwall,1,9495.81,Delivered,Financing
TES-O5204,TES-C1155,2023-12-31,Solar Panel Kit,1,18548.55,Delivered,Cash
TES-O12482,TES-C9388,2024-10-09,Model S,1,83223.62,Shipped,Credit Card
TES-O7598,TES-C7769,2023-07-15,Model 3,1,43592.34,Pending,Lease
TES-O14314,TES-C2011,2024-06-06,Model Y,1,49198.12,Returned,Credit Card
TES-O5178,TES-C6827,2023-04-21,Solar Panel Kit,1,17108.35,Shipped,Cash
TES-O13839,TES-C8545,2025-08-06,Powerwall,1,11257.06,Shipped,Lease
TES-O9828,TES-C4086,2025-08-04,Model Y,1,44928.7,Cancelled,Lease
TES-O14117,TES-C4717,2025-05-06,Supercharging Credits,1,20.66,Cancelled,Cash
TES-O13485,TES-C6299,2025-03-31,Model 3,1,40487.04,Pending,Lease
TES-O6410,TES-C3375,2025-12-23,Model X,1,81864.64,Delivered,Financing
TES-O8415,TES-C2184,2024-01-25,Model Y,1,47704.29,Cancelled,Lease
TES-O11303,TES-C3322,2024-01-02,Merchandise,1,119.81,Cancelled,Credit Card
TES-O9655,TES-C7556,2023-12-13,Supercharging Credits,3,71.09,Pending,Lease
TES-O5050,TES-C9508,2025-07-22,Model 3,1,39861.01,Pending,Financing
TES-O5783,TES-C7557,2023-08-12,Model Y,1,42449.17,Delivered,Financing
TES-O10700,TES-C3479,2025-08-10,Model S,1,89222.37,Delivered,Cash
TES-O12636,TES-C9999,2025-05-01,Supercharging Credits,5,197.8,Shipped,Credit Card
TES-O11671,TES-C6218,2023-11-14,Model 3,1,40703.31,Delivered,Lease
TES-O11348,TES-C7165,2023-07-18,Model 3,1,41082.09,Returned,Credit Card
TES-O12582,TES-C2742,2024-12-13,Model 3,1,43803.18,Delivered,Cash
TES-O7885,TES-C6304,2025-06-11,Solar Panel Kit,1,20664.54,Shipped,Financing
TES-O11980,TES-C2519,2024-09-24,Supercharging Credits,2,34.31,Delivered,Credit Card
TES-O14710,TES-C6366,2023-06-08,Merchandise,5,251.46,Pending,Financing
TES-O12651,TES-C7480,2024-03-11,Powerwall,1,11853.9,Pending,Lease
TES-O11686,TES-C1899,2023-06-29,Supercharging Credits,2,14.62,Pending,Credit Card
TES-O12659,TES-C6696,2024-03-14,Powerwall,1,10775.56,Pending,Financing
TES-O10828,TES-C5989,2024-07-23,Solar Panel Kit,1,24781.13,Delivered,Credit Card
TES-O10667,TES-C2653,2024-07-28,Model S,1,83037.05,Delivered,Financing
TES-O11697,TES-C9679,2024-08-09,Model 3,1,44927.47,Cancelled,Financing
TES-O12868,TES-C8463,2025-11-05,Model 3,1,41850.88,Returned,Financing
TES-O11349,TES-C6130,2025-10-22,Model 3,1,46675.82,Pending,Cash
TES-O9878,TES-C7255,2025-08-20,Model S,1,76301.35,Unknown,Credit Card
TES-O8794,TES-C7239,2024-12-09,Solar Panel Kit,1,18632.25,Cancelled,Cash
TES-O9501,TES-C4099,2024-12-02,Powerwall,1,11519.83,Pending,Credit Card
TES-O9623,TES-C7365,2025-01-15,Powerwall,1,11334.45,Delivered,Cash
TES-O5194,TES-C4386,2024-07-17,Merchandise,2,272.5,Cancelled,Lease
TES-O11932,TES-C4196,2023-05-18,Model S,1,92928.88,Delivered,Cash
TES-O6501,TES-C1109,2023-06-17,Powerwall,1,11774.38,Returned,Lease
TES-O13785,TES-C6711,2023-12-28,Powerwall,1,11690.74,Returned,Cash
TES-O11436,TES-C7499,2023-03-20,Model S,1,84448.98,Returned,Cash
TES-O7981,TES-C2559,2023-08-01,Model X,1,93158.43,Pending,Financing
TES-O11886,TES-C1668,2024-05-03,Model S,1,84591.04,Delivered,Credit Card
TES-O14147,TES-C10982,2025-11-08,Model X,1,96541.8,Returned,Cash
TES-O10740,TES-C9576,2023-03-13,Powerwall,1,10694.28,Returned,Cash
TES-O13054,TES-C9090,2024-09-01,Model X,1,88890.13,Shipped,Financing
TES-O14619,TES-C10078,2024-12-03,Model S,1,76563.44,Shipped,Credit Card
TES-O7976,TES-C1021,2024-05-17,Merchandise,3,141.6,Cancelled,Lease
TES-O10482,TES-C2342,2024-08-14,Powerwall,1,11945.78,Delivered,Lease
TES-O12894,TES-C1670,2025-12-07,Supercharging Credits,5,130.92,Delivered,Credit Card
TES-O11518,TES-C9320,2023-11-29,Model X,1,97744.31,Unknown,Lease
TES-O9368,TES-C7483,2025-12-29,Model Y,1,54599.69,Shipped,Financing
TES-O5215,TES-C3446,2025-12-31,Model S,1,83595.0,Returned,Lease
TES-O7591,TES-C9748,2024-03-22,Powerwall,1,10474.98,Returned,Lease
TES-O14478,TES-C1554,2023-12-15,Model S,1,92848.67,Delivered,Cash
TES-O12553,TES-C9046,2023-05-20,Model 3,1,44309.27,Delivered,Credit Card
TES-O7061,TES-C9358,2023-03-10,Model Y,1,45351.32,Delivered,Financing
TES-O7453,TES-C7910,2025-08-29,Model S,1,88783.03,Delivered,Credit Card
TES-O6202,TES-C4259,2025-11-18,Model X,1,95031.56,Unknown,Financing
TES-O12122,TES-C4683,2025-09-28,Solar Panel Kit,1,15605.21,Pending,Cash
TES-O5156,TES-C8462,2023-09-18,Powerwall,1,10537.01,Delivered,Lease
TES-O13578,TES-C4076,2023-11-23,Solar Panel Kit,1,18696.62,Delivered,Credit Card
TES-O5985,TES-C8833,2023-01-26,Model Y,1,43200.92,Shipped,Lease
TES-O10581,TES-C1552,2024-01-17,Model 3,1,47394.47,Delivered,Lease
TES-O9903,TES-C4245,2025-12-26,Model 3,1,39722.79,Delivered,Cash
TES-O8901,TES-C8289,2025-08-05,Powerwall,1,11823.98,Delivered,Financing
TES-O8215,TES-C8229,2024-07-25,Model S,1,85514.94,Delivered,Lease
TES-O13360,TES-C8401,2025-09-23,Powerwall,1,11017.88,Returned,Financing
TES-O11699,TES-C2576,2024-12-23,Model X,1,81598.55,Returned,Lease
TES-O6045,TES-C8137,2024-10-23,Model 3,1,43020.18,Cancelled,Credit Card
TES-O6248,TES-C9286,2024-08-10,Model Y,1,48240.08,Shipped,Credit Card
TES-O6102,TES-C1396,2025-04-21,Solar Panel Kit,1,17593.64,Delivered,Credit Card
TES-O11377,TES-C7784,2024-10-08,Model Y,1,49135.61,Delivered,Credit Card
TES-O6925,TES-C9999,2023-01-25,Powerwall,1,10417.97,Cancelled,Lease
TES-O13519,TES-C2481,2025-05-21,Model S,1,75415.8,Delivered,Cash
TES-O7473,TES-C9249,2025-09-17,Powerwall,1,9374.75,Delivered,Lease
TES-O10533,TES-C4422,2023-03-30,Merchandise,2,290.38,Cancelled,Credit Card
TES-O7236,TES-C4788,2025-05-14,Powerwall,1,10397.32,Delivered,Lease
TES-O8121,TES-C2644,2023-05-05,Solar Panel Kit,1,24208.42,Shipped,Lease
TES-O14942,TES-C9612,2024-08-15,Solar Panel Kit,1,21823.98,Delivered,Cash
TES-O13910,TES-C8917,2024-09-14,Solar Panel Kit,1,24494.32,Pending,Lease
TES-O11325,TES-C6583,2024-04-06,Model S,1,79360.32,Shipped,Cash
TES-O9484,TES-C9843,2025-05-29,Model Y,1,45192.92,Delivered,Cash
TES-O8570,TES-C1527,2025-05-15,Model S,1,90814.63,Returned,Lease
TES-O11469,TES-C2060,2025-12-31,Model 3,1,45881.97,Cancelled,Lease
TES-O5300,TES-C8583,2024-09-07,Model Y,1,51124.89,Shipped,Financing
TES-O5470,TES-C8875,2025-11-25,Solar Panel Kit,1,24995.97,Delivered,Lease
TES-O5435,TES-C4003,2025-05-05,Model Y,1,48573.93,Delivered,Cash
TES-O11031,TES-C10400,2025-09-27,Model 3,1,41597.41,Unknown,Financing
TES-O13653,TES-C9999,2025-03-17,Supercharging Credits,3,68.66,Delivered,Lease
TES-O6275,TES-C8277,2025-11-05,Supercharging Credits,5,64.28,Shipped,Lease
TES-O14781,TES-C1068,2024-11-05,Merchandise,4,88.93,Delivered,Credit Card
TES-O11350,TES-C6629,2023-01-09,Merchandise,3,61.04,Pending,Lease
TES-O8485,TES-C9999,2023-11-17,Solar Panel Kit,1,23148.04,Shipped,Lease
TES-O7518,TES-C6449,2023-11-24,Supercharging Credits,3,18.19,Delivered,Lease
TES-O7464,TES-C4894,2024-02-20,Supercharging Credits,2,21.22,Cancelled,Lease
TES-O9730,TES-C10737,2024-09-19,Powerwall,1,11926.07,Delivered,Lease
TES-O11220,TES-C8840,2024-11-08,Model 3,1,40192.66,Returned,Financing
TES-O8979,TES-C6203,2024-12-16,Model 3,1,45750.31,Unknown,Credit Card
TES-O13690,TES-C4074,2023-10-11,Model S,1,89409.29,Cancelled,Cash
TES-O12784,TES-C3211,2025-12-14,Model S,1,88228.4,Shipped,Cash
TES-O12053,TES-C2913,2024-12-04,Merchandise,3,39.43,Unknown,Credit Card
TES-O9015,TES-C6844,2025-02-04,Model X,1,85365.07,Pending,Lease
TES-O13975,TES-C8141,2024-02-08,Solar Panel Kit,1,18126.41,Pending,Lease
TES-O14254,TES-C6363,2025-02-28,Model 3,1,39421.95,Delivered,Credit Card
TES-O7174,TES-C5699,2025-02-04,Merchandise,4,131.75,Returned,Credit Card
TES-O10002,TES-C10612,2024-08-21,Powerwall,1,9193.35,Cancelled,Lease
TES-O12437,TES-C10221,2024-11-02,Model Y,1,50325.59,Cancelled,Financing
TES-O12495,TES-C10254,2023-08-11,Model X,1,84499.02,Delivered,Financing
TES-O11439,TES-C8274,2023-11-19,Model Y,1,45038.07,Delivered,Cash
TES-O14875,TES-C8743,2024-01-27,Model S,1,79691.64,Delivered,Financing
TES-O9499,TES-C4255,2023-12-06,Model 3,1,39412.12,Delivered,Credit Card
TES-O6256,TES-C2745,2023-10-07,Model 3,1,45010.48,Pending,Credit Card
TES-O11277,TES-C9802,2023-02-04,Solar Panel Kit,1,20869.63,Shipped,Lease
TES-O8216,TES-C2351,2024-10-08,Merchandise,4,93.09,Shipped,Credit Card
TES-O8827,TES-C7931,2025-02-21,Powerwall,1,11914.7,Delivered,Lease
TES-O5350,TES-C6339,2025-04-20,Model 3,1,42927.18,Delivered,Financing
TES-O8994,TES-C9807,2024-05-18,Model 3,1,39339.73,Cancelled,Lease
TES-O11357,TES-C4667,2025-06-15,Model S,1,92157.56,Returned,Financing
TES-O10804,TES-C6332,2025-01-07,Powerwall,1,9790.07,Delivered,Credit Card
TES-O12727,TES-C6275,2025-04-23,Powerwall,1,9604.21,Delivered,Cash
TES-O11093,TES-C4554,2024-06-06,Model 3,1,46145.09,Shipped,Cash
TES-O13845,TES-C9002,2025-10-13,Powerwall,1,10947.76,Delivered,Financing
TES-O10353,TES-C6001,2024-11-06,Model S,1,76892.22,Pending,Cash
TES-O11694,TES-C1507,2023-08-30,Model Y,1,49608.11,Shipped,Financing
TES-O7109,TES-C9850,2023-02-11,Solar Panel Kit,1,24859.22,Pending,Cash
TES-O5541,TES-C4734,2024-04-05,Powerwall,1,11499.38,Pending,Lease
TES-O6193,TES-C1202,2023-07-27,Powerwall,1,10050.82,Unknown,Lease
TES-O11778,TES-C6250,2025-05-27,Model Y,1,43787.91,Unknown,Credit Card
TES-O5304,TES-C6454,2025-06-03,Model X,1,82856.78,Delivered,Credit Card
TES-O9415,TES-C8909,2024-04-19,Supercharging Credits,1,154.06,Shipped,Cash
TES-O14452,TES-C3023,2023-04-22,Solar Panel Kit,1,15240.26,Shipped,Financing
TES-O7620,TES-C5612,2023-10-03,Model X,1,84402.25,Shipped,Financing
TES-O6148,TES-C4344,2024-08-02,Model X,1,80977.67,Pending,Credit Card
TES-O13368,TES-C6660,2024-09-11,Merchandise,4,192.09,Delivered,Financing
TES-O10627,TES-C7518,2024-08-10,Model X,1,92808.81,Shipped,Credit Card
TES-O10077,TES-C1060,2025-07-08,Solar Panel Kit,1,17801.79,Unknown,Financing
TES-O8597,TES-C10322,2024-03-18,Model Y,1,45095.14,Shipped,Financing
TES-O10030,TES-C1118,2024-05-10,Model Y,1,53193.63,Cancelled,Lease
TES-O6418,TES-C7370,2025-07-31,Supercharging Credits,1,54.08,Delivered,Cash
TES-O9862,TES-C9763,2023-02-14,Merchandise,3,151.39,Delivered,Cash
TES-O13149,TES-C5813,2023-01-21,Merchandise,3,30.3,Delivered,Financing
TES-O11332,TES-C7363,2023-12-09,Supercharging Credits,1,102.58,Delivered,Lease
TES-O13857,TES-C5118,2024-11-24,Merchandise,4,249.73,Delivered,Financing
TES-O9391,TES-C1975,2024-12-28,Powerwall,1,9492.57,Delivered,Financing
TES-O11576,TES-C4684,2023-07-30,Model Y,1,44545.12,Delivered,Lease
TES-O9900,TES-C1548,2024-08-20,Solar Panel Kit,1,23867.05,Returned,Credit Card
TES-O8932,TES-C3832,2025-01-07,Model Y,1,47710.35,Shipped,Credit Card
TES-O11244,TES-C10285,2024-09-03,Solar Panel Kit,1,17932.13,Cancelled,Cash
TES-O7528,TES-C8795,2023-06-06,Model S,1,91174.09,Delivered,Cash
TES-O5779,TES-C4497,2024-09-08,Powerwall,1,9289.82,Cancelled,Financing
TES-O13295,TES-C2764,2023-09-23,Supercharging Credits,3,128.25,Returned,Lease
TES-O10824,TES-C7662,2024-06-23,Model Y,1,51684.42,Delivered,Financing
TES-O6582,TES-C2234,2023-06-03,Solar Panel Kit,1,19167.1,Pending,Financing
TES-O6317,TES-C6332,2024-10-14,Powerwall,1,11169.82,Pending,Financing
TES-O8229,TES-C3608,2024-04-16,Supercharging Credits,1,54.13,Cancelled,Credit Card
TES-O9800,TES-C2356,2023-06-02,Supercharging Credits,3,193.72,Shipped,Cash
TES-O6621,TES-C9999,2024-12-21,Merchandise,1,60.8,Pending,Cash
TES-O14273,TES-C1207,2023-04-19,Supercharging Credits,1,190.2,Delivered,Cash
TES-O8432,TES-C3109,2025-02-05,Merchandise,1,201.19,Delivered,Lease
TES-O12802,TES-C4450,2024-05-14,Solar Panel Kit,1,21147.72,Delivered,Lease
TES-O6376,TES-C8207,2024-01-12,Supercharging Credits,4,147.84,Delivered,Cash
TES-O10006,TES-C1024,2023-05-15,Merchandise,1,74.38,Delivered,Financing
TES-O13269,TES-C4305,2024-01-25,Model 3,1,39158.42,Unknown,Credit Card
TES-O7160,TES-C4509,2024-06-07,Model 3,1,44579.14,Returned,Lease
TES-O8201,TES-C9398,2023-05-08,Model 3,1,46356.42,Returned,Credit Card
TES-O13835,TES-C1757,2024-08-23,Model X,1,92754.01,Delivered,Financing
TES-O9198,TES-C10693,2024-06-24,Solar Panel Kit,1,22838.39,Delivered,Cash
TES-O7413,TES-C8075,2024-01-31,Merchandise,4,140.63,Cancelled,Financing
TES-O7318,TES-C10457,2024-10-07,Merchandise,2,75.45,Pending,Cash
TES-O8203,TES-C4188,2024-10-19,Model Y,1,52714.39,Delivered,Credit Card
TES-O13053,TES-C7602,2025-09-06,Solar Panel Kit,1,21787.15,Delivered,Credit Card
TES-O9546,TES-C7147,2024-11-25,Powerwall,1,9804.06,Delivered,Cash
TES-O12573,TES-C10686,2023-11-24,Merchandise,5,26.13,Cancelled,Lease
TES-O14983,TES-C9614,2023-10-08,Solar Panel Kit,1,21487.15,Returned,Lease
TES-O8460,TES-C8749,2024-12-09,Model S,1,90215.93,Shipped,Financing
TES-O9355,TES-C1458,2025-06-21,Merchandise,1,260.66,Returned,Cash
TES-O10598,TES-C9185,2024-11-07,Model S,1,91821.21,Delivered,Financing
TES-O8442,TES-C2998,2024-02-14,Solar Panel Kit,1,24812.62,Cancelled,Credit Card
TES-O11401,TES-C5866,2025-10-22,Solar Panel Kit,1,22656.39,Delivered,Lease
TES-O10477,TES-C3423,2024-07-31,Model 3,1,43332.27,Delivered,Credit Card
TES-O10228,TES-C8137,2024-08-04,Powerwall,1,10527.74,Returned,Credit Card
TES-O5009,TES-C9636,2024-09-21,Merchandise,4,24.24,Delivered,Financing
TES-O6021,TES-C5818,2024-12-27,Model Y,1,50519.14,Shipped,Financing
TES-O11526,TES-C4750,2024-07-24,Powerwall,1,10069.7,Delivered,Credit Card
TES-O13079,TES-C3764,2025-04-16,Powerwall,1,11285.63,Returned,Financing
TES-O8683,TES-C7031,2024-02-10,Model S,1,88144.06,Unknown,Financing
TES-O8255,TES-C3326,2024-02-06,Model 3,1,46086.62,Returned,Credit Card
TES-O8115,TES-C6414,2025-12-19,Model Y,1,50511.78,Cancelled,Lease
TES-O10304,TES-C4646,2024-12-13,Model 3,1,38089.56,Delivered,Financing
TES-O8547,TES-C9161,2025-08-11,Solar Panel Kit,1,23928.26,Delivered,Lease
TES-O6313,TES-C9657,2023-03-09,Solar Panel Kit,1,16724.45,Returned,Lease
TES-O6870,TES-C2675,2025-09-01,Powerwall,1,9064.91,Delivered,Cash
TES-O14917,TES-C5012,2023-08-12,Merchandise,2,130.39,Cancelled,Credit Card
TES-O9083,TES-C3695,2024-01-29,Model Y,1,45781.19,Shipped,Lease
TES-O14188,TES-C9027,2024-03-20,Model S,1,80660.67,Returned,Lease
TES-O7592,TES-C7016,2024-07-26,Supercharging Credits,1,78.0,Delivered,Lease
TES-O14322,TES-C5431,2025-03-27,Model 3,1,46431.13,Returned,Credit Card
TES-O5273,TES-C5117,2024-01-09,Merchandise,2,102.19,Cancelled,Cash
TES-O12669,TES-C4447,2024-07-27,Supercharging Credits,4,21.55,Unknown,Cash
TES-O5636,TES-C2070,2025-06-05,Model 3,1,42855.6,Delivered,Cash
TES-O9420,TES-C1460,2025-03-08,Supercharging Credits,5,130.22,Pending,Credit Card
TES-O13539,TES-C3176,2025-04-26,Model Y,1,54848.26,Pending,Cash
TES-O5839,TES-C4384,2023-05-20,Model 3,1,41291.68,Cancelled,Cash
TES-O6509,TES-C9634,2023-12-01,Model 3,1,39518.57,Pending,Credit Card
TES-O5123,TES-C7846,2025-03-31,Model X,1,90109.38,Pending,Cash
TES-O7077,TES-C8692,2025-05-07,Model 3,1,40521.99,Delivered,Cash
TES-O12759,TES-C4365,2024-03-31,Model 3,1,39364.27,Delivered,Lease
TES-O10758,TES-C4053,2023-11-18,Model Y,1,46269.97,Pending,Financing
TES-O13987,TES-C6350,2024-11-10,Model X,1,88150.79,Returned,Cash
TES-O14899,TES-C5509,2024-07-21,Model X,1,86280.0,Delivered,Financing
TES-O7088,TES-C2023,2023-03-16,Model Y,1,53857.54,Cancelled,Lease
TES-O12279,TES-C8742,2023-02-17,Solar Panel Kit,1,21996.45,Pending,Lease
TES-O10630,TES-C6927,2024-09-22,Model 3,1,38390.85,Pending,Lease
TES-O14050,TES-C9567,2025-02-22,Model Y,1,45975.92,Delivered,Cash
TES-O11585,TES-C5322,2024-04-19,Powerwall,1,10385.47,Cancelled,Cash
TES-O6024,TES-C6980,2023-07-07,Model X,1,95364.77,Delivered,Lease
TES-O6958,TES-C8542,2025-01-10,Powerwall,1,9752.74,Delivered,Financing
TES-O14090,TES-C5315,2023-05-07,Model X,1,81581.35,Shipped,Lease
TES-O5456,TES-C2985,2023-03-21,Model Y,1,47026.7,Shipped,Cash
TES-O10584,TES-C5821,2025-02-12,Powerwall,1,10190.16,Returned,Cash
TES-O14459,TES-C6584,2024-06-16,Solar Panel Kit,1,23418.77,Unknown,Lease
TES-O7852,TES-C4579,2023-05-09,Model Y,1,47890.78,Shipped,Financing
TES-O11132,TES-C7486,2025-06-18,Powerwall,1,10232.43,Pending,Cash
TES-O6894,TES-C2387,2024-08-20,Merchandise,2,160.8,Delivered,Financing
TES-O7758,TES-C8482,2025-11-06,Powerwall,1,11382.45,Shipped,Credit Card
TES-O12921,TES-C1993,2025-03-02,Model X,1,81264.21,Delivered,Lease
TES-O6665,TES-C3892,2025-02-03,Solar Panel Kit,1,24724.08,Returned,Financing
TES-O10761,TES-C3930,2023-03-30,Model Y,1,54439.38,Delivered,Credit Card
TES-O5682,TES-C8600,2025-05-13,Solar Panel Kit,1,22250.06,Delivered,Cash
TES-O12032,TES-C7211,2025-01-02,Model 3,1,40281.49,Returned,Cash
TES-O11982,TES-C2037,2025-08-05,Merchandise,2,205.22,Pending,Lease
TES-O8328,TES-C9413,2024-06-22,Powerwall,1,11754.65,Pending,Cash
TES-O10052,TES-C3790,2024-05-30,Model Y,1,54467.7,Delivered,Cash
TES-O6004,TES-C10759,2023-11-01,Powerwall,1,11692.55,Delivered,Financing
TES-O7243,TES-C2755,2023-03-18,Solar Panel Kit,1,22795.26,Delivered,Financing
TES-O10305,TES-C8659,2024-07-01,Model Y,1,46786.92,Delivered,Financing
TES-O13567,TES-C9999,2025-08-28,Model S,1,81358.84,Delivered,Financing
TES-O13991,TES-C3793,2024-01-29,Model X,1,96105.67,Pending,Financing
TES-O10247,TES-C10889,2023-05-26,Model 3,1,38475.01,Delivered,Lease
TES-O14468,TES-C7199,2025-02-15,Solar Panel Kit,1,15714.87,Cancelled,Lease
TES-O10791,TES-C2294,2023-05-01,Merchandise,1,196.39,Delivered,Cash
TES-O11020,TES-C10341,2023-08-08,Solar Panel Kit,1,22516.99,Delivered,Financing
TES-O9037,TES-C2522,2025-08-16,Model 3,1,43070.28,Delivered,Lease
TES-O10617,TES-C10688,2023-11-14,Merchandise,2,30.87,Pending,Cash
TES-O10794,TES-C2154,2023-03-17,Supercharging Credits,4,40.88,Cancelled,Cash
TES-O8849,TES-C10631,2023-04-29,Model X,1,91410.83,Shipped,Financing
TES-O7951,TES-C6057,2024-05-15,Powerwall,1,11896.34,Delivered,Lease
TES-O5380,TES-C7280,2023-04-17,Model X,1,84887.76,Delivered,Cash
TES-O5003,TES-C1962,2023-12-18,Solar Panel Kit,1,16313.49,Delivered,Lease
TES-O8502,TES-C3180,2025-12-03,Powerwall,1,10203.4,Shipped,Lease
TES-O6572,TES-C5205,2023-11-14,Model X,1,93913.43,Delivered,Cash
TES-O14430,TES-C9088,2023-11-10,Model S,1,83379.77,Shipped,Lease
TES-O7259,TES-C4457,2023-04-08,Model 3,1,45778.86,Delivered,Lease
TES-O8855,TES-C6994,2025-07-08,Model S,1,76875.95,Delivered,Financing
TES-O11882,TES-C3352,2023-03-31,Supercharging Credits,5,180.47,Delivered,Cash
TES-O9865,TES-C10021,2025-12-17,Powerwall,1,10295.59,Pending,Credit Card
TES-O6753,TES-C5768,2024-05-06,Powerwall,1,10458.88,Delivered,Credit Card
TES-O6603,TES-C9580,2023-08-10,Merchandise,2,63.06,Delivered,Lease
TES-O11002,TES-C8329,2025-07-20,Model X,1,87146.45,Cancelled,Financing
TES-O5104,TES-C6734,2024-05-15,Powerwall,1,11395.45,Returned,Lease
TES-O6006,TES-C8704,2023-04-05,Merchandise,3,57.14,Shipped,Financing
TES-O5409,TES-C1524,2023-10-05,Merchandise,2,103.14,Cancelled,Cash
TES-O11273,TES-C2150,2024-02-07,Model 3,1,44726.44,Pending,Lease
TES-O10176,TES-C5293,2025-06-20,Solar Panel Kit,1,19189.54,Shipped,Financing
TES-O5890,TES-C2584,2025-01-05,Model 3,1,40832.3,Returned,Financing
TES-O5832,TES-C10947,2024-02-10,Model X,1,98267.99,Pending,Financing
TES-O8686,TES-C5657,2023-03-27,Merchandise,5,110.31,Pending,Credit Card
TES-O7033,TES-C7329,2024-03-26,Solar Panel Kit,1,19214.85,Unknown,Lease
TES-O11234,TES-C2144,2025-02-21,Solar Panel Kit,1,24528.59,Delivered,Credit Card
TES-O13034,TES-C6147,2024-06-11,Model X,1,99691.91,Pending,Credit Card
TES-O14445,TES-C9006,2025-06-25,Powerwall,1,10207.73,Delivered,Lease
TES-O7823,TES-C2262,2023-04-01,Solar Panel Kit,1,18995.01,Delivered,Lease
TES-O12788,TES-C6494,2024-09-26,Powerwall,1,11168.53,Delivered,Credit Card
TES-O14088,TES-C5225,2024-09-20,Model 3,1,46167.51,Delivered,Lease
TES-O10487,TES-C1022,2024-10-02,Merchandise,5,70.59,Shipped,Financing
TES-O14819,TES-C7765,2023-08-03,Model S,1,82170.44,Delivered,Credit Card
TES-O10869,TES-C9890,2023-11-05,Model S,1,86407.11,Shipped,Financing
TES-O9379,TES-C8348,2024-07-11,Model 3,1,42122.56,Shipped,Financing
TES-O5098,TES-C4211,2025-07-24,Powerwall,1,11283.27,Delivered,Credit Card
TES-O12099,TES-C9411,2023-10-20,Model X,1,87486.3,Delivered,Lease
TES-O8065,TES-C9270,2025-09-09,Model X,1,83538.27,Shipped,Lease
TES-O6308,TES-C10346,2025-09-15,Supercharging Credits,2,23.24,Delivered,Cash
TES-O9473,TES-C9295,2023-09-05,Model 3,1,40792.81,Delivered,Cash
TES-O8533,TES-C2276,2023-05-06,Model X,1,99063.04,Returned,Credit Card
TES-O11846,TES-C8950,2024-02-03,Model S,1,82979.49,Returned,Financing
TES-O5857,TES-C5878,2023-12-14,Supercharging Credits,2,128.24,Pending,Credit Card
TES-O7178,TES-C10361,2025-06-28,Model Y,1,49827.81,Delivered,Lease
TES-O7596,TES-C10529,2024-12-22,Model Y,1,42691.46,Delivered,Cash
TES-O6087,TES-C6720,2024-06-13,Model 3,1,44963.4,Shipped,Lease
TES-O8176,TES-C9999,2024-10-16,Model S,1,93919.79,Delivered,Financing
TES-O12591,TES-C8628,2024-10-19,Model X,1,84186.13,Delivered,Credit Card
TES-O7322,TES-C6055,2023-08-02,Powerwall,1,11092.55,Pending,Lease
TES-O8955,TES-C9464,2023-08-09,Model 3,1,38569.8,Delivered,Financing
TES-O11152,TES-C7513,2025-09-05,Model 3,1,40136.27,Cancelled,Lease
TES-O12838,TES-C7913,2024-08-26,Model S,1,79909.68,Pending,Credit Card
TES-O7886,TES-C6700,2023-08-09,Solar Panel Kit,1,23019.1,Delivered,Financing
TES-O5252,TES-C5330,2023-12-20,Model X,1,94155.47,Pending,Cash
TES-O11827,TES-C3948,2025-05-31,Model S,1,75113.94,Returned,Credit Card
TES-O8800,TES-C5782,2023-10-15,Model S,1,77909.96,Delivered,Lease
TES-O13092,TES-C1797,2025-07-10,Solar Panel Kit,1,23737.22,Pending,Credit Card
TES-O6268,TES-C4237,2024-08-21,Solar Panel Kit,1,15518.05,Delivered,Cash
TES-O6880,TES-C7905,2024-07-18,Solar Panel Kit,1,23362.11,Returned,Cash
TES-O7627,TES-C3196,2023-05-14,Solar Panel Kit,1,18550.01,Delivered,Cash
TES-O6781,TES-C3810,2023-04-11,Model X,1,84250.23,Delivered,Financing
TES-O12803,TES-C3807,2023-10-18,Model 3,1,45370.68,Delivered,Credit Card
TES-O11262,TES-C1858,2025-01-24,Model X,1,97185.35,Pending,Financing
TES-O12148,TES-C3660,2024-07-12,Supercharging Credits,1,183.37,Pending,Credit Card
TES-O9066,TES-C7145,2025-04-28,Model S,1,86648.14,Shipped,Credit Card
TES-O11266,TES-C10618,2024-12-11,Solar Panel Kit,1,22601.89,Returned,Lease
TES-O5302,TES-C10547,2025-02-15,Model Y,1,42574.42,Pending,Lease
TES-O9852,TES-C8809,2024-08-22,Model 3,1,44645.74,Delivered,Cash
TES-O7345,TES-C2252,2024-12-10,Model X,1,98159.25,Shipped,Lease
TES-O5113,TES-C2005,2025-07-28,Model S,1,84179.82,Pending,Financing
TES-O7414,TES-C6523,2025-07-28,Model X,1,86585.24,Shipped,Credit Card
TES-O8287,TES-C6238,2023-12-23,Model Y,1,50045.19,Delivered,Lease
TES-O8844,TES-C9605,2025-09-15,Model X,1,91516.62,Delivered,Financing
TES-O14190,TES-C4556,2025-04-18,Merchandise,4,264.6,Unknown,Cash
TES-O12180,TES-C1500,2023-09-25,Model S,1,80329.47,Pending,Financing
TES-O11407,TES-C6543,2023-12-24,Merchandise,4,182.02,Shipped,Lease
TES-O7942,TES-C3305,2025-03-19,Supercharging Credits,5,55.55,Delivered,Lease
TES-O12298,TES-C7325,2023-09-13,Supercharging Credits,5,116.19,Delivered,Cash
TES-O14547,TES-C5620,2024-07-04,Solar Panel Kit,1,21126.14,Delivered,Lease
TES-O6246,TES-C9954,2024-06-08,Powerwall,1,9273.33,Pending,Credit Card
TES-O9003,TES-C2424,2023-06-25,Model 3,1,45016.22,Delivered,Financing
TES-O13130,TES-C9592,2024-04-15,Supercharging Credits,4,90.94,Delivered,Cash
TES-O9034,TES-C9999,2025-04-26,Model Y,1,52900.76,Cancelled,Financing
TES-O11583,TES-C3764,2023-02-06,Solar Panel Kit,1,24124.94,Shipped,Financing
TES-O13106,TES-C9198,2025-03-01,Model Y,1,50310.24,Delivered,Cash
TES-O5744,TES-C7767,2023-02-05,Merchandise,1,145.77,Cancelled,Lease
TES-O12120,TES-C6400,2024-04-19,Model X,1,88853.72,Shipped,Credit Card
TES-O13828,TES-C3047,2024-07-22,Model 3,1,39716.68,Cancelled,Credit Card
TES-O7675,TES-C1322,2023-04-16,Supercharging Credits,1,21.94,Cancelled,Lease
TES-O11755,TES-C6978,2024-04-01,Model Y,1,48288.17,Delivered,Lease
TES-O11197,TES-C2118,2024-01-20,Powerwall,1,11533.99,Cancelled,Credit Card
TES-O12415,TES-C2956,2023-05-21,Solar Panel Kit,1,19660.64,Delivered,Credit Card
TES-O11112,TES-C1653,2023-06-25,Model Y,1,46798.25,Shipped,Cash
TES-O7542,TES-C9598,2025-07-01,Model X,1,90921.0,Cancelled,Lease
TES-O10997,TES-C4247,2025-01-24,Model 3,1,46059.7,Pending,Financing
TES-O10209,TES-C3377,2025-05-23,Supercharging Credits,3,109.2,Shipped,Financing
TES-O12695,TES-C10637,2025-09-20,Merchandise,4,72.89,Delivered,Cash
TES-O6650,TES-C3302,2025-07-11,Solar Panel Kit,1,22747.45,Shipped,Financing
TES-O10108,TES-C9534,2025-11-30,Merchandise,2,225.91,Delivered,Financing
TES-O13477,TES-C5565,2024-08-06,Model Y,1,49281.59,Pending,Financing
TES-O8290,TES-C3620,2024-05-01,Model 3,1,40449.82,Returned,Lease
TES-O7331,TES-C6756,2025-07-22,Model X,1,82701.97,Returned,Cash
TES-O7607,TES-C10978,2025-04-14,Model Y,1,49199.2,Returned,Financing
TES-O5015,TES-C8378,2023-05-27,Solar Panel Kit,1,18218.54,Pending,Cash
TES-O12557,TES-C5900,2023-08-09,Model 3,1,42041.34,Cancelled,Financing
TES-O11150,TES-C5380,2024-05-26,Model Y,1,43441.62,Returned,Lease
TES-O12237,TES-C6314,2025-10-04,Powerwall,1,11095.48,Shipped,Lease
TES-O7824,TES-C4508,2025-10-28,Model X,1,84073.61,Delivered,Financing
TES-O11453,TES-C1313,2024-10-19,Model X,1,90614.51,Pending,Financing
TES-O6330,TES-C5431,2023-03-21,Solar Panel Kit,1,17770.3,Delivered,Financing
TES-O5570,TES-C3193,2023-05-20,Supercharging Credits,5,43.83,Cancelled,Financing
TES-O11052,TES-C10464,2023-04-22,Solar Panel Kit,1,24282.47,Pending,Financing
TES-O7660,TES-C10761,2024-12-09,Model X,1,99359.34,Delivered,Credit Card
TES-O6649,TES-C7121,2025-12-11,Model Y,1,52300.2,Delivered,Lease
TES-O6441,TES-C2843,2023-09-20,Model S,1,92516.8,Cancelled,Lease
TES-O8588,TES-C9999,2023-04-07,Model X,1,91820.96,Returned,Credit Card
TES-O10713,TES-C8385,2023-04-28,Model X,1,81702.12,Delivered,Credit Card
TES-O13993,TES-C10944,2024-03-31,Supercharging Credits,4,147.09,Pending,Financing
TES-O13002,TES-C7753,2024-09-30,Supercharging Credits,1,192.82,Shipped,Cash
TES-O11849,TES-C6141,2024-05-20,Model Y,1,51115.96,Delivered,Lease
TES-O10428,TES-C1832,2024-06-08,Model S,1,75895.46,Returned,Credit Card
TES-O14624,TES-C5513,2023-03-20,Supercharging Credits,5,195.36,Shipped,Lease
TES-O14061,TES-C4643,2025-03-24,Model Y,1,43863.76,Delivered,Financing
TES-O9402,TES-C10575,2024-01-13,Merchandise,3,212.93,Cancelled,Credit Card
TES-O13989,TES-C4156,2024-07-23,Solar Panel Kit,1,21994.66,Shipped,Cash
TES-O6283,TES-C8193,2023-05-09,Model X,1,81606.3,Returned,Cash
TES-O5820,TES-C7151,2024-04-02,Model Y,1,43393.8,Delivered,Cash
TES-O12334,TES-C8971,2023-08-30,Merchandise,2,151.15,Returned,Financing
TES-O5466,TES-C8566,2023-12-13,Merchandise,3,96.28,Shipped,Financing
TES-O5289,TES-C6728,2024-09-23,Solar Panel Kit,1,20080.39,Delivered,Lease
TES-O8474,TES-C9058,2024-05-25,Supercharging Credits,3,161.42,Delivered,Financing
TES-O5305,TES-C10135,2023-08-27,Merchandise,1,179.8,Cancelled,Credit Card
TES-O6869,TES-C2760,2023-04-28,Supercharging Credits,3,164.62,Shipped,Credit Card
TES-O11891,TES-C10738,2024-01-25,Model S,1,81176.54,Delivered,Lease
TES-O13362,TES-C1570,2023-03-21,Powerwall,1,11938.04,Delivered,Cash
TES-O12343,TES-C2694,2024-08-13,Powerwall,1,10370.71,Delivered,Cash
TES-O10910,TES-C5450,2024-08-05,Solar Panel Kit,1,18422.88,Returned,Cash
TES-O7277,TES-C2287,2023-09-06,Powerwall,1,10610.73,Delivered,Cash
TES-O8753,TES-C8126,2025-02-27,Solar Panel Kit,1,18604.02,Delivered,Credit Card
TES-O6593,TES-C5043,2025-12-14,Model S,1,88808.9,Delivered,Lease
TES-O13407,TES-C1020,2023-02-27,Solar Panel Kit,1,22849.25,Pending,Cash
TES-O6927,TES-C4803,2025-05-06,Model Y,1,46667.75,Delivered,Cash
TES-O11858,TES-C8510,2025-12-06,Model 3,1,40463.04,Pending,Lease
TES-O14310,TES-C6787,2024-04-16,Merchandise,4,265.7,Unknown,Lease
TES-O13160,TES-C3305,2023-08-02,Powerwall,1,11396.48,Cancelled,Lease
TES-O14043,TES-C7134,2023-04-21,Model Y,1,48751.36,Cancelled,Lease
TES-O13325,TES-C4862,2023-06-19,Supercharging Credits,1,11.2,Delivered,Lease
TES-O7123,TES-C1954,2023-07-30,Model 3,1,38610.15,Shipped,Lease
TES-O5367,TES-C3494,2023-02-25,Merchandise,2,63.31,Delivered,Financing
TES-O12823,TES-C5170,2024-08-22,Model X,1,80024.48,Returned,Cash
TES-O5387,TES-C6715,2023-08-13,Model X,1,89801.41,Delivered,Cash
TES-O13704,TES-C4928,2023-12-15,Powerwall,1,9248.26,Delivered,Lease
TES-O5957,TES-C4115,2023-11-03,Model X,1,93533.11,Pending,Lease
TES-O8046,TES-C6756,2025-12-20,Model Y,1,53613.87,Shipped,Cash
TES-O8937,TES-C3124,2024-07-22,Powerwall,1,10513.37,Delivered,Lease
TES-O10546,TES-C8441,2024-03-17,Merchandise,1,33.28,Delivered,Cash
TES-O7158,TES-C1331,2024-10-17,Model 3,1,44060.54,Cancelled,Financing
TES-O13302,TES-C10892,2025-01-06,Model X,1,82241.09,Delivered,Credit Card
TES-O5155,TES-C1813,2025-08-03,Model 3,1,38516.4,Pending,Lease
TES-O5483,TES-C6756,2024-05-05,Supercharging Credits,5,145.31,Pending,Lease
TES-O5226,TES-C7636,2025-05-09,Supercharging Credits,1,55.23,Pending,Credit Card
TES-O9114,TES-C2752,2023-08-23,Powerwall,1,9330.69,Pending,Credit Card
TES-O5511,TES-C8913,2024-07-21,Supercharging Credits,5,38.43,Delivered,Lease
TES-O12779,TES-C7320,2023-11-17,Merchandise,1,267.23,Delivered,Credit Card
TES-O14599,TES-C4368,2023-09-22,Model Y,1,44563.87,Unknown,Credit Card
TES-O11619,TES-C3339,2024-06-24,Model Y,1,51082.13,Delivered,Credit Card
TES-O12356,TES-C7433,2025-01-10,Model 3,1,42810.61,Pending,Financing
TES-O14542,TES-C1639,2023-07-22,Powerwall,1,9183.39,Delivered,Lease
TES-O10896,TES-C6089,2024-01-10,Model 3,1,40274.63,Returned,Credit Card
TES-O6054,TES-C2817,2025-04-21,Model Y,1,47740.41,Cancelled,Financing
TES-O8890,TES-C6825,2025-10-19,Supercharging Credits,5,35.26,Delivered,Financing
TES-O14924,TES-C2171,2024-06-04,Model Y,1,52838.12,Pending,Lease
TES-O9676,TES-C7506,2025-04-07,Model X,1,86474.18,Cancelled,Cash
TES-O7617,TES-C3939,2025-05-02,Powerwall,1,11006.06,Returned,Financing
TES-O11943,TES-C10923,2023-08-02,Model 3,1,39176.52,Delivered,Cash
TES-O8114,TES-C8684,2025-03-01,Model 3,1,43259.58,Delivered,Lease
TES-O10475,TES-C8762,2023-02-14,Powerwall,1,9454.6,Cancelled,Lease
TES-O14509,TES-C8884,2024-10-12,Model S,1,92510.42,Cancelled,Cash
TES-O10729,TES-C2664,2024-08-13,Merchandise,5,298.46,Delivered,Financing
TES-O12804,TES-C7608,2025-03-16,Supercharging Credits,1,94.24,Delivered,Credit Card
TES-O9080,TES-C3988,2025-03-26,Merchandise,1,299.35,Delivered,Financing
TES-O10538,TES-C9314,2024-03-25,Merchandise,4,257.53,Pending,Lease
TES-O12461,TES-C8265,2024-11-20,Model 3,1,38875.84,Delivered,Financing
TES-O5006,TES-C6477,2024-09-09,Model 3,1,41109.93,Delivered,Lease
TES-O13095,TES-C9916,2024-10-03,Model 3,1,44698.91,Shipped,Credit Card
TES-O14286,TES-C3435,2024-08-08,Model S,1,92512.4,Cancelled,Cash
TES-O6414,TES-C3270,2025-04-16,Powerwall,1,10015.75,Delivered,Cash
TES-O10967,TES-C8701,2025-09-07,Supercharging Credits,1,102.41,Unknown,Credit Card
TES-O10940,TES-C8357,2024-11-12,Merchandise,3,28.18,Unknown,Cash
TES-O13415,TES-C10565,2023-06-05,Powerwall,1,10682.07,Shipped,Financing
TES-O14333,TES-C1547,2023-05-05,Supercharging Credits,1,95.35,Cancelled,Financing
TES-O14977,TES-C9163,2025-10-04,Model Y,1,54334.07,Returned,Financing
TES-O9616,TES-C5228,2024-08-15,Model S,1,93880.09,Delivered,Lease
TES-O9008,TES-C6088,2023-05-04,Model S,1,81268.16,Delivered,Financing
TES-O9468,TES-C7015,2023-04-26,Powerwall,1,11037.81,Cancelled,Lease
TES-O7751,TES-C5493,2025-09-02,Solar Panel Kit,1,18195.79,Cancelled,Lease
TES-O7415,TES-C1111,2024-11-26,Supercharging Credits,4,174.34,Shipped,Lease
TES-O11081,TES-C2646,2024-01-15,Merchandise,3,294.29,Delivered,Cash
TES-O11830,TES-C8292,2025-12-07,Powerwall,1,11120.1,Delivered,Financing
TES-O9477,TES-C10962,2024-09-09,Solar Panel Kit,1,15220.48,Shipped,Cash
TES-O14954,TES-C3884,2024-12-07,Powerwall,1,10367.0,Returned,Financing
TES-O9057,TES-C10349,2025-09-09,Supercharging Credits,5,194.39,Pending,Financing
TES-O14054,TES-C5161,2025-08-10,Model Y,1,54070.73,Delivered,Credit Card
TES-O6661,TES-C6890,2025-01-07,Powerwall,1,11979.89,Delivered,Financing
TES-O6225,TES-C8527,2025-09-13,Powerwall,1,10042.17,Returned,Credit Card
TES-O13537,TES-C6363,2024-08-04,Model S,1,94221.18,Returned,Financing
TES-O8699,TES-C8426,2024-08-09,Supercharging Credits,2,152.7,Delivered,Financing
TES-O10451,TES-C10756,2024-03-13,Supercharging Credits,5,98.04,Delivered,Cash
TES-O14688,TES-C3315,2025-09-30,Merchandise,1,167.35,Returned,Credit Card
TES-O13780,TES-C10403,2023-07-10,Model S,1,88980.79,Returned,Credit Card
TES-O12642,TES-C2075,2025-02-01,Supercharging Credits,5,147.48,Pending,Financing
TES-O14195,TES-C5622,2023-06-04,Model S,1,87855.57,Delivered,Cash
TES-O13701,TES-C7086,2023-02-23,Model X,1,86916.86,Unknown,Lease
TES-O5292,TES-C6936,2023-09-16,Powerwall,1,10624.84,Pending,Lease
TES-O7435,TES-C3201,2023-06-27,Model X,1,82838.9,Pending,Financing
TES-O8300,TES-C7288,2025-01-13,Model S,1,75203.36,Delivered,Lease
TES-O7380,TES-C5386,2025-10-06,Solar Panel Kit,1,22371.89,Returned,Financing
TES-O14376,TES-C3112,2023-02-27,Supercharging Credits,1,48.54,Delivered,Financing
TES-O7029,TES-C2266,2024-06-11,Model S,1,76394.16,Shipped,Credit Card
TES-O10495,TES-C7123,2023-08-16,Supercharging Credits,3,31.7,Returned,Cash
TES-O7443,TES-C1506,2024-05-21,Model 3,1,40410.16,Returned,Credit Card
TES-O12815,TES-C5045,2023-09-21,Merchandise,5,215.87,Returned,Credit Card
TES-O6955,TES-C4494,2025-03-09,Supercharging Credits,4,139.51,Delivered,Credit Card
TES-O7926,TES-C10519,2024-05-18,Powerwall,1,11629.56,Delivered,Credit Card
TES-O6619,TES-C4127,2023-03-24,Powerwall,1,11490.93,Delivered,Financing
TES-O11540,TES-C6583,2024-08-25,Powerwall,1,11335.16,Delivered,Financing
TES-O7657,TES-C1405,2024-05-23,Solar Panel Kit,1,19275.96,Returned,Financing
TES-O7062,TES-C1427,2023-11-07,Solar Panel Kit,1,16997.57,Cancelled,Cash
TES-O7568,TES-C2979,2023-03-22,Merchandise,3,38.35,Cancelled,Lease
TES-O7895,TES-C1322,2024-04-26,Model 3,1,43348.91,Shipped,Financing
TES-O11061,TES-C9658,2023-08-24,Powerwall,1,11507.31,Returned,Cash
TES-O14260,TES-C3213,2023-05-30,Model X,1,95869.74,Delivered,Cash
TES-O9440,TES-C1869,2023-03-04,Powerwall,1,9464.46,Returned,Credit Card
TES-O9725,TES-C9999,2024-12-24,Merchandise,4,61.7,Returned,Cash
TES-O7000,TES-C3641,2024-07-29,Model X,1,93352.16,Returned,Credit Card
TES-O11683,TES-C2716,2023-05-31,Powerwall,1,11369.67,Delivered,Financing
TES-O8051,TES-C5550,2025-07-16,Supercharging Credits,5,153.67,Returned,Cash
TES-O14121,TES-C5486,2024-12-10,Powerwall,1,11090.8,Shipped,Lease
TES-O6476,TES-C3333,2023-09-24,Model Y,1,54335.96,Delivered,Financing
TES-O10919,TES-C8665,2025-07-19,Merchandise,2,49.54,Cancelled,Lease
TES-O14108,TES-C5618,2024-05-13,Merchandise,5,184.96,Delivered,Lease
TES-O13642,TES-C10913,2023-07-03,Model Y,1,50743.46,Shipped,Cash
TES-O11543,TES-C10699,2023-11-13,Supercharging Credits,5,22.16,Cancelled,Financing
TES-O12915,TES-C9209,2024-02-08,Model Y,1,53605.49,Returned,Financing
TES-O9438,TES-C9523,2024-03-31,Model X,1,90364.48,Cancelled,Credit Card
TES-O10286,TES-C9844,2024-02-04,Model 3,1,40089.87,Cancelled,Lease
TES-O7280,TES-C9999,2023-06-13,Model X,1,83506.87,Delivered,Financing
TES-O11086,TES-C2764,2024-12-08,Solar Panel Kit,1,17834.91,Returned,Credit Card
TES-O7948,TES-C3661,2023-03-11,Solar Panel Kit,1,21002.91,Delivered,Cash
TES-O13255,TES-C7287,2025-08-15,Model 3,1,42824.15,Cancelled,Lease
TES-O12867,TES-C3646,2023-10-07,Model Y,1,42924.78,Delivered,Cash
TES-O12743,TES-C8076,2025-04-27,Model Y,1,54785.98,Pending,Credit Card
TES-O14769,TES-C9999,2024-09-30,Model S,1,94600.19,Delivered,Cash
TES-O6513,TES-C5370,2025-04-06,Model 3,1,41728.09,Delivered,Cash
TES-O6041,TES-C7332,2025-12-01,Supercharging Credits,5,76.33,Pending,Cash
TES-O7911,TES-C10479,2025-06-06,Model X,1,98162.32,Shipped,Cash
TES-O6877,TES-C2639,2023-11-28,Powerwall,1,9042.82,Delivered,Credit Card
TES-O8462,TES-C2351,2025-09-15,Model Y,1,42713.61,Delivered,Cash
TES-O12548,TES-C10832,2023-12-04,Merchandise,5,235.16,Unknown,Credit Card
TES-O9820,TES-C4178,2025-01-21,Merchandise,3,27.05,Shipped,Financing
TES-O7079,TES-C7076,2025-05-21,Model 3,1,44251.22,Returned,Credit Card
TES-O5459,TES-C1502,2025-04-19,Model Y,1,51625.06,Cancelled,Cash
TES-O6521,TES-C9358,2025-07-20,Solar Panel Kit,1,21623.71,Pending,Financing
TES-O5498,TES-C6406,2024-05-20,Powerwall,1,11814.95,Returned,Credit Card
TES-O6729,TES-C9702,2024-07-29,Solar Panel Kit,1,23320.42,Delivered,Cash
TES-O10801,TES-C1762,2024-11-30,Solar Panel Kit,1,24991.67,Returned,Lease
TES-O11812,TES-C3807,2024-12-07,Merchandise,5,37.58,Pending,Credit Card
TES-O6372,TES-C6028,2024-06-10,Model 3,1,40832.04,Shipped,Cash
TES-O6627,TES-C9311,2023-12-07,Model 3,1,38607.29,Pending,Credit Card
TES-O11525,TES-C8724,2023-04-24,Model 3,1,38927.67,Returned,Credit Card
TES-O12302,TES-C3115,2023-02-02,Solar Panel Kit,1,24589.21,Unknown,Financing
TES-O11656,TES-C9782,2024-09-30,Powerwall,1,11848.66,Delivered,Financing
TES-O7828,TES-C6689,2024-04-07,Powerwall,1,9101.74,Returned,Cash
TES-O10527,TES-C7986,2024-10-22,Powerwall,1,10307.89,Pending,Financing
TES-O7731,TES-C8150,2023-05-23,Model 3,1,38278.84,Delivered,Credit Card
TES-O5614,TES-C1115,2023-03-23,Powerwall,1,10920.48,Delivered,Cash
TES-O7713,TES-C1394,2024-06-18,Model 3,1,42627.08,Delivered,Financing
TES-O13146,TES-C1292,2025-12-13,Powerwall,1,10393.62,Cancelled,Lease
TES-O13378,TES-C10322,2025-12-18,Powerwall,1,10740.23,Delivered,Financing
TES-O6374,TES-C7086,2025-05-04,Model X,1,91907.97,Pending,Financing
TES-O11953,TES-C4745,2023-12-16,Model 3,1,47819.38,Cancelled,Credit Card
TES-O14191,TES-C1794,2024-03-26,Merchandise,1,217.36,Pending,Financing
TES-O8543,TES-C8893,2023-12-29,Supercharging Credits,1,138.9,Delivered,Cash
TES-O12396,TES-C8098,2024-04-26,Supercharging Credits,2,98.44,Returned,Lease
TES-O6684,TES-C10295,2025-03-28,Supercharging Credits,3,97.81,Delivered,Credit Card
TES-O10298,TES-C6417,2024-08-19,Merchandise,5,161.48,Delivered,Cash
TES-O13891,TES-C7090,2023-05-26,Model S,1,84501.95,Shipped,Financing
TES-O14904,TES-C9403,2025-05-22,Supercharging Credits,3,159.36,Cancelled,Financing
TES-O7640,TES-C5742,2023-09-20,Model X,1,98280.13,Shipped,Lease
TES-O11670,TES-C1760,2024-08-05,Model X,1,89506.34,Returned,Cash
TES-O14694,TES-C5154,2025-02-07,Supercharging Credits,1,110.25,Pending,Financing
TES-O6201,TES-C2657,2024-06-25,Supercharging Credits,5,59.65,Pending,Credit Card
TES-O10088,TES-C2538,2025-07-19,Model 3,1,41019.62,Cancelled,Cash
TES-O5922,TES-C1722,2023-05-30,Supercharging Credits,5,196.25,Delivered,Cash
TES-O13030,TES-C9999,2023-02-09,Model Y,1,51583.25,Pending,Cash
TES-O7295,TES-C5837,2025-11-28,Model X,1,98589.55,Delivered,Lease
TES-O8973,TES-C5277,2023-05-26,Model Y,1,42383.39,Cancelled,Lease
TES-O14757,TES-C6225,2024-09-21,Solar Panel Kit,1,24640.35,Returned,Credit Card
TES-O8033,TES-C8955,2024-03-02,Merchandise,5,279.71,Pending,Lease
TES-O9282,TES-C4400,2023-09-30,Supercharging Credits,2,70.16,Delivered,Financing
TES-O6537,TES-C4322,2023-03-21,Merchandise,4,52.77,Pending,Cash
TES-O9545,TES-C7642,2023-10-18,Model 3,1,42209.76,Delivered,Cash
TES-O9497,TES-C4910,2023-04-12,Powerwall,1,11155.6,Delivered,Lease
TES-O6863,TES-C9587,2025-07-18,Solar Panel Kit,1,15512.48,Shipped,Lease
TES-O13063,TES-C9540,2024-05-23,Merchandise,1,117.88,Delivered,Credit Card
TES-O10812,TES-C4792,2023-06-26,Model X,1,91220.23,Delivered,Financing
TES-O11517,TES-C4384,2025-05-11,Powerwall,1,9397.63,Shipped,Lease
TES-O13001,TES-C9490,2025-04-28,Merchandise,5,208.07,Delivered,Cash
TES-O13932,TES-C10611,2024-05-14,Model Y,1,44335.45,Shipped,Lease
TES-O13067,TES-C3809,2023-04-26,Solar Panel Kit,1,24554.38,Pending,Lease
TES-O7803,TES-C4481,2025-02-09,Model X,1,95466.48,Shipped,Financing
TES-O9416,TES-C5650,2025-09-27,Model S,1,94795.91,Delivered,Financing
TES-O11749,TES-C2007,2024-12-13,Supercharging Credits,2,55.84,Delivered,Lease
TES-O10275,TES-C9235,2025-01-12,Powerwall,1,10101.08,Cancelled,Credit Card
TES-O12001,TES-C3287,2025-12-27,Powerwall,1,11261.47,Pending,Cash
TES-O5930,TES-C6723,2023-01-18,Supercharging Credits,2,168.79,Delivered,Credit Card
TES-O6953,TES-C6332,2023-04-02,Powerwall,1,10326.93,Delivered,Lease
TES-O10780,TES-C9013,2025-09-09,Model X,1,91399.41,Returned,Financing
TES-O10945,TES-C9838,2024-07-11,Model S,1,78938.07,Cancelled,Cash
TES-O5887,TES-C5642,2023-06-22,Model 3,1,40485.8,Pending,Lease
TES-O9273,TES-C2260,2025-08-25,Powerwall,1,9548.59,Cancelled,Lease
TES-O7822,TES-C4510,2023-06-22,Merchandise,4,266.88,Pending,Cash
TES-O13992,TES-C3359,2024-06-16,Model X,1,85176.68,Delivered,Cash
TES-O13268,TES-C9235,2025-05-19,Solar Panel Kit,1,16925.29,Returned,Cash
TES-O6061,TES-C4531,2024-04-27,Model S,1,84508.64,Pending,Credit Card
TES-O14258,TES-C9771,2023-12-09,Model 3,1,42881.8,Cancelled,Lease
TES-O11985,TES-C4400,2024-06-19,Model S,1,91533.99,Delivered,Financing
TES-O7076,TES-C5639,2023-12-08,Powerwall,1,9043.65,Delivered,Cash
TES-O10497,TES-C9896,2025-02-14,Solar Panel Kit,1,20718.89,Pending,Lease
TES-O13274,TES-C1689,2025-02-23,Model 3,1,39201.02,Shipped,Cash
TES-O9164,TES-C4945,2023-11-22,Model S,1,78809.24,Returned,Financing
TES-O11501,TES-C5218,2023-01-17,Powerwall,1,9670.88,Cancelled,Lease
TES-O8066,TES-C4612,2023-08-05,Model 3,1,42926.12,Cancelled,Cash
TES-O7266,TES-C10002,2023-07-18,Model 3,1,45949.69,Cancelled,Cash
TES-O9983,TES-C8271,2025-05-17,Solar Panel Kit,1,15073.2,Returned,Lease
TES-O14219,TES-C4580,2025-08-10,Solar Panel Kit,1,19001.24,Delivered,Cash
TES-O8155,TES-C10701,2025-03-10,Merchandise,4,100.25,Shipped,Financing
TES-O5196,TES-C3543,2023-02-13,Model X,1,92436.77,Pending,Cash
TES-O5431,TES-C8644,2023-03-15,Model X,1,85235.22,Pending,Financing
TES-O13029,TES-C3226,2023-07-12,Powerwall,1,9606.23,Returned,Lease
TES-O6608,TES-C10056,2024-11-20,Supercharging Credits,2,10.14,Delivered,Financing
TES-O12523,TES-C3559,2024-06-25,Model Y,1,50120.19,Returned,Credit Card
TES-O7666,TES-C10019,2023-08-11,Merchandise,1,57.57,Returned,Credit Card
TES-O10156,TES-C10845,2025-06-11,Model 3,1,40060.92,Delivered,Credit Card
TES-O10361,TES-C9185,2025-11-08,Model X,1,80219.49,Cancelled,Cash
TES-O13341,TES-C3105,2023-10-09,Model Y,1,50237.86,Delivered,Credit Card
TES-O5654,TES-C7941,2025-10-24,Model Y,1,53067.57,Delivered,Cash
TES-O13660,TES-C3199,2025-09-03,Model S,1,82433.47,Cancelled,Financing
TES-O10062,TES-C3087,2023-08-15,Merchandise,2,138.14,Returned,Cash
TES-O5618,TES-C3701,2024-12-28,Model S,1,89331.37,Delivered,Financing
TES-O11695,TES-C4444,2024-10-01,Model Y,1,46364.71,Delivered,Cash
TES-O5384,TES-C4169,2023-02-27,Powerwall,1,11581.29,Cancelled,Credit Card
TES-O6688,TES-C3241,2025-02-15,Supercharging Credits,1,117.47,Returned,Financing
TES-O10509,TES-C5002,2023-01-04,Supercharging Credits,3,48.17,Returned,Financing
TES-O8945,TES-C5933,2023-04-04,Supercharging Credits,4,78.34,Returned,Cash
TES-O14499,TES-C5425,2025-09-19,Merchandise,3,254.25,Returned,Lease
TES-O12450,TES-C10046,2025-09-29,Model Y,1,48206.05,Cancelled,Cash
TES-O5828,TES-C8007,2023-03-05,Model X,1,91807.19,Delivered,Credit Card
TES-O11232,TES-C2811,2023-07-20,Solar Panel Kit,1,16041.66,Shipped,Financing
TES-O14732,TES-C5725,2023-03-31,Model Y,1,46635.64,Delivered,Cash
TES-O8310,TES-C4548,2025-06-25,Model S,1,75419.88,Shipped,Cash
TES-O5956,TES-C10751,2023-04-27,Solar Panel Kit,1,22212.96,Delivered,Financing
TES-O11925,TES-C5316,2024-07-25,Merchandise,2,285.43,Cancelled,Credit Card
TES-O6366,TES-C9672,2024-10-04,Powerwall,1,11501.02,Delivered,Lease
TES-O6818,TES-C7354,2024-05-24,Solar Panel Kit,1,18797.2,Cancelled,Lease
TES-O8431,TES-C2616,2024-12-19,Supercharging Credits,4,132.95,Delivered,Financing
TES-O10555,TES-C9893,2024-03-17,Solar Panel Kit,1,23344.71,Returned,Lease
TES-O10420,TES-C6024,2024-08-27,Model 3,1,41665.35,Delivered,Financing
TES-O10339,TES-C6933,2023-06-05,Model S,1,90386.72,Delivered,Financing
TES-O13480,TES-C7255,2023-03-14,Solar Panel Kit,1,18106.6,Delivered,Lease
TES-O12272,TES-C10160,2024-02-06,Model 3,1,45082.89,Returned,Financing
TES-O8813,TES-C5567,2025-01-25,Powerwall,1,11655.88,Delivered,Credit Card
TES-O5797,TES-C6932,2025-03-12,Supercharging Credits,5,110.42,Delivered,Credit Card
TES-O10391,TES-C3258,2024-10-26,Model 3,1,39457.86,Pending,Financing
TES-O5023,TES-C4736,2025-10-04,Supercharging Credits,3,91.59,Returned,Lease
TES-O7765,TES-C3051,2023-04-19,Model X,1,82114.49,Shipped,Cash
TES-O6440,TES-C1541,2024-06-20,Model S,1,89705.94,Returned,Lease
TES-O9817,TES-C3387,2024-12-30,Model S,1,83398.74,Delivered,Financing
TES-O7928,TES-C8586,2023-05-30,Model 3,1,46130.4,Pending,Cash
TES-O11025,TES-C4894,2024-06-14,Powerwall,1,9560.49,Pending,Credit Card
TES-O11497,TES-C5855,2025-06-26,Solar Panel Kit,1,19628.44,Delivered,Financing
TES-O6434,TES-C3908,2023-10-09,Solar Panel Kit,1,20559.69,Shipped,Cash
TES-O8208,TES-C7139,2025-11-14,Merchandise,3,24.06,Cancelled,Credit Card
TES-O8496,TES-C4733,2023-06-13,Supercharging Credits,3,146.82,Shipped,Cash
TES-O12226,TES-C4419,2025-07-31,Supercharging Credits,1,163.65,Delivered,Lease
TES-O8276,TES-C4275,2023-03-03,Supercharging Credits,5,121.77,Returned,Cash
TES-O7767,TES-C10740,2025-08-03,Supercharging Credits,4,197.88,Delivered,Financing
TES-O7857,TES-C7711,2024-05-21,Powerwall,1,10531.97,Pending,Cash
TES-O6787,TES-C9999,2024-05-11,Supercharging Credits,3,125.76,Delivered,Lease
TES-O5429,TES-C4878,2023-08-01,Solar Panel Kit,1,22505.36,Delivered,Lease
TES-O14976,TES-C7505,2024-03-18,Model S,1,80125.24,Delivered,Credit Card
TES-O5622,TES-C2722,2025-06-29,Model Y,1,50153.63,Shipped,Lease
TES-O14362,TES-C1564,2024-03-28,Supercharging Credits,1,111.82,Shipped,Financing
TES-O6390,TES-C9564,2025-02-07,Supercharging Credits,4,179.84,Returned,Credit Card
TES-O8716,TES-C7695,2025-09-07,Solar Panel Kit,1,19843.07,Delivered,Lease
TES-O13439,TES-C10530,2023-08-25,Model S,1,87871.28,Cancelled,Financing
TES-O10158,TES-C1954,2024-05-15,Model X,1,92886.85,Delivered,Credit Card
TES-O10675,TES-C5190,2024-01-23,Powerwall,1,9535.87,Cancelled,Lease
TES-O9570,TES-C1393,2024-10-20,Supercharging Credits,5,165.13,Delivered,Credit Card
TES-O8335,TES-C2585,2023-11-02,Model S,1,86760.46,Pending,Cash
TES-O10995,TES-C8589,2023-05-09,Supercharging Credits,2,29.94,Returned,Cash
TES-O6101,TES-C4928,2023-07-02,Model X,1,82476.17,Cancelled,Lease
TES-O13693,TES-C9348,2025-12-10,Model Y,1,45677.36,Pending,Cash
TES-O12734,TES-C10736,2025-10-15,Model S,1,92811.16,Cancelled,Lease
TES-O8765,TES-C3569,2024-07-04,Solar Panel Kit,1,21160.26,Delivered,Credit Card
TES-O12594,TES-C3011,2024-01-12,Solar Panel Kit,1,23617.93,Shipped,Lease
TES-O12754,TES-C4493,2023-01-22,Model 3,1,45163.32,Delivered,Financing
TES-O7262,TES-C10313,2024-06-04,Supercharging Credits,3,119.72,Delivered,Lease
TES-O8093,TES-C4669,2023-08-22,Model S,1,87779.24,Pending,Financing
TES-O11536,TES-C1121,2025-11-19,Model X,1,94457.73,Shipped,Financing
TES-O9694,TES-C3710,2024-04-20,Model S,1,75424.32,Cancelled,Credit Card
TES-O13364,TES-C4891,2023-03-19,Model S,1,90794.25,Pending,Lease
TES-O9169,TES-C8181,2024-03-11,Solar Panel Kit,1,24623.55,Delivered,Credit Card
TES-O11097,TES-C8563,2023-03-21,Model S,1,92660.91,Delivered,Lease
TES-O14093,TES-C3785,2025-01-04,Model S,1,75975.85,Pending,Lease
TES-O6143,TES-C5058,2024-05-02,Merchandise,4,243.75,Delivered,Cash
TES-O8486,TES-C9770,2023-09-10,Model S,1,80870.18,Delivered,Lease
TES-O13090,TES-C1301,2024-05-19,Supercharging Credits,4,193.36,Pending,Lease
TES-O8302,TES-C7645,2025-03-02,Merchandise,3,96.47,Delivered,Cash
TES-O7581,TES-C10140,2023-10-16,Model Y,1,51306.29,Delivered,Credit Card
TES-O6545,TES-C1748,2023-04-17,Model X,1,90103.86,Pending,Financing
TES-O7519,TES-C5482,2024-01-21,Model Y,1,42845.3,Delivered,Financing
TES-O8391,TES-C6483,2023-04-03,Model S,1,78153.37,Pending,Lease
TES-O7016,TES-C2850,2023-10-15,Supercharging Credits,3,82.2,Shipped,Lease
TES-O6930,TES-C10171,2023-12-04,Model Y,1,53522.9,Returned,Cash
TES-O8710,TES-C7019,2023-12-02,Supercharging Credits,2,19.89,Cancelled,Credit Card
TES-O6500,TES-C7909,2023-12-17,Model 3,1,47050.25,Delivered,Credit Card
TES-O11014,TES-C3330,2025-06-22,Powerwall,1,11016.62,Delivered,Financing
TES-O13783,TES-C6668,2024-07-12,Model S,1,88267.2,Delivered,Lease
TES-O11578,TES-C9319,2024-11-10,Merchandise,3,248.17,Delivered,Cash
TES-O12386,TES-C7814,2023-11-02,Powerwall,1,10454.66,Pending,Lease
TES-O5183,TES-C2491,2023-08-02,Model Y,1,47557.03,Returned,Cash
TES-O7416,TES-C6268,2025-05-18,Powerwall,1,10565.03,Pending,Financing
TES-O11382,TES-C5145,2025-09-16,Model X,1,92972.32,Delivered,Credit Card
TES-O12987,TES-C8487,2023-02-18,Model S,1,93753.4,Delivered,Credit Card
TES-O9230,TES-C6029,2024-10-09,Model 3,1,44979.18,Pending,Financing
TES-O14793,TES-C4664,2025-01-08,Model X,1,90078.89,Delivered,Lease
TES-O12031,TES-C9587,2025-08-23,Solar Panel Kit,1,19778.14,Pending,Financing
TES-O14250,TES-C6694,2023-11-12,Model 3,1,43502.77,Delivered,Financing
TES-O7433,TES-C9651,2024-01-17,Model 3,1,46693.94,Cancelled,Financing
TES-O7863,TES-C9584,2023-02-14,Solar Panel Kit,1,24631.78,Delivered,Lease
TES-O10167,TES-C1052,2023-01-23,Solar Panel Kit,1,18546.7,Returned,Financing
TES-O9824,TES-C4514,2024-10-18,Model S,1,93487.87,Cancelled,Credit Card
TES-O7600,TES-C5454,2023-04-02,Model 3,1,41315.12,Cancelled,Credit Card
TES-O6642,TES-C3434,2025-05-08,Model S,1,87147.35,Delivered,Financing
TES-O8014,TES-C6812,2024-10-17,Supercharging Credits,5,184.27,Shipped,Financing
TES-O6284,TES-C9499,2024-11-15,Supercharging Credits,1,11.18,Pending,Cash
TES-O10926,TES-C1509,2025-05-13,Merchandise,1,248.95,Delivered,Lease
TES-O9461,TES-C8862,2024-12-04,Model Y,1,45240.24,Delivered,Lease
TES-O9981,TES-C5719,2025-11-15,Model X,1,99040.98,Unknown,Lease
TES-O6775,TES-C1428,2023-01-05,Model S,1,89289.96,Delivered,Financing
TES-O13997,TES-C3960,2025-02-04,Powerwall,1,11373.52,Cancelled,Cash
TES-O11199,TES-C8778,2025-05-21,Supercharging Credits,5,19.67,Cancelled,Cash
TES-O13977,TES-C2174,2024-10-03,Supercharging Credits,4,148.84,Delivered,Credit Card
TES-O8872,TES-C7407,2024-12-03,Merchandise,1,242.09,Delivered,Lease
TES-O9911,TES-C9140,2024-10-22,Solar Panel Kit,1,19824.62,Returned,Credit Card
TES-O9704,TES-C3599,2024-09-21,Model S,1,86676.94,Cancelled,Cash
TES-O9179,TES-C1509,2025-12-06,Model 3,1,40678.16,Returned,Cash
TES-O6569,TES-C2012,2024-11-25,Merchandise,5,42.25,Cancelled,Lease
TES-O6145,TES-C2564,2025-12-11,Model S,1,81226.94,Pending,Financing
TES-O9371,TES-C8268,2024-02-26,Merchandise,5,77.91,Cancelled,Cash
TES-O10948,TES-C6757,2024-07-31,Model S,1,79964.12,Unknown,Financing
TES-O12285,TES-C9046,2023-05-27,Model X,1,93114.27,Delivered,Cash
TES-O9931,TES-C5560,2023-09-26,Model 3,1,45192.68,Unknown,Cash
TES-O13924,TES-C8253,2024-12-28,Model X,1,90250.29,Delivered,Lease
TES-O13212,TES-C6155,2024-10-29,Solar Panel Kit,1,16055.2,Delivered,Lease
TES-O7848,TES-C2843,2025-01-22,Powerwall,1,11945.83,Delivered,Lease
TES-O14928,TES-C6830,2025-02-16,Model S,1,80222.46,Delivered,Cash
TES-O7423,TES-C2408,2025-02-25,Model 3,1,39869.79,Cancelled,Cash
TES-O6424,TES-C10460,2025-11-26,Model 3,1,44930.45,Delivered,Credit Card
TES-O5824,TES-C6065,2023-08-25,Solar Panel Kit,1,20338.59,Pending,Cash
TES-O11293,TES-C1846,2024-03-11,Solar Panel Kit,1,17825.2,Cancelled,Financing
TES-O6103,TES-C2258,2025-09-12,Model S,1,82436.24,Delivered,Financing
TES-O12149,TES-C9576,2023-07-08,Model X,1,91744.78,Delivered,Credit Card
TES-O12649,TES-C4687,2024-11-17,Merchandise,5,169.98,Shipped,Financing
TES-O9706,TES-C8213,2024-08-18,Solar Panel Kit,1,20798.19,Cancelled,Credit Card
TES-O6291,TES-C7489,2024-01-21,Model 3,1,47477.54,Returned,Financing
TES-O8808,TES-C1383,2023-09-04,Merchandise,5,58.39,Shipped,Cash
TES-O9297,TES-C5801,2025-10-21,Supercharging Credits,5,32.4,Returned,Credit Card
TES-O13289,TES-C1068,2024-11-15,Supercharging Credits,3,129.61,Delivered,Credit Card
TES-O7027,TES-C4525,2025-01-14,Model Y,1,45492.29,Delivered,Credit Card
TES-O7327,TES-C6231,2024-04-28,Model 3,1,39008.61,Delivered,Credit Card
TES-O9404,TES-C4589,2023-07-23,Solar Panel Kit,1,16519.71,Delivered,Lease
TES-O13009,TES-C1702,2024-11-18,Merchandise,3,113.86,Cancelled,Lease
TES-O14514,TES-C9121,2025-03-01,Solar Panel Kit,1,16274.55,Delivered,Lease
TES-O10783,TES-C8163,2024-04-10,Merchandise,2,28.73,Cancelled,Cash
TES-O5633,TES-C9921,2024-04-18,Supercharging Credits,1,123.54,Delivered,Financing
TES-O8074,TES-C4094,2025-07-31,Model 3,1,45801.94,Delivered,Lease
TES-O10023,TES-C1806,2023-08-22,Model Y,1,53963.15,Delivered,Credit Card
TES-O9739,TES-C3496,2024-06-09,Merchandise,4,64.98,Pending,Cash
TES-O7337,TES-C1071,2025-05-29,Merchandise,1,95.03,Delivered,Financing
TES-O6864,TES-C8245,2023-06-18,Model X,1,98079.01,Delivered,Credit Card
TES-O8977,TES-C4678,2023-05-04,Supercharging Credits,1,187.2,Cancelled,Cash
TES-O8846,TES-C4068,2023-02-27,Powerwall,1,11898.03,Returned,Credit Card
TES-O7601,TES-C7087,2024-02-13,Model 3,1,38211.44,Pending,Lease
TES-O11592,TES-C3534,2025-11-19,Model 3,1,45198.17,Delivered,Cash
TES-O12094,TES-C4216,2023-01-25,Merchandise,3,254.96,Delivered,Cash
TES-O5055,TES-C6152,2024-04-18,Model X,1,94036.48,Delivered,Cash
TES-O9411,TES-C2949,2023-08-03,Solar Panel Kit,1,21365.02,Delivered,Lease
TES-O5032,TES-C6972,2024-10-10,Supercharging Credits,3,130.83,Delivered,Cash
TES-O10959,TES-C4005,2025-08-24,Solar Panel Kit,1,18724.19,Pending,Credit Card
TES-O5573,TES-C6775,2024-12-08,Model X,1,90012.79,Returned,Cash
TES-O10253,TES-C6440,2023-10-16,Model S,1,88169.65,Pending,Lease
TES-O6807,TES-C9744,2023-09-20,Supercharging Credits,5,186.24,Cancelled,Financing
TES-O5946,TES-C2595,2023-12-05,Solar Panel Kit,1,23526.68,Shipped,Cash
TES-O8715,TES-C4842,2025-06-20,Supercharging Credits,4,176.19,Returned,Cash
TES-O11166,TES-C3898,2024-09-25,Model S,1,88087.38,Returned,Financing
TES-O13113,TES-C2175,2023-05-01,Model S,1,87035.0,Returned,Credit Card
TES-O14348,TES-C8384,2023-06-25,Merchandise,1,162.22,Returned,Lease
TES-O13313,TES-C7572,2024-10-31,Model X,1,87707.34,Pending,Credit Card
TES-O5729,TES-C3671,2024-11-06,Supercharging Credits,2,122.55,Returned,Financing
TES-O5924,TES-C1188,2024-10-28,Model S,1,85758.62,Shipped,Cash
TES-O5941,TES-C9757,2025-10-05,Merchandise,5,234.88,Cancelled,Credit Card
TES-O10309,TES-C1353,2023-10-09,Model Y,1,49599.93,Pending,Lease
TES-O10340,TES-C8463,2023-03-25,Supercharging Credits,3,70.17,Delivered,Cash
TES-O13185,TES-C1499,2023-07-10,Model 3,1,39634.09,Returned,Cash
TES-O7397,TES-C6279,2024-06-30,Model 3,1,45398.92,Shipped,Credit Card
TES-O6368,TES-C5386,2023-12-05,Merchandise,2,204.78,Shipped,Credit Card
TES-O6594,TES-C6058,2023-06-27,Model 3,1,39942.78,Delivered,Cash
TES-O8824,TES-C3708,2023-01-31,Supercharging Credits,2,61.01,Cancelled,Financing
TES-O8344,TES-C10749,2025-11-04,Powerwall,1,9376.6,Cancelled,Financing
TES-O7224,TES-C4295,2025-07-27,Model 3,1,45306.86,Delivered,Credit Card
TES-O9933,TES-C9180,2023-09-17,Model S,1,83135.06,Shipped,Cash
TES-O10214,TES-C1384,2023-04-14,Solar Panel Kit,1,18399.45,Delivered,Lease
TES-O8549,TES-C7813,2023-12-24,Model S,1,86077.41,Delivered,Lease
TES-O8754,TES-C6760,2024-06-17,Model S,1,82390.59,Delivered,Lease
TES-O5989,TES-C6678,2024-03-17,Model S,1,80996.63,Returned,Lease
TES-O11041,TES-C6023,2023-05-28,Solar Panel Kit,1,23823.1,Delivered,Cash
TES-O10856,TES-C9663,2025-07-13,Powerwall,1,10842.85,Cancelled,Financing
TES-O10837,TES-C8203,2024-02-20,Model S,1,78403.37,Cancelled,Lease
TES-O13178,TES-C3576,2025-07-29,Model Y,1,49340.49,Returned,Credit Card
TES-O10893,TES-C9999,2023-09-03,Model Y,1,44223.25,Shipped,Lease
TES-O13908,TES-C4471,2024-02-26,Solar Panel Kit,1,17962.61,Returned,Lease
TES-O6793,TES-C3822,2023-03-03,Powerwall,1,11074.49,Delivered,Cash
TES-O9443,TES-C9543,2025-10-13,Supercharging Credits,2,37.73,Pending,Lease
TES-O14959,TES-C9817,2024-07-23,Model X,1,87734.25,Delivered,Credit Card
TES-O5809,TES-C5350,2024-05-12,Model Y,1,47500.92,Cancelled,Cash
TES-O9103,TES-C4053,2024-05-30,Model 3,1,43175.12,Pending,Cash
TES-O10842,TES-C7562,2024-11-19,Solar Panel Kit,1,22773.67,Delivered,Cash
TES-O13384,TES-C2579,2023-06-24,Powerwall,1,10945.39,Shipped,Lease
TES-O6384,TES-C1880,2023-01-31,Supercharging Credits,3,148.11,Delivered,Lease
TES-O12168,TES-C4058,2024-07-07,Supercharging Credits,2,177.65,Cancelled,Financing
TES-O13803,TES-C2262,2023-11-24,Supercharging Credits,1,40.55,Pending,Credit Card
TES-O12808,TES-C2883,2023-10-27,Merchandise,1,269.32,Delivered,Lease
TES-O10818,TES-C8057,2023-01-10,Powerwall,1,9720.58,Delivered,Cash
TES-O9549,TES-C10776,2025-09-16,Powerwall,1,11022.65,Pending,Financing
TES-O11427,TES-C3371,2025-12-02,Model Y,1,48836.66,Delivered,Lease
TES-O7169,TES-C5519,2024-03-22,Solar Panel Kit,1,17054.36,Shipped,Credit Card
TES-O5754,TES-C4628,2025-05-20,Merchandise,2,199.61,Cancelled,Lease
TES-O14275,TES-C10199,2025-09-28,Powerwall,1,10265.28,Delivered,Financing
TES-O12406,TES-C8507,2025-11-04,Model S,1,90720.61,Cancelled,Credit Card
TES-O7982,TES-C1336,2025-09-16,Merchandise,5,36.89,Pending,Lease
TES-O12394,TES-C1703,2023-12-26,Merchandise,4,146.59,Returned,Cash
TES-O8293,TES-C6260,2023-05-27,Supercharging Credits,3,58.74,Delivered,Cash
TES-O6817,TES-C9006,2024-02-21,Merchandise,3,66.16,Delivered,Cash
TES-O14879,TES-C4056,2024-07-25,Model S,1,75212.87,Delivered,Lease
TES-O8719,TES-C10019,2023-01-24,Model X,1,92051.54,Cancelled,Credit Card
TES-O14837,TES-C2364,2025-10-22,Powerwall,1,10025.11,Delivered,Cash
TES-O14702,TES-C6209,2023-09-10,Model 3,1,42923.76,Pending,Financing
TES-O8038,TES-C7169,2024-03-24,Model X,1,92463.36,Pending,Cash
TES-O5981,TES-C4728,2023-07-16,Merchandise,2,246.56,Delivered,Cash
TES-O5019,TES-C3795,2025-11-27,Model Y,1,49314.88,Shipped,Financing
TES-O11331,TES-C5635,2023-06-07,Supercharging Credits,2,194.3,Returned,Financing
TES-O8805,TES-C8576,2025-04-15,Merchandise,2,32.68,Returned,Cash
TES-O5236,TES-C5575,2024-11-27,Supercharging Credits,5,112.5,Returned,Cash
TES-O6196,TES-C5770,2023-06-25,Powerwall,1,9933.81,Cancelled,Lease
TES-O8843,TES-C2722,2024-01-11,Powerwall,1,10730.88,Delivered,Credit Card
TES-O6791,TES-C3297,2023-02-12,Model S,1,81492.02,Delivered,Credit Card
TES-O11974,TES-C8734,2025-06-17,Model S,1,88215.21,Pending,Credit Card
TES-O14719,TES-C9664,2024-09-07,Model X,1,87316.97,Delivered,Credit Card
TES-O8641,TES-C10636,2023-02-27,Solar Panel Kit,1,20187.96,Cancelled,Credit Card
TES-O7286,TES-C2026,2023-10-13,Model X,1,96824.57,Returned,Financing
TES-O5095,TES-C3268,2023-12-22,Merchandise,1,179.81,Pending,Cash
TES-O10280,TES-C9999,2024-05-16,Model X,1,82993.74,Delivered,Cash
TES-O13125,TES-C8439,2024-10-07,Model 3,1,38097.06,Returned,Cash
TES-O7220,TES-C5646,2024-03-25,Supercharging Credits,2,197.69,Delivered,Credit Card
TES-O5778,TES-C6988,2025-04-03,Model 3,1,41445.28,Delivered,Lease
TES-O11301,TES-C2763,2023-12-02,Model Y,1,46766.46,Returned,Lease
TES-O12079,TES-C2251,2025-03-18,Merchandise,3,97.04,Delivered,Financing
TES-O9567,TES-C4243,2024-01-06,Model Y,1,50791.49,Returned,Cash
TES-O13758,TES-C10984,2024-09-20,Model S,1,81509.63,Shipped,Lease
TES-O10554,TES-C6666,2024-07-05,Model X,1,94941.75,Cancelled,Financing
TES-O14636,TES-C7695,2024-10-22,Solar Panel Kit,1,23801.91,Shipped,Credit Card
TES-O13301,TES-C4664,2025-06-05,Model Y,1,46999.39,Shipped,Cash
TES-O9422,TES-C9158,2025-02-20,Model X,1,92641.61,Unknown,Credit Card
TES-O8926,TES-C6379,2025-09-16,Powerwall,1,10258.74,Delivered,Financing
TES-O14276,TES-C5281,2023-04-12,Model S,1,86432.37,Pending,Financing
TES-O14805,TES-C1255,2024-08-30,Model 3,1,45662.3,Returned,Cash
TES-O11689,TES-C6253,2023-09-10,Model Y,1,54942.69,Cancelled,Credit Card
TES-O13873,TES-C9999,2023-11-28,Solar Panel Kit,1,22335.35,Pending,Cash
TES-O10358,TES-C3942,2025-06-19,Model Y,1,48726.54,Delivered,Lease
TES-O8131,TES-C4387,2025-05-21,Model S,1,79990.01,Delivered,Credit Card
TES-O6586,TES-C2254,2023-04-13,Model Y,1,53430.34,Pending,Lease
TES-O11085,TES-C5647,2025-03-24,Merchandise,1,214.36,Delivered,Credit Card
TES-O8392,TES-C9561,2025-01-05,Model Y,1,50258.71,Delivered,Credit Card
TES-O11165,TES-C3166,2024-09-21,Model S,1,81339.27,Shipped,Lease
TES-O13633,TES-C4346,2023-05-01,Model 3,1,41721.91,Delivered,Financing
TES-O9027,TES-C7255,2024-01-13,Model S,1,93015.42,Delivered,Cash
TES-O10324,TES-C6948,2025-07-09,Model S,1,82897.95,Delivered,Lease
TES-O5363,TES-C7615,2024-07-27,Model S,1,78679.66,Pending,Lease
TES-O6713,TES-C1745,2024-02-10,Supercharging Credits,2,65.74,Delivered,Financing
TES-O14862,TES-C10666,2023-08-12,Solar Panel Kit,1,18963.57,Delivered,Lease
TES-O9159,TES-C5652,2024-11-23,Merchandise,4,85.16,Shipped,Lease
TES-O14617,TES-C5483,2025-12-10,Model 3,1,46922.54,Unknown,Lease
TES-O14853,TES-C3691,2025-10-13,Merchandise,3,45.52,Shipped,Lease
TES-O12221,TES-C1219,2025-08-26,Merchandise,2,192.42,Cancelled,Cash
TES-O7996,TES-C5363,2023-06-15,Solar Panel Kit,1,20829.62,Cancelled,Cash
TES-O5772,TES-C10218,2023-07-26,Supercharging Credits,1,70.71,Pending,Cash
TES-O6002,TES-C6613,2025-01-28,Model Y,1,43782.9,Delivered,Financing
TES-O12882,TES-C5571,2025-11-17,Solar Panel Kit,1,16400.96,Pending,Credit Card
TES-O11878,TES-C6086,2023-11-12,Model Y,1,43886.24,Returned,Lease
TES-O7495,TES-C4133,2023-01-20,Supercharging Credits,3,181.58,Delivered,Financing
TES-O11402,TES-C10733,2024-05-19,Solar Panel Kit,1,23567.82,Pending,Cash
TES-O7853,TES-C10650,2024-11-15,Model S,1,81783.41,Delivered,Cash
TES-O8163,TES-C4111,2024-05-18,Model Y,1,47223.02,Shipped,Lease
TES-O8338,TES-C5576,2025-02-15,Powerwall,1,9714.05,Delivered,Lease
TES-O11315,TES-C4802,2024-10-29,Model S,1,88929.15,Delivered,Cash
TES-O5402,TES-C7558,2025-04-29,Merchandise,5,154.77,Cancelled,Credit Card
TES-O14573,TES-C1205,2023-07-31,Model Y,1,49767.24,Cancelled,Financing
TES-O13773,TES-C7595,2023-11-19,Model X,1,83331.3,Cancelled,Lease
TES-O11661,TES-C9999,2025-05-24,Solar Panel Kit,1,18221.66,Shipped,Credit Card
TES-O13235,TES-C4387,2025-06-02,Supercharging Credits,5,48.41,Shipped,Lease
TES-O12281,TES-C7702,2025-05-29,Supercharging Credits,5,20.87,Delivered,Cash
TES-O5218,TES-C2530,2024-10-31,Merchandise,2,113.22,Shipped,Financing
TES-O6810,TES-C7915,2025-09-15,Model X,1,98555.79,Returned,Cash
TES-O6211,TES-C6761,2023-07-27,Supercharging Credits,2,16.45,Delivered,Cash
TES-O6358,TES-C10728,2023-05-21,Model 3,1,42787.27,Cancelled,Lease
TES-O14326,TES-C1488,2023-06-23,Model X,1,86599.6,Cancelled,Credit Card
TES-O10318,TES-C3158,2024-09-27,Model Y,1,45024.77,Cancelled,Lease
TES-O8951,TES-C5063,2024-11-19,Model Y,1,42488.52,Delivered,Credit Card
TES-O12333,TES-C10638,2024-12-01,Model S,1,76190.94,Shipped,Lease
TES-O10016,TES-C9999,2023-01-09,Model X,1,86322.57,Delivered,Lease
TES-O13087,TES-C9689,2025-05-12,Solar Panel Kit,1,22503.55,Delivered,Lease
TES-O10118,TES-C1015,2024-05-22,Model 3,1,38061.94,Returned,Credit Card
TES-O9362,TES-C2014,2023-02-08,Model 3,1,42729.01,Pending,Cash
TES-O12560,TES-C2722,2023-04-08,Model Y,1,49447.15,Delivered,Financing
TES-O10045,TES-C1005,2024-02-03,Solar Panel Kit,1,23435.15,Cancelled,Lease
TES-O11103,TES-C10094,2023-07-12,Model X,1,98994.74,Returned,Credit Card
TES-O10042,TES-C7578,2025-09-23,Model S,1,80523.31,Delivered,Lease
TES-O7952,TES-C1452,2025-06-09,Model X,1,84114.72,Delivered,Lease
TES-O12022,TES-C6820,2025-07-01,Solar Panel Kit,1,17589.16,Delivered,Cash
TES-O9818,TES-C2031,2023-07-22,Model 3,1,39233.3,Pending,Financing
TES-O9053,TES-C9999,2024-06-18,Model 3,1,40614.72,Shipped,Lease
TES-O10585,TES-C4647,2024-08-11,Model X,1,80296.47,Cancelled,Cash
TES-O11191,TES-C10567,2025-09-04,Model 3,1,40774.48,Delivered,Cash
TES-O5825,TES-C10292,2023-10-30,Model S,1,78148.92,Pending,Credit Card
TES-O10702,TES-C4373,2023-10-09,Model S,1,93743.11,Unknown,Credit Card
TES-O7761,TES-C8112,2024-11-20,Model Y,1,43670.52,Returned,Credit Card
TES-O11535,TES-C3074,2024-06-30,Model 3,1,43061.75,Cancelled,Credit Card
TES-O5685,TES-C9999,2025-07-18,Supercharging Credits,1,154.48,Shipped,Financing
TES-O10745,TES-C8411,2024-02-21,Model X,1,82402.64,Cancelled,Credit Card
TES-O9544,TES-C6650,2023-08-14,Powerwall,1,10832.1,Returned,Credit Card
TES-O8107,TES-C8431,2025-06-09,Solar Panel Kit,1,20449.92,Cancelled,Financing
TES-O6511,TES-C5149,2025-07-23,Merchandise,1,73.42,Shipped,Lease
TES-O7743,TES-C5017,2024-03-12,Model 3,1,44069.92,Shipped,Lease
TES-O12081,TES-C9504,2025-12-20,Supercharging Credits,3,162.78,Delivered,Cash
TES-O14537,TES-C6917,2025-04-16,Model X,1,85560.12,Returned,Cash
TES-O14602,TES-C10185,2024-03-15,Powerwall,1,9604.71,Pending,Cash
TES-O12971,TES-C6411,2025-11-14,Model X,1,83335.99,Returned,Cash
TES-O6760,TES-C5606,2023-04-25,Model Y,1,51656.33,Returned,Credit Card
TES-O7851,TES-C2723,2025-11-07,Powerwall,1,11070.04,Shipped,Credit Card
TES-O10110,TES-C6691,2023-01-02,Model S,1,77134.65,Shipped,Credit Card
TES-O13169,TES-C7732,2025-09-05,Model S,1,85060.32,Unknown,Credit Card
TES-O11226,TES-C2776,2023-04-23,Model Y,1,48411.79,Delivered,Cash
TES-O12631,TES-C3410,2025-02-04,Model 3,1,39826.28,Shipped,Cash
TES-O6294,TES-C8889,2024-04-13,Solar Panel Kit,1,22706.07,Unknown,Cash
TES-O11539,TES-C10605,2023-05-21,Model X,1,82923.28,Delivered,Credit Card
TES-O8690,TES-C9997,2023-08-24,Model Y,1,47095.71,Shipped,Lease
TES-O14505,TES-C1590,2025-04-29,Supercharging Credits,1,10.44,Delivered,Credit Card
TES-O13736,TES-C3050,2025-07-06,Powerwall,1,11341.85,Pending,Cash
TES-O6736,TES-C10676,2023-10-23,Model 3,1,39127.23,Pending,Financing
TES-O14779,TES-C3800,2023-07-25,Model X,1,81387.31,Delivered,Cash
TES-O7866,TES-C3410,2025-08-21,Model S,1,81572.26,Delivered,Lease
TES-O9109,TES-C2801,2023-10-30,Powerwall,1,11179.26,Delivered,Financing
TES-O12261,TES-C3825,2023-08-06,Solar Panel Kit,1,18137.32,Delivered,Cash
TES-O11102,TES-C4301,2025-08-16,Model S,1,86528.07,Pending,Financing
TES-O5998,TES-C8835,2025-08-18,Model Y,1,46875.91,Delivered,Lease
TES-O12910,TES-C3340,2024-03-17,Model X,1,87558.93,Delivered,Financing
TES-O13387,TES-C2810,2024-04-16,Solar Panel Kit,1,22923.83,Delivered,Cash
TES-O7736,TES-C2034,2023-02-05,Model X,1,89015.53,Cancelled,Cash
TES-O13613,TES-C1247,2025-03-26,Solar Panel Kit,1,24983.69,Delivered,Cash
TES-O5845,TES-C1385,2024-09-20,Solar Panel Kit,1,24575.58,Delivered,Credit Card
TES-O13707,TES-C1836,2025-07-05,Model S,1,82444.48,Delivered,Credit Card
TES-O13244,TES-C4863,2024-04-21,Merchandise,5,77.31,Pending,Credit Card
TES-O13232,TES-C7905,2025-10-05,Powerwall,1,9973.82,Shipped,Lease
TES-O10705,TES-C8878,2025-10-20,Model Y,1,52709.86,Shipped,Cash
TES-O9441,TES-C2270,2025-10-28,Model 3,1,38327.85,Returned,Credit Card
TES-O6578,TES-C3908,2023-08-13,Model S,1,77928.53,Delivered,Credit Card
TES-O7151,TES-C5264,2024-10-15,Model Y,1,45478.4,Pending,Cash
TES-O14978,TES-C6596,2024-10-20,Solar Panel Kit,1,15294.49,Pending,Credit Card
TES-O14604,TES-C6285,2024-07-30,Model Y,1,54484.73,Returned,Financing
TES-O7676,TES-C9451,2024-05-10,Model 3,1,46507.45,Cancelled,Cash
TES-O6814,TES-C9999,2025-02-01,Merchandise,2,163.91,Cancelled,Lease
TES-O6966,TES-C4094,2023-10-02,Solar Panel Kit,1,17646.84,Shipped,Financing
TES-O6462,TES-C7508,2024-07-11,Model X,1,85230.76,Unknown,Financing
TES-O5227,TES-C5959,2025-08-07,Solar Panel Kit,1,23637.33,Delivered,Credit Card
TES-O9189,TES-C1996,2025-11-08,Model X,1,92561.93,Returned,Credit Card
TES-O11055,TES-C1811,2025-01-11,Powerwall,1,11484.07,Delivered,Credit Card
TES-O14970,TES-C10430,2023-04-24,Supercharging Credits,5,68.59,Returned,Lease
TES-O9594,TES-C10967,2023-06-14,Model 3,1,38808.43,Delivered,Cash
TES-O5936,TES-C9588,2025-01-29,Model X,1,91922.6,Returned,Lease
TES-O6507,TES-C10442,2025-01-03,Model Y,1,52216.95,Delivered,Lease
TES-O12381,TES-C10503,2025-07-24,Merchandise,3,76.15,Delivered,Financing
TES-O6885,TES-C8959,2024-02-29,Model S,1,84772.08,Delivered,Credit Card
TES-O9699,TES-C9298,2023-11-13,Model S,1,90827.69,Pending,Cash
TES-O8912,TES-C8590,2025-03-07,Merchandise,3,273.76,Pending,Financing
TES-O9012,TES-C9563,2025-03-09,Powerwall,1,11974.8,Pending,Credit Card
TES-O12158,TES-C6361,2024-02-10,Powerwall,1,11720.97,Delivered,Cash
TES-O6204,TES-C4445,2025-08-25,Merchandise,4,173.54,Delivered,Credit Card
TES-O7107,TES-C7022,2025-06-22,Merchandise,2,46.48,Shipped,Financing
TES-O13820,TES-C10470,2023-12-15,Solar Panel Kit,1,16907.21,Shipped,Lease
TES-O13475,TES-C3592,2025-11-02,Solar Panel Kit,1,22188.17,Delivered,Financing
TES-O5632,TES-C6765,2023-09-22,Merchandise,4,149.77,Returned,Credit Card
TES-O13856,TES-C1457,2024-12-21,Model S,1,84783.0,Shipped,Credit Card
TES-O8100,TES-C10479,2023-07-16,Model X,1,89272.87,Returned,Credit Card
TES-O14439,TES-C2912,2025-08-09,Supercharging Credits,2,58.19,Returned,Credit Card
TES-O8917,TES-C10466,2023-01-16,Model X,1,81208.68,Shipped,Financing
TES-O7700,TES-C9999,2025-06-01,Model Y,1,52742.93,Cancelled,Lease
TES-O14222,TES-C5169,2023-01-28,Model S,1,93949.21,Pending,Lease
TES-O11365,TES-C9038,2025-12-27,Model X,1,85549.16,Delivered,Cash
TES-O14552,TES-C1573,2023-02-06,Powerwall,1,9056.98,Delivered,Credit Card
TES-O9028,TES-C1230,2023-04-13,Model Y,1,44448.59,Delivered,Financing
TES-O9505,TES-C2441,2025-11-11,Model X,1,99430.81,Delivered,Cash
TES-O8078,TES-C2534,2025-01-05,Model S,1,88886.03,Delivered,Cash
TES-O14783,TES-C2231,2023-09-28,Model X,1,81289.76,Shipped,Credit Card
TES-O10015,TES-C9747,2023-02-28,Model 3,1,43966.96,Returned,Lease
TES-O8689,TES-C2146,2025-06-20,Model 3,1,46111.64,Pending,Credit Card
TES-O10650,TES-C10364,2023-02-16,Model Y,1,45006.28,Cancelled,Cash
TES-O11994,TES-C8785,2024-04-29,Merchandise,4,277.34,Pending,Financing
TES-O9980,TES-C2333,2024-07-03,Powerwall,1,11487.18,Returned,Credit Card
TES-O11464,TES-C7748,2023-06-22,Model Y,1,51709.75,Pending,Cash
TES-O5606,TES-C3711,2025-12-01,Model X,1,91425.66,Returned,Cash
TES-O6342,TES-C10810,2023-01-16,Solar Panel Kit,1,22787.06,Pending,Credit Card
TES-O9733,TES-C3455,2025-12-05,Supercharging Credits,5,103.08,Shipped,Financing
TES-O8322,TES-C2291,2025-03-28,Model 3,1,46148.92,Shipped,Cash
TES-O9899,TES-C4565,2025-06-02,Model X,1,80674.37,Shipped,Financing
TES-O6908,TES-C1180,2025-04-13,Powerwall,1,10112.4,Cancelled,Cash
TES-O14557,TES-C10110,2024-10-19,Merchandise,5,188.49,Pending,Lease
TES-O7014,TES-C1627,2024-05-13,Supercharging Credits,5,158.67,Delivered,Financing
TES-O5507,TES-C1900,2023-02-11,Merchandise,5,149.92,Returned,Financing
TES-O8723,TES-C10103,2024-07-03,Powerwall,1,11676.83,Delivered,Financing
TES-O14998,TES-C8129,2023-12-04,Model X,1,86728.31,Returned,Financing
TES-O6147,TES-C6538,2025-04-16,Model 3,1,41927.77,Shipped,Lease
TES-O13875,TES-C7845,2025-11-24,Powerwall,1,9528.69,Shipped,Cash
TES-O13631,TES-C7314,2024-08-22,Supercharging Credits,5,46.67,Delivered,Lease
TES-O8105,TES-C3630,2025-11-14,Supercharging Credits,3,106.3,Pending,Financing
TES-O9160,TES-C3678,2024-02-27,Solar Panel Kit,1,16717.41,Pending,Credit Card
TES-O9698,TES-C3268,2025-11-12,Model Y,1,45656.15,Delivered,Financing
TES-O5770,TES-C7029,2025-10-26,Model S,1,84345.55,Shipped,Financing
TES-O7018,TES-C9512,2024-11-15,Model Y,1,49949.16,Delivered,Credit Card
TES-O7943,TES-C1550,2025-12-29,Merchandise,2,85.59,Pending,Lease
TES-O11118,TES-C7544,2024-09-08,Merchandise,1,177.9,Delivered,Cash
TES-O10749,TES-C4714,2023-04-22,Solar Panel Kit,1,20810.01,Delivered,Financing
TES-O14765,TES-C2437,2024-07-14,Model X,1,91366.38,Shipped,Credit Card
TES-O12624,TES-C2413,2023-12-05,Model X,1,96146.48,Shipped,Lease
TES-O6473,TES-C5939,2025-09-02,Model X,1,80949.4,Shipped,Lease
TES-O7665,TES-C6113,2024-05-16,Model X,1,81304.52,Delivered,Lease
TES-O12536,TES-C1009,2024-06-07,Solar Panel Kit,1,23939.78,Delivered,Cash
TES-O12711,TES-C5555,2025-01-25,Supercharging Credits,2,120.97,Delivered,Financing
TES-O14949,TES-C1179,2025-10-09,Model S,1,76246.46,Pending,Financing
TES-O6702,TES-C3670,2023-11-03,Supercharging Credits,5,88.45,Returned,Financing
TES-O13866,TES-C3350,2023-10-26,Merchandise,3,110.96,Delivered,Credit Card
TES-O13179,TES-C3842,2023-05-13,Model S,1,77748.02,Returned,Credit Card
TES-O12656,TES-C7072,2025-11-06,Merchandise,3,36.08,Delivered,Lease
TES-O10537,TES-C8513,2024-08-05,Powerwall,1,11350.73,Pending,Credit Card
TES-O14373,TES-C4456,2024-04-26,Powerwall,1,11746.13,Delivered,Cash
TES-O13408,TES-C3388,2024-10-31,Solar Panel Kit,1,23123.38,Cancelled,Financing
TES-O13390,TES-C10536,2025-05-21,Solar Panel Kit,1,20157.1,Cancelled,Lease
TES-O14382,TES-C2233,2023-07-27,Model X,1,86780.74,Returned,Lease
TES-O5340,TES-C7686,2025-10-10,Model Y,1,49545.18,Delivered,Lease
TES-O5214,TES-C6177,2023-07-15,Model S,1,91434.99,Unknown,Financing
TES-O10344,TES-C6482,2024-10-08,Model X,1,83537.74,Pending,Lease
TES-O9134,TES-C1937,2025-08-12,Supercharging Credits,5,59.51,Delivered,Credit Card
TES-O11803,TES-C4979,2025-02-23,Model Y,1,54272.47,Cancelled,Financing
TES-O9503,TES-C3216,2023-04-19,Merchandise,4,39.92,Delivered,Lease
TES-O9339,TES-C10824,2023-01-14,Model S,1,78741.38,Pending,Financing
TES-O7098,TES-C4482,2023-11-11,Model X,1,98550.4,Delivered,Lease
TES-O10631,TES-C9075,2023-07-10,Powerwall,1,11022.53,Shipped,Financing
TES-O10865,TES-C2943,2023-08-08,Powerwall,1,11554.39,Returned,Lease
TES-O13936,TES-C8263,2023-02-21,Model S,1,94821.63,Pending,Credit Card
TES-O8052,TES-C3253,2025-04-09,Model S,1,94973.49,Delivered,Cash
TES-O7623,TES-C2751,2025-02-09,Model 3,1,40784.06,Returned,Financing
TES-O5149,TES-C2480,2024-02-08,Model Y,1,49573.26,Returned,Financing
TES-O13209,TES-C6841,2023-09-04,Model Y,1,54810.5,Pending,Lease
TES-O7177,TES-C5455,2023-08-01,Model 3,1,41839.9,Delivered,Credit Card
TES-O8546,TES-C7599,2024-03-04,Powerwall,1,9687.32,Delivered,Lease
TES-O6314,TES-C5865,2024-07-08,Model X,1,83302.33,Delivered,Lease
TES-O14801,TES-C9999,2025-04-16,Powerwall,1,10517.04,Delivered,Financing
TES-O13155,TES-C8895,2023-01-27,Solar Panel Kit,1,15066.66,Pending,Cash
TES-O10337,TES-C3789,2025-08-26,Solar Panel Kit,1,15386.79,Cancelled,Credit Card
TES-O5863,TES-C4487,2023-03-26,Solar Panel Kit,1,24544.85,Cancelled,Lease
TES-O12755,TES-C3825,2025-09-09,Model X,1,87680.28,Delivered,Lease
TES-O10649,TES-C8261,2025-11-26,Solar Panel Kit,1,20731.29,Delivered,Cash
TES-O13398,TES-C10153,2024-10-11,Supercharging Credits,4,62.48,Pending,Cash
TES-O12519,TES-C7392,2025-06-22,Powerwall,1,11431.24,Cancelled,Lease
TES-O5799,TES-C8241,2025-10-01,Solar Panel Kit,1,20008.54,Delivered,Cash
TES-O11546,TES-C5840,2025-11-22,Merchandise,3,178.06,Shipped,Lease
TES-O12457,TES-C6171,2023-03-29,Powerwall,1,10340.7,Delivered,Credit Card
TES-O8628,TES-C9631,2025-11-28,Model 3,1,39578.02,Delivered,Financing
TES-O10831,TES-C8888,2023-04-21,Merchandise,2,98.57,Cancelled,Financing
TES-O10130,TES-C2109,2024-09-26,Model Y,1,51685.79,Shipped,Financing
TES-O13806,TES-C2012,2025-04-05,Merchandise,1,214.44,Delivered,Cash
TES-O7737,TES-C5263,2025-12-10,Solar Panel Kit,1,24082.02,Delivered,Lease
TES-O10777,TES-C2070,2023-04-17,Merchandise,2,238.45,Delivered,Cash
TES-O10442,TES-C9450,2024-04-19,Model X,1,93632.35,Shipped,Financing
TES-O12590,TES-C5811,2024-07-12,Solar Panel Kit,1,20772.36,Delivered,Lease
TES-O8263,TES-C7501,2023-07-18,Model S,1,87728.95,Delivered,Credit Card
TES-O5288,TES-C8749,2023-10-09,Model 3,1,40546.56,Pending,Credit Card
TES-O14162,TES-C4926,2025-05-20,Model 3,1,41025.66,Returned,Cash
TES-O12467,TES-C9613,2024-09-28,Solar Panel Kit,1,24337.44,Shipped,Cash
TES-O8389,TES-C1033,2025-02-12,Solar Panel Kit,1,16561.28,Cancelled,Financing
TES-O8503,TES-C1494,2024-05-24,Merchandise,5,187.99,Returned,Cash
TES-O13432,TES-C4790,2024-06-17,Model S,1,77974.85,Pending,Financing
TES-O5706,TES-C3890,2023-07-28,Merchandise,1,147.19,Shipped,Credit Card
TES-O9507,TES-C3507,2024-01-26,Model X,1,86730.08,Delivered,Lease
TES-O5045,TES-C3644,2023-01-22,Powerwall,1,9658.21,Shipped,Credit Card
TES-O12147,TES-C2664,2024-11-26,Solar Panel Kit,1,15127.86,Delivered,Credit Card
TES-O5256,TES-C5226,2023-06-22,Supercharging Credits,2,43.92,Shipped,Financing
TES-O11110,TES-C6072,2023-12-06,Model S,1,83583.08,Delivered,Lease
TES-O6707,TES-C9711,2023-08-18,Powerwall,1,10735.78,Delivered,Credit Card
TES-O5405,TES-C3568,2023-08-09,Model Y,1,51193.01,Returned,Cash
TES-O12224,TES-C8750,2025-12-31,Model Y,1,53532.76,Returned,Credit Card
TES-O5172,TES-C1978,2023-03-27,Model S,1,92053.34,Delivered,Credit Card
TES-O8166,TES-C8607,2024-10-09,Powerwall,1,11204.85,Returned,Lease
TES-O6812,TES-C10968,2023-03-18,Model 3,1,44787.95,Delivered,Financing
TES-O14657,TES-C5774,2025-04-29,Solar Panel Kit,1,22289.09,Pending,Lease
TES-O14180,TES-C9820,2024-04-06,Solar Panel Kit,1,18028.55,Delivered,Lease
TES-O5170,TES-C6459,2023-03-16,Solar Panel Kit,1,16947.67,Cancelled,Financing
TES-O8057,TES-C2492,2024-07-01,Powerwall,1,10954.53,Pending,Financing
TES-O14270,TES-C2962,2024-08-28,Model Y,1,54347.89,Pending,Credit Card
TES-O8053,TES-C4826,2024-04-20,Merchandise,4,254.86,Delivered,Financing
TES-O14723,TES-C3109,2024-08-14,Model S,1,93479.31,Delivered,Lease
TES-O13487,TES-C9478,2023-07-15,Powerwall,1,10273.97,Delivered,Financing
TES-O6626,TES-C9999,2023-08-15,Model 3,1,47360.78,Delivered,Cash
TES-O7217,TES-C10211,2025-08-26,Merchandise,2,54.91,Delivered,Cash
TES-O11421,TES-C1926,2024-03-28,Model Y,1,43512.9,Cancelled,Credit Card
TES-O12690,TES-C5296,2024-01-21,Merchandise,2,246.59,Delivered,Credit Card
TES-O10825,TES-C1524,2023-09-16,Model X,1,99305.71,Shipped,Lease
TES-O5476,TES-C7183,2025-07-28,Model Y,1,42580.63,Pending,Financing
TES-O10131,TES-C6898,2023-12-26,Model X,1,89861.09,Delivered,Cash
TES-O10488,TES-C8205,2025-09-23,Model Y,1,51258.37,Cancelled,Financing
TES-O8375,TES-C3694,2025-08-02,Model 3,1,45470.01,Cancelled,Financing
TES-O7901,TES-C4868,2025-06-19,Model S,1,78514.74,Shipped,Cash
TES-O11722,TES-C7268,2025-10-30,Model 3,1,38131.29,Delivered,Lease
TES-O11245,TES-C6014,2023-11-13,Solar Panel Kit,1,22009.2,Shipped,Credit Card
TES-O13532,TES-C7029,2025-10-24,Model X,1,90071.93,Returned,Financing
TES-O6034,TES-C3049,2024-05-09,Model S,1,77715.05,Delivered,Cash
TES-O14111,TES-C9252,2023-07-20,Model 3,1,43839.28,Shipped,Lease
TES-O10903,TES-C4128,2024-05-18,Model S,1,85928.21,Delivered,Cash
TES-O13081,TES-C10749,2024-07-12,Model 3,1,42945.66,Delivered,Lease
TES-O8934,TES-C8563,2023-08-07,Model Y,1,46519.69,Cancelled,Financing
TES-O10187,TES-C9999,2025-05-13,Supercharging Credits,4,55.67,Delivered,Lease
TES-O12038,TES-C6624,2024-02-03,Merchandise,1,263.01,Pending,Lease
TES-O12800,TES-C3452,2024-01-02,Solar Panel Kit,1,20702.79,Delivered,Credit Card
TES-O8750,TES-C2952,2025-06-09,Model S,1,91989.04,Returned,Credit Card
TES-O6861,TES-C8024,2023-05-11,Model X,1,85975.33,Delivered,Lease
TES-O13115,TES-C2377,2025-09-04,Model Y,1,50222.71,Returned,Credit Card
TES-O6438,TES-C9307,2024-03-13,Model Y,1,46469.64,Returned,Cash
TES-O10392,TES-C2608,2024-05-25,Model 3,1,44816.35,Shipped,Financing
TES-O6938,TES-C4641,2025-12-05,Powerwall,1,10552.65,Delivered,Cash
TES-O12702,TES-C1255,2023-03-28,Model X,1,89499.25,Cancelled,Financing
TES-O6976,TES-C2473,2024-02-09,Model X,1,93865.53,Delivered,Lease
TES-O14237,TES-C5335,2023-08-11,Supercharging Credits,3,112.66,Delivered,Cash
TES-O12939,TES-C1521,2025-09-03,Model Y,1,44535.47,Delivered,Financing
TES-O5961,TES-C4184,2023-03-28,Supercharging Credits,1,144.08,Delivered,Cash
TES-O14034,TES-C4668,2024-05-21,Solar Panel Kit,1,24479.8,Delivered,Cash
TES-O7049,TES-C1284,2024-06-16,Model 3,1,45573.12,Shipped,Cash
TES-O13607,TES-C2045,2025-08-28,Powerwall,1,9061.79,Delivered,Financing
TES-O12955,TES-C3160,2023-06-19,Model 3,1,44472.44,Delivered,Credit Card
TES-O11339,TES-C7662,2025-10-23,Powerwall,1,11691.87,Cancelled,Cash
TES-O9909,TES-C4755,2025-01-01,Model S,1,91922.99,Delivered,Lease
TES-O8037,TES-C7950,2025-11-04,Solar Panel Kit,1,15301.53,Delivered,Cash
TES-O11062,TES-C8225,2024-05-05,Powerwall,1,11472.51,Delivered,Lease
TES-O11520,TES-C7653,2023-07-16,Merchandise,2,104.55,Delivered,Cash
TES-O5412,TES-C10936,2023-04-20,Solar Panel Kit,1,21083.73,Delivered,Financing
TES-O6541,TES-C8459,2023-11-04,Model Y,1,45424.53,Returned,Cash
TES-O12917,TES-C8813,2025-09-27,Powerwall,1,11829.78,Unknown,Cash
TES-O9564,TES-C9744,2025-05-19,Powerwall,1,10502.23,Delivered,Financing
TES-O9182,TES-C7001,2023-12-06,Model X,1,85747.56,Returned,Credit Card
TES-O10251,TES-C1610,2023-09-05,Model Y,1,47514.46,Shipped,Lease
TES-O8343,TES-C6173,2023-04-29,Model X,1,96808.98,Cancelled,Cash
TES-O14709,TES-C5389,2023-07-28,Model X,1,88224.27,Delivered,Lease
TES-O12014,TES-C6324,2025-02-05,Solar Panel Kit,1,19350.19,Delivered,Credit Card
TES-O12912,TES-C2260,2024-10-21,Supercharging Credits,4,127.67,Pending,Lease
TES-O9253,TES-C8841,2023-06-03,Model 3,1,40440.32,Delivered,Financing
TES-O13797,TES-C2409,2023-05-19,Model S,1,88531.6,Pending,Lease
TES-O7279,TES-C3534,2025-01-05,Merchandise,4,121.33,Returned,Cash
TES-O11875,TES-C2605,2025-10-31,Model S,1,79520.57,Delivered,Financing
TES-O13239,TES-C10768,2023-10-05,Merchandise,2,130.07,Returned,Credit Card
TES-O8627,TES-C3581,2023-11-01,Solar Panel Kit,1,19280.69,Delivered,Cash
TES-O13014,TES-C9004,2024-10-24,Powerwall,1,10405.87,Cancelled,Cash
TES-O7247,TES-C2101,2024-07-16,Powerwall,1,10510.82,Returned,Lease
TES-O7936,TES-C1883,2024-10-26,Model Y,1,43334.64,Delivered,Financing
TES-O7639,TES-C7866,2025-05-18,Model Y,1,54531.91,Delivered,Cash
TES-O5874,TES-C1730,2024-07-05,Powerwall,1,11705.12,Delivered,Financing
TES-O14743,TES-C2684,2025-11-01,Merchandise,3,197.64,Returned,Lease
TES-O7870,TES-C9999,2025-07-08,Model 3,1,46763.67,Delivered,Credit Card
TES-O7483,TES-C5628,2023-05-31,Model S,1,92403.83,Shipped,Cash
TES-O6319,TES-C3802,2025-11-18,Model S,1,87917.71,Cancelled,Lease
TES-O6351,TES-C3093,2024-04-24,Supercharging Credits,2,119.19,Cancelled,Credit Card
TES-O12975,TES-C1351,2025-08-16,Supercharging Credits,5,97.13,Delivered,Credit Card
TES-O13564,TES-C10712,2025-09-26,Powerwall,1,10877.26,Returned,Credit Card
TES-O13224,TES-C7432,2023-07-15,Solar Panel Kit,1,22288.56,Pending,Credit Card
TES-O11820,TES-C9530,2024-12-11,Supercharging Credits,5,13.62,Delivered,Cash
TES-O14916,TES-C4903,2024-01-07,Model 3,1,40591.17,Cancelled,Lease
TES-O14740,TES-C8251,2023-08-03,Model X,1,82251.46,Returned,Lease
TES-O6792,TES-C4851,2024-07-17,Supercharging Credits,2,46.33,Delivered,Credit Card
TES-O8368,TES-C9957,2024-08-22,Model 3,1,44859.69,Delivered,Lease
TES-O10295,TES-C1125,2024-08-28,Supercharging Credits,5,140.13,Cancelled,Lease
TES-O13431,TES-C10813,2025-06-28,Model X,1,93341.08,Pending,Lease
TES-O11326,TES-C6936,2023-01-23,Model 3,1,43426.0,Delivered,Lease
TES-O5216,TES-C6645,2025-01-21,Model S,1,90085.68,Unknown,Financing
TES-O5314,TES-C7137,2024-10-25,Model X,1,96352.53,Delivered,Lease
TES-O5560,TES-C6278,2024-08-17,Merchandise,3,159.5,Shipped,Financing
TES-O14912,TES-C2030,2025-10-10,Powerwall,1,10559.59,Delivered,Credit Card
TES-O13542,TES-C1983,2023-01-23,Model 3,1,38773.52,Delivered,Credit Card
TES-O11356,TES-C5951,2024-09-09,Merchandise,5,154.43,Delivered,Lease
TES-O10468,TES-C1443,2024-10-14,Powerwall,1,11126.91,Delivered,Credit Card
TES-O11914,TES-C5516,2024-01-03,Model Y,1,48186.64,Shipped,Credit Card
TES-O14507,TES-C9444,2024-03-31,Model 3,1,44771.76,Delivered,Lease
TES-O9882,TES-C10555,2024-08-10,Model X,1,84276.73,Pending,Lease
TES-O5888,TES-C6761,2023-10-09,Supercharging Credits,1,141.9,Delivered,Financing
TES-O13703,TES-C2090,2024-11-16,Model X,1,88945.79,Cancelled,Credit Card
TES-O13208,TES-C1720,2023-11-13,Model 3,1,41246.61,Delivered,Credit Card
TES-O8233,TES-C3659,2023-06-06,Model S,1,84973.67,Shipped,Cash
TES-O11577,TES-C9669,2024-06-26,Solar Panel Kit,1,16505.42,Delivered,Cash
TES-O14728,TES-C9076,2023-04-07,Merchandise,2,46.35,Cancelled,Cash
TES-O8865,TES-C3985,2024-09-18,Supercharging Credits,5,140.18,Returned,Financing
TES-O7466,TES-C7830,2023-11-25,Powerwall,1,10793.55,Unknown,Financing
TES-O10263,TES-C8672,2023-02-12,Solar Panel Kit,1,18335.49,Shipped,Financing
TES-O12891,TES-C4651,2023-01-12,Model X,1,95492.2,Pending,Lease
TES-O5328,TES-C1258,2025-02-28,Solar Panel Kit,1,15276.9,Delivered,Financing
TES-O13706,TES-C3035,2023-06-19,Model 3,1,45209.9,Pending,Financing
TES-O9455,TES-C1953,2024-01-24,Supercharging Credits,5,160.68,Pending,Cash
TES-O10276,TES-C8586,2024-09-04,Powerwall,1,10129.08,Delivered,Credit Card
TES-O10374,TES-C10379,2024-09-16,Merchandise,1,97.99,Unknown,Lease
TES-O10966,TES-C4034,2024-01-05,Model X,1,82543.42,Cancelled,Financing
TES-O6265,TES-C2010,2024-12-24,Model 3,1,46332.81,Delivered,Cash
TES-O12344,TES-C3598,2025-01-01,Model Y,1,49132.25,Shipped,Lease
TES-O12852,TES-C6481,2024-08-28,Model S,1,93135.35,Delivered,Lease
TES-O8796,TES-C10791,2025-10-07,Powerwall,1,9114.84,Shipped,Cash
TES-O14221,TES-C3001,2024-08-12,Model 3,1,38409.97,Cancelled,Lease
TES-O9758,TES-C3811,2025-07-03,Model S,1,89355.13,Cancelled,Cash
TES-O6583,TES-C9265,2025-06-23,Powerwall,1,11496.32,Delivered,Credit Card
TES-O14556,TES-C5566,2025-05-08,Supercharging Credits,4,71.21,Pending,Credit Card
TES-O9525,TES-C2299,2023-06-10,Powerwall,1,11590.4,Delivered,Financing
TES-O11831,TES-C2133,2025-08-25,Model S,1,80356.69,Unknown,Financing
TES-O14467,TES-C3573,2025-06-27,Merchandise,3,250.69,Delivered,Financing
TES-O8814,TES-C1594,2023-04-09,Model Y,1,54684.19,Returned,Credit Card
TES-O14392,TES-C10779,2023-10-20,Model S,1,79455.56,Delivered,Lease
TES-O7186,TES-C9293,2025-07-26,Merchandise,3,225.91,Shipped,Cash
TES-O9314,TES-C5751,2024-05-07,Supercharging Credits,3,102.25,Cancelled,Credit Card
TES-O5222,TES-C9999,2024-09-17,Powerwall,1,10970.82,Pending,Financing
TES-O13293,TES-C6600,2025-09-10,Model Y,1,50375.29,Cancelled,Financing
TES-O8429,TES-C7961,2024-08-28,Model 3,1,45619.29,Delivered,Lease
TES-O10151,TES-C3642,2023-06-11,Merchandise,3,33.85,Cancelled,Credit Card
TES-O13929,TES-C6795,2025-04-08,Solar Panel Kit,1,19205.63,Cancelled,Lease
TES-O5503,TES-C7706,2023-04-08,Model 3,1,38018.8,Delivered,Credit Card
TES-O9647,TES-C8407,2025-11-18,Model Y,1,48742.05,Cancelled,Lease
TES-O11094,TES-C5714,2024-12-06,Model S,1,92192.62,Delivered,Cash
TES-O14292,TES-C9324,2023-01-21,Supercharging Credits,1,138.34,Unknown,Credit Card
TES-O5994,TES-C5864,2025-01-28,Supercharging Credits,2,42.8,Delivered,Financing
TES-O5475,TES-C9859,2023-09-20,Model 3,1,40690.95,Shipped,Financing
TES-O6978,TES-C7588,2023-04-03,Solar Panel Kit,1,17636.65,Delivered,Lease
TES-O6403,TES-C4740,2023-10-27,Model 3,1,47027.5,Unknown,Cash
TES-O8034,TES-C8406,2025-09-20,Model 3,1,44511.26,Delivered,Financing
TES-O10876,TES-C9999,2025-06-25,Powerwall,1,11505.61,Delivered,Cash
TES-O12252,TES-C6679,2025-02-12,Model S,1,79847.33,Returned,Cash
TES-O7067,TES-C3907,2023-11-13,Supercharging Credits,4,67.2,Returned,Financing
TES-O7762,TES-C7712,2023-07-29,Model X,1,82482.48,Delivered,Financing
TES-O13742,TES-C7245,2024-10-01,Merchandise,4,277.56,Delivered,Credit Card
TES-O13667,TES-C7263,2023-07-11,Model S,1,86654.12,Returned,Credit Card
TES-O11555,TES-C7525,2023-08-22,Solar Panel Kit,1,16953.35,Shipped,Credit Card
TES-O8283,TES-C7804,2025-04-01,Solar Panel Kit,1,19432.12,Returned,Credit Card
TES-O11137,TES-C2247,2025-07-02,Model 3,1,47541.29,Delivered,Credit Card
TES-O7779,TES-C8275,2024-11-09,Solar Panel Kit,1,21737.87,Unknown,Credit Card
TES-O8118,TES-C1665,2025-10-16,Solar Panel Kit,1,15694.08,Delivered,Credit Card
TES-O13366,TES-C6655,2025-06-29,Solar Panel Kit,1,23754.26,Shipped,Financing
TES-O13323,TES-C5937,2025-09-01,Powerwall,1,9858.95,Returned,Credit Card
TES-O13708,TES-C2840,2025-06-05,Model Y,1,52281.34,Shipped,Lease
TES-O8748,TES-C8076,2025-07-04,Solar Panel Kit,1,15344.84,Delivered,Credit Card
TES-O10706,TES-C5010,2024-02-16,Model X,1,80864.0,Cancelled,Financing
TES-O12928,TES-C7534,2025-10-05,Model S,1,78894.28,Returned,Financing
TES-O7930,TES-C6072,2023-02-14,Model Y,1,51248.59,Cancelled,Lease
TES-O8374,TES-C2446,2024-07-27,Powerwall,1,11693.74,Pending,Credit Card
TES-O10047,TES-C8483,2025-06-19,Model 3,1,41669.19,Pending,Cash
TES-O8956,TES-C7278,2025-03-12,Merchandise,4,50.7,Delivered,Credit Card
TES-O14401,TES-C3284,2023-10-16,Solar Panel Kit,1,24121.53,Returned,Financing
TES-O13882,TES-C5490,2025-08-04,Model X,1,98031.32,Shipped,Financing
TES-O11495,TES-C4271,2024-08-04,Model X,1,90854.31,Unknown,Credit Card
TES-O10336,TES-C3986,2023-06-30,Model X,1,89860.73,Delivered,Credit Card
TES-O5527,TES-C3645,2024-08-02,Supercharging Credits,1,60.37,Delivered,Cash
TES-O6030,TES-C4134,2024-07-05,Model S,1,78414.25,Delivered,Credit Card
TES-O13479,TES-C3204,2025-02-18,Powerwall,1,11211.1,Pending,Credit Card
TES-O8153,TES-C6973,2025-03-29,Solar Panel Kit,1,21273.44,Delivered,Credit Card
TES-O14802,TES-C5866,2025-04-28,Supercharging Credits,4,31.08,Delivered,Financing
TES-O14427,TES-C9242,2023-12-21,Model S,1,75136.54,Delivered,Lease
TES-O11484,TES-C3061,2025-12-08,Supercharging Credits,4,85.12,Returned,Lease
TES-O6402,TES-C7676,2023-03-22,Model 3,1,39463.97,Shipped,Credit Card
TES-O13251,TES-C9891,2023-01-29,Merchandise,5,35.44,Delivered,Credit Card
TES-O13088,TES-C3156,2023-11-05,Model S,1,85914.06,Returned,Financing
TES-O12620,TES-C1139,2025-01-23,Powerwall,1,11989.74,Shipped,Cash
TES-O12074,TES-C3845,2024-12-19,Model S,1,81617.55,Cancelled,Cash
TES-O7754,TES-C7822,2023-10-16,Supercharging Credits,3,95.48,Shipped,Cash
TES-O12997,TES-C3314,2023-02-15,Model 3,1,44623.03,Cancelled,Credit Card
TES-O11164,TES-C4359,2025-04-17,Supercharging Credits,3,53.94,Shipped,Lease
TES-O10682,TES-C7898,2025-04-15,Model S,1,86967.12,Cancelled,Financing
TES-O5837,TES-C7326,2025-05-05,Solar Panel Kit,1,23504.97,Delivered,Financing
TES-O14418,TES-C4611,2024-12-11,Model Y,1,53349.19,Shipped,Lease
TES-O8249,TES-C10606,2023-08-17,Powerwall,1,9072.5,Shipped,Credit Card
TES-O5886,TES-C2186,2025-01-24,Supercharging Credits,1,112.65,Delivered,Lease
TES-O12760,TES-C8956,2025-07-16,Supercharging Credits,3,74.29,Unknown,Financing
TES-O9301,TES-C8471,2024-06-03,Model 3,1,42824.87,Cancelled,Lease
TES-O14007,TES-C3048,2025-01-12,Model Y,1,50031.01,Delivered,Lease
TES-O10583,TES-C4428,2023-08-18,Powerwall,1,10002.7,Returned,Credit Card
TES-O9014,TES-C8572,2024-11-17,Merchandise,4,280.85,Pending,Lease
TES-O9277,TES-C5304,2025-09-17,Model S,1,78316.33,Returned,Credit Card
TES-O7799,TES-C10395,2024-11-18,Model X,1,91625.14,Shipped,Credit Card
TES-O14299,TES-C1684,2025-09-11,Model Y,1,44297.22,Delivered,Lease
TES-O6689,TES-C5254,2025-07-22,Model X,1,96524.15,Shipped,Credit Card
TES-O10521,TES-C1793,2025-06-04,Merchandise,5,227.0,Delivered,Lease
TES-O7616,TES-C1868,2023-03-01,Model S,1,79175.97,Shipped,Credit Card
TES-O13452,TES-C9177,2025-03-31,Model Y,1,46438.52,Returned,Credit Card
TES-O7215,TES-C10896,2025-01-07,Merchandise,3,248.08,Delivered,Cash
TES-O11815,TES-C5738,2025-09-10,Merchandise,2,76.34,Returned,Cash
TES-O14364,TES-C7570,2024-10-16,Model Y,1,44786.25,Returned,Cash
TES-O12936,TES-C4704,2024-11-05,Merchandise,1,234.22,Delivered,Cash
TES-O5271,TES-C3293,2023-08-27,Model Y,1,44352.82,Delivered,Lease
TES-O10329,TES-C5843,2023-01-16,Supercharging Credits,4,117.24,Delivered,Credit Card
TES-O11096,TES-C10896,2024-06-02,Model X,1,83988.97,Delivered,Cash
TES-O14186,TES-C9945,2025-03-05,Supercharging Credits,5,27.97,Cancelled,Lease
TES-O10333,TES-C6945,2024-02-23,Model S,1,79828.56,Pending,Lease
TES-O14305,TES-C9488,2025-07-03,Merchandise,4,158.82,Unknown,Credit Card
TES-O5014,TES-C6512,2023-02-25,Merchandise,2,287.94,Delivered,Lease
TES-O11180,TES-C1807,2025-01-26,Merchandise,3,187.51,Delivered,Cash
TES-O7576,TES-C8966,2023-05-23,Supercharging Credits,5,120.78,Returned,Lease
TES-O13695,TES-C6324,2023-10-27,Solar Panel Kit,1,24241.87,Returned,Cash
TES-O8598,TES-C4556,2024-04-12,Model Y,1,53759.5,Shipped,Cash
TES-O6083,TES-C5102,2023-08-30,Supercharging Credits,3,186.19,Shipped,Cash
TES-O14261,TES-C2745,2023-09-12,Model X,1,92640.33,Delivered,Lease
TES-O6347,TES-C10296,2023-06-13,Solar Panel Kit,1,24260.7,Cancelled,Credit Card
TES-O7092,TES-C8670,2023-07-09,Supercharging Credits,3,59.54,Returned,Financing
TES-O14242,TES-C2573,2024-03-26,Model X,1,82917.03,Delivered,Lease
TES-O14482,TES-C6635,2023-12-21,Merchandise,5,183.09,Delivered,Financing
TES-O14184,TES-C8722,2023-05-06,Model X,1,94702.84,Delivered,Lease
TES-O5356,TES-C7682,2023-10-13,Powerwall,1,10184.6,Shipped,Cash
TES-O11395,TES-C7829,2023-06-24,Model S,1,90279.96,Delivered,Cash
TES-O5025,TES-C5288,2024-06-29,Solar Panel Kit,1,22818.45,Delivered,Cash
TES-O6037,TES-C2651,2024-02-10,Merchandise,1,199.06,Pending,Credit Card
TES-O6944,TES-C5875,2025-08-04,Solar Panel Kit,1,21253.67,Delivered,Lease
TES-O9895,TES-C8184,2025-11-29,Model 3,1,47774.89,Pending,Lease
TES-O9565,TES-C1884,2023-09-29,Model Y,1,48659.48,Delivered,Lease
TES-O5112,TES-C1657,2025-04-02,Model X,1,95128.75,Delivered,Credit Card
TES-O8735,TES-C8329,2024-06-24,Model S,1,75770.69,Shipped,Financing
TES-O14522,TES-C1154,2025-12-25,Solar Panel Kit,1,22803.66,Delivered,Lease
TES-O12010,TES-C4760,2024-09-25,Merchandise,3,92.7,Returned,Credit Card
TES-O14842,TES-C5124,2024-12-15,Model X,1,82796.47,Shipped,Cash
TES-O12679,TES-C8583,2024-05-25,Powerwall,1,10893.27,Delivered,Cash
TES-O10803,TES-C5346,2024-07-10,Model 3,1,44502.03,Returned,Cash
TES-O13681,TES-C8339,2024-03-12,Solar Panel Kit,1,18974.69,Shipped,Credit Card
TES-O9791,TES-C10967,2024-11-24,Solar Panel Kit,1,19720.18,Delivered,Cash
TES-O7582,TES-C7076,2024-09-18,Model S,1,80012.84,Delivered,Lease
TES-O14946,TES-C5326,2025-01-29,Merchandise,4,231.91,Shipped,Cash
TES-O11739,TES-C6082,2023-03-11,Merchandise,4,228.15,Returned,Credit Card
TES-O10048,TES-C8067,2023-10-25,Merchandise,4,188.92,Delivered,Credit Card
TES-O10634,TES-C1515,2023-07-27,Model S,1,90401.33,Pending,Lease
TES-O10715,TES-C8413,2024-09-13,Model 3,1,46784.89,Pending,Cash
TES-O11231,TES-C9999,2025-05-18,Powerwall,1,9023.34,Returned,Lease
TES-O6247,TES-C7180,2024-10-30,Merchandise,1,97.19,Delivered,Financing
TES-O8473,TES-C5403,2025-10-20,Supercharging Credits,5,125.82,Pending,Credit Card
TES-O12637,TES-C9987,2023-05-16,Powerwall,1,11298.04,Cancelled,Lease
TES-O6085,TES-C6116,2025-12-02,Powerwall,1,11586.47,Delivered,Cash
TES-O8327,TES-C7626,2023-04-04,Model 3,1,45792.16,Shipped,Financing
TES-O14724,TES-C9557,2024-10-09,Supercharging Credits,5,64.02,Cancelled,Lease
TES-O11505,TES-C6381,2023-10-06,Supercharging Credits,2,88.26,Returned,Lease
TES-O8029,TES-C10357,2023-05-25,Supercharging Credits,3,186.83,Shipped,Cash
TES-O12665,TES-C6582,2025-02-18,Supercharging Credits,5,195.0,Pending,Lease
TES-O7755,TES-C6166,2023-05-16,Solar Panel Kit,1,20245.8,Cancelled,Cash
TES-O13453,TES-C5552,2024-11-05,Model S,1,81179.38,Shipped,Lease
TES-O8757,TES-C1212,2025-06-29,Merchandise,2,116.74,Delivered,Lease
TES-O5975,TES-C5532,2024-05-16,Model Y,1,42287.75,Delivered,Credit Card
TES-O5740,TES-C10868,2023-01-22,Model X,1,86796.6,Cancelled,Lease
TES-O11839,TES-C4451,2025-02-15,Model 3,1,47981.97,Returned,Credit Card
TES-O10862,TES-C9544,2025-08-14,Solar Panel Kit,1,22634.79,Delivered,Financing
TES-O13960,TES-C10922,2025-01-29,Model Y,1,52982.57,Delivered,Cash
TES-O9937,TES-C10775,2023-07-20,Supercharging Credits,2,59.31,Returned,Financing
TES-O6699,TES-C4881,2025-07-02,Solar Panel Kit,1,15335.66,Pending,Lease
TES-O6698,TES-C8350,2024-12-23,Solar Panel Kit,1,21685.56,Delivered,Cash
TES-O13838,TES-C10203,2025-11-21,Model 3,1,45335.21,Cancelled,Lease
TES-O8342,TES-C4679,2025-11-02,Powerwall,1,11287.98,Pending,Credit Card
TES-O11391,TES-C8821,2023-09-29,Model 3,1,40882.41,Cancelled,Lease
TES-O12816,TES-C5564,2025-11-11,Merchandise,2,114.35,Delivered,Credit Card
TES-O8006,TES-C9869,2025-12-24,Model 3,1,43442.01,Pending,Lease
TES-O13374,TES-C6454,2023-03-11,Model 3,1,46319.84,Returned,Credit Card
TES-O8845,TES-C3846,2023-09-19,Model S,1,94616.08,Returned,Financing
TES-O5118,TES-C7168,2023-09-09,Solar Panel Kit,1,21720.42,Delivered,Lease
TES-O13645,TES-C7321,2023-11-23,Model S,1,87045.93,Delivered,Cash
TES-O7786,TES-C7318,2023-09-10,Powerwall,1,11896.45,Unknown,Financing
TES-O8948,TES-C5701,2025-12-17,Model X,1,81480.81,Cancelled,Credit Card
TES-O12244,TES-C7591,2025-08-23,Supercharging Credits,5,87.92,Shipped,Lease
TES-O9222,TES-C10377,2024-01-23,Supercharging Credits,1,158.68,Returned,Cash
TES-O5607,TES-C4512,2023-01-31,Solar Panel Kit,1,23334.79,Delivered,Credit Card
TES-O11818,TES-C2541,2023-03-30,Model 3,1,42778.84,Cancelled,Credit Card
TES-O12623,TES-C6831,2025-08-06,Model S,1,88030.7,Pending,Financing
TES-O9540,TES-C10484,2025-08-04,Model S,1,87905.09,Delivered,Financing
TES-O10467,TES-C9999,2024-03-15,Supercharging Credits,5,140.92,Pending,Credit Card
TES-O14935,TES-C5003,2023-01-22,Supercharging Credits,1,116.36,Pending,Cash
TES-O12205,TES-C1717,2025-01-06,Merchandise,3,292.84,Returned,Financing
TES-O7630,TES-C9725,2023-03-02,Model X,1,86675.8,Shipped,Lease
TES-O13721,TES-C6695,2025-05-23,Model Y,1,43455.88,Pending,Cash
TES-O12520,TES-C8897,2024-11-01,Model X,1,81318.13,Returned,Credit Card
TES-O7060,TES-C4286,2025-06-01,Model X,1,83532.94,Delivered,Lease
TES-O7086,TES-C6558,2025-06-01,Model Y,1,54484.4,Pending,Lease
TES-O7752,TES-C8366,2023-10-18,Merchandise,4,255.77,Cancelled,Financing
TES-O13348,TES-C9901,2025-06-07,Supercharging Credits,3,159.91,Cancelled,Financing
TES-O5748,TES-C10524,2024-05-19,Supercharging Credits,3,197.71,Returned,Credit Card
TES-O14210,TES-C3819,2023-09-29,Model Y,1,44531.02,Delivered,Credit Card
TES-O9522,TES-C4485,2024-11-13,Model Y,1,50401.05,Delivered,Lease
TES-O9707,TES-C3602,2023-12-30,Model Y,1,53382.95,Delivered,Credit Card
TES-O6868,TES-C4342,2023-11-29,Supercharging Credits,1,101.36,Cancelled,Credit Card
TES-O8418,TES-C2081,2025-01-16,Powerwall,1,9754.37,Shipped,Lease
TES-O14798,TES-C4879,2024-11-02,Merchandise,1,229.98,Cancelled,Credit Card
TES-O9773,TES-C7596,2023-01-28,Model S,1,87707.36,Cancelled,Lease
TES-O13132,TES-C6423,2023-06-14,Supercharging Credits,2,88.59,Delivered,Credit Card
TES-O8993,TES-C1372,2025-01-01,Model Y,1,53353.13,Returned,Financing
TES-O10471,TES-C9485,2024-03-11,Merchandise,2,110.86,Delivered,Lease
TES-O9078,TES-C7022,2023-04-29,Merchandise,2,190.09,Delivered,Credit Card
TES-O11120,TES-C3472,2025-11-06,Powerwall,1,10959.41,Delivered,Credit Card
TES-O7925,TES-C7402,2025-08-28,Model S,1,94462.05,Delivered,Cash
TES-O11566,TES-C7804,2025-10-19,Model X,1,98869.96,Returned,Cash
TES-O14302,TES-C6962,2024-12-11,Supercharging Credits,3,103.52,Delivered,Credit Card
TES-O13762,TES-C3563,2024-04-22,Model S,1,88618.27,Delivered,Credit Card
TES-O8997,TES-C9255,2023-07-19,Powerwall,1,10871.27,Unknown,Cash
TES-O7814,TES-C3880,2024-11-13,Supercharging Credits,2,51.74,Cancelled,Credit Card
TES-O6379,TES-C6268,2024-04-14,Model X,1,87237.03,Delivered,Cash
TES-O9482,TES-C4598,2025-03-03,Model X,1,98261.56,Cancelled,Financing
TES-O12391,TES-C2793,2025-01-09,Merchandise,4,209.8,Delivered,Financing
TES-O11560,TES-C8154,2023-08-07,Merchandise,5,29.46,Pending,Credit Card
TES-O7096,TES-C9598,2023-02-18,Model Y,1,50909.15,Pending,Lease
TES-O13627,TES-C7300,2024-11-17,Powerwall,1,11505.36,Delivered,Credit Card
TES-O6392,TES-C8479,2025-05-21,Merchandise,2,36.33,Shipped,Lease
TES-O5162,TES-C9061,2025-01-10,Model X,1,83912.08,Delivered,Cash
TES-O7672,TES-C3745,2023-03-25,Supercharging Credits,1,181.41,Shipped,Cash
TES-O13104,TES-C5901,2025-10-31,Model X,1,98194.54,Returned,Credit Card
TES-O11731,TES-C3753,2025-07-05,Powerwall,1,10135.48,Shipped,Cash
TES-O6862,TES-C6149,2025-02-10,Supercharging Credits,5,132.85,Delivered,Cash
TES-O9245,TES-C2770,2025-06-01,Model 3,1,41102.72,Delivered,Credit Card
TES-O10874,TES-C4490,2024-08-13,Model 3,1,42948.27,Delivered,Credit Card
TES-O13336,TES-C2896,2024-05-08,Model X,1,99581.46,Pending,Cash
TES-O13386,TES-C8194,2023-10-18,Merchandise,5,238.82,Delivered,Cash
TES-O11934,TES-C6528,2025-10-24,Model X,1,97664.48,Delivered,Cash
TES-O5361,TES-C2204,2024-04-27,Solar Panel Kit,1,16806.8,Delivered,Cash
TES-O10949,TES-C9025,2024-09-09,Model 3,1,45587.58,Cancelled,Financing
TES-O7689,TES-C2062,2024-02-15,Model X,1,82457.78,Returned,Credit Card
TES-O13277,TES-C1395,2023-08-21,Supercharging Credits,1,40.84,Returned,Credit Card
TES-O7719,TES-C2325,2024-07-02,Model S,1,77532.87,Delivered,Lease
TES-O12258,TES-C6192,2024-05-20,Supercharging Credits,4,154.05,Delivered,Lease
TES-O14426,TES-C5900,2025-06-18,Powerwall,1,10810.48,Shipped,Credit Card
TES-O6301,TES-C10127,2024-05-01,Model Y,1,51582.16,Returned,Cash
TES-O12795,TES-C5248,2023-10-12,Model Y,1,50683.15,Shipped,Credit Card
TES-O10866,TES-C10787,2024-04-16,Model X,1,80230.72,Delivered,Lease
TES-O12954,TES-C5635,2025-07-28,Powerwall,1,11499.34,Delivered,Cash
TES-O9998,TES-C9846,2023-01-04,Solar Panel Kit,1,21198.42,Delivered,Financing
TES-O5660,TES-C10942,2025-12-12,Model Y,1,54991.4,Delivered,Financing
TES-O12687,TES-C9678,2025-02-13,Merchandise,5,135.29,Returned,Cash
TES-O11793,TES-C10320,2025-06-20,Powerwall,1,9168.03,Pending,Cash
TES-O11711,TES-C2488,2023-11-29,Model 3,1,43030.39,Delivered,Cash
TES-O5386,TES-C3613,2025-10-09,Model Y,1,47786.23,Delivered,Cash
TES-O8113,TES-C4041,2023-11-18,Model 3,1,45551.12,Delivered,Credit Card
TES-O11411,TES-C6061,2024-06-17,Solar Panel Kit,1,17747.27,Cancelled,Financing
TES-O12076,TES-C9037,2024-10-31,Model S,1,79521.28,Delivered,Lease
TES-O13528,TES-C9541,2023-09-24,Model Y,1,50126.13,Returned,Lease
TES-O12909,TES-C9999,2024-12-07,Model 3,1,41218.16,Delivered,Cash
TES-O6189,TES-C6425,2025-11-05,Solar Panel Kit,1,21297.5,Pending,Financing
TES-O11757,TES-C3942,2023-01-16,Merchandise,1,255.5,Cancelled,Cash
TES-O10201,TES-C9999,2025-05-24,Solar Panel Kit,1,15001.36,Delivered,Credit Card
TES-O8868,TES-C5301,2024-10-03,Solar Panel Kit,1,20668.11,Delivered,Cash
TES-O12775,TES-C8593,2024-10-17,Model S,1,76986.44,Shipped,Financing
TES-O11971,TES-C2558,2023-10-06,Powerwall,1,9613.48,Cancelled,Lease
TES-O6244,TES-C2302,2025-08-16,Solar Panel Kit,1,21585.99,Delivered,Credit Card
TES-O8611,TES-C9738,2024-12-01,Model X,1,95827.29,Shipped,Financing
TES-O5182,TES-C3543,2024-01-28,Powerwall,1,10548.15,Unknown,Lease
TES-O9045,TES-C2828,2024-06-22,Model 3,1,40844.22,Cancelled,Cash
TES-O13129,TES-C3018,2024-11-25,Solar Panel Kit,1,15920.08,Delivered,Lease
TES-O13448,TES-C8489,2025-02-14,Model X,1,93529.77,Shipped,Lease
TES-O12568,TES-C2005,2023-01-28,Supercharging Credits,3,179.62,Shipped,Lease
TES-O11628,TES-C2951,2024-10-03,Merchandise,1,63.75,Delivered,Financing
TES-O12630,TES-C9139,2025-12-02,Model Y,1,52831.58,Returned,Cash
TES-O8405,TES-C3702,2023-02-08,Model S,1,76355.1,Delivered,Credit Card
TES-O10852,TES-C6328,2024-10-25,Supercharging Credits,5,150.98,Delivered,Cash
TES-O6135,TES-C7740,2023-04-30,Model 3,1,46170.55,Pending,Cash
TES-O7336,TES-C10114,2024-08-17,Model Y,1,44024.36,Pending,Financing
TES-O8279,TES-C10665,2023-07-31,Supercharging Credits,1,61.1,Pending,Financing
TES-O12175,TES-C8143,2025-12-17,Model Y,1,42634.89,Cancelled,Lease
TES-O13726,TES-C9595,2025-11-25,Powerwall,1,9794.37,Delivered,Credit Card
TES-O14279,TES-C3870,2025-10-05,Model Y,1,52822.21,Returned,Financing
TES-O7876,TES-C6222,2023-11-30,Model 3,1,41213.24,Delivered,Credit Card
TES-O11358,TES-C8787,2024-06-27,Merchandise,3,239.16,Shipped,Lease
TES-O5997,TES-C5195,2023-04-29,Model S,1,76227.91,Delivered,Financing
TES-O12989,TES-C8076,2025-05-06,Model Y,1,49685.45,Delivered,Cash
TES-O12408,TES-C6075,2025-03-22,Model Y,1,51271.05,Cancelled,Financing
TES-O6750,TES-C1129,2023-05-02,Model 3,1,46288.28,Cancelled,Lease
TES-O8577,TES-C6893,2025-11-04,Supercharging Credits,2,88.91,Shipped,Cash
TES-O9061,TES-C1442,2025-05-25,Supercharging Credits,1,174.52,Delivered,Lease
TES-O10181,TES-C8487,2024-05-12,Model Y,1,46103.13,Pending,Credit Card
TES-O11519,TES-C3448,2024-07-17,Model S,1,92308.26,Returned,Credit Card
TES-O10168,TES-C4303,2025-10-11,Powerwall,1,11118.73,Delivered,Lease
TES-O10776,TES-C8391,2023-07-27,Supercharging Credits,5,98.42,Delivered,Lease
TES-O13330,TES-C6403,2023-07-31,Solar Panel Kit,1,23388.5,Delivered,Cash
TES-O5523,TES-C7273,2023-07-01,Supercharging Credits,5,175.14,Returned,Financing
TES-O9316,TES-C9365,2023-10-06,Model X,1,89198.41,Cancelled,Financing
TES-O8816,TES-C1872,2024-01-31,Supercharging Credits,4,18.08,Cancelled,Financing
TES-O12486,TES-C2421,2025-07-27,Model X,1,94503.38,Cancelled,Financing
TES-O11565,TES-C4230,2024-04-04,Model 3,1,44605.55,Cancelled,Cash
TES-O7081,TES-C8035,2025-07-11,Solar Panel Kit,1,23705.09,Delivered,Financing
TES-O11861,TES-C2845,2025-10-28,Model S,1,80103.88,Delivered,Cash
TES-O8356,TES-C8995,2023-03-29,Model S,1,83638.29,Delivered,Financing
TES-O8822,TES-C9915,2025-01-15,Model X,1,87690.92,Delivered,Credit Card
TES-O14667,TES-C7332,2024-08-14,Supercharging Credits,1,15.64,Delivered,Cash
TES-O10833,TES-C3650,2024-01-28,Merchandise,3,81.06,Cancelled,Financing
TES-O14434,TES-C6968,2025-06-05,Supercharging Credits,5,165.02,Delivered,Cash
TES-O10043,TES-C5542,2025-07-07,Merchandise,1,151.53,Delivered,Cash
TES-O5666,TES-C2709,2024-06-06,Model Y,1,50433.22,Delivered,Financing
TES-O13020,TES-C3745,2024-01-16,Merchandise,5,68.17,Cancelled,Financing
TES-O12257,TES-C5566,2024-08-16,Model Y,1,46272.07,Delivered,Cash
TES-O10642,TES-C6000,2023-11-28,Model Y,1,49639.71,Delivered,Financing
TES-O5392,TES-C2382,2023-12-23,Solar Panel Kit,1,22356.18,Delivered,Financing
TES-O14642,TES-C4869,2023-03-07,Model Y,1,45879.64,Delivered,Financing
TES-O12626,TES-C7910,2025-05-07,Supercharging Credits,4,146.98,Delivered,Lease
TES-O6763,TES-C3735,2025-03-21,Model S,1,80857.33,Returned,Credit Card
TES-O14528,TES-C9427,2023-08-26,Model 3,1,42387.37,Returned,Financing
TES-O13636,TES-C5706,2023-03-15,Supercharging Credits,2,33.99,Cancelled,Cash
TES-O9508,TES-C2321,2024-01-05,Merchandise,4,272.1,Delivered,Financing
TES-O9135,TES-C10553,2023-12-09,Model S,1,88797.64,Delivered,Credit Card
TES-O5279,TES-C4221,2023-07-23,Model 3,1,46002.82,Shipped,Credit Card
TES-O13311,TES-C5585,2025-08-09,Merchandise,4,131.2,Cancelled,Credit Card
TES-O10363,TES-C7629,2023-05-15,Model 3,1,40548.45,Delivered,Credit Card
TES-O12260,TES-C3989,2023-03-16,Merchandise,4,193.04,Returned,Financing
TES-O9079,TES-C1031,2025-08-24,Model 3,1,44783.26,Delivered,Cash
TES-O5681,TES-C8612,2025-07-25,Powerwall,1,9434.37,Returned,Cash
TES-O11264,TES-C6188,2025-06-09,Model Y,1,52888.93,Pending,Financing
TES-O13127,TES-C1972,2025-05-03,Model X,1,93171.56,Cancelled,Cash
TES-O8579,TES-C9480,2025-01-22,Model X,1,85022.86,Pending,Lease
TES-O8027,TES-C9344,2025-02-13,Model Y,1,52791.99,Pending,Financing
TES-O14070,TES-C9186,2023-09-29,Solar Panel Kit,1,22271.68,Unknown,Credit Card
TES-O5771,TES-C2303,2024-08-15,Model Y,1,51846.28,Cancelled,Cash
TES-O7037,TES-C9351,2023-10-07,Model Y,1,45823.94,Shipped,Financing
TES-O5444,TES-C1728,2024-02-26,Model Y,1,47126.94,Delivered,Cash
TES-O14661,TES-C3859,2024-01-16,Model Y,1,54743.55,Delivered,Financing
TES-O12644,TES-C6425,2024-05-30,Model S,1,83887.37,Cancelled,Credit Card
TES-O12203,TES-C1439,2023-11-02,Model 3,1,39440.6,Returned,Lease
TES-O6198,TES-C1670,2024-06-20,Solar Panel Kit,1,20827.1,Delivered,Credit Card
TES-O7921,TES-C7928,2024-01-15,Powerwall,1,11223.23,Returned,Credit Card
TES-O11496,TES-C4122,2025-10-10,Model Y,1,49932.34,Delivered,Lease
TES-O12231,TES-C7819,2025-12-18,Model Y,1,49791.75,Delivered,Lease
TES-O12080,TES-C3217,2025-09-21,Model X,1,99376.81,Delivered,Financing
TES-O12144,TES-C3431,2024-01-13,Powerwall,1,9824.01,Returned,Lease
TES-O14485,TES-C8243,2024-03-29,Merchandise,4,250.85,Delivered,Cash
TES-O7490,TES-C3905,2023-04-16,Supercharging Credits,3,72.11,Pending,Credit Card
TES-O9491,TES-C2442,2023-03-08,Model 3,1,45168.23,Delivered,Cash
TES-O9958,TES-C2112,2025-01-03,Model 3,1,43499.33,Delivered,Financing
TES-O7900,TES-C7088,2025-08-26,Model S,1,90023.03,Pending,Financing
TES-O7746,TES-C6168,2024-09-06,Model 3,1,40392.28,Delivered,Lease
TES-O7772,TES-C4041,2025-05-11,Merchandise,3,34.41,Shipped,Financing
TES-O12824,TES-C6331,2025-04-02,Powerwall,1,11201.02,Pending,Lease
TES-O10409,TES-C2226,2024-03-02,Merchandise,5,82.62,Cancelled,Cash
TES-O6023,TES-C6051,2024-04-06,Supercharging Credits,1,72.95,Shipped,Cash
TES-O6049,TES-C4867,2025-09-08,Model S,1,76304.41,Delivered,Credit Card
TES-O7470,TES-C10272,2025-11-12,Model X,1,98581.96,Pending,Cash
TES-O6481,TES-C9351,2025-02-09,Model 3,1,43892.87,Shipped,Financing
TES-O8353,TES-C6219,2025-07-29,Model X,1,88844.33,Delivered,Cash
TES-O13372,TES-C1807,2023-11-06,Model Y,1,50132.49,Unknown,Credit Card
TES-O7992,TES-C4571,2025-03-04,Supercharging Credits,1,10.8,Pending,Cash
TES-O6950,TES-C4903,2025-07-13,Supercharging Credits,4,99.49,Shipped,Financing
TES-O6233,TES-C10247,2023-10-29,Powerwall,1,9990.27,Pending,Cash
TES-O10911,TES-C10982,2023-03-09,Model X,1,86920.21,Shipped,Lease
TES-O9517,TES-C1336,2023-11-02,Merchandise,3,102.56,Delivered,Credit Card
TES-O12335,TES-C4492,2025-07-31,Powerwall,1,10474.23,Pending,Financing
TES-O5265,TES-C4680,2023-07-29,Model Y,1,49536.56,Delivered,Financing
TES-O9231,TES-C9430,2025-05-21,Merchandise,1,127.85,Delivered,Financing
TES-O7166,TES-C3020,2024-09-08,Model S,1,76018.9,Pending,Financing
TES-O14594,TES-C6736,2025-05-12,Model X,1,83971.86,Cancelled,Lease
TES-O7338,TES-C8071,2024-10-19,Supercharging Credits,5,119.66,Returned,Credit Card
TES-O14931,TES-C3971,2024-01-08,Solar Panel Kit,1,18052.27,Shipped,Financing
TES-O5712,TES-C4463,2023-02-26,Model X,1,89358.16,Delivered,Lease
TES-O14922,TES-C7000,2023-11-23,Model X,1,81341.86,Pending,Financing
TES-O10192,TES-C5834,2024-07-27,Model S,1,86226.9,Pending,Cash
TES-O10904,TES-C4679,2024-09-22,Powerwall,1,10684.39,Returned,Lease
TES-O11324,TES-C2753,2024-03-11,Powerwall,1,11818.6,Delivered,Cash
TES-O13283,TES-C1550,2025-08-19,Solar Panel Kit,1,16026.57,Shipped,Financing
TES-O9367,TES-C6452,2024-05-25,Model X,1,94456.78,Delivered,Lease
TES-O14415,TES-C2407,2025-04-05,Supercharging Credits,5,90.19,Delivered,Cash
TES-O12470,TES-C3531,2025-03-08,Model X,1,84085.1,Shipped,Lease
TES-O6914,TES-C9446,2025-10-14,Supercharging Credits,1,103.97,Delivered,Lease
TES-O10738,TES-C4625,2024-11-13,Merchandise,4,231.2,Pending,Cash
TES-O11822,TES-C4445,2023-12-19,Supercharging Credits,1,44.33,Unknown,Credit Card
TES-O13060,TES-C1316,2024-01-04,Model S,1,90741.0,Pending,Financing
TES-O14312,TES-C7295,2023-07-18,Model X,1,82554.76,Pending,Lease
TES-O9129,TES-C5779,2024-08-16,Model 3,1,43439.71,Returned,Cash
TES-O8531,TES-C2432,2024-02-19,Model X,1,92900.23,Returned,Financing
TES-O9831,TES-C4445,2025-03-28,Model Y,1,44824.25,Delivered,Cash
TES-O13050,TES-C9052,2023-06-04,Model S,1,82054.58,Cancelled,Cash
TES-O12220,TES-C7026,2023-12-10,Supercharging Credits,3,132.09,Pending,Financing
TES-O13755,TES-C1816,2024-01-10,Model Y,1,50129.15,Shipped,Financing
TES-O5320,TES-C2066,2024-10-22,Model X,1,84276.74,Shipped,Cash
TES-O11129,TES-C8356,2024-11-16,Model 3,1,43338.42,Shipped,Lease
TES-O6340,TES-C7912,2024-02-15,Model 3,1,40773.81,Cancelled,Cash
TES-O7721,TES-C1568,2023-05-30,Powerwall,1,9468.88,Shipped,Cash
TES-O13168,TES-C5737,2025-08-21,Merchandise,2,144.51,Pending,Cash
TES-O9036,TES-C2396,2024-01-21,Model Y,1,50625.02,Delivered,Financing
TES-O12678,TES-C7487,2025-08-11,Solar Panel Kit,1,16902.93,Delivered,Lease
TES-O7090,TES-C2961,2023-09-29,Model 3,1,44113.0,Delivered,Financing
TES-O8783,TES-C4733,2024-04-20,Model X,1,83724.15,Pending,Cash
TES-O8921,TES-C5478,2023-06-20,Supercharging Credits,2,67.24,Cancelled,Lease
TES-O12325,TES-C8580,2025-05-17,Model Y,1,45444.94,Delivered,Lease
TES-O14664,TES-C4343,2025-07-26,Solar Panel Kit,1,22156.16,Delivered,Cash
TES-O8634,TES-C6160,2025-04-05,Supercharging Credits,4,184.19,Pending,Cash
TES-O8083,TES-C8223,2025-05-12,Model X,1,94871.97,Shipped,Cash
TES-O7813,TES-C5698,2023-05-28,Merchandise,5,168.86,Delivered,Financing
TES-O14860,TES-C4897,2024-10-23,Model Y,1,44844.77,Cancelled,Financing
TES-O6993,TES-C2847,2024-06-28,Model 3,1,45304.18,Returned,Credit Card
TES-O10074,TES-C8882,2025-02-15,Model S,1,76989.95,Pending,Financing
TES-O6639,TES-C7239,2024-06-08,Supercharging Credits,3,48.01,Delivered,Credit Card
TES-O12311,TES-C3675,2023-03-11,Model Y,1,44622.67,Delivered,Cash
TES-O10589,TES-C7680,2024-08-22,Solar Panel Kit,1,18654.32,Delivered,Credit Card
TES-O7664,TES-C2949,2025-10-18,Model Y,1,49103.11,Pending,Credit Card
TES-O13377,TES-C3085,2024-12-12,Model 3,1,42654.63,Delivered,Lease
TES-O11581,TES-C1753,2025-09-19,Powerwall,1,10046.69,Delivered,Cash
TES-O7376,TES-C9653,2023-02-07,Supercharging Credits,5,156.29,Shipped,Cash
TES-O6422,TES-C2029,2025-05-02,Solar Panel Kit,1,18626.08,Cancelled,Cash
TES-O14741,TES-C9954,2024-11-22,Model Y,1,50108.09,Returned,Lease
TES-O5549,TES-C5017,2024-09-30,Model S,1,75900.71,Delivered,Cash
TES-O5657,TES-C9643,2023-01-18,Model 3,1,39494.2,Delivered,Lease
TES-O13984,TES-C8072,2025-11-12,Supercharging Credits,1,36.79,Unknown,Lease
TES-O7785,TES-C7769,2025-01-17,Model Y,1,43827.32,Pending,Cash
TES-O6355,TES-C1640,2023-12-17,Solar Panel Kit,1,18720.81,Cancelled,Financing
TES-O5853,TES-C5849,2024-10-30,Model Y,1,51818.61,Pending,Financing
TES-O7313,TES-C1302,2024-12-04,Model X,1,82524.04,Pending,Financing
TES-O14848,TES-C10349,2025-07-22,Powerwall,1,10312.44,Cancelled,Financing
TES-O5394,TES-C6460,2025-04-16,Model X,1,99819.35,Delivered,Cash
TES-O13644,TES-C9952,2025-09-17,Merchandise,2,288.11,Delivered,Cash
TES-O8430,TES-C10676,2025-09-11,Model S,1,85956.66,Pending,Cash
TES-O13345,TES-C9999,2025-06-08,Model Y,1,47075.42,Delivered,Cash
TES-O11872,TES-C2895,2025-05-21,Solar Panel Kit,1,22532.15,Returned,Cash
TES-O12143,TES-C4941,2023-01-21,Merchandise,2,129.32,Pending,Credit Card
TES-O13789,TES-C1571,2025-12-16,Solar Panel Kit,1,22484.42,Delivered,Cash
TES-O9486,TES-C5738,2023-12-21,Model Y,1,54182.6,Shipped,Credit Card
TES-O11465,TES-C2842,2023-03-25,Powerwall,1,11592.89,Delivered,Financing
TES-O6057,TES-C2758,2025-06-25,Model Y,1,53188.48,Shipped,Lease
TES-O13918,TES-C1734,2024-11-25,Model Y,1,54347.86,Shipped,Cash
TES-O12360,TES-C2006,2023-07-18,Powerwall,1,10181.91,Delivered,Cash
TES-O6397,TES-C7416,2023-03-04,Model 3,1,41038.08,Delivered,Financing
TES-O9566,TES-C5465,2025-08-09,Model Y,1,54351.45,Delivered,Cash
TES-O7795,TES-C6205,2025-12-03,Merchandise,3,97.66,Delivered,Credit Card
TES-O14236,TES-C2246,2024-08-02,Solar Panel Kit,1,17855.86,Cancelled,Credit Card
TES-O12021,TES-C8644,2025-01-11,Model S,1,78522.0,Delivered,Cash
TES-O14774,TES-C2336,2023-11-12,Model Y,1,49818.28,Delivered,Credit Card
TES-O10032,TES-C1659,2023-01-30,Model S,1,79002.17,Pending,Cash
TES-O11618,TES-C8687,2023-10-15,Merchandise,4,252.0,Delivered,Lease
TES-O9580,TES-C8700,2023-06-09,Merchandise,2,59.68,Delivered,Cash
TES-O10854,TES-C1860,2025-05-04,Model Y,1,43246.89,Cancelled,Lease
TES-O14383,TES-C5748,2023-10-20,Model 3,1,42329.19,Cancelled,Cash
TES-O7748,TES-C2853,2024-11-09,Model S,1,92220.69,Shipped,Lease
TES-O10114,TES-C6699,2025-03-20,Model 3,1,46712.84,Pending,Credit Card
TES-O10026,TES-C1876,2023-09-14,Solar Panel Kit,1,17479.36,Cancelled,Cash
TES-O14412,TES-C2032,2023-06-03,Solar Panel Kit,1,17559.99,Returned,Financing
TES-O8400,TES-C7350,2025-12-28,Powerwall,1,11052.12,Delivered,Financing
TES-O7480,TES-C10762,2025-10-13,Model S,1,87589.32,Delivered,Credit Card
TES-O5143,TES-C2273,2023-12-30,Merchandise,4,156.36,Shipped,Cash
TES-O13995,TES-C5605,2024-04-30,Solar Panel Kit,1,15969.8,Returned,Cash
TES-O11837,TES-C7962,2025-01-14,Model 3,1,46722.11,Delivered,Lease
TES-O6705,TES-C8481,2024-10-20,Model X,1,96173.39,Cancelled,Cash
TES-O11704,TES-C4189,2025-08-29,Model S,1,87458.89,Delivered,Cash
TES-O10111,TES-C6742,2024-07-20,Model Y,1,53113.24,Shipped,Lease
TES-O6809,TES-C8208,2025-05-30,Powerwall,1,10585.72,Delivered,Credit Card
TES-O7441,TES-C4766,2024-03-21,Model S,1,91476.29,Shipped,Financing
TES-O13489,TES-C10017,2023-09-10,Model S,1,86969.08,Returned,Cash
TES-O10139,TES-C6635,2025-06-06,Merchandise,4,27.81,Delivered,Credit Card
TES-O6842,TES-C3829,2024-11-02,Model 3,1,40096.19,Returned,Lease
TES-O13038,TES-C10619,2023-03-12,Model 3,1,44433.17,Pending,Financing
TES-O5553,TES-C5455,2023-01-05,Model X,1,93310.95,Delivered,Lease
TES-O6835,TES-C6369,2023-11-09,Model 3,1,40838.17,Delivered,Lease
TES-O10711,TES-C1573,2024-09-12,Supercharging Credits,3,77.76,Returned,Credit Card
TES-O13658,TES-C7142,2025-10-03,Model X,1,84820.72,Shipped,Cash
TES-O14722,TES-C6298,2023-01-11,Solar Panel Kit,1,18977.5,Cancelled,Lease
TES-O9488,TES-C2744,2025-01-01,Solar Panel Kit,1,23236.19,Returned,Financing
TES-O6382,TES-C4168,2023-10-26,Powerwall,1,11621.28,Shipped,Financing
TES-O7334,TES-C2950,2023-05-09,Supercharging Credits,3,70.08,Delivered,Financing
TES-O5070,TES-C2576,2025-03-29,Solar Panel Kit,1,23586.42,Pending,Financing
TES-O14257,TES-C6934,2025-06-14,Supercharging Credits,1,10.76,Delivered,Lease
TES-O10410,TES-C8468,2024-05-07,Model X,1,88173.09,Pending,Lease
TES-O9806,TES-C8750,2023-08-07,Model S,1,91504.66,Cancelled,Cash
TES-O12833,TES-C10033,2024-10-01,Model S,1,93655.43,Returned,Lease
TES-O14435,TES-C3391,2023-04-24,Model 3,1,38894.77,Pending,Lease
TES-O6099,TES-C9735,2023-05-19,Supercharging Credits,2,47.78,Pending,Lease
TES-O11855,TES-C9626,2023-10-12,Model Y,1,45426.48,Unknown,Credit Card
TES-O11918,TES-C2717,2025-08-20,Model S,1,89658.71,Returned,Cash
TES-O12441,TES-C5692,2025-12-16,Powerwall,1,9193.82,Returned,Credit Card
TES-O13999,TES-C8934,2025-06-30,Supercharging Credits,3,127.33,Pending,Financing
TES-O7739,TES-C4326,2023-09-07,Supercharging Credits,2,94.18,Returned,Cash
TES-O6175,TES-C8906,2023-03-01,Model Y,1,51516.52,Cancelled,Cash
TES-O14570,TES-C5630,2023-08-11,Model Y,1,52980.87,Delivered,Lease
TES-O5223,TES-C1033,2024-06-06,Model X,1,85703.61,Pending,Credit Card
TES-O13055,TES-C9980,2023-08-24,Model S,1,87602.89,Delivered,Lease
TES-O13921,TES-C6799,2024-10-20,Merchandise,3,31.07,Delivered,Credit Card
TES-O9726,TES-C2142,2023-11-26,Model 3,1,44206.89,Returned,Lease
TES-O5846,TES-C10218,2023-09-04,Model X,1,98342.35,Delivered,Financing
TES-O9111,TES-C1497,2023-07-03,Model Y,1,52912.23,Cancelled,Cash
TES-O13331,TES-C2116,2023-04-03,Supercharging Credits,2,42.66,Shipped,Cash
TES-O11808,TES-C9999,2023-08-17,Model S,1,91758.56,Delivered,Cash
TES-O13312,TES-C3069,2023-12-07,Model 3,1,39830.18,Pending,Financing
TES-O6325,TES-C3952,2025-08-19,Model S,1,89823.67,Delivered,Cash
TES-O9944,TES-C7866,2025-10-10,Model X,1,91060.91,Returned,Lease
TES-O5885,TES-C8369,2023-10-04,Supercharging Credits,3,167.16,Pending,Financing
TES-O10331,TES-C5377,2025-10-26,Solar Panel Kit,1,18268.72,Delivered,Credit Card
TES-O12961,TES-C8642,2024-03-02,Model X,1,82345.39,Shipped,Lease
TES-O9035,TES-C2864,2024-01-19,Model S,1,93857.62,Delivered,Credit Card
TES-O11343,TES-C7950,2023-05-13,Merchandise,1,101.28,Cancelled,Credit Card
TES-O6278,TES-C5291,2023-10-16,Model X,1,96950.32,Pending,Financing
TES-O7289,TES-C6084,2025-11-16,Merchandise,2,295.75,Cancelled,Financing
TES-O5680,TES-C4014,2023-05-27,Merchandise,2,233.36,Shipped,Lease
TES-O11278,TES-C5535,2023-06-15,Supercharging Credits,5,147.45,Returned,Credit Card
TES-O5364,TES-C10905,2023-01-29,Solar Panel Kit,1,19662.56,Returned,Financing
TES-O10550,TES-C8786,2023-11-22,Model X,1,89400.15,Shipped,Financing
TES-O13040,TES-C3991,2024-02-03,Powerwall,1,11497.2,Pending,Financing
TES-O9140,TES-C2274,2024-06-26,Model X,1,93210.7,Returned,Lease
TES-O6573,TES-C5766,2025-11-16,Powerwall,1,9884.96,Delivered,Cash
TES-O5130,TES-C1194,2024-06-06,Model S,1,83178.54,Returned,Cash
TES-O14220,TES-C9999,2023-02-21,Model X,1,84043.58,Cancelled,Financing
TES-O8039,TES-C10018,2024-12-04,Model S,1,76609.31,Shipped,Cash
TES-O7536,TES-C1502,2025-10-30,Solar Panel Kit,1,18180.3,Shipped,Cash
TES-O9249,TES-C7720,2023-12-18,Merchandise,1,162.17,Delivered,Cash
TES-O11894,TES-C10096,2023-06-07,Model Y,1,47697.68,Delivered,Lease
TES-O14320,TES-C6981,2024-06-22,Model S,1,81565.43,Shipped,Lease
TES-O12346,TES-C9604,2025-07-08,Model S,1,80551.0,Pending,Lease
TES-O11874,TES-C7054,2024-11-06,Model X,1,85455.94,Shipped,Financing
TES-O6431,TES-C4642,2024-02-29,Model Y,1,45389.82,Pending,Financing
TES-O14502,TES-C10784,2025-07-28,Model Y,1,44906.89,Delivered,Lease
TES-O13533,TES-C2061,2025-07-18,Model 3,1,43233.03,Cancelled,Cash
TES-O11706,TES-C8492,2024-08-06,Merchandise,4,146.24,Pending,Credit Card
TES-O13722,TES-C5868,2025-06-17,Powerwall,1,10836.35,Pending,Lease
TES-O8467,TES-C10417,2024-02-12,Model 3,1,40669.12,Shipped,Financing
TES-O7022,TES-C4794,2025-09-24,Supercharging Credits,3,15.06,Delivered,Lease
TES-O9400,TES-C3507,2023-12-27,Supercharging Credits,1,94.29,Delivered,Lease
TES-O5526,TES-C3185,2025-09-30,Model 3,1,47985.65,Delivered,Lease
TES-O14100,TES-C7172,2023-05-17,Model X,1,96923.87,Returned,Cash
TES-O8915,TES-C10736,2024-12-01,Supercharging Credits,4,175.16,Cancelled,Cash
TES-O6125,TES-C7515,2023-12-05,Supercharging Credits,3,44.62,Cancelled,Credit Card
TES-O10169,TES-C4330,2024-08-30,Model 3,1,38973.19,Returned,Credit Card
TES-O11119,TES-C2999,2024-04-22,Solar Panel Kit,1,17707.88,Shipped,Cash
TES-O5108,TES-C4584,2024-04-19,Supercharging Credits,4,103.28,Delivered,Credit Card
TES-O12739,TES-C4947,2025-12-27,Model X,1,93151.83,Delivered,Credit Card
TES-O8818,TES-C10893,2023-03-13,Powerwall,1,9081.33,Delivered,Lease
TES-O12296,TES-C6506,2025-03-20,Model 3,1,44648.91,Cancelled,Financing
TES-O14974,TES-C7501,2025-02-03,Model 3,1,43121.89,Delivered,Financing
TES-O6038,TES-C1025,2025-04-08,Model S,1,85408.03,Cancelled,Lease
TES-O7563,TES-C2599,2024-03-21,Solar Panel Kit,1,21801.6,Shipped,Cash
TES-O10998,TES-C10159,2024-07-07,Model S,1,85783.98,Shipped,Financing
TES-O9086,TES-C3000,2024-05-03,Model Y,1,43342.48,Pending,Cash
TES-O10778,TES-C1991,2025-01-18,Model S,1,86872.46,Returned,Credit Card
TES-O10619,TES-C9520,2024-03-18,Merchandise,1,103.01,Returned,Cash
TES-O12830,TES-C4878,2024-04-29,Supercharging Credits,5,72.21,Delivered,Credit Card
TES-O12300,TES-C9482,2025-10-13,Model S,1,90202.08,Cancelled,Credit Card
TES-O8670,TES-C8997,2023-04-05,Merchandise,2,282.04,Cancelled,Credit Card
TES-O14734,TES-C7090,2023-03-30,Model Y,1,53348.49,Cancelled,Cash
TES-O11919,TES-C1891,2024-01-28,Model Y,1,46682.67,Delivered,Cash
TES-O5199,TES-C7974,2023-11-05,Merchandise,1,188.89,Shipped,Credit Card
TES-O8738,TES-C9072,2025-11-10,Model 3,1,42817.34,Pending,Financing
TES-O13402,TES-C10244,2024-06-06,Model X,1,81653.41,Delivered,Financing
TES-O6657,TES-C4214,2024-01-11,Model 3,1,46889.13,Returned,Credit Card
TES-O9237,TES-C10026,2023-04-16,Model 3,1,39356.75,Delivered,Cash
TES-O11141,TES-C6057,2024-01-07,Model S,1,86228.3,Delivered,Credit Card
TES-O13589,TES-C7562,2023-06-12,Supercharging Credits,3,31.29,Pending,Lease
TES-O8731,TES-C9610,2025-06-22,Powerwall,1,11123.46,Delivered,Lease
TES-O5359,TES-C1551,2023-12-24,Model S,1,83426.58,Shipped,Financing
TES-O9224,TES-C7232,2024-12-31,Model X,1,87062.85,Cancelled,Cash
TES-O7780,TES-C8285,2023-12-06,Powerwall,1,11310.07,Delivered,Financing
TES-O9429,TES-C5891,2023-04-18,Merchandise,1,99.0,Shipped,Cash
TES-O13267,TES-C4038,2025-10-20,Model 3,1,46748.15,Delivered,Lease
TES-O14939,TES-C7559,2025-06-18,Model X,1,99682.72,Delivered,Lease
TES-O14168,TES-C5457,2023-03-11,Solar Panel Kit,1,23104.68,Pending,Cash
TES-O10465,TES-C1727,2023-09-02,Solar Panel Kit,1,20476.81,Pending,Lease
TES-O5010,TES-C10444,2025-09-28,Solar Panel Kit,1,22328.86,Delivered,Financing
TES-O14686,TES-C10529,2024-06-02,Model Y,1,45872.9,Cancelled,Lease
TES-O14666,TES-C1150,2024-02-15,Model S,1,91726.11,Shipped,Lease
TES-O9113,TES-C8451,2025-09-22,Supercharging Credits,3,147.09,Cancelled,Cash
TES-O5299,TES-C4430,2024-11-25,Merchandise,4,290.34,Cancelled,Financing
TES-O9737,TES-C2317,2024-02-03,Merchandise,3,188.59,Shipped,Credit Card
TES-O9360,TES-C6676,2024-04-18,Model S,1,81934.55,Pending,Lease
TES-O10249,TES-C3999,2024-04-30,Powerwall,1,10736.05,Delivered,Credit Card
TES-O6288,TES-C8977,2023-11-27,Model 3,1,38161.77,Cancelled,Cash
TES-O7330,TES-C6479,2023-08-30,Powerwall,1,11914.84,Returned,Financing
TES-O14209,TES-C6351,2025-03-16,Model Y,1,47986.06,Shipped,Cash
TES-O11552,TES-C3069,2023-01-17,Model S,1,83974.65,Delivered,Financing
TES-O5554,TES-C6968,2025-09-04,Model S,1,77128.24,Shipped,Credit Card
TES-O11078,TES-C10918,2025-04-30,Powerwall,1,10271.84,Delivered,Financing
TES-O10241,TES-C1259,2025-12-28,Supercharging Credits,3,17.08,Shipped,Financing
TES-O5517,TES-C7574,2025-09-05,Model S,1,75757.29,Cancelled,Credit Card
TES-O6020,TES-C8782,2024-03-15,Model 3,1,39522.7,Delivered,Financing
TES-O8773,TES-C10692,2024-11-14,Model 3,1,39132.66,Shipped,Credit Card
TES-O9928,TES-C7177,2024-12-05,Solar Panel Kit,1,20043.42,Returned,Lease
TES-O10969,TES-C1835,2023-12-08,Merchandise,2,197.75,Delivered,Credit Card
TES-O12884,TES-C4481,2025-09-25,Merchandise,3,174.75,Returned,Credit Card
TES-O7010,TES-C4084,2023-03-21,Model X,1,84437.55,Delivered,Cash
TES-O6970,TES-C8903,2023-01-14,Model Y,1,50820.74,Delivered,Lease
TES-O5383,TES-C4974,2025-08-03,Powerwall,1,9990.69,Cancelled,Cash
TES-O9984,TES-C8787,2023-04-24,Solar Panel Kit,1,18341.97,Pending,Credit Card
TES-O6587,TES-C3721,2024-05-18,Model Y,1,52785.03,Delivered,Credit Card
TES-O10136,TES-C7251,2023-09-11,Model S,1,83328.42,Delivered,Lease
TES-O14154,TES-C2630,2023-05-04,Powerwall,1,9681.55,Delivered,Lease
TES-O7194,TES-C1883,2023-07-25,Model S,1,81481.76,Pending,Cash
TES-O14327,TES-C8444,2025-06-30,Merchandise,4,87.77,Delivered,Credit Card
TES-O7566,TES-C3502,2023-02-22,Supercharging Credits,5,113.04,Delivered,Cash
TES-O10980,TES-C5467,2024-12-16,Powerwall,1,11378.16,Delivered,Financing
TES-O12355,TES-C9234,2024-05-22,Model X,1,82598.27,Delivered,Credit Card
TES-O8165,TES-C9075,2025-11-27,Model X,1,83696.49,Delivered,Financing
TES-O7626,TES-C9999,2023-04-30,Model 3,1,40507.86,Delivered,Financing
TES-O14926,TES-C6407,2024-12-03,Model X,1,88319.93,Delivered,Financing
TES-O5645,TES-C8563,2023-12-08,Merchandise,3,216.28,Returned,Cash
TES-O5761,TES-C6674,2024-11-20,Supercharging Credits,4,47.33,Delivered,Credit Card
TES-O11320,TES-C6860,2024-11-18,Solar Panel Kit,1,24550.88,Cancelled,Financing
TES-O13216,TES-C4337,2023-11-12,Merchandise,1,86.41,Cancelled,Credit Card
TES-O12807,TES-C9999,2025-09-09,Supercharging Credits,5,29.98,Pending,Cash
TES-O7283,TES-C8491,2025-10-26,Model Y,1,48039.28,Shipped,Lease
TES-O14252,TES-C3252,2025-08-14,Model X,1,85585.37,Pending,Lease
TES-O9622,TES-C9286,2023-05-04,Supercharging Credits,4,23.78,Pending,Credit Card
TES-O8088,TES-C7560,2024-08-16,Model 3,1,46861.74,Delivered,Financing
TES-O14786,TES-C9553,2024-08-28,Model S,1,76469.64,Returned,Financing
TES-O12089,TES-C9394,2023-08-23,Supercharging Credits,3,28.51,Pending,Lease
TES-O7121,TES-C7515,2023-07-04,Solar Panel Kit,1,23180.82,Delivered,Credit Card
TES-O14864,TES-C8597,2024-02-28,Model S,1,83284.93,Delivered,Cash
TES-O12218,TES-C8635,2023-12-08,Model 3,1,43505.14,Pending,Lease
TES-O9248,TES-C9999,2023-08-09,Solar Panel Kit,1,18323.8,Delivered,Financing
TES-O5134,TES-C1458,2025-08-25,Model X,1,98313.51,Delivered,Financing
TES-O6114,TES-C8513,2023-07-24,Supercharging Credits,5,133.99,Shipped,Credit Card
TES-O12424,TES-C2994,2023-12-31,Merchandise,4,195.3,Delivered,Financing
TES-O9765,TES-C6171,2024-10-28,Powerwall,1,10127.14,Delivered,Credit Card
TES-O8852,TES-C9100,2024-03-14,Merchandise,1,267.55,Delivered,Cash
TES-O6194,TES-C2818,2024-02-03,Merchandise,2,113.09,Delivered,Lease
TES-O13151,TES-C8371,2024-05-28,Supercharging Credits,2,12.85,Cancelled,Financing
TES-O10931,TES-C4366,2025-09-15,Solar Panel Kit,1,22120.3,Returned,Credit Card
TES-O8799,TES-C9999,2025-08-18,Merchandise,3,194.1,Delivered,Credit Card
TES-O9076,TES-C4906,2023-05-01,Model X,1,95947.57,Delivered,Cash
TES-O12585,TES-C9955,2024-05-23,Model 3,1,40951.63,Shipped,Financing
TES-O6716,TES-C9892,2023-07-26,Merchandise,2,266.56,Cancelled,Lease
TES-O10371,TES-C4953,2025-07-13,Powerwall,1,9160.39,Returned,Financing
TES-O8450,TES-C1938,2024-12-09,Solar Panel Kit,1,19502.1,Unknown,Financing
TES-O6784,TES-C10855,2023-10-05,Model Y,1,45407.46,Delivered,Cash
TES-O12380,TES-C10021,2023-12-04,Solar Panel Kit,1,18691.54,Delivered,Credit Card
TES-O11451,TES-C3490,2023-09-01,Solar Panel Kit,1,21810.75,Shipped,Financing
TES-O12831,TES-C4289,2024-01-14,Model X,1,89487.9,Shipped,Credit Card
TES-O9685,TES-C1862,2025-12-24,Model 3,1,43602.44,Returned,Lease
TES-O10937,TES-C10643,2024-12-02,Supercharging Credits,2,192.78,Returned,Lease
TES-O11798,TES-C1909,2024-09-14,Model X,1,95684.43,Delivered,Lease
TES-O6679,TES-C4179,2024-04-28,Solar Panel Kit,1,19753.28,Delivered,Lease
TES-O5051,TES-C1137,2025-01-11,Merchandise,3,190.96,Returned,Credit Card
TES-O11841,TES-C8550,2025-09-27,Merchandise,3,208.55,Delivered,Credit Card
TES-O10839,TES-C2816,2023-11-15,Supercharging Credits,3,172.99,Cancelled,Credit Card
TES-O10439,TES-C2493,2023-05-25,Solar Panel Kit,1,24569.84,Delivered,Lease
TES-O7401,TES-C6196,2023-03-24,Model 3,1,39009.88,Cancelled,Lease
TES-O14078,TES-C10589,2023-07-16,Supercharging Credits,3,28.57,Cancelled,Lease
TES-O10611,TES-C7986,2023-07-29,Model S,1,86302.1,Delivered,Credit Card
TES-O13880,TES-C1413,2024-07-12,Model S,1,80463.71,Shipped,Credit Card
TES-O11237,TES-C3202,2025-04-20,Model 3,1,46974.07,Pending,Financing
TES-O12723,TES-C5402,2025-05-15,Powerwall,1,11896.19,Delivered,Financing
TES-O14048,TES-C5650,2024-04-21,Model S,1,79141.03,Returned,Financing
TES-O13887,TES-C7767,2024-06-04,Merchandise,2,218.41,Delivered,Credit Card
TES-O5000,TES-C7883,2023-04-15,Model Y,1,53416.0,Pending,Cash
TES-O7728,TES-C8046,2023-03-04,Model S,1,81393.11,Cancelled,Credit Card
TES-O9568,TES-C1021,2023-05-28,Supercharging Credits,4,71.11,Delivered,Cash
TES-O11573,TES-C8944,2024-12-30,Solar Panel Kit,1,23009.25,Shipped,Lease
TES-O6948,TES-C8204,2023-09-15,Model X,1,93717.7,Delivered,Lease
TES-O13593,TES-C9280,2025-03-03,Merchandise,5,29.08,Pending,Lease
TES-O7072,TES-C8414,2024-09-20,Model 3,1,39310.33,Shipped,Credit Card
TES-O11187,TES-C10857,2024-05-31,Powerwall,1,10868.0,Returned,Financing
TES-O8679,TES-C7185,2025-08-04,Model Y,1,46529.77,Unknown,Financing
TES-O11251,TES-C6522,2024-09-12,Model Y,1,44795.67,Cancelled,Cash
TES-O10421,TES-C5561,2025-08-01,Merchandise,5,227.18,Pending,Lease
TES-O11130,TES-C10672,2025-02-28,Merchandise,5,224.98,Cancelled,Lease
TES-O13504,TES-C10363,2024-05-01,Model Y,1,42816.32,Pending,Financing
TES-O5206,TES-C6086,2024-06-21,Supercharging Credits,4,187.57,Returned,Credit Card
TES-O11472,TES-C1777,2023-03-13,Model S,1,91136.33,Cancelled,Financing
TES-O14360,TES-C7362,2024-09-01,Model Y,1,49496.61,Delivered,Lease
TES-O6929,TES-C4010,2023-03-18,Model Y,1,47992.15,Delivered,Cash
TES-O9760,TES-C4269,2024-10-25,Model Y,1,49397.84,Cancelled,Financing
TES-O14993,TES-C2210,2023-01-03,Model S,1,82982.19,Shipped,Financing
TES-O9004,TES-C2768,2023-07-23,Supercharging Credits,2,180.32,Delivered,Cash
TES-O5859,TES-C7723,2025-10-25,Model 3,1,43836.95,Delivered,Lease
TES-O8651,TES-C10442,2023-08-08,Model Y,1,50090.34,Returned,Cash
TES-O11500,TES-C8322,2023-08-07,Powerwall,1,11089.19,Pending,Financing
TES-O8506,TES-C7842,2024-03-17,Merchandise,4,242.88,Delivered,Lease
TES-O7757,TES-C9973,2023-04-26,Model X,1,82612.38,Delivered,Cash
TES-O9906,TES-C10083,2024-09-12,Powerwall,1,11970.43,Delivered,Lease
TES-O9001,TES-C8017,2024-08-10,Model Y,1,47781.36,Delivered,Cash
TES-O12055,TES-C3716,2024-12-18,Supercharging Credits,4,150.07,Returned,Credit Card
TES-O11724,TES-C8222,2025-09-27,Model X,1,95662.41,Cancelled,Financing
TES-O13799,TES-C3933,2025-08-16,Model S,1,80167.67,Cancelled,Financing
TES-O13091,TES-C3364,2024-12-01,Solar Panel Kit,1,22188.55,Cancelled,Cash
TES-O14479,TES-C1462,2025-03-21,Supercharging Credits,1,31.21,Cancelled,Cash
TES-O11202,TES-C7253,2023-09-03,Model 3,1,39821.16,Delivered,Credit Card
TES-O6674,TES-C3535,2025-10-07,Solar Panel Kit,1,22565.17,Cancelled,Cash
TES-O13286,TES-C2662,2024-09-11,Model X,1,89388.64,Delivered,Credit Card
TES-O9244,TES-C9495,2025-03-05,Solar Panel Kit,1,15615.35,Pending,Credit Card
TES-O10590,TES-C2235,2025-11-16,Merchandise,1,160.66,Delivered,Financing
TES-O11159,TES-C7670,2023-07-29,Model 3,1,46667.94,Shipped,Cash
TES-O12129,TES-C2433,2023-11-20,Supercharging Credits,2,35.99,Delivered,Lease
TES-O5365,TES-C2348,2025-04-09,Merchandise,1,169.95,Pending,Lease
TES-O12119,TES-C10813,2024-05-09,Powerwall,1,11698.13,Delivered,Credit Card
TES-O10453,TES-C10753,2024-10-26,Model X,1,96854.63,Cancelled,Credit Card
TES-O9389,TES-C9474,2025-09-14,Solar Panel Kit,1,22182.1,Shipped,Cash
TES-O9142,TES-C6173,2025-03-13,Solar Panel Kit,1,17030.48,Returned,Financing
TES-O8372,TES-C5905,2023-09-29,Model Y,1,48617.84,Returned,Cash
TES-O11450,TES-C1120,2025-02-18,Model S,1,91842.5,Delivered,Credit Card
TES-O6184,TES-C8280,2025-10-30,Solar Panel Kit,1,16861.79,Pending,Financing
TES-O9204,TES-C9999,2023-09-19,Model Y,1,45850.04,Delivered,Lease
TES-O6923,TES-C3970,2025-02-04,Model Y,1,51644.04,Returned,Financing
TES-O13814,TES-C10510,2024-01-24,Model X,1,87745.0,Delivered,Lease
TES-O5040,TES-C1326,2024-04-14,Merchandise,4,282.81,Pending,Financing
TES-O7351,TES-C9535,2024-09-14,Powerwall,1,9199.44,Unknown,Lease
TES-O12490,TES-C1438,2023-09-26,Powerwall,1,9240.41,Delivered,Credit Card
TES-O10545,TES-C1865,2025-10-27,Solar Panel Kit,1,16408.49,Delivered,Credit Card
TES-O14110,TES-C1691,2023-03-05,Solar Panel Kit,1,23820.61,Delivered,Lease
TES-O7119,TES-C10309,2023-08-16,Model 3,1,40227.03,Delivered,Financing
TES-O7162,TES-C1747,2023-08-19,Merchandise,2,44.84,Delivered,Financing
TES-O9326,TES-C1965,2023-02-09,Solar Panel Kit,1,21272.68,Cancelled,Cash
TES-O7678,TES-C2545,2025-07-11,Model Y,1,49870.62,Delivered,Cash
TES-O14909,TES-C8871,2023-06-15,Solar Panel Kit,1,21657.0,Shipped,Credit Card
TES-O9637,TES-C1169,2023-05-17,Model S,1,92228.54,Pending,Lease
TES-O14094,TES-C9702,2025-12-10,Model X,1,88071.09,Returned,Cash
TES-O5317,TES-C8730,2025-05-19,Model X,1,83200.66,Delivered,Credit Card
TES-O5583,TES-C4040,2025-11-25,Supercharging Credits,1,98.09,Pending,Credit Card
TES-O8087,TES-C2290,2023-02-23,Merchandise,2,151.84,Returned,Financing
TES-O11562,TES-C10458,2024-07-12,Supercharging Credits,2,12.57,Returned,Cash
TES-O10121,TES-C10383,2025-06-07,Solar Panel Kit,1,15693.16,Delivered,Cash
TES-O7993,TES-C9999,2025-01-20,Model X,1,81723.59,Pending,Credit Card
TES-O12658,TES-C7778,2023-02-28,Supercharging Credits,1,144.06,Shipped,Financing
TES-O9858,TES-C2295,2025-04-24,Model S,1,79793.08,Delivered,Lease
TES-O6851,TES-C7467,2023-04-02,Model S,1,88586.05,Delivered,Financing
TES-O12668,TES-C8891,2025-05-07,Supercharging Credits,4,18.21,Cancelled,Credit Card
TES-O5318,TES-C3646,2024-12-15,Solar Panel Kit,1,15613.86,Shipped,Cash
TES-O7063,TES-C4925,2025-01-06,Solar Panel Kit,1,20994.1,Shipped,Financing
TES-O7384,TES-C9264,2023-04-06,Solar Panel Kit,1,24936.66,Delivered,Credit Card
TES-O14668,TES-C10591,2024-02-02,Model S,1,78054.09,Delivered,Financing
TES-O5254,TES-C10018,2023-03-07,Model 3,1,47533.97,Delivered,Lease
TES-O13192,TES-C2835,2023-03-25,Supercharging Credits,4,150.19,Cancelled,Lease
TES-O10089,TES-C10157,2025-11-06,Model 3,1,45160.92,Pending,Cash
TES-O12108,TES-C6489,2024-07-26,Model X,1,83858.65,Pending,Cash
TES-O7540,TES-C4343,2023-01-27,Powerwall,1,9581.32,Cancelled,Financing
TES-O13647,TES-C9596,2025-08-21,Model S,1,88598.19,Shipped,Financing
TES-O11228,TES-C7689,2024-11-20,Model X,1,99811.11,Cancelled,Cash
TES-O6849,TES-C2720,2024-08-05,Merchandise,2,38.62,Pending,Credit Card
TES-O12376,TES-C8528,2023-06-19,Supercharging Credits,3,28.72,Shipped,Cash
TES-O13380,TES-C1906,2025-03-17,Model S,1,77912.51,Delivered,Lease
TES-O9607,TES-C1856,2024-08-19,Merchandise,2,148.88,Delivered,Lease
TES-O6988,TES-C2517,2024-11-11,Supercharging Credits,1,60.97,Delivered,Credit Card
TES-O6417,TES-C9999,2025-12-31,Model Y,1,42435.54,Cancelled,Financing
TES-O9805,TES-C8663,2023-10-27,Model 3,1,46340.51,Returned,Credit Card
TES-O12540,TES-C1331,2023-11-20,Merchandise,1,101.47,Returned,Lease
TES-O6312,TES-C8432,2025-05-02,Supercharging Credits,1,188.12,Delivered,Cash
TES-O5436,TES-C4019,2025-02-18,Model 3,1,45997.83,Pending,Financing
TES-O14369,TES-C6437,2025-10-15,Powerwall,1,11453.68,Delivered,Lease
TES-O9794,TES-C3540,2025-08-30,Model 3,1,43370.08,Delivered,Cash
TES-O11011,TES-C9956,2024-09-04,Model 3,1,46529.34,Delivered,Credit Card
TES-O5090,TES-C7608,2025-06-26,Model 3,1,46849.35,Pending,Cash
TES-O14378,TES-C9125,2025-09-17,Merchandise,2,283.36,Unknown,Lease
TES-O14420,TES-C8483,2023-09-25,Supercharging Credits,2,52.08,Shipped,Lease
TES-O7567,TES-C8563,2024-08-21,Merchandise,5,289.34,Delivered,Financing
TES-O5502,TES-C8938,2023-11-07,Model S,1,80275.12,Returned,Financing
TES-O14548,TES-C9066,2024-10-06,Solar Panel Kit,1,20666.4,Pending,Lease
TES-O6091,TES-C3181,2025-08-04,Solar Panel Kit,1,22407.84,Pending,Credit Card
TES-O8397,TES-C3668,2023-11-13,Model Y,1,54029.13,Delivered,Lease
TES-O12603,TES-C7622,2025-01-28,Model X,1,88335.54,Pending,Cash
TES-O5341,TES-C4589,2024-10-12,Model Y,1,43922.75,Shipped,Lease
TES-O10615,TES-C1223,2025-01-09,Solar Panel Kit,1,22717.08,Delivered,Lease
TES-O12845,TES-C10654,2025-07-19,Solar Panel Kit,1,17298.01,Delivered,Lease
TES-O8732,TES-C2092,2023-06-26,Merchandise,1,38.23,Pending,Lease
TES-O13019,TES-C4620,2023-04-18,Powerwall,1,10680.53,Delivered,Financing
TES-O6762,TES-C1007,2023-11-07,Powerwall,1,10856.43,Unknown,Credit Card
TES-O5339,TES-C10714,2023-08-03,Model Y,1,42732.69,Shipped,Credit Card
TES-O7653,TES-C5729,2023-03-05,Model 3,1,46206.67,Delivered,Financing
TES-O13951,TES-C9707,2024-01-14,Model S,1,89477.51,Returned,Financing
TES-O8256,TES-C3585,2023-03-30,Model X,1,86958.2,Delivered,Credit Card
TES-O10578,TES-C9921,2025-06-10,Model S,1,87579.77,Pending,Financing
TES-O11961,TES-C9444,2023-11-05,Model 3,1,38219.8,Cancelled,Lease
TES-O13195,TES-C7007,2025-12-07,Powerwall,1,9090.67,Cancelled,Lease
TES-O11381,TES-C6041,2025-08-27,Model Y,1,51827.02,Delivered,Lease
TES-O10660,TES-C4009,2025-06-04,Powerwall,1,11485.82,Shipped,Lease
TES-O5647,TES-C2842,2023-12-17,Solar Panel Kit,1,17850.33,Unknown,Cash
TES-O12359,TES-C6045,2023-10-21,Model S,1,94086.0,Shipped,Credit Card
TES-O14533,TES-C2593,2023-05-18,Supercharging Credits,5,78.81,Delivered,Financing
TES-O8414,TES-C10777,2024-05-09,Solar Panel Kit,1,24638.96,Delivered,Financing
TES-O10090,TES-C5863,2025-02-26,Model Y,1,54139.37,Delivered,Cash
TES-O11271,TES-C3327,2025-04-10,Solar Panel Kit,1,22891.1,Delivered,Credit Card
TES-O11435,TES-C5815,2025-06-18,Supercharging Credits,4,143.72,Delivered,Cash
TES-O9454,TES-C7844,2024-06-23,Model 3,1,41457.65,Shipped,Financing
TES-O11613,TES-C8236,2023-02-07,Model X,1,81765.72,Pending,Cash
TES-O9940,TES-C9213,2023-09-30,Model Y,1,54582.36,Delivered,Cash
TES-O9383,TES-C7846,2025-11-10,Model S,1,85190.4,Delivered,Lease
TES-O13219,TES-C8154,2023-12-17,Model X,1,80172.67,Delivered,Lease
TES-O8445,TES-C9352,2025-12-06,Model Y,1,45586.2,Delivered,Cash
TES-O13686,TES-C9124,2023-08-13,Model Y,1,50555.22,Returned,Credit Card
TES-O11470,TES-C10085,2025-05-31,Merchandise,5,142.97,Delivered,Cash
TES-O8237,TES-C5576,2023-01-03,Model Y,1,50943.57,Delivered,Lease
TES-O12511,TES-C5357,2025-04-20,Model S,1,85975.56,Delivered,Cash
TES-O6332,TES-C6694,2023-10-20,Solar Panel Kit,1,18657.48,Unknown,Financing
TES-O11167,TES-C1467,2024-01-05,Powerwall,1,9396.46,Cancelled,Lease
TES-O9141,TES-C1072,2025-01-14,Supercharging Credits,4,33.57,Delivered,Lease
TES-O10549,TES-C1728,2025-08-06,Model S,1,81250.9,Returned,Financing
TES-O11192,TES-C1823,2023-06-28,Model S,1,87630.22,Delivered,Credit Card
TES-O14003,TES-C7940,2024-08-11,Merchandise,1,107.96,Delivered,Lease
TES-O14331,TES-C9881,2023-11-24,Supercharging Credits,5,114.99,Cancelled,Credit Card
TES-O10592,TES-C8995,2025-04-15,Supercharging Credits,1,152.95,Returned,Lease
TES-O9756,TES-C3772,2025-03-04,Model Y,1,42957.94,Unknown,Cash
TES-O12240,TES-C6629,2025-01-12,Model 3,1,45569.68,Delivered,Credit Card
TES-O13615,TES-C8185,2023-10-17,Model X,1,90579.26,Delivered,Cash
TES-O5766,TES-C1420,2025-01-26,Powerwall,1,9365.73,Shipped,Financing
TES-O12219,TES-C5290,2023-12-26,Model S,1,85266.34,Delivered,Credit Card
TES-O6111,TES-C2980,2023-02-05,Model X,1,92779.71,Returned,Lease
TES-O8624,TES-C1747,2023-02-23,Merchandise,3,142.88,Returned,Credit Card
TES-O7248,TES-C3419,2024-10-25,Powerwall,1,11748.54,Delivered,Lease
TES-O14742,TES-C5697,2024-03-10,Model X,1,80449.84,Delivered,Financing
TES-O14584,TES-C2747,2023-11-18,Merchandise,5,260.34,Delivered,Financing
TES-O6883,TES-C1055,2024-08-20,Solar Panel Kit,1,18156.98,Shipped,Lease
TES-O6839,TES-C2855,2025-11-22,Supercharging Credits,1,37.13,Shipped,Lease
TES-O14399,TES-C7600,2025-12-20,Solar Panel Kit,1,22296.73,Delivered,Financing
TES-O11300,TES-C7845,2025-09-05,Powerwall,1,10600.83,Pending,Financing
TES-O5159,TES-C9932,2025-08-23,Supercharging Credits,4,41.22,Delivered,Cash
TES-O10844,TES-C4041,2025-12-01,Powerwall,1,9288.45,Delivered,Lease
TES-O7126,TES-C4278,2024-06-20,Model Y,1,45650.18,Cancelled,Cash
TES-O5355,TES-C9117,2024-12-17,Model 3,1,39119.35,Shipped,Credit Card
TES-O12019,TES-C6119,2023-04-21,Model X,1,86909.86,Delivered,Lease
TES-O6802,TES-C3912,2023-04-30,Merchandise,3,50.8,Unknown,Lease
TES-O8260,TES-C1984,2025-10-12,Model 3,1,46167.86,Shipped,Financing
TES-O5067,TES-C9222,2025-07-27,Powerwall,1,9426.65,Shipped,Lease
TES-O7348,TES-C9593,2025-05-15,Merchandise,3,112.25,Shipped,Credit Card
TES-O11329,TES-C7412,2023-02-27,Model 3,1,46624.68,Delivered,Financing
TES-O8098,TES-C5739,2024-01-07,Merchandise,2,54.85,Unknown,Cash
TES-O12181,TES-C9990,2023-03-03,Supercharging Credits,2,164.43,Pending,Lease
TES-O6456,TES-C3800,2023-04-08,Model S,1,83669.3,Delivered,Cash
TES-O8346,TES-C4965,2024-08-08,Merchandise,3,237.26,Cancelled,Credit Card
TES-O8394,TES-C3516,2023-06-12,Model S,1,93267.17,Cancelled,Credit Card
TES-O14820,TES-C1439,2023-12-27,Model S,1,91681.75,Delivered,Financing
TES-O7831,TES-C6389,2025-04-18,Powerwall,1,10970.25,Delivered,Credit Card
TES-O14099,TES-C4046,2023-08-22,Solar Panel Kit,1,24761.2,Shipped,Credit Card
TES-O12617,TES-C10834,2024-09-28,Model S,1,91716.37,Delivered,Cash
TES-O13925,TES-C10244,2023-07-29,Model X,1,93731.27,Delivered,Cash
TES-O10658,TES-C1412,2024-08-05,Model S,1,81212.37,Pending,Cash
TES-O14622,TES-C1052,2025-04-19,Model X,1,84535.43,Delivered,Cash
TES-O8030,TES-C5504,2025-06-18,Merchandise,2,222.31,Delivered,Cash
TES-O6000,TES-C10335,2025-04-19,Powerwall,1,9629.46,Cancelled,Lease
TES-O5836,TES-C7768,2025-02-27,Model X,1,92997.96,Delivered,Financing
TES-O5689,TES-C9535,2023-01-29,Supercharging Credits,3,30.11,Returned,Cash
TES-O8516,TES-C9999,2023-01-24,Powerwall,1,11958.62,Returned,Lease
TES-O10522,TES-C7301,2025-05-24,Model 3,1,45214.81,Pending,Financing
TES-O11298,TES-C6198,2023-07-16,Model X,1,93368.53,Delivered,Cash
TES-O5531,TES-C2820,2024-08-02,Powerwall,1,11570.32,Delivered,Cash
TES-O5790,TES-C3724,2025-09-03,Supercharging Credits,5,172.68,Delivered,Cash
TES-O5248,TES-C9262,2023-10-05,Model 3,1,47232.62,Delivered,Cash
TES-O5069,TES-C5219,2023-09-03,Merchandise,3,180.45,Shipped,Lease
TES-O12541,TES-C4501,2025-04-05,Model S,1,92221.89,Delivered,Lease
TES-O13356,TES-C2064,2025-02-14,Supercharging Credits,4,126.63,Pending,Credit Card
TES-O5643,TES-C5601,2025-11-09,Solar Panel Kit,1,22443.88,Shipped,Cash
TES-O9799,TES-C10372,2024-12-28,Model S,1,85376.47,Pending,Cash
TES-O12587,TES-C8473,2024-01-25,Model Y,1,50968.71,Pending,Cash
TES-O10899,TES-C9770,2023-06-27,Model X,1,98241.42,Delivered,Financing
TES-O11309,TES-C3272,2023-09-14,Model 3,1,43390.32,Pending,Credit Card
TES-O8023,TES-C1593,2024-08-09,Powerwall,1,9673.84,Shipped,Credit Card
TES-O14962,TES-C6182,2024-11-25,Model 3,1,39517.5,Delivered,Lease
TES-O7031,TES-C2597,2024-11-14,Powerwall,1,9420.29,Pending,Financing
TES-O10053,TES-C6654,2023-12-18,Powerwall,1,11316.78,Pending,Cash
TES-O13222,TES-C10943,2025-08-09,Supercharging Credits,5,195.62,Pending,Lease
TES-O11981,TES-C10312,2023-04-01,Powerwall,1,11861.68,Returned,Lease
TES-O8512,TES-C2348,2025-03-18,Solar Panel Kit,1,23869.01,Delivered,Financing
TES-O12016,TES-C6722,2024-01-25,Model X,1,90501.02,Pending,Cash
TES-O9278,TES-C6691,2025-03-27,Powerwall,1,11687.82,Shipped,Lease
TES-O6687,TES-C10629,2024-02-21,Model X,1,97078.89,Delivered,Financing
TES-O9951,TES-C1864,2025-03-07,Model Y,1,48744.94,Shipped,Cash
TES-O11039,TES-C4216,2025-01-25,Supercharging Credits,5,128.87,Delivered,Cash
TES-O7116,TES-C7108,2025-07-12,Solar Panel Kit,1,15651.69,Delivered,Cash
TES-O10250,TES-C9772,2025-07-23,Merchandise,3,88.04,Returned,Cash
TES-O10255,TES-C6322,2024-10-22,Model 3,1,46083.16,Cancelled,Cash
TES-O9767,TES-C2792,2023-05-24,Merchandise,2,290.19,Returned,Lease
TES-O8239,TES-C8458,2023-03-28,Model 3,1,46254.71,Unknown,Cash
TES-O7718,TES-C1597,2025-10-05,Supercharging Credits,2,18.79,Cancelled,Credit Card
TES-O9683,TES-C5143,2024-11-14,Powerwall,1,9687.56,Delivered,Financing
TES-O6478,TES-C5189,2025-10-01,Merchandise,4,215.47,Shipped,Cash
TES-O5338,TES-C2405,2024-09-22,Model Y,1,50848.18,Delivered,Financing
TES-O9255,TES-C1366,2024-04-10,Supercharging Credits,1,164.8,Pending,Lease
TES-O9761,TES-C5227,2024-11-27,Merchandise,3,201.07,Unknown,Cash
TES-O6028,TES-C7316,2024-08-17,Model 3,1,38713.53,Delivered,Credit Card
TES-O13680,TES-C8005,2025-06-05,Merchandise,1,285.07,Shipped,Credit Card
TES-O11945,TES-C1445,2025-07-31,Model 3,1,43017.92,Returned,Cash
TES-O10256,TES-C6406,2025-06-06,Model 3,1,42346.67,Pending,Credit Card
TES-O11492,TES-C7352,2023-10-24,Model 3,1,42309.97,Pending,Financing
TES-O8489,TES-C5035,2023-04-29,Merchandise,2,95.02,Shipped,Cash
TES-O8706,TES-C7869,2023-06-12,Model 3,1,45108.19,Delivered,Credit Card
TES-O6491,TES-C3107,2023-03-06,Model X,1,87636.93,Cancelled,Financing
TES-O12639,TES-C3767,2024-10-14,Model S,1,82907.04,Shipped,Financing
TES-O5700,TES-C3160,2023-12-24,Model S,1,81491.75,Delivered,Credit Card
TES-O6527,TES-C6833,2024-02-16,Merchandise,1,165.01,Delivered,Lease
TES-O12996,TES-C3110,2024-05-25,Model 3,1,40665.49,Delivered,Lease
TES-O7687,TES-C8785,2025-01-11,Model S,1,79690.58,Shipped,Cash
TES-O6805,TES-C1422,2024-09-28,Model 3,1,44664.37,Returned,Lease
TES-O10686,TES-C6897,2025-09-09,Merchandise,4,168.66,Delivered,Lease
TES-O12572,TES-C1328,2023-05-28,Supercharging Credits,5,125.64,Returned,Credit Card
TES-O12465,TES-C2495,2025-03-22,Powerwall,1,11883.63,Shipped,Lease
TES-O5481,TES-C9680,2023-02-28,Model S,1,94063.63,Pending,Financing
TES-O14081,TES-C8733,2023-03-01,Model X,1,83585.62,Returned,Lease
TES-O14821,TES-C6800,2023-04-12,Model 3,1,41678.44,Delivered,Cash
TES-O7865,TES-C7164,2025-12-25,Solar Panel Kit,1,17859.91,Delivered,Credit Card
TES-O8297,TES-C8714,2024-06-11,Model X,1,97599.83,Delivered,Cash
TES-O10200,TES-C5163,2023-07-01,Powerwall,1,10399.26,Delivered,Cash
TES-O10653,TES-C9910,2024-01-11,Solar Panel Kit,1,16456.34,Delivered,Lease
TES-O7961,TES-C5087,2024-07-06,Solar Panel Kit,1,23082.65,Delivered,Cash
TES-O14881,TES-C10192,2024-05-10,Model 3,1,45685.68,Shipped,Financing
TES-O12883,TES-C6509,2023-12-27,Model Y,1,43230.99,Shipped,Lease
TES-O14947,TES-C9756,2025-12-07,Powerwall,1,11794.1,Cancelled,Credit Card
TES-O12172,TES-C9350,2023-05-08,Powerwall,1,9545.11,Cancelled,Financing
TES-O8333,TES-C1182,2025-01-17,Supercharging Credits,1,196.77,Unknown,Credit Card
TES-O9613,TES-C9432,2024-07-17,Model 3,1,45419.24,Pending,Cash
TES-O9581,TES-C2790,2024-01-13,Merchandise,2,55.39,Returned,Cash
TES-O14365,TES-C8704,2024-03-12,Supercharging Credits,2,176.21,Shipped,Cash
TES-O6552,TES-C1705,2023-02-25,Merchandise,3,84.91,Delivered,Financing
TES-O12269,TES-C4538,2024-01-29,Model 3,1,43758.83,Delivered,Credit Card
TES-O14049,TES-C4596,2025-08-01,Solar Panel Kit,1,20460.2,Shipped,Credit Card
TES-O11493,TES-C8196,2025-11-04,Merchandise,1,178.23,Pending,Lease
TES-O12211,TES-C5041,2025-12-20,Supercharging Credits,1,97.37,Returned,Credit Card
TES-O9386,TES-C8993,2023-09-06,Model Y,1,49265.68,Delivered,Lease
TES-O7366,TES-C3982,2023-09-01,Merchandise,4,104.81,Pending,Financing
TES-O7864,TES-C4400,2023-12-13,Supercharging Credits,2,170.0,Returned,Credit Card
TES-O7492,TES-C2809,2024-05-16,Supercharging Credits,3,100.47,Delivered,Credit Card
TES-O14828,TES-C6874,2025-03-26,Model X,1,84756.13,Returned,Lease
TES-O8721,TES-C6612,2025-03-30,Solar Panel Kit,1,19307.94,Cancelled,Financing
TES-O10394,TES-C2807,2025-02-07,Model S,1,76909.21,Delivered,Financing
TES-O13934,TES-C4984,2023-07-06,Model Y,1,49563.96,Delivered,Financing
TES-O12116,TES-C8307,2023-08-23,Model X,1,83124.34,Delivered,Financing
TES-O11785,TES-C8346,2023-09-12,Model 3,1,46092.08,Shipped,Financing
TES-O13566,TES-C9793,2024-03-27,Supercharging Credits,2,134.64,Pending,Financing
TES-O6577,TES-C8436,2025-03-24,Model S,1,84726.44,Shipped,Cash
TES-O10432,TES-C2481,2025-05-10,Merchandise,2,164.29,Pending,Cash
TES-O14986,TES-C5474,2023-01-08,Model 3,1,47059.18,Delivered,Financing
TES-O6066,TES-C4269,2025-09-10,Model X,1,86008.52,Pending,Credit Card
TES-O10001,TES-C10386,2024-09-29,Merchandise,5,57.5,Shipped,Credit Card
TES-O12735,TES-C9861,2023-02-14,Model S,1,84848.15,Returned,Lease
TES-O6620,TES-C6819,2025-05-07,Model 3,1,39472.97,Returned,Lease
TES-O12481,TES-C4070,2025-02-15,Model S,1,92115.49,Cancelled,Lease
TES-O10372,TES-C7627,2023-05-21,Powerwall,1,11436.48,Cancelled,Financing
TES-O7909,TES-C6803,2025-03-12,Model S,1,78831.28,Delivered,Lease
TES-O5454,TES-C3441,2023-05-23,Model S,1,92227.21,Delivered,Cash
TES-O11347,TES-C6114,2023-08-29,Powerwall,1,10183.18,Pending,Cash
TES-O5424,TES-C7495,2025-03-11,Model Y,1,44234.41,Pending,Credit Card
TES-O7692,TES-C4819,2025-06-18,Merchandise,1,85.95,Returned,Cash
TES-O9213,TES-C10023,2025-06-21,Supercharging Credits,5,150.33,Returned,Credit Card
TES-O9993,TES-C3985,2023-09-20,Powerwall,1,10148.61,Returned,Cash
TES-O11772,TES-C6458,2025-12-04,Model S,1,91792.4,Shipped,Financing
TES-O8807,TES-C3731,2025-04-26,Model Y,1,48501.72,Cancelled,Financing
TES-O5928,TES-C9502,2023-12-04,Supercharging Credits,2,179.22,Returned,Lease
TES-O11596,TES-C2548,2024-09-24,Powerwall,1,11238.47,Cancelled,Cash
TES-O6219,TES-C6658,2023-12-27,Supercharging Credits,3,110.05,Shipped,Credit Card
TES-O12550,TES-C7898,2023-05-18,Model 3,1,38593.88,Delivered,Credit Card
TES-O6118,TES-C3088,2025-10-30,Merchandise,2,81.94,Cancelled,Lease
TES-O13119,TES-C10891,2025-05-05,Model Y,1,50266.98,Delivered,Credit Card
TES-O13560,TES-C7747,2025-11-18,Supercharging Credits,1,26.08,Delivered,Credit Card
TES-O12109,TES-C5965,2024-02-10,Model 3,1,42145.58,Shipped,Financing
TES-O12580,TES-C2600,2024-03-04,Model 3,1,42160.85,Cancelled,Financing
TES-O9097,TES-C2339,2023-06-09,Supercharging Credits,4,182.03,Delivered,Credit Card
TES-O5982,TES-C1448,2024-08-29,Model 3,1,38842.32,Returned,Lease
TES-O12114,TES-C2666,2024-09-04,Model X,1,86259.74,Delivered,Credit Card
TES-O7198,TES-C9720,2023-05-21,Powerwall,1,11615.98,Returned,Credit Card
TES-O9735,TES-C10580,2024-03-29,Solar Panel Kit,1,23599.87,Delivered,Financing
TES-O13801,TES-C4666,2023-05-09,Model X,1,94409.9,Cancelled,Cash
TES-O6485,TES-C3202,2023-10-15,Model Y,1,43756.75,Delivered,Cash
TES-O13540,TES-C6767,2023-01-21,Model 3,1,40671.16,Delivered,Credit Card
TES-O10915,TES-C9842,2023-01-03,Merchandise,1,125.54,Cancelled,Lease
TES-O8801,TES-C3738,2025-11-04,Model Y,1,47354.05,Delivered,Cash
TES-O11155,TES-C5117,2024-11-10,Merchandise,3,234.65,Delivered,Cash
TES-O5345,TES-C9794,2023-06-05,Merchandise,5,230.02,Delivered,Cash
TES-O11747,TES-C3389,2025-01-25,Powerwall,1,11296.14,Shipped,Lease
TES-O14077,TES-C1313,2024-08-18,Model S,1,77442.85,Delivered,Credit Card
TES-O9030,TES-C4682,2023-09-27,Model S,1,91852.32,Unknown,Credit Card
TES-O12111,TES-C9677,2025-02-02,Powerwall,1,11865.11,Returned,Financing
TES-O13326,TES-C1463,2025-05-15,Model S,1,78678.24,Shipped,Lease
TES-O11586,TES-C7703,2023-07-31,Supercharging Credits,5,164.47,Pending,Lease
TES-O12817,TES-C4133,2024-05-30,Model S,1,93811.62,Delivered,Lease
TES-O9932,TES-C2344,2024-08-25,Powerwall,1,9891.16,Pending,Financing
TES-O11405,TES-C8461,2024-08-16,Supercharging Credits,3,26.05,Pending,Financing
TES-O12720,TES-C2486,2024-11-15,Model Y,1,51727.74,Returned,Financing
TES-O11908,TES-C3381,2025-11-06,Model X,1,97124.96,Delivered,Financing
TES-O12075,TES-C7063,2025-06-02,Model Y,1,45813.57,Delivered,Credit Card
TES-O11658,TES-C6577,2025-04-16,Model 3,1,47689.05,Cancelled,Financing
TES-O13584,TES-C6863,2023-03-09,Powerwall,1,9063.76,Shipped,Lease
TES-O7205,TES-C2595,2024-05-21,Model Y,1,54078.28,Returned,Financing
TES-O11572,TES-C3244,2023-03-14,Powerwall,1,9983.94,Pending,Credit Card
TES-O11590,TES-C8390,2025-11-22,Supercharging Credits,2,89.46,Delivered,Lease
TES-O11967,TES-C1722,2023-03-18,Model 3,1,40803.82,Delivered,Credit Card
TES-O8998,TES-C6278,2025-08-18,Model S,1,83892.42,Delivered,Credit Card
TES-O14869,TES-C2637,2024-02-01,Model S,1,85298.41,Pending,Credit Card
TES-O7357,TES-C8398,2025-05-27,Model Y,1,45446.69,Delivered,Credit Card
TES-O10507,TES-C1932,2025-04-06,Model S,1,84567.96,Delivered,Financing
TES-O7258,TES-C6646,2024-02-20,Supercharging Credits,4,166.69,Unknown,Cash
TES-O8610,TES-C9678,2023-12-24,Powerwall,1,11667.96,Pending,Credit Card
TES-O6245,TES-C7916,2023-08-05,Solar Panel Kit,1,22727.08,Delivered,Lease
TES-O11420,TES-C3469,2024-04-19,Model 3,1,46265.68,Delivered,Cash
TES-O8645,TES-C2256,2024-03-05,Model S,1,89931.15,Shipped,Cash
TES-O8257,TES-C1075,2025-08-13,Model 3,1,41265.5,Shipped,Credit Card
TES-O8189,TES-C3857,2024-12-29,Model S,1,94429.58,Shipped,Lease
TES-O9067,TES-C4929,2025-07-23,Merchandise,2,75.62,Delivered,Credit Card
TES-O13437,TES-C3098,2025-09-25,Model X,1,80087.98,Shipped,Lease
TES-O14682,TES-C3908,2024-08-09,Model 3,1,44678.99,Delivered,Lease
TES-O12933,TES-C8410,2024-12-13,Model 3,1,47062.57,Pending,Credit Card
TES-O14606,TES-C1898,2025-02-12,Solar Panel Kit,1,16226.53,Cancelled,Credit Card
TES-O13551,TES-C3761,2024-02-24,Model S,1,79865.3,Pending,Financing
TES-O9510,TES-C6116,2025-01-04,Model Y,1,51395.84,Returned,Credit Card
TES-O5538,TES-C6025,2025-05-01,Model X,1,84193.49,Pending,Financing
TES-O7868,TES-C6726,2023-01-25,Solar Panel Kit,1,21147.75,Shipped,Financing
TES-O6447,TES-C1834,2023-03-08,Model Y,1,49552.16,Delivered,Financing
TES-O6865,TES-C9828,2025-10-16,Powerwall,1,9388.81,Cancelled,Financing
TES-O6356,TES-C6411,2025-06-03,Model S,1,76604.9,Shipped,Cash
TES-O13303,TES-C10114,2024-12-11,Model S,1,90387.63,Delivered,Cash
TES-O12567,TES-C6743,2024-06-06,Model 3,1,47653.19,Cancelled,Credit Card
TES-O10525,TES-C7555,2024-07-04,Powerwall,1,10802.75,Pending,Credit Card
TES-O11854,TES-C6938,2024-04-13,Model X,1,97184.73,Delivered,Lease
TES-O13557,TES-C7783,2023-09-21,Merchandise,1,61.64,Cancelled,Cash
TES-O14504,TES-C10228,2025-05-10,Model 3,1,39650.41,Returned,Cash
TES-O5469,TES-C2024,2025-12-08,Merchandise,2,24.68,Delivered,Lease
TES-O14612,TES-C9773,2025-01-05,Model X,1,90107.77,Pending,Lease
TES-O10977,TES-C1222,2024-01-13,Model 3,1,45221.16,Delivered,Lease
TES-O5537,TES-C10492,2023-07-19,Model 3,1,40240.52,Delivered,Financing
TES-O7545,TES-C10332,2024-02-14,Model 3,1,38576.77,Shipped,Cash
TES-O7451,TES-C3076,2025-12-31,Model X,1,91192.74,Delivered,Lease
TES-O10817,TES-C10863,2024-05-31,Model X,1,87186.87,Returned,Cash
TES-O14663,TES-C4648,2024-12-08,Merchandise,1,173.0,Delivered,Cash
TES-O10261,TES-C7650,2025-10-10,Solar Panel Kit,1,24711.53,Delivered,Lease
TES-O7932,TES-C6579,2025-09-02,Model X,1,82554.83,Delivered,Financing
TES-O11210,TES-C5722,2023-08-31,Powerwall,1,9493.46,Returned,Cash
TES-O13467,TES-C6880,2025-06-07,Merchandise,3,99.93,Delivered,Cash
TES-O11530,TES-C3759,2024-04-05,Model X,1,87813.97,Delivered,Lease
TES-O5114,TES-C3097,2024-05-12,Merchandise,2,212.9,Cancelled,Financing
TES-O11476,TES-C9126,2023-05-18,Solar Panel Kit,1,23892.36,Delivered,Lease
TES-O5504,TES-C5190,2025-01-02,Solar Panel Kit,1,16117.34,Returned,Credit Card
TES-O5437,TES-C6541,2023-08-31,Merchandise,3,180.58,Delivered,Cash
TES-O14318,TES-C8543,2025-05-01,Supercharging Credits,4,107.79,Shipped,Credit Card
TES-O12253,TES-C8513,2023-09-29,Solar Panel Kit,1,17588.53,Pending,Lease
TES-O9038,TES-C2340,2025-07-15,Merchandise,4,32.05,Delivered,Financing
TES-O10858,TES-C3418,2025-10-01,Model S,1,77931.42,Delivered,Cash
TES-O12061,TES-C3818,2025-01-03,Solar Panel Kit,1,24405.7,Delivered,Financing
TES-O7391,TES-C5045,2024-10-28,Supercharging Credits,3,90.3,Pending,Credit Card
TES-O11988,TES-C2451,2023-11-25,Model X,1,84221.32,Shipped,Cash
TES-O6236,TES-C1139,2023-04-06,Model X,1,94863.32,Pending,Cash
TES-O9122,TES-C7962,2024-08-25,Model S,1,77359.61,Delivered,Cash
TES-O8821,TES-C5489,2025-09-23,Solar Panel Kit,1,24696.68,Shipped,Financing
TES-O10982,TES-C4721,2024-06-04,Solar Panel Kit,1,22488.16,Shipped,Lease
TES-O9592,TES-C7875,2023-02-20,Model 3,1,46523.31,Returned,Lease
TES-O8594,TES-C7041,2024-02-02,Model 3,1,41668.24,Cancelled,Lease
TES-O5316,TES-C6756,2024-12-21,Model Y,1,48035.66,Cancelled,Cash
TES-O13170,TES-C4821,2025-12-05,Merchandise,2,176.73,Delivered,Cash
TES-O6668,TES-C7414,2023-02-03,Supercharging Credits,2,62.4,Shipped,Financing
TES-O10208,TES-C8156,2023-09-27,Powerwall,1,10512.93,Cancelled,Credit Card
TES-O12106,TES-C5210,2023-01-10,Model Y,1,48932.96,Cancelled,Lease
TES-O13111,TES-C2176,2023-07-27,Model Y,1,48734.34,Cancelled,Credit Card
TES-O5819,TES-C5937,2024-01-23,Solar Panel Kit,1,17294.99,Pending,Financing
TES-O5676,TES-C2438,2025-03-02,Model S,1,87880.13,Shipped,Lease
TES-O14025,TES-C7148,2025-04-25,Model X,1,84960.85,Returned,Financing
TES-O11547,TES-C4465,2025-03-03,Solar Panel Kit,1,17080.71,Shipped,Financing
TES-O11503,TES-C8564,2023-01-24,Model Y,1,51923.78,Shipped,Financing
TES-O10889,TES-C9105,2025-08-30,Model X,1,95622.96,Delivered,Lease
TES-O9131,TES-C9331,2025-02-18,Model S,1,80315.88,Shipped,Cash
TES-O10472,TES-C9911,2025-02-07,Model Y,1,49059.79,Cancelled,Credit Card
TES-O14483,TES-C2185,2025-04-20,Powerwall,1,11967.91,Cancelled,Financing
TES-O11824,TES-C9225,2024-09-06,Supercharging Credits,3,190.73,Cancelled,Cash
TES-O10402,TES-C3485,2023-12-12,Model X,1,99652.67,Returned,Cash
TES-O10696,TES-C4351,2023-09-24,Merchandise,5,252.95,Delivered,Cash
TES-O7343,TES-C10712,2024-11-04,Solar Panel Kit,1,16693.07,Pending,Cash
TES-O13200,TES-C8134,2025-07-10,Model S,1,88034.21,Cancelled,Lease
TES-O12493,TES-C10255,2023-09-30,Merchandise,3,175.71,Pending,Cash
TES-O10033,TES-C6288,2025-09-11,Model Y,1,45458.76,Delivered,Lease
TES-O8298,TES-C5511,2025-08-09,Model S,1,78122.34,Delivered,Credit Card
TES-O10498,TES-C8409,2025-01-08,Solar Panel Kit,1,20874.47,Delivered,Financing
TES-O6107,TES-C6568,2024-06-22,Supercharging Credits,3,160.36,Delivered,Credit Card
TES-O6969,TES-C7401,2025-01-18,Model X,1,94784.58,Delivered,Credit Card
TES-O6137,TES-C4402,2025-06-07,Supercharging Credits,5,13.53,Pending,Cash
TES-O8236,TES-C9999,2025-05-26,Model X,1,98882.55,Delivered,Financing
TES-O11176,TES-C5245,2023-12-14,Model Y,1,51996.52,Delivered,Cash
TES-O11285,TES-C9667,2023-11-06,Model 3,1,44208.04,Delivered,Lease
TES-O12943,TES-C2385,2025-01-18,Model Y,1,50678.71,Delivered,Lease
TES-O9205,TES-C9999,2025-07-28,Merchandise,5,187.93,Shipped,Cash
TES-O10737,TES-C9702,2025-07-19,Supercharging Credits,4,194.51,Delivered,Cash
TES-O12718,TES-C3938,2025-04-22,Model Y,1,53131.33,Cancelled,Financing
TES-O10446,TES-C9999,2023-09-22,Model 3,1,38669.13,Pending,Lease
TES-O6872,TES-C10265,2023-04-13,Model 3,1,38635.61,Delivered,Lease
TES-O11430,TES-C7622,2023-02-21,Model X,1,93211.04,Delivered,Credit Card
TES-O9181,TES-C10535,2025-02-04,Model S,1,90210.8,Returned,Financing
TES-O14289,TES-C9388,2024-03-23,Merchandise,3,174.01,Returned,Credit Card
TES-O14232,TES-C6508,2025-07-20,Model X,1,88812.33,Pending,Cash
TES-O5776,TES-C1208,2023-10-17,Solar Panel Kit,1,24017.62,Shipped,Credit Card
TES-O5195,TES-C2299,2023-04-15,Model 3,1,41790.64,Delivered,Lease
TES-O7074,TES-C3904,2024-07-31,Model Y,1,43449.07,Delivered,Cash
TES-O6697,TES-C3479,2024-10-02,Model X,1,85130.57,Pending,Credit Card
TES-O14906,TES-C1891,2024-01-26,Solar Panel Kit,1,19573.56,Delivered,Credit Card
TES-O9673,TES-C4550,2023-05-31,Model S,1,82615.03,Delivered,Financing
TES-O7004,TES-C2951,2024-06-05,Model X,1,80765.78,Shipped,Credit Card
TES-O13520,TES-C6937,2024-10-11,Solar Panel Kit,1,15677.87,Returned,Financing
TES-O5621,TES-C3210,2023-11-06,Model Y,1,49842.95,Shipped,Lease
TES-O13569,TES-C4027,2023-10-12,Powerwall,1,11576.49,Unknown,Cash
TES-O13705,TES-C10972,2025-04-11,Powerwall,1,10750.18,Delivered,Credit Card
TES-O14269,TES-C8125,2024-07-31,Model S,1,86040.13,Returned,Financing
TES-O7635,TES-C7588,2023-07-02,Model 3,1,46446.22,Delivered,Cash
TES-O11605,TES-C7621,2023-06-03,Powerwall,1,9537.84,Shipped,Credit Card
TES-O10081,TES-C4862,2024-11-29,Merchandise,5,33.98,Delivered,Financing
TES-O8278,TES-C9999,2023-05-20,Supercharging Credits,2,92.44,Returned,Lease
TES-O9649,TES-C5128,2024-08-22,Model S,1,89752.95,Returned,Lease
TES-O6892,TES-C10560,2023-04-21,Supercharging Credits,3,14.67,Delivered,Credit Card
TES-O10066,TES-C9378,2023-11-02,Model 3,1,44969.01,Delivered,Lease
TES-O5644,TES-C5184,2023-10-24,Model 3,1,44476.89,Returned,Cash
TES-O12524,TES-C3192,2025-09-15,Model S,1,75526.74,Delivered,Cash
TES-O10424,TES-C8385,2023-12-23,Powerwall,1,9006.49,Returned,Cash
TES-O10734,TES-C5852,2024-02-08,Powerwall,1,9620.21,Delivered,Credit Card
TES-O10900,TES-C6073,2024-01-14,Model 3,1,45660.93,Pending,Cash
TES-O12398,TES-C8619,2025-03-11,Merchandise,3,55.34,Pending,Credit Card
TES-O13756,TES-C7225,2024-03-10,Powerwall,1,11829.73,Pending,Credit Card
TES-O9538,TES-C4180,2024-12-23,Supercharging Credits,1,59.95,Cancelled,Credit Card
TES-O7448,TES-C4197,2023-07-29,Solar Panel Kit,1,19490.62,Delivered,Financing
TES-O10591,TES-C8583,2025-11-02,Model 3,1,42394.29,Pending,Cash
TES-O8402,TES-C4014,2025-08-05,Model X,1,91020.92,Delivered,Lease
TES-O6266,TES-C6141,2023-03-15,Supercharging Credits,5,183.62,Delivered,Cash
TES-O7296,TES-C7035,2023-07-19,Model S,1,85956.09,Shipped,Credit Card
TES-O14857,TES-C4361,2024-04-27,Powerwall,1,11431.9,Delivered,Financing
TES-O12742,TES-C4324,2024-06-07,Model X,1,99841.92,Returned,Lease
TES-O14405,TES-C3415,2024-09-18,Model S,1,82223.37,Delivered,Credit Card
TES-O13753,TES-C4230,2024-08-28,Model X,1,82702.08,Returned,Credit Card
TES-O6365,TES-C8501,2023-02-09,Model Y,1,47985.31,Pending,Cash
TES-O11599,TES-C5009,2023-10-27,Model 3,1,38393.36,Returned,Credit Card
TES-O12294,TES-C5566,2024-09-17,Model S,1,76690.8,Delivered,Credit Card
TES-O6433,TES-C10754,2023-10-09,Merchandise,5,257.06,Delivered,Credit Card
TES-O6515,TES-C2740,2023-02-23,Powerwall,1,9301.36,Delivered,Cash
TES-O8042,TES-C4095,2024-06-24,Supercharging Credits,3,30.18,Returned,Financing
TES-O9300,TES-C7478,2025-09-09,Model X,1,92701.29,Delivered,Credit Card
TES-O7257,TES-C9061,2023-06-01,Supercharging Credits,2,192.17,Delivered,Lease
TES-O9875,TES-C9196,2024-12-25,Merchandise,2,86.03,Delivered,Lease
TES-O5713,TES-C3274,2025-07-05,Model S,1,78597.5,Delivered,Lease
TES-O14674,TES-C2518,2025-04-21,Powerwall,1,11511.66,Delivered,Financing
TES-O8578,TES-C9999,2024-11-17,Merchandise,1,284.99,Returned,Credit Card
TES-O12132,TES-C9649,2025-01-14,Model X,1,86334.21,Delivered,Financing
TES-O10115,TES-C4121,2024-03-12,Merchandise,2,214.15,Returned,Financing
TES-O5310,TES-C4791,2025-06-19,Model X,1,95139.51,Delivered,Credit Card
TES-O12686,TES-C5922,2023-08-21,Supercharging Credits,1,109.98,Shipped,Cash
TES-O6949,TES-C7495,2024-05-04,Model Y,1,49737.08,Returned,Credit Card
TES-O14754,TES-C5951,2025-09-08,Supercharging Credits,1,61.17,Delivered,Lease
TES-O14182,TES-C2240,2025-01-16,Model 3,1,45153.32,Pending,Cash
TES-O12562,TES-C5299,2024-02-24,Supercharging Credits,4,77.55,Cancelled,Lease
TES-O12785,TES-C9068,2025-05-22,Model S,1,75886.58,Returned,Cash
TES-O14408,TES-C2059,2023-03-15,Model Y,1,45393.24,Unknown,Cash
TES-O8671,TES-C3655,2024-02-09,Solar Panel Kit,1,20777.39,Delivered,Financing
TES-O8991,TES-C2619,2025-02-11,Model S,1,75059.2,Delivered,Lease
TES-O13761,TES-C8254,2024-10-13,Model X,1,90103.86,Shipped,Lease
TES-O14979,TES-C4208,2023-06-06,Merchandise,3,235.22,Returned,Credit Card
TES-O10137,TES-C5470,2024-10-31,Model X,1,91473.15,Cancelled,Cash
TES-O10285,TES-C10023,2025-02-16,Model S,1,92398.15,Delivered,Financing
TES-O10075,TES-C9291,2025-11-06,Model S,1,76149.97,Shipped,Financing
TES-O14491,TES-C8179,2024-10-02,Merchandise,5,90.01,Delivered,Lease
TES-O14324,TES-C1316,2023-10-24,Model X,1,90436.61,Cancelled,Cash
TES-O5259,TES-C2756,2025-07-30,Model Y,1,51393.91,Delivered,Credit Card
TES-O11355,TES-C10190,2024-08-20,Powerwall,1,10612.77,Returned,Credit Card
TES-O13227,TES-C2376,2024-04-28,Model 3,1,42964.27,Delivered,Financing
TES-O7599,TES-C4472,2023-04-21,Model S,1,90807.21,Delivered,Cash
TES-O6450,TES-C10821,2023-05-08,Merchandise,4,54.51,Delivered,Financing
TES-O8838,TES-C5259,2024-06-07,Supercharging Credits,4,166.82,Pending,Lease
TES-O12764,TES-C9076,2024-03-06,Merchandise,2,107.56,Pending,Cash
TES-O14581,TES-C9241,2024-05-26,Model X,1,90522.94,Delivered,Lease
TES-O8170,TES-C3626,2024-11-22,Model S,1,85305.24,Delivered,Lease
TES-O10661,TES-C2870,2024-06-03,Powerwall,1,11573.9,Delivered,Cash
TES-O6214,TES-C8285,2025-05-06,Supercharging Credits,2,20.42,Shipped,Financing
TES-O7588,TES-C10866,2025-02-01,Merchandise,3,113.56,Delivered,Lease
TES-O9847,TES-C7699,2025-09-01,Supercharging Credits,3,55.2,Delivered,Credit Card
TES-O12297,TES-C7703,2023-12-17,Merchandise,2,147.36,Returned,Lease
TES-O11211,TES-C3736,2024-08-27,Merchandise,5,100.64,Delivered,Credit Card
TES-O6243,TES-C8138,2024-07-22,Merchandise,3,61.78,Shipped,Financing
TES-O5119,TES-C6180,2023-07-15,Model S,1,76341.09,Unknown,Cash
TES-O6264,TES-C2482,2023-07-11,Solar Panel Kit,1,23792.53,Delivered,Credit Card
TES-O10109,TES-C8584,2024-12-28,Merchandise,3,293.12,Shipped,Cash
TES-O9678,TES-C3837,2024-12-17,Model S,1,77829.96,Delivered,Financing
TES-O5999,TES-C3764,2025-12-28,Model S,1,83977.32,Cancelled,Cash
TES-O14136,TES-C4820,2024-03-26,Solar Panel Kit,1,20916.34,Delivered,Cash
TES-O5658,TES-C9540,2024-10-29,Model S,1,81249.46,Delivered,Cash
TES-O6797,TES-C5110,2024-12-08,Powerwall,1,9040.4,Delivered,Lease
TES-O13206,TES-C9872,2023-05-29,Merchandise,4,201.38,Cancelled,Cash
TES-O14816,TES-C2910,2023-10-07,Model X,1,94409.79,Unknown,Credit Card
TES-O12982,TES-C1580,2024-03-09,Model X,1,85669.28,Delivered,Lease
TES-O8252,TES-C3707,2025-09-11,Supercharging Credits,3,136.58,Delivered,Cash
TES-O12777,TES-C4775,2023-09-12,Supercharging Credits,4,40.6,Delivered,Financing
TES-O13881,TES-C5468,2024-05-09,Powerwall,1,11280.5,Pending,Financing
TES-O8304,TES-C8500,2024-03-26,Model X,1,92155.65,Delivered,Lease
TES-O14045,TES-C6835,2025-10-02,Model X,1,99350.64,Pending,Lease
TES-O11269,TES-C8726,2025-05-30,Solar Panel Kit,1,21581.31,Pending,Lease
TES-O5049,TES-C8832,2025-07-04,Model S,1,75618.08,Cancelled,Lease
TES-O8295,TES-C4619,2023-10-14,Model X,1,92359.29,Shipped,Cash
TES-O8664,TES-C1571,2025-10-31,Merchandise,5,253.5,Shipped,Cash
TES-O13906,TES-C1310,2025-04-10,Model 3,1,46635.05,Pending,Lease
TES-O12370,TES-C4088,2023-01-16,Supercharging Credits,3,27.78,Pending,Financing
TES-O5403,TES-C8649,2024-04-14,Model X,1,99568.72,Cancelled,Financing
TES-O12008,TES-C6357,2024-05-23,Model S,1,93129.58,Pending,Financing
TES-O10271,TES-C8332,2025-03-04,Model S,1,87556.25,Cancelled,Cash
TES-O5492,TES-C3281,2024-10-28,Model 3,1,43131.68,Delivered,Credit Card
TES-O6755,TES-C4123,2023-06-27,Powerwall,1,10887.98,Returned,Financing
TES-O11064,TES-C4677,2023-08-19,Merchandise,2,148.31,Delivered,Financing
TES-O10120,TES-C4669,2024-06-16,Supercharging Credits,5,99.92,Delivered,Lease
TES-O11776,TES-C1809,2024-05-30,Solar Panel Kit,1,15872.85,Pending,Credit Card
TES-O5228,TES-C2396,2025-01-10,Model 3,1,39189.9,Shipped,Cash
TES-O10892,TES-C2399,2023-07-30,Model 3,1,39099.35,Delivered,Financing
TES-O12064,TES-C10651,2024-08-24,Model S,1,86535.65,Cancelled,Financing
TES-O12212,TES-C3885,2024-01-16,Merchandise,2,67.74,Delivered,Credit Card
TES-O5963,TES-C6567,2025-12-22,Solar Panel Kit,1,21449.9,Pending,Credit Card
TES-O11575,TES-C9795,2025-10-19,Supercharging Credits,2,69.7,Shipped,Financing
TES-O7537,TES-C2680,2025-04-05,Model S,1,91986.15,Returned,Credit Card
TES-O9412,TES-C10921,2025-08-25,Model X,1,83205.4,Unknown,Lease
TES-O9722,TES-C10158,2024-04-05,Powerwall,1,10744.76,Delivered,Lease
TES-O11888,TES-C6353,2024-09-13,Model Y,1,54848.88,Cancelled,Lease
TES-O14956,TES-C2783,2025-11-22,Powerwall,1,10329.82,Cancelled,Lease
TES-O6983,TES-C1444,2025-01-01,Powerwall,1,10174.75,Pending,Credit Card
TES-O10918,TES-C3605,2024-02-25,Powerwall,1,9369.35,Pending,Lease
TES-O13317,TES-C4751,2024-02-17,Model 3,1,39098.56,Delivered,Financing
TES-O8049,TES-C9008,2023-12-31,Supercharging Credits,4,153.74,Cancelled,Lease
TES-O7201,TES-C9345,2025-03-04,Model X,1,84382.78,Returned,Cash
TES-O12985,TES-C2862,2025-04-30,Model 3,1,42359.76,Delivered,Cash
TES-O11023,TES-C2648,2024-07-21,Model S,1,87586.36,Pending,Lease
TES-O9846,TES-C1555,2025-10-30,Model X,1,98838.51,Returned,Credit Card
TES-O12455,TES-C5744,2024-01-01,Supercharging Credits,5,46.1,Shipped,Lease
TES-O13988,TES-C5683,2024-12-09,Model Y,1,42436.97,Delivered,Lease
TES-O12980,TES-C9670,2023-02-18,Powerwall,1,10530.56,Delivered,Financing
TES-O9124,TES-C10264,2023-09-23,Merchandise,5,50.87,Pending,Lease
TES-O6519,TES-C8589,2025-12-16,Merchandise,5,247.16,Delivered,Lease
TES-O8601,TES-C8741,2024-11-06,Powerwall,1,10772.65,Delivered,Credit Card
TES-O5855,TES-C8836,2023-07-19,Model X,1,92539.28,Returned,Lease
TES-O10466,TES-C6899,2025-03-01,Model 3,1,39366.3,Pending,Lease
TES-O8797,TES-C4143,2024-09-13,Powerwall,1,11275.34,Delivered,Financing
TES-O13012,TES-C9693,2025-10-09,Model Y,1,43524.76,Cancelled,Credit Card
TES-O5765,TES-C3117,2025-07-06,Powerwall,1,11232.48,Shipped,Credit Card
TES-O14695,TES-C7102,2023-11-07,Model X,1,96103.78,Delivered,Lease
TES-O6339,TES-C1157,2024-04-06,Powerwall,1,11532.07,Shipped,Lease
TES-O9930,TES-C8073,2025-08-21,Model S,1,76959.86,Unknown,Financing
TES-O7756,TES-C6337,2024-04-10,Powerwall,1,10968.05,Pending,Cash
TES-O8775,TES-C4365,2023-10-23,Powerwall,1,11784.68,Shipped,Financing
TES-O8421,TES-C1198,2023-10-06,Powerwall,1,11142.75,Delivered,Cash
TES-O13508,TES-C1848,2023-01-23,Model S,1,81225.4,Returned,Lease
TES-O12096,TES-C6401,2024-12-21,Merchandise,3,226.35,Delivered,Financing
TES-O9312,TES-C7560,2023-11-16,Supercharging Credits,4,155.19,Pending,Cash
TES-O14540,TES-C6198,2025-11-12,Powerwall,1,9266.9,Delivered,Cash
TES-O6010,TES-C6434,2025-08-05,Supercharging Credits,2,152.07,Delivered,Cash
TES-O14064,TES-C5670,2023-09-08,Model 3,1,44545.42,Unknown,Lease
TES-O5798,TES-C8474,2024-05-04,Model S,1,92441.95,Unknown,Credit Card
TES-O6769,TES-C1976,2025-12-24,Model Y,1,53398.12,Returned,Credit Card
TES-O14421,TES-C10499,2025-02-10,Powerwall,1,9605.2,Returned,Financing
TES-O5125,TES-C6155,2025-09-17,Model 3,1,39839.29,Delivered,Lease
TES-O5283,TES-C6063,2025-06-13,Merchandise,4,186.07,Pending,Lease
TES-O10355,TES-C9221,2025-07-13,Model X,1,97908.42,Delivered,Lease
TES-O9088,TES-C7953,2024-05-21,Supercharging Credits,1,66.95,Shipped,Financing
TES-O13171,TES-C2204,2025-11-25,Merchandise,2,73.62,Pending,Lease
TES-O14316,TES-C10109,2024-07-11,Model Y,1,50756.09,Delivered,Financing
TES-O6257,TES-C2672,2025-12-24,Merchandise,1,274.61,Cancelled,Credit Card
TES-O8672,TES-C7158,2024-03-15,Solar Panel Kit,1,21699.15,Shipped,Cash
TES-O14766,TES-C5951,2023-05-16,Powerwall,1,10718.07,Delivered,Lease
TES-O10412,TES-C3449,2024-04-01,Model X,1,89658.16,Delivered,Lease
TES-O10759,TES-C6022,2025-07-26,Solar Panel Kit,1,17541.09,Pending,Cash
TES-O6536,TES-C7049,2024-09-03,Model X,1,92045.62,Pending,Financing
TES-O10157,TES-C9250,2023-11-24,Model X,1,82285.59,Pending,Credit Card
TES-O10356,TES-C3086,2024-09-07,Supercharging Credits,3,90.59,Shipped,Cash
TES-O12835,TES-C3954,2024-03-19,Model X,1,90249.21,Shipped,Credit Card
TES-O9191,TES-C4395,2024-07-11,Model X,1,95585.95,Delivered,Cash
TES-O10076,TES-C6838,2023-03-16,Model X,1,95362.44,Delivered,Lease
TES-O10832,TES-C7568,2025-11-05,Solar Panel Kit,1,16661.84,Returned,Credit Card
TES-O8188,TES-C3868,2023-04-02,Solar Panel Kit,1,23749.69,Delivered,Financing
TES-O6227,TES-C6817,2023-08-07,Model Y,1,50060.08,Shipped,Credit Card
TES-O5334,TES-C9999,2025-11-24,Model X,1,84413.93,Shipped,Lease
TES-O8524,TES-C7727,2023-12-30,Model 3,1,39710.04,Pending,Financing
TES-O14444,TES-C10642,2025-05-24,Model Y,1,51650.85,Delivered,Cash
TES-O10927,TES-C1051,2023-03-30,Solar Panel Kit,1,16232.07,Returned,Lease
TES-O8612,TES-C3635,2025-01-07,Merchandise,1,224.02,Cancelled,Credit Card
TES-O7820,TES-C8937,2025-01-09,Model X,1,87775.09,Pending,Financing
TES-O11714,TES-C7092,2024-07-30,Supercharging Credits,2,171.09,Delivered,Credit Card
TES-O14616,TES-C9807,2025-11-21,Solar Panel Kit,1,24978.55,Delivered,Financing
TES-O13280,TES-C7465,2023-08-07,Powerwall,1,10140.9,Returned,Cash
TES-O9218,TES-C1007,2023-06-23,Supercharging Credits,1,21.72,Returned,Cash
TES-O9573,TES-C5166,2023-05-23,Model 3,1,42164.09,Delivered,Cash
TES-O5723,TES-C6939,2025-04-02,Merchandise,5,241.9,Delivered,Cash
TES-O6614,TES-C5344,2023-07-12,Supercharging Credits,5,164.74,Pending,Cash
TES-O5986,TES-C9819,2024-05-03,Model Y,1,54889.47,Returned,Cash
TES-O14075,TES-C1552,2024-08-06,Model S,1,93600.82,Delivered,Credit Card
TES-O13729,TES-C2389,2024-11-11,Model Y,1,50674.16,Delivered,Financing
TES-O13512,TES-C5474,2024-06-24,Supercharging Credits,2,20.6,Returned,Financing
TES-O13957,TES-C7393,2025-05-13,Model Y,1,49458.03,Shipped,Financing
TES-O10868,TES-C5648,2025-11-30,Merchandise,5,191.3,Delivered,Cash
TES-O8373,TES-C3449,2025-06-18,Model S,1,90619.85,Returned,Lease
TES-O7353,TES-C6536,2024-04-16,Model S,1,93002.59,Delivered,Credit Card
TES-O12635,TES-C4719,2025-08-15,Model X,1,92689.97,Returned,Credit Card
TES-O7794,TES-C4410,2025-06-10,Model 3,1,45802.32,Shipped,Lease
TES-O11125,TES-C5219,2024-12-06,Powerwall,1,11590.27,Delivered,Financing
TES-O8386,TES-C8489,2024-06-30,Powerwall,1,11123.32,Delivered,Credit Card
TES-O5100,TES-C7740,2025-09-24,Model S,1,85170.88,Delivered,Lease
TES-O10551,TES-C6301,2025-08-25,Solar Panel Kit,1,24125.18,Delivered,Cash
TES-O7965,TES-C5720,2025-02-11,Merchandise,5,193.58,Delivered,Credit Card
TES-O10974,TES-C7622,2024-05-21,Supercharging Credits,3,75.37,Cancelled,Financing
TES-O10827,TES-C4807,2025-03-09,Solar Panel Kit,1,23352.99,Shipped,Lease
TES-O10277,TES-C4796,2025-01-04,Model X,1,95237.34,Cancelled,Financing
TES-O9771,TES-C9265,2023-07-05,Powerwall,1,9562.56,Returned,Financing
TES-O9942,TES-C5460,2024-04-08,Model 3,1,39830.98,Shipped,Financing
TES-O6406,TES-C10441,2025-11-26,Model 3,1,38610.35,Pending,Lease
TES-O9850,TES-C10925,2025-06-01,Model S,1,84972.96,Delivered,Cash
TES-O10085,TES-C1014,2023-08-11,Merchandise,2,175.88,Unknown,Lease
TES-O5611,TES-C7078,2024-07-15,Model S,1,92646.57,Pending,Cash
TES-O9184,TES-C9224,2023-04-03,Supercharging Credits,5,162.06,Shipped,Cash
TES-O13949,TES-C8719,2024-02-18,Solar Panel Kit,1,22059.16,Delivered,Credit Card
TES-O9589,TES-C8504,2023-05-22,Merchandise,3,198.64,Shipped,Lease
TES-O6005,TES-C4778,2025-01-20,Model X,1,84660.1,Delivered,Credit Card
TES-O6982,TES-C7925,2023-10-21,Supercharging Credits,4,134.94,Cancelled,Credit Card
TES-O14963,TES-C8213,2024-11-12,Supercharging Credits,5,109.83,Delivered,Financing
TES-O7273,TES-C9707,2025-08-10,Model 3,1,44520.75,Delivered,Cash
TES-O14553,TES-C8668,2025-12-04,Merchandise,3,58.85,Cancelled,Cash
TES-O6652,TES-C7315,2024-03-17,Supercharging Credits,5,53.47,Returned,Cash
TES-O7325,TES-C9691,2024-03-01,Merchandise,5,171.09,Delivered,Financing
TES-O7232,TES-C2907,2023-09-22,Merchandise,1,225.41,Delivered,Credit Card
TES-O6126,TES-C4392,2024-07-24,Model Y,1,48192.54,Delivered,Financing
TES-O11195,TES-C8919,2023-07-03,Supercharging Credits,4,154.56,Delivered,Lease
TES-O10141,TES-C8845,2024-05-30,Solar Panel Kit,1,22365.52,Shipped,Lease
TES-O13474,TES-C7142,2023-01-14,Supercharging Credits,1,196.06,Returned,Lease
TES-O9321,TES-C9924,2025-07-07,Model 3,1,39824.66,Shipped,Financing
TES-O14895,TES-C9999,2023-07-15,Model S,1,89870.86,Cancelled,Credit Card
TES-O8983,TES-C3257,2023-05-24,Powerwall,1,10174.17,Delivered,Financing
TES-O8359,TES-C2872,2025-11-24,Model 3,1,39663.52,Delivered,Cash
TES-O5272,TES-C7107,2024-06-20,Powerwall,1,9703.73,Cancelled,Cash
TES-O9077,TES-C9343,2023-03-09,Supercharging Credits,1,58.56,Delivered,Lease
TES-O9660,TES-C6698,2025-01-26,Model X,1,88862.58,Cancelled,Lease
TES-O10273,TES-C6125,2024-05-17,Model Y,1,42037.16,Delivered,Lease
TES-O5084,TES-C6399,2025-06-28,Supercharging Credits,1,170.51,Pending,Cash
TES-O12431,TES-C8283,2025-10-02,Model Y,1,52082.9,Returned,Cash
TES-O6549,TES-C8969,2025-09-25,Powerwall,1,10703.79,Cancelled,Credit Card
TES-O12610,TES-C8163,2025-03-04,Solar Panel Kit,1,21210.43,Returned,Lease
TES-O9407,TES-C6351,2024-07-04,Model S,1,94258.95,Pending,Cash
TES-O5574,TES-C5998,2025-04-20,Model Y,1,51884.19,Delivered,Cash
TES-O5331,TES-C6356,2023-05-02,Powerwall,1,9654.85,Delivered,Lease
TES-O11477,TES-C7452,2023-11-27,Solar Panel Kit,1,24482.06,Delivered,Credit Card
TES-O9674,TES-C5645,2025-02-24,Merchandise,3,215.77,Delivered,Cash
TES-O13534,TES-C3711,2023-05-05,Model 3,1,38066.29,Delivered,Cash
TES-O12411,TES-C6186,2023-08-31,Merchandise,2,230.07,Delivered,Financing
TES-O9754,TES-C6568,2025-11-18,Solar Panel Kit,1,15335.12,Cancelled,Lease
TES-O12321,TES-C8779,2024-01-12,Model S,1,76985.79,Shipped,Cash
TES-O11053,TES-C10500,2023-07-09,Model Y,1,48675.18,Delivered,Cash
TES-O9949,TES-C1098,2025-11-02,Solar Panel Kit,1,18803.51,Delivered,Credit Card
TES-O8120,TES-C6141,2025-12-11,Model S,1,76635.64,Delivered,Cash
TES-O10226,TES-C8625,2023-08-27,Model X,1,88966.32,Cancelled,Lease
TES-O11400,TES-C8618,2024-02-09,Powerwall,1,11423.91,Pending,Credit Card
TES-O11813,TES-C6937,2023-10-10,Merchandise,4,142.26,Delivered,Cash
TES-O8408,TES-C10076,2024-11-19,Solar Panel Kit,1,23518.13,Cancelled,Cash
TES-O11221,TES-C10071,2023-09-03,Model 3,1,44242.2,Delivered,Financing
TES-O5594,TES-C8767,2023-11-02,Solar Panel Kit,1,21032.19,Delivered,Lease
TES-O5601,TES-C8314,2024-03-21,Model X,1,92195.01,Returned,Credit Card
TES-O6335,TES-C6552,2025-06-26,Model S,1,80469.73,Cancelled,Lease
TES-O10393,TES-C9999,2025-11-15,Model S,1,75091.62,Delivered,Credit Card
TES-O9837,TES-C6657,2025-04-21,Model Y,1,44164.21,Shipped,Lease
TES-O14280,TES-C8148,2023-03-22,Model 3,1,42888.09,Returned,Lease
TES-O8464,TES-C2813,2023-10-29,Powerwall,1,10486.22,Delivered,Financing
TES-O8465,TES-C10239,2025-04-04,Solar Panel Kit,1,17465.57,Delivered,Cash
TES-O6282,TES-C3281,2024-11-05,Merchandise,2,141.91,Delivered,Financing
TES-O6599,TES-C10135,2024-12-20,Model S,1,79708.07,Delivered,Financing
TES-O5548,TES-C8180,2023-05-07,Model X,1,82012.24,Shipped,Cash
TES-O8530,TES-C5060,2024-06-01,Model Y,1,54333.38,Delivered,Cash
TES-O5996,TES-C1874,2024-10-26,Model X,1,90240.1,Cancelled,Cash
TES-O11748,TES-C2715,2024-09-25,Solar Panel Kit,1,24597.7,Delivered,Credit Card
TES-O14197,TES-C4767,2025-03-30,Model 3,1,45904.59,Delivered,Lease
TES-O5071,TES-C5203,2024-01-27,Model Y,1,52034.42,Delivered,Cash
TES-O13561,TES-C7850,2024-12-31,Supercharging Credits,4,120.65,Shipped,Lease
TES-O11151,TES-C2311,2023-02-10,Powerwall,1,11188.42,Cancelled,Credit Card
TES-O11286,TES-C6315,2025-06-13,Model Y,1,47515.25,Delivered,Financing
TES-O6047,TES-C2383,2023-12-18,Model Y,1,54186.31,Delivered,Credit Card
TES-O12084,TES-C8468,2024-04-18,Merchandise,1,114.3,Returned,Credit Card
TES-O5211,TES-C8904,2023-07-29,Model 3,1,38198.12,Delivered,Credit Card
TES-O8487,TES-C10683,2023-01-17,Model 3,1,40896.24,Pending,Cash
TES-O10736,TES-C3608,2025-05-21,Model S,1,83389.76,Delivered,Credit Card
TES-O10898,TES-C6990,2024-05-21,Supercharging Credits,2,170.23,Pending,Lease
TES-O8660,TES-C8784,2023-06-22,Merchandise,1,109.8,Cancelled,Lease
TES-O13167,TES-C3515,2024-10-04,Powerwall,1,11671.7,Shipped,Lease
TES-O10225,TES-C4161,2023-05-03,Model 3,1,43762.62,Shipped,Lease
TES-O9374,TES-C9993,2024-01-06,Model Y,1,47893.44,Returned,Financing
TES-O10278,TES-C3339,2025-03-23,Powerwall,1,11791.54,Cancelled,Financing
TES-O6678,TES-C10749,2024-04-18,Model Y,1,47405.09,Returned,Cash
TES-O5767,TES-C3308,2024-01-01,Merchandise,4,158.6,Delivered,Financing
TES-O11128,TES-C5683,2025-03-18,Solar Panel Kit,1,23099.63,Cancelled,Lease
TES-O10078,TES-C2330,2024-01-24,Model 3,1,38768.93,Shipped,Credit Card
TES-O8860,TES-C9999,2024-03-19,Merchandise,3,70.22,Delivered,Lease
TES-O6636,TES-C5396,2025-04-03,Model Y,1,54108.05,Delivered,Financing
TES-O14115,TES-C3107,2023-04-15,Model Y,1,47195.46,Pending,Credit Card
TES-O5709,TES-C7272,2025-11-01,Powerwall,1,11875.48,Shipped,Credit Card
TES-O10938,TES-C10970,2024-05-23,Solar Panel Kit,1,15041.84,Pending,Credit Card
TES-O7712,TES-C7183,2024-05-03,Supercharging Credits,1,117.89,Delivered,Lease
TES-O5048,TES-C2977,2024-01-13,Model Y,1,42445.16,Shipped,Lease
TES-O12740,TES-C7503,2024-07-26,Model 3,1,43992.0,Delivered,Financing
TES-O9209,TES-C3224,2023-09-04,Solar Panel Kit,1,20722.82,Delivered,Financing
TES-O9606,TES-C4527,2024-10-31,Solar Panel Kit,1,24130.85,Cancelled,Cash
TES-O10942,TES-C7116,2024-02-29,Solar Panel Kit,1,23290.73,Delivered,Credit Card
TES-O12532,TES-C9698,2025-01-01,Merchandise,5,73.61,Shipped,Lease
TES-O10264,TES-C3550,2024-03-21,Model 3,1,38916.72,Delivered,Credit Card
TES-O13399,TES-C3679,2024-01-09,Model Y,1,47757.3,Returned,Lease
TES-O6512,TES-C2608,2025-08-22,Powerwall,1,9543.26,Returned,Lease
TES-O10037,TES-C3162,2025-07-03,Model 3,1,42110.71,Shipped,Financing
TES-O8043,TES-C3263,2024-05-12,Powerwall,1,10264.05,Delivered,Lease
TES-O6926,TES-C3786,2024-05-06,Supercharging Credits,4,148.77,Delivered,Cash
TES-O10260,TES-C9193,2025-08-27,Model 3,1,45577.61,Delivered,Cash
TES-O13459,TES-C5645,2025-07-19,Model 3,1,44430.09,Delivered,Financing
TES-O10338,TES-C1447,2023-05-11,Supercharging Credits,2,124.05,Unknown,Credit Card
TES-O13624,TES-C3170,2023-08-23,Supercharging Credits,1,194.97,Delivered,Cash
TES-O9096,TES-C4598,2025-10-17,Model X,1,92430.24,Delivered,Cash
TES-O5351,TES-C4307,2023-05-10,Model S,1,80221.78,Cancelled,Lease
TES-O6896,TES-C2648,2023-11-07,Supercharging Credits,1,184.42,Delivered,Lease
TES-O12662,TES-C10071,2023-10-20,Merchandise,3,189.73,Cancelled,Cash
TES-O7304,TES-C9637,2025-05-08,Merchandise,3,185.8,Delivered,Lease
TES-O14672,TES-C5134,2023-08-08,Powerwall,1,9334.45,Cancelled,Credit Card
TES-O8631,TES-C2330,2023-08-16,Merchandise,5,35.61,Pending,Cash
TES-O6782,TES-C7503,2024-06-27,Model 3,1,47603.8,Returned,Credit Card
TES-O12066,TES-C3725,2025-01-10,Solar Panel Kit,1,18402.71,Shipped,Cash
TES-O14792,TES-C4512,2023-05-29,Powerwall,1,10486.76,Delivered,Cash
TES-O7176,TES-C2921,2024-09-08,Model Y,1,44615.77,Shipped,Lease
TES-O14370,TES-C4841,2023-01-07,Model S,1,93629.62,Shipped,Financing
TES-O13393,TES-C7609,2023-09-12,Model 3,1,39843.28,Delivered,Credit Card
TES-O8349,TES-C4134,2024-08-17,Solar Panel Kit,1,15358.66,Pending,Credit Card
TES-O9319,TES-C5809,2025-11-04,Model S,1,80674.02,Delivered,Lease
TES-O7153,TES-C10104,2023-07-01,Powerwall,1,9036.05,Shipped,Credit Card
TES-O6915,TES-C9422,2025-07-10,Model 3,1,47758.13,Cancelled,Credit Card
TES-O6803,TES-C2123,2024-08-03,Model S,1,94742.15,Delivered,Credit Card
TES-O10416,TES-C3755,2024-06-26,Model 3,1,47947.84,Delivered,Cash
TES-O11541,TES-C7607,2024-07-01,Model Y,1,47094.97,Delivered,Cash
TES-O10310,TES-C1182,2023-12-17,Model 3,1,40335.93,Cancelled,Credit Card
TES-O12295,TES-C1053,2024-08-03,Model Y,1,43028.9,Returned,Lease
TES-O13948,TES-C4452,2024-10-07,Model S,1,92658.6,Cancelled,Cash
TES-O10680,TES-C2443,2025-04-01,Powerwall,1,9057.55,Cancelled,Cash
TES-O8564,TES-C4856,2025-05-14,Supercharging Credits,1,199.27,Delivered,Cash
TES-O10266,TES-C4575,2023-05-08,Powerwall,1,10331.55,Returned,Cash
TES-O5106,TES-C9768,2024-01-13,Merchandise,5,179.4,Delivered,Financing
TES-O14024,TES-C5504,2023-09-06,Model X,1,88450.8,Pending,Financing
TES-O8812,TES-C3396,2024-12-04,Model S,1,84913.5,Returned,Financing
TES-O14934,TES-C9999,2023-03-24,Model 3,1,40539.95,Delivered,Credit Card
TES-O8067,TES-C5747,2024-11-19,Powerwall,1,11631.25,Returned,Credit Card
TES-O10190,TES-C4571,2024-03-05,Model Y,1,42764.58,Returned,Cash
TES-O8985,TES-C9199,2023-10-23,Supercharging Credits,3,118.33,Shipped,Credit Card
TES-O14718,TES-C6548,2023-01-03,Merchandise,1,298.71,Cancelled,Credit Card
TES-O14296,TES-C2272,2024-12-13,Model Y,1,52417.98,Shipped,Financing
TES-O12056,TES-C5618,2025-03-12,Model X,1,98560.94,Returned,Cash
TES-O5646,TES-C8926,2025-04-09,Merchandise,1,195.78,Cancelled,Cash
TES-O14441,TES-C7375,2025-09-10,Merchandise,4,65.13,Returned,Credit Card
TES-O8720,TES-C5268,2025-07-10,Supercharging Credits,5,32.58,Delivered,Cash
TES-O9711,TES-C7332,2025-08-31,Model Y,1,50855.02,Delivered,Credit Card
TES-O12916,TES-C8376,2025-12-18,Solar Panel Kit,1,16177.11,Delivered,Credit Card
TES-O9139,TES-C3390,2023-10-27,Model 3,1,38459.9,Cancelled,Lease
TES-O12159,TES-C4494,2023-05-12,Supercharging Credits,3,192.98,Returned,Lease
TES-O5659,TES-C7991,2024-01-16,Powerwall,1,11008.72,Delivered,Lease
TES-O7908,TES-C6174,2024-05-04,Model S,1,92475.74,Shipped,Lease
TES-O10383,TES-C8162,2024-02-03,Supercharging Credits,2,192.77,Delivered,Lease
TES-O11810,TES-C9820,2024-04-27,Powerwall,1,10430.99,Delivered,Lease
TES-O9186,TES-C2104,2025-12-19,Model X,1,82022.58,Delivered,Cash
TES-O12178,TES-C5820,2025-03-11,Model Y,1,49785.55,Shipped,Lease
TES-O14980,TES-C4995,2025-05-25,Model 3,1,39711.93,Returned,Financing
TES-O9229,TES-C2627,2023-02-04,Solar Panel Kit,1,21539.33,Pending,Financing
TES-O6986,TES-C10446,2025-07-11,Supercharging Credits,2,196.99,Delivered,Lease
TES-O14770,TES-C1159,2025-10-15,Merchandise,1,37.59,Shipped,Cash
TES-O7768,TES-C1484,2024-06-09,Merchandise,4,234.21,Cancelled,Financing
TES-O13337,TES-C9746,2024-05-20,Model Y,1,44541.24,Delivered,Credit Card
TES-O13186,TES-C5104,2024-12-05,Model Y,1,54933.69,Cancelled,Cash
TES-O12889,TES-C1669,2025-02-13,Model S,1,86531.09,Delivered,Financing
TES-O7118,TES-C9338,2024-10-06,Powerwall,1,9562.67,Returned,Credit Card
TES-O14068,TES-C9007,2024-05-06,Solar Panel Kit,1,19461.71,Cancelled,Cash
TES-O7108,TES-C9865,2025-05-10,Merchandise,1,180.08,Delivered,Cash
TES-O5600,TES-C8323,2024-06-03,Solar Panel Kit,1,20940.23,Cancelled,Credit Card
TES-O5056,TES-C4374,2024-10-02,Model S,1,83604.75,Cancelled,Financing
TES-O6895,TES-C10490,2023-09-19,Model Y,1,48112.61,Returned,Cash
TES-O8884,TES-C10171,2024-08-16,Model X,1,97258.78,Delivered,Lease
TES-O9729,TES-C1691,2023-06-05,Merchandise,5,106.36,Delivered,Cash
TES-O5804,TES-C8015,2025-11-04,Model S,1,83178.8,Delivered,Lease
TES-O5791,TES-C8830,2024-06-25,Model 3,1,41124.04,Shipped,Cash
TES-O7668,TES-C4717,2024-03-04,Supercharging Credits,3,196.8,Shipped,Financing
TES-O8618,TES-C3070,2023-11-19,Powerwall,1,11312.64,Delivered,Credit Card
TES-O8145,TES-C6378,2025-04-05,Solar Panel Kit,1,21794.66,Pending,Financing
TES-O14389,TES-C9999,2025-01-21,Merchandise,1,88.96,Delivered,Financing
TES-O13483,TES-C7905,2023-08-26,Model 3,1,39231.69,Pending,Cash
TES-O13284,TES-C9490,2023-11-13,Solar Panel Kit,1,19893.73,Returned,Lease
TES-O14650,TES-C10399,2025-11-12,Model 3,1,46049.34,Delivered,Cash
TES-O9307,TES-C1301,2023-02-12,Model X,1,88109.46,Returned,Credit Card
TES-O14458,TES-C10243,2024-01-16,Model X,1,89906.36,Unknown,Lease
TES-O11462,TES-C1252,2023-01-04,Supercharging Credits,3,195.32,Shipped,Credit Card
TES-O6934,TES-C1626,2025-06-11,Powerwall,1,11780.28,Delivered,Cash
TES-O5293,TES-C1874,2025-02-19,Model Y,1,51114.57,Delivered,Financing
TES-O5597,TES-C2321,2023-11-05,Powerwall,1,10145.98,Delivered,Lease
TES-O5556,TES-C3982,2025-10-16,Model Y,1,49319.24,Shipped,Cash
TES-O7003,TES-C1019,2024-07-09,Model 3,1,40575.38,Unknown,Credit Card
TES-O12877,TES-C9879,2025-04-19,Model Y,1,49125.39,Delivered,Financing
TES-O12497,TES-C7690,2023-06-08,Model X,1,91785.12,Returned,Credit Card
TES-O7766,TES-C5744,2023-12-02,Merchandise,4,288.61,Delivered,Cash
TES-O6142,TES-C10341,2023-11-08,Merchandise,5,279.73,Returned,Credit Card
TES-O11716,TES-C7681,2025-10-30,Supercharging Credits,1,69.95,Delivered,Financing
TES-O13046,TES-C8365,2024-10-13,Model X,1,87110.5,Delivered,Financing
TES-O5977,TES-C8362,2025-09-23,Model X,1,97322.62,Returned,Lease
TES-O13214,TES-C1824,2024-03-22,Merchandise,2,181.82,Pending,Cash
TES-O14796,TES-C4530,2025-09-28,Model S,1,79594.41,Delivered,Lease
TES-O7210,TES-C10926,2024-01-26,Solar Panel Kit,1,22004.56,Delivered,Financing
TES-O11893,TES-C9344,2024-09-18,Model 3,1,46259.35,Shipped,Financing
TES-O9180,TES-C8928,2025-07-20,Model Y,1,49900.43,Pending,Credit Card
TES-O12448,TES-C7267,2024-10-05,Model S,1,84097.74,Returned,Lease
TES-O12047,TES-C6095,2025-12-21,Model Y,1,52732.71,Delivered,Financing
TES-O9770,TES-C3270,2023-07-26,Powerwall,1,10756.95,Cancelled,Financing
TES-O14713,TES-C9409,2023-08-26,Model X,1,82666.77,Pending,Credit Card
TES-O12677,TES-C8143,2025-09-10,Model S,1,85859.97,Delivered,Lease
TES-O14991,TES-C1094,2023-10-25,Model Y,1,45404.97,Shipped,Credit Card
TES-O13150,TES-C7652,2023-03-28,Model Y,1,50096.04,Delivered,Cash
TES-O9571,TES-C4318,2023-07-14,Powerwall,1,11934.83,Shipped,Cash
TES-O6463,TES-C2301,2024-11-19,Supercharging Credits,3,168.13,Pending,Lease
TES-O8864,TES-C5542,2023-07-16,Supercharging Credits,4,166.86,Returned,Lease
TES-O14897,TES-C9901,2024-03-28,Model X,1,81576.08,Cancelled,Cash
TES-O11253,TES-C7433,2023-02-05,Solar Panel Kit,1,23910.89,Delivered,Lease
TES-O6498,TES-C6013,2025-08-28,Merchandise,5,190.11,Unknown,Cash
TES-O14193,TES-C2555,2024-03-01,Model Y,1,53726.31,Pending,Credit Card
TES-O5954,TES-C7125,2025-03-02,Model 3,1,42191.01,Returned,Cash
TES-O7240,TES-C3338,2024-02-05,Model S,1,94205.74,Shipped,Credit Card
TES-O11736,TES-C5440,2024-05-03,Model Y,1,47729.89,Delivered,Lease
TES-O13049,TES-C2803,2023-07-19,Model Y,1,47576.71,Pending,Credit Card
TES-O12225,TES-C6817,2024-02-03,Merchandise,5,175.59,Shipped,Credit Card
TES-O11569,TES-C9468,2025-01-10,Model X,1,94741.47,Cancelled,Lease
TES-O14212,TES-C4912,2025-07-28,Model Y,1,45970.38,Delivered,Financing
TES-O11468,TES-C1615,2023-12-03,Merchandise,3,260.19,Delivered,Credit Card
TES-O11069,TES-C2856,2025-04-13,Model X,1,92365.58,Pending,Financing
TES-O8709,TES-C4485,2025-09-02,Model S,1,75651.09,Pending,Cash
TES-O7781,TES-C8215,2023-04-29,Model X,1,82004.39,Cancelled,Financing
TES-O6943,TES-C6399,2025-07-06,Model Y,1,53949.1,Returned,Lease
TES-O5041,TES-C3969,2024-08-20,Supercharging Credits,4,125.7,Delivered,Cash
TES-O10566,TES-C6986,2023-01-14,Powerwall,1,10943.95,Delivered,Financing
TES-O12471,TES-C9188,2023-10-23,Model X,1,98988.38,Cancelled,Credit Card
TES-O11696,TES-C9324,2025-01-09,Model Y,1,53620.83,Delivered,Cash
TES-O7829,TES-C5972,2025-02-15,Model X,1,80396.61,Shipped,Credit Card
TES-O12876,TES-C9251,2023-09-18,Supercharging Credits,5,184.64,Shipped,Lease
TES-O10184,TES-C8110,2025-08-27,Model Y,1,47871.04,Delivered,Credit Card
TES-O6686,TES-C2766,2024-11-11,Solar Panel Kit,1,20944.2,Pending,Financing
TES-O9348,TES-C8721,2025-09-13,Powerwall,1,11025.15,Delivered,Financing
TES-O5428,TES-C7304,2023-05-28,Model S,1,89984.08,Returned,Lease
TES-O14561,TES-C10489,2024-09-07,Merchandise,3,201.96,Delivered,Financing
TES-O13851,TES-C5566,2025-04-28,Powerwall,1,9904.46,Returned,Financing
TES-O9519,TES-C5474,2024-02-18,Solar Panel Kit,1,19194.68,Returned,Credit Card
TES-O7147,TES-C1677,2023-04-16,Model Y,1,53067.9,Delivered,Lease
TES-O10357,TES-C2086,2023-03-01,Merchandise,4,21.06,Delivered,Cash
TES-O6250,TES-C2602,2024-11-13,Model S,1,89593.05,Pending,Credit Card
TES-O7860,TES-C6479,2024-11-25,Solar Panel Kit,1,24463.23,Delivered,Lease
TES-O7472,TES-C5929,2023-08-29,Powerwall,1,11419.92,Unknown,Financing
TES-O9489,TES-C1761,2024-11-20,Model 3,1,46051.54,Delivered,Credit Card
TES-O10764,TES-C4965,2025-07-08,Model 3,1,39482.39,Returned,Financing
TES-O10972,TES-C5751,2024-10-25,Supercharging Credits,1,144.24,Unknown,Cash
TES-O10124,TES-C1691,2025-09-23,Model X,1,96161.64,Delivered,Credit Card
TES-O7690,TES-C7433,2023-07-30,Merchandise,1,177.33,Delivered,Cash
TES-O7387,TES-C8511,2025-10-02,Model X,1,80718.43,Returned,Financing
TES-O5811,TES-C6662,2024-09-18,Model 3,1,45512.72,Delivered,Credit Card
TES-O6262,TES-C5938,2023-02-07,Powerwall,1,11285.4,Delivered,Lease
TES-O5479,TES-C6159,2023-08-12,Solar Panel Kit,1,18565.98,Returned,Lease
TES-O9495,TES-C3605,2023-12-24,Powerwall,1,10569.02,Shipped,Lease
TES-O11218,TES-C6131,2024-01-09,Solar Panel Kit,1,16010.88,Cancelled,Cash
TES-O12025,TES-C6586,2025-11-24,Model Y,1,49206.46,Returned,Financing
TES-O14901,TES-C4830,2023-10-10,Model Y,1,51977.37,Shipped,Cash
TES-O12843,TES-C4001,2023-10-31,Model S,1,90445.54,Pending,Cash
TES-O12169,TES-C10705,2023-07-20,Powerwall,1,10994.34,Cancelled,Financing
TES-O12818,TES-C5023,2025-07-14,Model 3,1,39797.09,Returned,Credit Card
TES-O10051,TES-C4291,2025-03-24,Model S,1,90234.95,Cancelled,Financing
TES-O9162,TES-C9349,2025-09-29,Powerwall,1,11278.72,Delivered,Credit Card
TES-O13189,TES-C3049,2024-02-04,Solar Panel Kit,1,17626.69,Returned,Financing
TES-O11721,TES-C4326,2025-07-02,Model 3,1,40870.2,Pending,Lease
TES-O6218,TES-C2465,2025-08-17,Supercharging Credits,3,143.32,Shipped,Cash
TES-O11352,TES-C6473,2023-04-05,Solar Panel Kit,1,24108.75,Delivered,Cash
TES-O7603,TES-C10178,2025-12-14,Model Y,1,47163.59,Shipped,Credit Card
TES-O10559,TES-C4955,2024-12-10,Model Y,1,50281.86,Delivered,Financing
TES-O14153,TES-C6246,2023-11-07,Model S,1,89398.11,Pending,Credit Card
TES-O6616,TES-C10642,2025-06-06,Powerwall,1,11836.89,Delivered,Credit Card
TES-O11805,TES-C10593,2024-08-14,Model X,1,87012.64,Delivered,Credit Card
TES-O9552,TES-C3840,2025-11-29,Model Y,1,52583.22,Pending,Cash
TES-O14440,TES-C9208,2023-06-27,Model Y,1,54007.79,Delivered,Lease
TES-O14854,TES-C6036,2024-03-01,Solar Panel Kit,1,16308.74,Cancelled,Financing
TES-O12934,TES-C4590,2025-01-01,Supercharging Credits,2,25.4,Unknown,Cash
TES-O7504,TES-C5232,2023-10-16,Solar Panel Kit,1,18916.73,Delivered,Credit Card
TES-O13394,TES-C10775,2023-08-14,Merchandise,1,130.26,Cancelled,Credit Card
TES-O8367,TES-C7554,2024-12-29,Merchandise,4,70.44,Delivered,Credit Card
TES-O14930,TES-C10151,2025-06-09,Supercharging Credits,5,100.98,Pending,Lease
TES-O11371,TES-C9999,2023-11-09,Supercharging Credits,2,93.3,Delivered,Cash
TES-O9518,TES-C4031,2024-09-17,Model S,1,82663.28,Cancelled,Lease
TES-O6959,TES-C7949,2024-06-15,Solar Panel Kit,1,21231.69,Returned,Cash
TES-O8681,TES-C6514,2024-09-07,Model S,1,92492.76,Delivered,Cash
TES-O14172,TES-C9840,2024-11-09,Solar Panel Kit,1,21334.98,Delivered,Lease
TES-O8826,TES-C2785,2023-08-03,Model 3,1,39621.86,Delivered,Financing
TES-O6179,TES-C9264,2024-06-07,Model X,1,84327.83,Pending,Cash
TES-O13832,TES-C4922,2024-12-16,Model X,1,92731.81,Delivered,Cash
TES-O12011,TES-C7027,2023-12-19,Model X,1,82836.02,Pending,Financing
TES-O7826,TES-C10922,2023-10-27,Model X,1,84859.21,Delivered,Cash
TES-O11770,TES-C4218,2023-02-12,Model X,1,82045.73,Returned,Cash
TES-O12772,TES-C5661,2023-08-01,Merchandise,3,186.9,Shipped,Credit Card
TES-O10534,TES-C3932,2023-01-15,Solar Panel Kit,1,17024.33,Pending,Lease
TES-O6399,TES-C2892,2025-02-06,Model S,1,76929.32,Cancelled,Cash
TES-O6945,TES-C8653,2024-12-19,Solar Panel Kit,1,23330.43,Pending,Financing
TES-O6349,TES-C6268,2025-03-09,Model Y,1,49158.18,Shipped,Cash
TES-O8284,TES-C5947,2023-01-23,Model Y,1,42831.7,Delivered,Credit Card
TES-O13507,TES-C9470,2024-12-15,Model X,1,96275.09,Delivered,Lease
TES-O10981,TES-C4758,2025-02-18,Supercharging Credits,4,165.27,Pending,Credit Card
TES-O12029,TES-C9999,2024-05-25,Solar Panel Kit,1,18024.98,Delivered,Credit Card
TES-O10390,TES-C10760,2024-01-18,Supercharging Credits,2,124.96,Returned,Cash
TES-O8219,TES-C8466,2023-03-10,Solar Panel Kit,1,15863.21,Unknown,Financing
TES-O5157,TES-C9207,2023-06-14,Model 3,1,40771.54,Cancelled,Financing
TES-O9901,TES-C6966,2025-12-18,Merchandise,4,124.72,Delivered,Financing
TES-O13661,TES-C10500,2024-06-03,Model Y,1,42077.74,Pending,Financing
TES-O8454,TES-C2086,2025-10-30,Powerwall,1,9356.79,Shipped,Financing
TES-O14849,TES-C10063,2024-11-30,Supercharging Credits,1,65.64,Shipped,Credit Card
TES-O7450,TES-C4920,2024-10-08,Merchandise,1,164.19,Delivered,Credit Card
TES-O13650,TES-C1073,2025-12-26,Model Y,1,52566.52,Cancelled,Financing
TES-O11027,TES-C9003,2023-10-02,Model X,1,89167.96,Cancelled,Cash
TES-O5297,TES-C3693,2023-01-25,Model Y,1,50821.7,Cancelled,Financing
TES-O13018,TES-C8922,2023-11-09,Solar Panel Kit,1,17286.04,Shipped,Lease
TES-O7940,TES-C5940,2023-03-05,Model S,1,81329.74,Pending,Cash
TES-O7750,TES-C9982,2024-06-24,Merchandise,2,189.53,Pending,Lease
TES-O13172,TES-C7709,2024-03-25,Model 3,1,45612.67,Shipped,Cash
TES-O12468,TES-C9999,2024-05-27,Supercharging Credits,1,177.14,Returned,Financing
TES-O7975,TES-C1616,2023-12-13,Model S,1,93622.69,Cancelled,Cash
TES-O6212,TES-C8132,2024-09-27,Model S,1,87769.93,Cancelled,Credit Card
TES-O7701,TES-C3548,2025-02-07,Supercharging Credits,1,22.25,Pending,Credit Card
TES-O10321,TES-C8665,2025-03-06,Model X,1,96868.67,Delivered,Credit Card
TES-O5263,TES-C1638,2024-12-14,Powerwall,1,11034.95,Pending,Lease
TES-O12893,TES-C10471,2023-06-11,Solar Panel Kit,1,18475.64,Returned,Cash
TES-O7146,TES-C9999,2024-02-24,Model X,1,87743.88,Delivered,Credit Card
TES-O14559,TES-C9999,2023-08-30,Powerwall,1,10368.7,Shipped,Cash
TES-O6387,TES-C6127,2025-09-30,Merchandise,5,262.34,Shipped,Cash
TES-O13180,TES-C7684,2023-02-05,Model Y,1,52839.86,Delivered,Lease
TES-O14447,TES-C1289,2023-02-03,Model 3,1,43939.55,Delivered,Financing
TES-O5068,TES-C9999,2024-06-18,Model 3,1,41673.07,Pending,Credit Card
TES-O9233,TES-C6722,2024-04-26,Supercharging Credits,5,83.14,Pending,Credit Card
TES-O9155,TES-C7310,2024-06-15,Model X,1,93584.47,Cancelled,Credit Card
TES-O6724,TES-C9999,2023-03-03,Model 3,1,45116.48,Unknown,Cash
TES-O7103,TES-C7893,2023-04-30,Model S,1,88876.01,Delivered,Lease
TES-O14607,TES-C6382,2025-02-13,Model 3,1,43979.0,Shipped,Financing
TES-O8693,TES-C4840,2024-06-15,Model S,1,87773.29,Delivered,Cash
TES-O7102,TES-C6529,2024-06-06,Powerwall,1,11518.64,Delivered,Credit Card
TES-O7050,TES-C9424,2024-12-23,Model 3,1,45014.09,Delivered,Credit Card
TES-O6964,TES-C6737,2023-07-19,Supercharging Credits,2,143.08,Pending,Financing
TES-O5865,TES-C10891,2024-05-29,Merchandise,4,254.7,Pending,Cash
TES-O8112,TES-C10527,2023-08-21,Powerwall,1,10377.06,Returned,Cash
TES-O8404,TES-C2631,2025-08-28,Model Y,1,46454.6,Pending,Credit Card
TES-O11203,TES-C3778,2023-10-25,Model X,1,94771.19,Delivered,Cash
TES-O13205,TES-C7232,2025-09-03,Model 3,1,46969.99,Pending,Lease
TES-O7558,TES-C10095,2024-01-24,Solar Panel Kit,1,22827.45,Cancelled,Credit Card
TES-O11954,TES-C6364,2023-10-18,Supercharging Credits,2,142.01,Shipped,Financing
TES-O6676,TES-C2398,2025-06-04,Supercharging Credits,3,118.15,Delivered,Cash
TES-O13248,TES-C5715,2025-06-15,Model Y,1,46214.2,Returned,Lease
TES-O11481,TES-C2880,2024-06-11,Model 3,1,42021.85,Delivered,Credit Card
TES-O9648,TES-C9526,2023-06-15,Powerwall,1,10532.65,Delivered,Lease
TES-O6819,TES-C4722,2024-08-19,Model S,1,88235.36,Delivered,Cash
TES-O6272,TES-C10756,2024-02-19,Model Y,1,49853.48,Shipped,Credit Card
TES-O10417,TES-C3930,2023-08-08,Merchandise,4,272.26,Returned,Financing
TES-O11310,TES-C9316,2024-10-31,Merchandise,5,171.47,Delivered,Cash
TES-O6610,TES-C9251,2025-08-02,Model 3,1,43190.05,Shipped,Lease
TES-O12599,TES-C4745,2025-01-05,Model S,1,91012.67,Shipped,Credit Card
TES-O6999,TES-C4017,2025-03-18,Model 3,1,40773.33,Pending,Cash
TES-O7182,TES-C7437,2024-07-04,Model X,1,82167.58,Delivered,Lease
TES-O9989,TES-C7712,2024-11-06,Model X,1,93206.78,Shipped,Financing
TES-O10199,TES-C9999,2025-01-12,Supercharging Credits,4,152.91,Delivered,Cash
TES-O14966,TES-C3998,2024-07-31,Model 3,1,40098.37,Pending,Credit Card
TES-O9375,TES-C7218,2024-04-28,Model X,1,90438.64,Delivered,Credit Card
TES-O13994,TES-C10117,2024-02-23,Solar Panel Kit,1,19087.26,Delivered,Financing
TES-O7927,TES-C4075,2023-08-28,Model Y,1,45064.55,Shipped,Lease
TES-O9032,TES-C7634,2025-11-01,Model X,1,98079.71,Returned,Credit Card
TES-O7854,TES-C5436,2023-11-08,Model X,1,83973.81,Delivered,Lease
TES-O12647,TES-C10876,2024-05-29,Powerwall,1,11132.31,Pending,Credit Card
TES-O6479,TES-C5743,2025-11-06,Solar Panel Kit,1,19843.92,Shipped,Financing
TES-O11725,TES-C6871,2025-04-23,Solar Panel Kit,1,22505.15,Pending,Financing
TES-O6854,TES-C2519,2023-03-07,Model X,1,97257.85,Delivered,Cash
TES-O7207,TES-C6277,2023-10-18,Model S,1,84917.01,Shipped,Lease
TES-O13156,TES-C8346,2025-06-20,Model 3,1,46719.69,Shipped,Financing
TES-O9584,TES-C6993,2023-10-25,Merchandise,1,215.51,Delivered,Lease
TES-O9409,TES-C8501,2023-07-31,Powerwall,1,11785.76,Shipped,Credit Card
TES-O7363,TES-C6554,2023-11-29,Model X,1,92437.39,Delivered,Financing
TES-O14830,TES-C7138,2024-02-20,Powerwall,1,10526.55,Delivered,Cash
TES-O6844,TES-C6794,2025-09-13,Merchandise,2,120.12,Returned,Credit Card
TES-O5185,TES-C9690,2024-06-22,Model S,1,82376.38,Pending,Credit Card
TES-O10117,TES-C6422,2025-12-01,Merchandise,1,228.52,Pending,Credit Card
TES-O11992,TES-C1075,2023-01-19,Powerwall,1,11975.6,Delivered,Cash
TES-O14466,TES-C2682,2025-09-17,Model X,1,93648.28,Pending,Credit Card
TES-O6804,TES-C6697,2023-05-14,Model S,1,81493.07,Delivered,Financing
TES-O13595,TES-C2993,2025-11-14,Model S,1,89343.52,Shipped,Cash
TES-O9281,TES-C9999,2025-07-17,Solar Panel Kit,1,16321.8,Delivered,Financing
TES-O6133,TES-C7422,2025-10-27,Supercharging Credits,1,72.37,Delivered,Cash
TES-O8509,TES-C5476,2023-08-15,Model Y,1,50187.96,Delivered,Credit Card
TES-O7554,TES-C5018,2024-05-23,Model S,1,87602.39,Returned,Cash
TES-O6251,TES-C10559,2025-11-05,Solar Panel Kit,1,21556.42,Returned,Financing
TES-O14125,TES-C4818,2024-09-06,Model Y,1,42095.95,Delivered,Financing
TES-O9738,TES-C9133,2023-08-12,Powerwall,1,10099.35,Returned,Financing
TES-O6217,TES-C3717,2025-06-26,Supercharging Credits,5,179.53,Cancelled,Financing
TES-O6920,TES-C10716,2025-01-24,Model Y,1,49601.91,Delivered,Cash
TES-O12009,TES-C2464,2023-10-09,Model X,1,96043.95,Delivered,Cash
TES-O8639,TES-C7775,2025-10-25,Model X,1,86473.03,Shipped,Lease
TES-O7055,TES-C9127,2024-03-13,Model 3,1,47824.77,Delivered,Cash
TES-O7918,TES-C7986,2023-09-16,Solar Panel Kit,1,21090.25,Pending,Credit Card
TES-O6040,TES-C8380,2025-01-02,Solar Panel Kit,1,20370.64,Cancelled,Credit Card
TES-O14845,TES-C5479,2023-10-14,Model S,1,85423.58,Cancelled,Lease
TES-O11333,TES-C4432,2024-05-18,Merchandise,4,206.42,Pending,Lease
TES-O13855,TES-C2927,2024-11-18,Model Y,1,51322.44,Delivered,Credit Card
TES-O9062,TES-C7368,2025-11-30,Supercharging Credits,4,20.39,Pending,Lease
TES-O6989,TES-C10677,2023-11-19,Powerwall,1,11287.13,Shipped,Credit Card
TES-O6928,TES-C7399,2024-12-07,Solar Panel Kit,1,21098.97,Delivered,Lease
TES-O7486,TES-C7912,2025-12-13,Model 3,1,44823.46,Delivered,Credit Card
TES-O10213,TES-C5572,2023-06-09,Merchandise,4,85.04,Delivered,Credit Card
TES-O13981,TES-C3351,2023-09-08,Supercharging Credits,3,47.63,Delivered,Financing
TES-O9302,TES-C3080,2023-03-15,Model 3,1,39787.36,Shipped,Cash
TES-O9274,TES-C7169,2025-05-04,Powerwall,1,10689.09,Delivered,Financing
TES-O7855,TES-C9989,2025-11-11,Powerwall,1,9734.78,Delivered,Lease
TES-O8273,TES-C8770,2024-12-07,Model S,1,89820.03,Pending,Financing
TES-O12210,TES-C4587,2025-06-17,Model X,1,82156.74,Shipped,Credit Card
TES-O11367,TES-C8215,2023-01-23,Powerwall,1,10467.77,Shipped,Lease
TES-O6209,TES-C6272,2025-05-10,Model X,1,82853.6,Pending,Lease
TES-O5635,TES-C3740,2024-06-07,Merchandise,3,262.89,Delivered,Credit Card
TES-O14902,TES-C1379,2024-12-25,Model X,1,80311.95,Delivered,Cash
TES-O14647,TES-C5612,2024-11-13,Model X,1,85167.73,Delivered,Cash
TES-O7697,TES-C2615,2025-09-29,Model Y,1,47449.34,Delivered,Financing
TES-O6700,TES-C10767,2023-07-23,Model Y,1,52664.44,Cancelled,Lease
TES-O13229,TES-C6658,2025-03-27,Powerwall,1,11215.67,Returned,Cash
TES-O5117,TES-C7663,2025-03-28,Merchandise,4,117.29,Pending,Lease
TES-O14608,TES-C4817,2025-05-30,Model S,1,91450.36,Shipped,Financing
TES-O9174,TES-C7501,2023-10-06,Powerwall,1,9133.04,Delivered,Financing
TES-O7439,TES-C5691,2024-07-14,Supercharging Credits,3,168.61,Shipped,Lease
TES-O13553,TES-C8074,2024-02-01,Model 3,1,47478.15,Cancelled,Credit Card
TES-O13563,TES-C9998,2025-12-15,Solar Panel Kit,1,18557.45,Cancelled,Cash
TES-O7999,TES-C3019,2025-10-27,Supercharging Credits,4,80.2,Cancelled,Credit Card
TES-O8647,TES-C9202,2023-09-15,Solar Panel Kit,1,21432.77,Delivered,Credit Card
TES-O14056,TES-C4321,2023-08-03,Supercharging Credits,3,86.68,Delivered,Credit Card
TES-O14654,TES-C1458,2024-11-30,Supercharging Credits,3,138.57,Shipped,Credit Card
TES-O14832,TES-C4786,2024-08-23,Model S,1,86043.29,Delivered,Credit Card
TES-O10425,TES-C5693,2023-12-27,Merchandise,2,111.77,Shipped,Lease
TES-O9225,TES-C6921,2023-06-17,Powerwall,1,9181.25,Cancelled,Lease
TES-O7760,TES-C7332,2024-10-11,Model S,1,94205.49,Delivered,Cash
TES-O13525,TES-C6584,2025-02-14,Model X,1,82656.96,Returned,Financing
TES-O11288,TES-C3701,2024-02-21,Model X,1,91464.76,Delivered,Cash
TES-O11677,TES-C3680,2024-08-11,Model X,1,82118.23,Delivered,Financing
TES-O11047,TES-C6695,2023-09-25,Supercharging Credits,1,32.75,Delivered,Credit Card
TES-O8522,TES-C7002,2025-11-15,Powerwall,1,10771.22,Returned,Credit Card
TES-O14329,TES-C4327,2024-02-18,Model Y,1,43675.49,Returned,Lease
TES-O7341,TES-C9675,2023-03-23,Model S,1,90188.95,Returned,Lease
TES-O13434,TES-C9468,2023-06-07,Model 3,1,41353.92,Delivered,Lease
TES-O14480,TES-C10327,2025-09-08,Solar Panel Kit,1,20982.8,Pending,Credit Card
TES-O10359,TES-C2015,2023-12-12,Model X,1,88038.24,Delivered,Financing
TES-O5775,TES-C9679,2023-11-25,Supercharging Credits,5,73.83,Shipped,Credit Card
TES-O6460,TES-C1096,2023-01-10,Merchandise,2,283.88,Delivered,Cash
TES-O6535,TES-C8588,2025-08-17,Model 3,1,38167.54,Delivered,Financing
TES-O9156,TES-C5208,2024-12-04,Supercharging Credits,1,166.68,Returned,Financing
TES-O7677,TES-C8851,2024-07-14,Model S,1,89796.68,Delivered,Cash
TES-O14981,TES-C9602,2025-01-06,Model X,1,88866.85,Cancelled,Cash
TES-O10992,TES-C1116,2025-04-11,Supercharging Credits,2,95.31,Shipped,Cash
TES-O12512,TES-C1164,2023-09-21,Powerwall,1,11536.21,Pending,Lease
TES-O9857,TES-C3872,2023-01-12,Model 3,1,43678.53,Shipped,Credit Card
TES-O8778,TES-C5278,2023-06-06,Model 3,1,45221.34,Pending,Financing
TES-O7530,TES-C4225,2023-12-08,Merchandise,3,200.27,Pending,Credit Card
TES-O13834,TES-C5429,2023-03-03,Merchandise,5,80.48,Returned,Lease
TES-O5727,TES-C7980,2024-09-06,Merchandise,4,180.35,Delivered,Credit Card
TES-O8288,TES-C1366,2024-01-11,Solar Panel Kit,1,19790.22,Delivered,Cash
TES-O5591,TES-C6229,2025-05-16,Model Y,1,54358.27,Pending,Credit Card
TES-O9747,TES-C4911,2025-07-07,Powerwall,1,11938.05,Delivered,Cash
TES-O5973,TES-C3292,2023-05-02,Model X,1,97566.99,Returned,Cash
TES-O7589,TES-C4735,2024-09-24,Model X,1,99121.14,Cancelled,Lease
TES-O8332,TES-C2089,2023-07-21,Model 3,1,46303.98,Returned,Credit Card
TES-O10678,TES-C2927,2025-06-25,Solar Panel Kit,1,16075.9,Pending,Credit Card
TES-O11194,TES-C6349,2025-03-22,Model S,1,81682.04,Delivered,Cash
TES-O5952,TES-C7503,2025-12-18,Model 3,1,47814.25,Delivered,Cash
TES-O5522,TES-C4858,2025-03-31,Model S,1,94633.8,Delivered,Credit Card
TES-O6838,TES-C8461,2024-04-25,Model X,1,97508.42,Returned,Cash
TES-O12953,TES-C3420,2023-01-09,Model X,1,82870.12,Delivered,Credit Card
TES-O5452,TES-C6440,2025-03-22,Merchandise,5,41.43,Pending,Lease
TES-O7219,TES-C10645,2024-05-27,Model X,1,97394.63,Returned,Financing
TES-O13527,TES-C1499,2025-08-15,Model S,1,87693.2,Pending,Lease
TES-O13486,TES-C3701,2023-01-01,Model X,1,88883.5,Pending,Lease
TES-O12794,TES-C4221,2023-01-25,Supercharging Credits,3,153.6,Delivered,Credit Card
TES-O5510,TES-C10535,2025-06-28,Merchandise,1,162.85,Delivered,Cash
TES-O8505,TES-C8572,2023-06-12,Powerwall,1,9124.53,Returned,Financing
TES-O7141,TES-C5095,2023-03-08,Model X,1,92075.66,Shipped,Lease
TES-O9585,TES-C7389,2024-01-08,Solar Panel Kit,1,17784.75,Delivered,Cash
TES-O5027,TES-C9999,2025-10-07,Supercharging Credits,2,12.1,Shipped,Cash
TES-O5007,TES-C3898,2023-01-26,Model 3,1,43554.54,Unknown,Credit Card
TES-O6794,TES-C2429,2023-12-04,Model S,1,81849.95,Delivered,Financing
TES-O12796,TES-C2735,2024-01-06,Solar Panel Kit,1,22505.24,Returned,Credit Card
TES-O13738,TES-C8198,2025-06-09,Supercharging Credits,3,140.43,Pending,Credit Card
TES-O13963,TES-C6614,2025-12-13,Model 3,1,46242.09,Pending,Lease
TES-O6987,TES-C2642,2024-12-02,Solar Panel Kit,1,15842.8,Returned,Credit Card
TES-O9894,TES-C6207,2025-03-09,Powerwall,1,9057.56,Shipped,Lease
TES-O12236,TES-C3676,2025-03-30,Merchandise,4,186.07,Delivered,Financing
TES-O13943,TES-C7203,2024-02-17,Model Y,1,52278.7,Unknown,Lease
TES-O11529,TES-C3167,2024-02-07,Merchandise,1,162.92,Delivered,Credit Card
TES-O12504,TES-C7626,2025-04-13,Powerwall,1,10884.23,Delivered,Credit Card
TES-O11366,TES-C1191,2025-12-05,Supercharging Credits,3,54.26,Returned,Lease
TES-O6850,TES-C3800,2024-06-18,Supercharging Credits,5,10.68,Delivered,Financing
TES-O14494,TES-C2502,2023-08-09,Solar Panel Kit,1,16983.51,Delivered,Cash
TES-O8523,TES-C6058,2024-11-21,Model Y,1,43468.81,Cancelled,Lease
TES-O9328,TES-C5035,2024-12-12,Model S,1,94771.39,Delivered,Cash
TES-O10387,TES-C1747,2025-05-08,Model 3,1,46199.57,Cancelled,Financing
TES-O11441,TES-C9974,2025-12-23,Model S,1,79298.29,Pending,Lease
TES-O9000,TES-C2346,2025-09-30,Solar Panel Kit,1,19607.87,Delivered,Financing
TES-O6632,TES-C8089,2024-11-11,Supercharging Credits,1,82.52,Delivered,Lease
TES-O5568,TES-C3016,2023-09-30,Model 3,1,43402.29,Unknown,Credit Card
TES-O5559,TES-C6242,2024-01-19,Model S,1,82930.57,Cancelled,Financing
TES-O8678,TES-C6607,2024-05-21,Supercharging Credits,2,59.15,Delivered,Financing
TES-O14102,TES-C5064,2023-05-15,Model S,1,82778.75,Delivered,Financing
TES-O13792,TES-C6363,2023-04-02,Merchandise,5,142.27,Returned,Credit Card
TES-O7650,TES-C4372,2025-11-19,Supercharging Credits,4,188.92,Delivered,Cash
TES-O12276,TES-C2290,2024-03-05,Powerwall,1,9672.08,Shipped,Lease
TES-O6035,TES-C1478,2023-08-26,Model 3,1,44884.52,Delivered,Lease
TES-O9192,TES-C3953,2023-05-02,Model Y,1,54777.56,Shipped,Financing
TES-O7165,TES-C8773,2025-11-18,Solar Panel Kit,1,16345.85,Shipped,Credit Card
TES-O8949,TES-C5060,2025-03-04,Model X,1,95919.27,Delivered,Lease
TES-O6327,TES-C3552,2023-10-15,Model Y,1,50800.41,Cancelled,Cash
TES-O10315,TES-C1403,2023-06-11,Powerwall,1,11357.39,Delivered,Credit Card
TES-O14148,TES-C8099,2024-06-08,Merchandise,1,135.61,Returned,Credit Card
TES-O14883,TES-C1741,2024-11-15,Powerwall,1,9167.34,Unknown,Credit Card
TES-O12565,TES-C9682,2025-08-06,Model X,1,93108.66,Delivered,Lease
TES-O5724,TES-C2380,2023-11-11,Merchandise,4,115.66,Returned,Credit Card
TES-O5060,TES-C1771,2025-03-29,Model 3,1,44363.08,Returned,Lease
TES-O6623,TES-C6521,2025-04-05,Model 3,1,46537.43,Returned,Financing
TES-O12371,TES-C2588,2025-02-12,Model 3,1,45253.11,Delivered,Lease
TES-O11734,TES-C8189,2024-06-09,Supercharging Credits,3,27.22,Cancelled,Credit Card
TES-O8217,TES-C3472,2024-03-04,Model X,1,96874.82,Shipped,Cash
TES-O11122,TES-C9999,2024-04-07,Model X,1,89256.08,Cancelled,Lease
TES-O9145,TES-C7017,2024-02-24,Model S,1,88921.81,Delivered,Lease
TES-O7720,TES-C9329,2025-10-07,Model 3,1,47731.77,Cancelled,Credit Card
TES-O11718,TES-C6291,2023-11-01,Model X,1,87475.9,Delivered,Credit Card
TES-O12249,TES-C7606,2024-01-05,Solar Panel Kit,1,21438.31,Delivered,Lease
TES-O7306,TES-C1056,2023-02-01,Powerwall,1,9049.24,Delivered,Credit Card
TES-O6957,TES-C7736,2024-12-15,Model Y,1,50511.17,Delivered,Cash
TES-O9115,TES-C10800,2025-09-22,Model S,1,84614.92,Delivered,Lease
TES-O12673,TES-C3769,2025-01-13,Merchandise,4,44.09,Delivered,Financing
TES-O8277,TES-C3545,2023-06-23,Model X,1,97652.65,Pending,Financing
TES-O7740,TES-C3652,2025-11-10,Supercharging Credits,1,28.98,Delivered,Lease
TES-O13782,TES-C10699,2024-04-23,Model Y,1,54588.83,Shipped,Credit Card
TES-O12183,TES-C9275,2024-02-08,Supercharging Credits,1,25.06,Returned,Credit Card
TES-O8361,TES-C8071,2024-02-27,Model Y,1,46073.17,Shipped,Credit Card
TES-O12771,TES-C6832,2024-05-04,Model 3,1,38528.47,Cancelled,Financing
TES-O9196,TES-C10219,2025-07-24,Powerwall,1,9909.07,Returned,Lease
TES-O11845,TES-C3771,2025-11-16,Powerwall,1,10126.9,Returned,Lease
TES-O7440,TES-C9405,2025-06-05,Model X,1,95674.96,Delivered,Credit Card
TES-O8128,TES-C2537,2023-02-28,Model 3,1,38759.07,Shipped,Financing
TES-O7902,TES-C4623,2025-10-13,Supercharging Credits,2,179.47,Shipped,Financing
TES-O11291,TES-C9999,2025-03-22,Model X,1,98902.43,Cancelled,Credit Card
TES-O6149,TES-C9315,2024-09-27,Model Y,1,45651.17,Shipped,Lease
TES-O9886,TES-C1446,2025-02-17,Model Y,1,49315.22,Shipped,Lease
TES-O12340,TES-C10555,2025-02-24,Model X,1,88216.57,Delivered,Cash
TES-O8306,TES-C6573,2024-10-14,Model X,1,80363.86,Delivered,Cash
TES-O5142,TES-C1809,2023-11-09,Model S,1,86924.49,Returned,Financing
TES-O13986,TES-C3155,2023-12-03,Model 3,1,46246.77,Delivered,Lease
TES-O6710,TES-C10607,2023-10-16,Supercharging Credits,2,154.15,Delivered,Cash
TES-O8839,TES-C3127,2023-06-04,Model S,1,89627.91,Shipped,Credit Card
TES-O9365,TES-C1326,2025-08-14,Solar Panel Kit,1,23057.67,Shipped,Credit Card
TES-O10134,TES-C3811,2025-07-25,Supercharging Credits,3,33.49,Pending,Financing
TES-O6426,TES-C1952,2024-09-03,Powerwall,1,10130.93,Returned,Financing
TES-O9337,TES-C10851,2025-02-25,Powerwall,1,10088.21,Delivered,Lease
TES-O11669,TES-C8324,2025-09-08,Supercharging Credits,3,67.83,Pending,Credit Card
TES-O9325,TES-C9999,2024-09-30,Model Y,1,46383.42,Delivered,Lease
TES-O5979,TES-C3562,2024-10-01,Model 3,1,40632.71,Delivered,Lease
TES-O8837,TES-C4103,2025-03-02,Powerwall,1,10884.23,Returned,Cash
TES-O14461,TES-C7391,2023-11-03,Powerwall,1,11385.03,Delivered,Financing
TES-O13676,TES-C4991,2023-05-20,Supercharging Credits,3,97.87,Cancelled,Cash
TES-O5012,TES-C1912,2024-07-31,Powerwall,1,9643.47,Cancelled,Financing
TES-O9158,TES-C7891,2025-12-06,Merchandise,1,53.79,Pending,Cash
TES-O6848,TES-C6275,2024-11-20,Solar Panel Kit,1,24340.8,Pending,Financing
TES-O9483,TES-C8636,2023-08-06,Merchandise,1,132.34,Cancelled,Financing
TES-O9527,TES-C5324,2023-12-11,Model 3,1,47394.94,Returned,Financing
TES-O11936,TES-C4308,2025-04-30,Merchandise,4,248.49,Delivered,Financing
TES-O8768,TES-C4266,2025-12-04,Merchandise,4,30.17,Pending,Credit Card
TES-O9560,TES-C8981,2024-01-28,Powerwall,1,11385.36,Delivered,Financing
TES-O9990,TES-C10797,2025-04-11,Supercharging Credits,5,37.64,Returned,Cash
TES-O5751,TES-C8315,2023-04-19,Solar Panel Kit,1,19689.44,Delivered,Cash
TES-O11787,TES-C5572,2023-04-28,Model S,1,91384.79,Unknown,Cash
TES-O5968,TES-C6327,2024-02-03,Model X,1,99695.15,Shipped,Credit Card
TES-O11794,TES-C1749,2025-07-22,Model Y,1,51425.66,Returned,Lease
TES-O6768,TES-C6456,2024-05-16,Model 3,1,39418.78,Delivered,Cash
TES-O7394,TES-C7218,2025-04-06,Solar Panel Kit,1,22971.11,Pending,Cash
TES-O5850,TES-C8652,2025-01-11,Powerwall,1,9364.41,Unknown,Lease
TES-O8562,TES-C1424,2023-05-29,Model S,1,80443.38,Shipped,Credit Card
TES-O9653,TES-C9219,2024-08-07,Model Y,1,46778.25,Delivered,Credit Card
TES-O7856,TES-C9385,2025-10-17,Model 3,1,41559.79,Delivered,Lease
TES-O13184,TES-C5093,2024-07-12,Model Y,1,50382.65,Cancelled,Financing
TES-O7145,TES-C10421,2023-07-25,Model Y,1,53932.29,Delivered,Lease
TES-O13837,TES-C10937,2024-06-12,Model 3,1,46127.0,Delivered,Credit Card
TES-O11161,TES-C5425,2024-04-09,Model X,1,88574.3,Delivered,Lease
TES-O11783,TES-C1430,2023-05-06,Supercharging Credits,3,191.06,Delivered,Cash
TES-O6388,TES-C7757,2024-11-11,Model 3,1,43159.0,Delivered,Cash
TES-O9215,TES-C6931,2024-09-16,Model X,1,84118.27,Shipped,Cash
TES-O12929,TES-C10218,2024-03-21,Model X,1,82710.65,Unknown,Cash
TES-O13846,TES-C10206,2023-03-23,Model X,1,89896.57,Cancelled,Cash
TES-O8529,TES-C1842,2025-07-18,Model X,1,99561.49,Cancelled,Lease
TES-O12531,TES-C4240,2025-09-05,Solar Panel Kit,1,22591.71,Delivered,Lease
TES-O6595,TES-C9515,2024-06-28,Model 3,1,43831.2,Pending,Financing
TES-O7458,TES-C3268,2024-03-30,Supercharging Credits,4,95.22,Shipped,Financing
TES-O11768,TES-C3798,2024-11-24,Model S,1,90403.05,Delivered,Credit Card
TES-O7802,TES-C4148,2023-04-25,Solar Panel Kit,1,15046.99,Cancelled,Cash
TES-O11082,TES-C8104,2025-02-05,Model Y,1,50567.02,Delivered,Financing
TES-O9898,TES-C1556,2024-11-26,Model X,1,87185.05,Cancelled,Cash
TES-O10408,TES-C2378,2024-03-05,Solar Panel Kit,1,23951.99,Cancelled,Financing
TES-O14558,TES-C8460,2024-09-06,Solar Panel Kit,1,22520.76,Delivered,Credit Card
TES-O6178,TES-C9999,2023-01-09,Merchandise,1,100.7,Cancelled,Lease
TES-O10330,TES-C1344,2025-09-09,Merchandise,5,108.7,Returned,Financing
TES-O11651,TES-C2082,2023-03-21,Merchandise,4,242.19,Delivered,Credit Card
TES-O7973,TES-C2491,2025-11-14,Model Y,1,47757.87,Shipped,Financing
TES-O10039,TES-C6336,2024-08-15,Merchandise,3,169.26,Shipped,Lease
TES-O14224,TES-C4663,2025-03-17,Solar Panel Kit,1,18113.66,Returned,Financing
TES-O13242,TES-C10536,2023-12-22,Model X,1,83752.99,Pending,Credit Card
TES-O11508,TES-C6591,2023-07-09,Solar Panel Kit,1,21325.43,Cancelled,Financing
TES-O6612,TES-C5662,2023-10-25,Model Y,1,50861.1,Delivered,Credit Card
TES-O12904,TES-C5139,2023-01-06,Solar Panel Kit,1,20596.7,Shipped,Credit Card
TES-O14746,TES-C4872,2025-08-16,Model 3,1,38124.97,Shipped,Lease
TES-O12907,TES-C9897,2023-10-10,Solar Panel Kit,1,20091.73,Cancelled,Credit Card
TES-O7893,TES-C4202,2024-03-28,Supercharging Credits,1,15.01,Delivered,Financing
TES-O7212,TES-C2624,2023-11-06,Model Y,1,48490.24,Returned,Cash
TES-O6018,TES-C7482,2025-09-21,Model 3,1,46410.54,Pending,Credit Card
TES-O5630,TES-C6287,2025-04-01,Model X,1,99333.41,Delivered,Credit Card
TES-O5255,TES-C2993,2025-08-08,Model S,1,84190.17,Returned,Financing
TES-O13817,TES-C3261,2024-01-31,Supercharging Credits,1,183.41,Delivered,Financing
TES-O13425,TES-C1253,2025-04-28,Model S,1,92195.09,Delivered,Financing
TES-O11557,TES-C9065,2025-03-28,Powerwall,1,10147.42,Returned,Financing
TES-O10373,TES-C10221,2025-12-17,Merchandise,2,188.79,Pending,Lease
TES-O5899,TES-C4140,2024-05-15,Supercharging Credits,3,83.28,Cancelled,Lease
TES-O6117,TES-C10803,2023-02-11,Supercharging Credits,1,61.2,Delivered,Credit Card
TES-O13080,TES-C7995,2023-10-06,Model S,1,89853.63,Cancelled,Credit Card
TES-O13688,TES-C8082,2024-11-20,Powerwall,1,10503.02,Delivered,Lease
TES-O8920,TES-C2237,2023-04-15,Merchandise,1,58.24,Delivered,Cash
TES-O6124,TES-C10892,2025-07-26,Model 3,1,38437.7,Delivered,Lease
TES-O6458,TES-C9445,2024-01-19,Model 3,1,40821.95,Pending,Cash
TES-O9405,TES-C5410,2023-11-02,Solar Panel Kit,1,19180.45,Shipped,Financing
TES-O6071,TES-C2720,2024-09-25,Solar Panel Kit,1,24947.09,Shipped,Lease
TES-O7861,TES-C6206,2025-09-03,Model X,1,96583.61,Delivered,Lease
TES-O7546,TES-C9999,2025-07-21,Solar Panel Kit,1,17119.11,Cancelled,Lease
TES-O13580,TES-C3363,2023-03-14,Merchandise,5,194.78,Delivered,Cash
TES-O5021,TES-C6870,2023-10-04,Merchandise,5,236.31,Delivered,Cash
TES-O7250,TES-C10914,2025-01-05,Supercharging Credits,5,106.37,Shipped,Cash
TES-O7679,TES-C1224,2023-09-12,Model 3,1,39745.68,Delivered,Lease
TES-O13770,TES-C8826,2024-06-15,Merchandise,4,96.66,Returned,Lease
TES-O8135,TES-C3571,2025-06-15,Model Y,1,51011.06,Pending,Credit Card
TES-O12139,TES-C8354,2023-01-30,Model Y,1,42434.16,Shipped,Financing
TES-O5731,TES-C1698,2023-05-23,Model X,1,98848.57,Returned,Financing
TES-O5615,TES-C6182,2025-06-15,Model X,1,91860.86,Pending,Cash
TES-O6820,TES-C2808,2024-04-11,Supercharging Credits,3,94.87,Delivered,Cash
TES-O12761,TES-C6978,2023-10-08,Model Y,1,44718.59,Returned,Credit Card
TES-O12588,TES-C1035,2025-03-28,Solar Panel Kit,1,24835.03,Pending,Cash
TES-O6304,TES-C9192,2023-09-30,Supercharging Credits,5,87.11,Delivered,Lease
TES-O8666,TES-C2855,2025-06-19,Powerwall,1,9183.61,Cancelled,Credit Card
TES-O5360,TES-C2567,2025-04-01,Model X,1,89845.77,Delivered,Lease
TES-O12223,TES-C8180,2023-03-18,Powerwall,1,9921.76,Delivered,Lease
TES-O13900,TES-C1582,2024-12-19,Solar Panel Kit,1,18945.22,Delivered,Cash
TES-O13039,TES-C3317,2025-11-17,Supercharging Credits,2,89.56,Cancelled,Credit Card
TES-O9630,TES-C4120,2025-07-08,Model 3,1,40189.32,Delivered,Cash
TES-O12037,TES-C10216,2023-09-30,Model Y,1,50986.2,Delivered,Lease
TES-O9598,TES-C1563,2025-05-23,Supercharging Credits,5,97.63,Delivered,Credit Card
TES-O9755,TES-C3650,2023-01-24,Supercharging Credits,2,177.38,Shipped,Cash
TES-O12745,TES-C1741,2023-06-14,Powerwall,1,9205.07,Delivered,Credit Card
TES-O5764,TES-C10269,2025-06-09,Solar Panel Kit,1,16043.22,Delivered,Financing
TES-O11899,TES-C7822,2024-05-26,Powerwall,1,10171.71,Delivered,Financing
TES-O7929,TES-C8288,2024-09-13,Merchandise,4,233.29,Returned,Lease
TES-O7612,TES-C7726,2025-04-24,Solar Panel Kit,1,15382.01,Delivered,Cash
TES-O8090,TES-C2384,2023-04-04,Supercharging Credits,1,79.47,Delivered,Cash
TES-O6443,TES-C5237,2024-06-25,Model Y,1,46045.8,Cancelled,Credit Card
TES-O10149,TES-C1165,2024-11-24,Model Y,1,52683.48,Delivered,Cash
TES-O8653,TES-C10032,2024-01-31,Powerwall,1,9124.52,Delivered,Financing
TES-O6249,TES-C7211,2023-07-10,Solar Panel Kit,1,22652.02,Delivered,Financing
TES-O13886,TES-C4142,2023-03-25,Model X,1,97015.19,Unknown,Financing
TES-O13005,TES-C3600,2023-10-15,Model S,1,83801.9,Returned,Cash
TES-O14687,TES-C3794,2025-05-28,Powerwall,1,11524.48,Delivered,Cash
TES-O9117,TES-C8690,2025-05-08,Merchandise,2,286.05,Shipped,Credit Card
TES-O8013,TES-C10666,2023-03-18,Model X,1,90591.38,Pending,Financing
TES-O12485,TES-C1331,2023-12-21,Solar Panel Kit,1,24011.76,Unknown,Lease
TES-O11653,TES-C10300,2024-11-11,Model X,1,91507.06,Delivered,Credit Card
TES-O6474,TES-C1037,2023-08-01,Merchandise,5,164.58,Unknown,Financing
TES-O13025,TES-C9046,2023-02-15,Model Y,1,52118.1,Returned,Credit Card
TES-O11423,TES-C6594,2023-07-03,Model S,1,76916.89,Delivered,Cash
TES-O11233,TES-C7045,2023-05-18,Merchandise,2,104.88,Cancelled,Lease
TES-O13112,TES-C10354,2025-06-28,Merchandise,2,103.58,Returned,Lease
TES-O11153,TES-C3602,2024-12-22,Model Y,1,44614.84,Pending,Financing
TES-O8888,TES-C3908,2024-07-31,Model 3,1,46988.07,Delivered,Financing
TES-O9031,TES-C9999,2024-08-23,Model 3,1,45411.99,Returned,Cash
TES-O8548,TES-C1035,2023-06-19,Powerwall,1,10458.88,Delivered,Cash
TES-O6152,TES-C4605,2024-09-17,Supercharging Credits,1,22.77,Returned,Credit Card
TES-O7291,TES-C8664,2025-07-02,Model S,1,77666.31,Pending,Lease
TES-O10663,TES-C1369,2023-10-11,Merchandise,1,162.68,Delivered,Lease
TES-O11733,TES-C4140,2025-01-13,Model 3,1,38749.43,Returned,Financing
TES-O10388,TES-C10705,2025-05-25,Powerwall,1,9112.44,Returned,Cash
TES-O8851,TES-C9756,2024-07-16,Model S,1,85856.32,Pending,Lease
TES-O9789,TES-C8190,2023-01-03,Merchandise,5,208.8,Delivered,Financing
TES-O7398,TES-C4261,2024-09-17,Model Y,1,50798.1,Delivered,Cash
TES-O5039,TES-C4708,2023-10-01,Solar Panel Kit,1,19233.51,Pending,Lease
TES-O6089,TES-C10345,2024-03-11,Model 3,1,41900.09,Delivered,Lease
TES-O10435,TES-C1651,2023-07-24,Model S,1,88160.74,Delivered,Financing
TES-O12395,TES-C8270,2023-05-05,Model S,1,93096.47,Returned,Credit Card
TES-O9006,TES-C1683,2025-10-18,Merchandise,3,299.57,Pending,Lease
TES-O8211,TES-C3194,2023-01-11,Supercharging Credits,4,171.83,Delivered,Financing
TES-O10370,TES-C1690,2024-11-07,Merchandise,3,132.2,Shipped,Lease
TES-O12856,TES-C9140,2023-02-09,Model 3,1,47023.5,Returned,Credit Card
TES-O12093,TES-C2795,2025-02-04,Model X,1,98806.38,Returned,Lease
TES-O6220,TES-C5248,2025-03-06,Model X,1,81919.53,Delivered,Lease
TES-O13334,TES-C9311,2024-12-29,Supercharging Credits,2,132.65,Returned,Credit Card
TES-O5375,TES-C3002,2023-03-03,Supercharging Credits,5,47.76,Pending,Cash
TES-O11603,TES-C1027,2024-09-27,Model S,1,75908.14,Delivered,Credit Card
TES-O9562,TES-C5107,2024-10-22,Model S,1,88055.87,Cancelled,Credit Card
TES-O13763,TES-C8327,2024-03-20,Model X,1,94841.83,Delivered,Financing
TES-O10289,TES-C9477,2023-09-18,Model Y,1,42621.92,Delivered,Lease
TES-O12179,TES-C7004,2024-12-31,Model X,1,98221.88,Pending,Credit Card
TES-O11764,TES-C5402,2025-12-17,Supercharging Credits,3,38.37,Unknown,Financing
TES-O7573,TES-C5804,2023-04-13,Model X,1,96469.65,Delivered,Lease
TES-O6891,TES-C8556,2025-11-27,Merchandise,1,287.75,Delivered,Cash
TES-O14874,TES-C8643,2024-06-15,Solar Panel Kit,1,15858.9,Pending,Financing
TES-O13672,TES-C5606,2025-03-05,Powerwall,1,9489.44,Pending,Financing
TES-O12900,TES-C6590,2025-01-16,Model 3,1,44982.32,Delivered,Credit Card
TES-O13898,TES-C3151,2023-01-09,Merchandise,3,162.87,Pending,Financing
TES-O8080,TES-C9404,2025-09-18,Merchandise,5,116.29,Cancelled,Credit Card
TES-O9085,TES-C8691,2023-03-25,Model X,1,94366.69,Shipped,Financing
TES-O10930,TES-C5871,2024-06-12,Model 3,1,47143.4,Delivered,Financing
TES-O5085,TES-C9966,2023-03-27,Model S,1,79044.02,Delivered,Cash
TES-O13521,TES-C1724,2023-08-02,Model Y,1,52618.01,Pending,Lease
TES-O11452,TES-C8958,2025-06-17,Solar Panel Kit,1,18168.61,Pending,Financing
TES-O14343,TES-C2888,2025-03-22,Model Y,1,49811.51,Cancelled,Lease
TES-O9170,TES-C6523,2024-05-01,Model 3,1,44585.43,Returned,Financing
TES-O10961,TES-C10962,2023-11-01,Powerwall,1,9896.27,Delivered,Cash
TES-O12292,TES-C4729,2025-01-07,Model Y,1,47898.76,Pending,Cash
TES-O6909,TES-C10579,2025-12-10,Model 3,1,43724.06,Delivered,Cash
TES-O12791,TES-C7902,2025-08-13,Powerwall,1,10404.57,Delivered,Financing
TES-O9982,TES-C9876,2024-07-17,Powerwall,1,10656.75,Shipped,Financing
TES-O11777,TES-C8196,2025-06-10,Powerwall,1,11388.4,Cancelled,Credit Card
TES-O11758,TES-C5942,2023-01-12,Model S,1,93654.66,Delivered,Cash
TES-O7056,TES-C9369,2023-01-09,Powerwall,1,11040.56,Delivered,Credit Card
TES-O11626,TES-C2103,2024-03-06,Merchandise,3,84.69,Pending,Financing
TES-O5879,TES-C6401,2023-01-01,Supercharging Credits,5,136.73,Returned,Financing
TES-O6208,TES-C1024,2023-12-09,Solar Panel Kit,1,16563.89,Cancelled,Lease
TES-O13100,TES-C7282,2024-10-02,Powerwall,1,9082.03,Shipped,Cash
TES-O6655,TES-C10079,2023-07-27,Model S,1,78053.17,Returned,Cash
TES-O11045,TES-C7525,2025-03-23,Supercharging Credits,5,157.61,Delivered,Credit Card
TES-O8873,TES-C6879,2023-06-27,Supercharging Credits,2,120.85,Cancelled,Lease
TES-O7989,TES-C3661,2024-08-11,Merchandise,4,49.86,Cancelled,Credit Card
TES-O8540,TES-C10994,2025-07-02,Model X,1,93328.38,Pending,Financing
TES-O12700,TES-C1189,2024-03-30,Model S,1,92553.52,Delivered,Financing
TES-O14865,TES-C1945,2024-06-22,Model Y,1,42130.0,Pending,Cash
TES-O7552,TES-C10672,2023-10-03,Powerwall,1,11234.44,Pending,Lease
TES-O13022,TES-C6489,2025-04-01,Model X,1,89555.52,Delivered,Financing
TES-O7559,TES-C9654,2023-01-01,Solar Panel Kit,1,19549.02,Returned,Lease
TES-O9656,TES-C2356,2023-11-03,Model 3,1,38146.67,Delivered,Cash
TES-O8385,TES-C2174,2024-10-31,Model S,1,77658.28,Delivered,Cash
TES-O6576,TES-C8456,2024-10-20,Powerwall,1,9628.05,Shipped,Cash
TES-O8303,TES-C2163,2024-05-20,Model X,1,99090.58,Delivered,Lease
TES-O9257,TES-C7060,2023-01-13,Model 3,1,39211.37,Delivered,Cash
TES-O12556,TES-C1915,2024-12-03,Solar Panel Kit,1,19401.96,Pending,Credit Card
TES-O11032,TES-C10742,2024-01-19,Model Y,1,42256.76,Shipped,Credit Card
TES-O9425,TES-C4567,2025-04-24,Model 3,1,45151.0,Pending,Credit Card
TES-O12207,TES-C2827,2025-12-25,Solar Panel Kit,1,24991.03,Pending,Credit Card
TES-O5506,TES-C3651,2025-10-22,Solar Panel Kit,1,16336.17,Delivered,Credit Card
TES-O10762,TES-C2384,2025-03-29,Model 3,1,45050.2,Cancelled,Lease
TES-O10746,TES-C10121,2024-02-21,Model Y,1,42255.16,Delivered,Financing
TES-O10913,TES-C1768,2023-08-13,Model 3,1,38077.26,Shipped,Lease
TES-O9500,TES-C1658,2024-01-06,Model S,1,76727.86,Pending,Financing
TES-O9938,TES-C1660,2025-10-21,Model X,1,97179.89,Cancelled,Cash
TES-O9971,TES-C10273,2025-12-05,Model S,1,92630.05,Delivered,Cash
TES-O11259,TES-C5973,2023-07-11,Model 3,1,43225.04,Pending,Financing
TES-O7978,TES-C2043,2025-02-13,Solar Panel Kit,1,16725.38,Delivered,Cash
TES-O8880,TES-C6345,2025-02-21,Model X,1,96130.36,Shipped,Credit Card
TES-O12962,TES-C6723,2025-02-01,Model X,1,97520.02,Cancelled,Credit Card
TES-O8545,TES-C10066,2024-07-23,Model 3,1,47753.51,Pending,Credit Card
TES-O12707,TES-C6154,2024-02-04,Model S,1,88211.66,Cancelled,Cash
TES-O8483,TES-C9611,2023-04-25,Supercharging Credits,1,157.51,Pending,Cash
TES-O9238,TES-C6527,2024-03-04,Model Y,1,45331.81,Delivered,Financing
TES-O14866,TES-C5719,2024-04-22,Model S,1,76740.51,Cancelled,Cash
TES-O10282,TES-C3488,2024-01-16,Powerwall,1,9326.07,Shipped,Financing
TES-O11514,TES-C6943,2023-03-29,Model Y,1,50399.14,Delivered,Cash
TES-O13904,TES-C5901,2023-09-02,Supercharging Credits,3,92.95,Delivered,Cash
TES-O9226,TES-C2654,2024-06-08,Supercharging Credits,3,23.55,Delivered,Lease
TES-O13847,TES-C9586,2025-01-08,Model 3,1,44039.41,Shipped,Credit Card
TES-O8975,TES-C5545,2023-03-15,Merchandise,1,196.86,Delivered,Cash
TES-O5229,TES-C1022,2025-09-06,Model S,1,76602.15,Delivered,Financing
TES-O11779,TES-C1381,2024-04-01,Solar Panel Kit,1,16849.35,Returned,Lease
TES-O8220,TES-C2099,2023-02-13,Model 3,1,39998.5,Pending,Credit Card
TES-O11851,TES-C8936,2025-01-12,Model X,1,84168.25,Returned,Financing
TES-O14353,TES-C4294,2024-04-05,Merchandise,4,295.62,Cancelled,Financing
TES-O10575,TES-C10161,2023-06-06,Model 3,1,46942.54,Delivered,Lease
TES-O14462,TES-C2934,2024-07-04,Powerwall,1,10879.29,Delivered,Lease
TES-O11196,TES-C5125,2023-05-31,Model 3,1,41260.74,Delivered,Cash
TES-O5805,TES-C3792,2023-01-05,Solar Panel Kit,1,23384.09,Cancelled,Financing
TES-O5915,TES-C1688,2025-06-29,Merchandise,4,277.19,Shipped,Cash
TES-O8438,TES-C4714,2023-08-24,Powerwall,1,9383.11,Delivered,Lease
TES-O8510,TES-C3875,2025-04-14,Supercharging Credits,1,123.64,Shipped,Credit Card
TES-O13270,TES-C3783,2024-01-26,Powerwall,1,11097.08,Pending,Credit Card
TES-O10494,TES-C9633,2024-09-23,Model 3,1,44318.21,Shipped,Lease
TES-O5652,TES-C5596,2023-10-31,Model Y,1,54699.29,Delivered,Credit Card
TES-O10907,TES-C2384,2024-04-30,Model X,1,99218.68,Delivered,Credit Card
TES-O10847,TES-C8544,2023-08-22,Model X,1,98530.71,Returned,Cash
TES-O6336,TES-C1133,2025-04-28,Model 3,1,41195.96,Delivered,Financing
TES-O7110,TES-C10804,2024-05-21,Supercharging Credits,5,78.4,Returned,Cash
TES-O12310,TES-C6116,2023-03-12,Model X,1,81249.66,Delivered,Financing
TES-O5097,TES-C1862,2023-06-19,Model X,1,88505.8,Delivered,Cash
TES-O5627,TES-C6969,2024-05-30,Model S,1,86477.23,Cancelled,Financing
TES-O11275,TES-C9970,2023-07-30,Supercharging Credits,4,42.06,Delivered,Credit Card
TES-O8626,TES-C4089,2023-06-29,Model 3,1,42098.96,Delivered,Financing
TES-O13131,TES-C10592,2025-04-05,Model X,1,84590.23,Returned,Cash
TES-O14249,TES-C1992,2025-04-10,Supercharging Credits,3,17.39,Shipped,Financing
TES-O13807,TES-C4262,2023-01-02,Model Y,1,54841.65,Delivered,Credit Card
TES-O5486,TES-C2304,2024-09-15,Merchandise,2,24.88,Pending,Financing
TES-O6494,TES-C8297,2025-12-16,Model Y,1,42923.22,Cancelled,Lease
TES-O6497,TES-C6671,2025-01-26,Supercharging Credits,4,33.28,Returned,Credit Card
TES-O8146,TES-C5385,2025-05-05,Merchandise,1,262.71,Pending,Lease
TES-O11113,TES-C4720,2024-02-22,Model Y,1,42749.85,Pending,Financing
TES-O6306,TES-C10584,2023-02-01,Model X,1,99155.42,Delivered,Credit Card
TES-O10586,TES-C7996,2024-04-16,Model Y,1,54516.33,Pending,Lease
TES-O9320,TES-C9293,2025-02-01,Model 3,1,42188.1,Delivered,Lease
TES-O10403,TES-C2335,2024-09-23,Model S,1,91432.27,Delivered,Credit Card
TES-O7192,TES-C8390,2024-06-18,Model 3,1,47901.18,Shipped,Cash
TES-O8591,TES-C10981,2024-11-08,Supercharging Credits,1,148.25,Cancelled,Financing
TES-O7276,TES-C6819,2024-08-18,Model S,1,79730.14,Cancelled,Lease
TES-O5795,TES-C5316,2023-03-10,Model X,1,95305.03,Delivered,Financing
TES-O8760,TES-C3045,2023-07-15,Model Y,1,44550.72,Returned,Financing
TES-O14074,TES-C10638,2024-07-30,Solar Panel Kit,1,24157.89,Delivered,Lease
TES-O11616,TES-C4228,2024-10-26,Model 3,1,42915.89,Cancelled,Financing
TES-O11655,TES-C2939,2025-07-05,Model Y,1,47940.03,Returned,Financing
TES-O6653,TES-C5924,2023-08-16,Model X,1,92321.77,Cancelled,Cash
TES-O12925,TES-C6384,2024-06-24,Model 3,1,38479.44,Returned,Financing
TES-O9329,TES-C5521,2023-10-09,Supercharging Credits,5,95.54,Cancelled,Credit Card
TES-O12474,TES-C8789,2024-04-14,Model 3,1,40639.64,Unknown,Financing
TES-O5777,TES-C2575,2023-05-21,Solar Panel Kit,1,24794.58,Returned,Lease
TES-O12245,TES-C2386,2023-04-19,Powerwall,1,10988.5,Shipped,Financing
TES-O6302,TES-C9357,2025-07-07,Model 3,1,45106.49,Delivered,Lease
TES-O8270,TES-C7945,2023-08-02,Model X,1,98073.72,Returned,Lease
TES-O5743,TES-C4718,2025-06-10,Model 3,1,38282.38,Delivered,Cash
TES-O10699,TES-C10521,2023-04-23,Powerwall,1,9112.54,Returned,Cash
TES-O11147,TES-C9248,2025-06-30,Supercharging Credits,3,102.58,Returned,Lease
TES-O13731,TES-C7112,2024-03-07,Model X,1,94108.17,Unknown,Credit Card
TES-O11294,TES-C4505,2025-09-26,Model 3,1,41784.1,Cancelled,Cash
TES-O10332,TES-C3627,2024-11-11,Model X,1,88087.99,Returned,Financing
TES-O5274,TES-C6992,2023-08-21,Model X,1,82153.04,Pending,Financing
TES-O7583,TES-C8798,2025-12-18,Model S,1,91080.05,Delivered,Cash
TES-O13549,TES-C4687,2025-03-26,Model X,1,98339.25,Returned,Financing
TES-O8164,TES-C7369,2023-09-02,Merchandise,5,250.84,Cancelled,Credit Card
TES-O10406,TES-C6247,2025-04-09,Model S,1,90528.96,Delivered,Lease
TES-O14809,TES-C9999,2023-07-27,Model Y,1,52765.29,Delivered,Credit Card
TES-O13860,TES-C7968,2024-11-24,Model Y,1,50439.95,Delivered,Financing
TES-O10626,TES-C10585,2025-09-09,Powerwall,1,10009.8,Delivered,Lease
TES-O14716,TES-C9456,2024-06-14,Model Y,1,42702.84,Delivered,Financing
TES-O6075,TES-C8680,2025-11-20,Model S,1,87334.26,Cancelled,Cash
TES-O5042,TES-C8575,2024-07-31,Model Y,1,54764.68,Returned,Lease
TES-O7069,TES-C9610,2023-06-19,Model 3,1,45673.87,Delivered,Credit Card
TES-O13605,TES-C3686,2024-09-25,Model X,1,92553.6,Delivered,Lease
TES-O12976,TES-C8288,2023-10-29,Solar Panel Kit,1,23199.71,Pending,Financing
TES-O13246,TES-C8889,2024-06-22,Supercharging Credits,4,188.82,Pending,Credit Card
TES-O9631,TES-C7109,2023-01-10,Model Y,1,42818.56,Returned,Financing
TES-O10252,TES-C1937,2023-10-29,Model S,1,78189.86,Delivered,Lease
TES-O6503,TES-C5038,2024-10-30,Merchandise,4,240.14,Pending,Cash
TES-O9787,TES-C3966,2023-05-17,Model Y,1,49014.93,Returned,Financing
TES-O12873,TES-C10819,2023-04-27,Model 3,1,38827.5,Delivered,Lease
TES-O13314,TES-C10715,2025-01-20,Supercharging Credits,5,109.02,Returned,Cash
TES-O5270,TES-C8691,2023-06-15,Solar Panel Kit,1,15853.58,Delivered,Financing
TES-O7344,TES-C3169,2024-12-24,Model X,1,89890.71,Unknown,Lease
TES-O10971,TES-C9830,2024-05-27,Model Y,1,47419.3,Shipped,Lease
TES-O7825,TES-C3486,2024-04-29,Solar Panel Kit,1,20496.38,Shipped,Credit Card
TES-O10934,TES-C4581,2023-06-23,Model Y,1,45282.45,Returned,Financing
TES-O5074,TES-C2115,2023-04-20,Powerwall,1,9903.58,Pending,Lease
TES-O5927,TES-C2433,2023-12-22,Supercharging Credits,1,119.6,Pending,Lease
TES-O6746,TES-C10027,2023-10-28,Solar Panel Kit,1,23183.19,Shipped,Cash
TES-O14737,TES-C8096,2024-07-06,Merchandise,4,261.54,Delivered,Cash
TES-O8999,TES-C1011,2025-02-20,Model S,1,78978.85,Pending,Lease
TES-O6044,TES-C8632,2024-01-07,Powerwall,1,9008.35,Returned,Lease
TES-O14014,TES-C5147,2025-07-03,Supercharging Credits,2,63.77,Shipped,Financing
TES-O9871,TES-C9001,2024-01-23,Supercharging Credits,5,40.18,Delivered,Lease
TES-O14800,TES-C7067,2024-09-06,Merchandise,3,262.39,Shipped,Cash
TES-O5035,TES-C10574,2024-12-29,Solar Panel Kit,1,19828.23,Cancelled,Financing
TES-O13877,TES-C4634,2024-08-22,Merchandise,2,291.03,Delivered,Lease
TES-O14451,TES-C4282,2025-01-14,Model Y,1,42086.22,Shipped,Credit Card
TES-O10515,TES-C7386,2025-10-22,Model Y,1,43412.08,Unknown,Financing
TES-O12972,TES-C10382,2024-08-13,Solar Panel Kit,1,19709.15,Cancelled,Credit Card
TES-O8143,TES-C3233,2025-10-17,Merchandise,3,167.62,Delivered,Credit Card
TES-O11922,TES-C6682,2023-07-24,Model X,1,92014.24,Cancelled,Cash
TES-O14113,TES-C9999,2023-10-10,Model X,1,80052.11,Delivered,Credit Card
TES-O8698,TES-C10215,2025-01-05,Merchandise,3,22.73,Pending,Cash
TES-O13059,TES-C1960,2024-01-20,Solar Panel Kit,1,16641.31,Returned,Financing
TES-O14163,TES-C7310,2024-04-01,Model Y,1,49737.16,Cancelled,Lease
TES-O7959,TES-C5264,2025-03-02,Merchandise,3,130.98,Unknown,Financing
TES-O14961,TES-C5869,2024-03-27,Model X,1,99016.73,Cancelled,Financing
TES-O12185,TES-C3197,2024-08-19,Supercharging Credits,5,144.52,Shipped,Cash
TES-O13139,TES-C6013,2025-10-29,Model S,1,79846.19,Shipped,Cash
TES-O14877,TES-C10042,2025-12-07,Merchandise,1,90.46,Pending,Financing
TES-O13611,TES-C7834,2025-08-25,Powerwall,1,9284.96,Returned,Financing
TES-O14109,TES-C10139,2023-05-05,Powerwall,1,9257.8,Shipped,Cash
TES-O14307,TES-C9913,2024-05-16,Model S,1,89382.4,Returned,Financing
TES-O8399,TES-C8139,2024-02-11,Model Y,1,53481.25,Delivered,Financing
TES-O9956,TES-C9801,2025-10-12,Powerwall,1,10753.49,Shipped,Financing
TES-O14129,TES-C3462,2025-10-12,Model S,1,90007.04,Pending,Lease
TES-O8266,TES-C8817,2024-05-03,Powerwall,1,11982.32,Cancelled,Cash
TES-O6590,TES-C6560,2023-04-29,Model 3,1,39672.16,Shipped,Lease
TES-O6445,TES-C2383,2025-12-16,Powerwall,1,11952.55,Delivered,Credit Card
TES-O6811,TES-C8569,2024-02-14,Model X,1,83012.7,Delivered,Financing
TES-O7054,TES-C3044,2024-10-25,Solar Panel Kit,1,18479.37,Delivered,Lease
TES-O14347,TES-C7265,2024-07-24,Powerwall,1,9121.26,Delivered,Lease
TES-O13285,TES-C2709,2025-06-18,Solar Panel Kit,1,15342.79,Pending,Cash
TES-O12680,TES-C4148,2024-03-26,Solar Panel Kit,1,19524.55,Shipped,Credit Card
TES-O13365,TES-C5465,2023-02-22,Powerwall,1,11900.26,Cancelled,Cash
TES-O6990,TES-C3125,2023-08-01,Model 3,1,45094.04,Returned,Cash
TES-O10087,TES-C2497,2025-11-02,Model X,1,81179.55,Returned,Cash
TES-O10302,TES-C3135,2025-05-28,Merchandise,3,204.03,Shipped,Lease
TES-O11591,TES-C3312,2023-08-11,Model X,1,93684.18,Unknown,Credit Card
TES-O8119,TES-C6081,2024-03-15,Model 3,1,45666.43,Delivered,Cash
TES-O9345,TES-C4551,2023-06-09,Model 3,1,39536.91,Pending,Cash
TES-O9681,TES-C8155,2025-12-02,Model X,1,92150.01,Delivered,Credit Card
TES-O6609,TES-C9617,2025-12-19,Supercharging Credits,2,90.86,Delivered,Cash
TES-O10814,TES-C10559,2024-07-28,Supercharging Credits,5,69.81,Pending,Credit Card
TES-O5578,TES-C9894,2023-09-25,Supercharging Credits,4,81.69,Cancelled,Financing
TES-O7477,TES-C3668,2025-03-17,Powerwall,1,10880.91,Returned,Lease
TES-O9897,TES-C10405,2025-02-08,Model X,1,80153.09,Cancelled,Cash
TES-O5438,TES-C9489,2025-02-19,Model Y,1,52971.92,Delivered,Financing
TES-O14739,TES-C9732,2024-03-20,Merchandise,4,26.82,Returned,Cash
TES-O12991,TES-C4010,2025-08-09,Merchandise,3,250.79,Delivered,Credit Card
TES-O9608,TES-C7375,2025-07-03,Model Y,1,48939.89,Delivered,Cash
TES-O7367,TES-C10919,2023-08-10,Model 3,1,43660.97,Shipped,Lease
TES-O11951,TES-C5249,2023-05-05,Merchandise,4,206.36,Delivered,Lease
TES-O5086,TES-C3661,2023-03-29,Model Y,1,44750.21,Delivered,Lease
TES-O9039,TES-C2181,2024-04-01,Powerwall,1,11718.47,Delivered,Credit Card
TES-O9644,TES-C5515,2025-01-24,Model Y,1,46993.13,Delivered,Financing
TES-O7944,TES-C5393,2025-03-26,Supercharging Credits,2,95.62,Pending,Lease
TES-O8213,TES-C7197,2024-03-29,Solar Panel Kit,1,19690.16,Pending,Lease
TES-O12646,TES-C2650,2024-04-10,Solar Panel Kit,1,19556.4,Returned,Lease
TES-O14304,TES-C8938,2023-01-02,Model X,1,80931.2,Cancelled,Credit Card
TES-O6263,TES-C9413,2023-11-02,Model Y,1,52945.64,Delivered,Lease
TES-O8840,TES-C2642,2024-01-21,Powerwall,1,11394.01,Cancelled,Financing
TES-O9013,TES-C5439,2024-11-18,Model Y,1,46283.3,Cancelled,Financing
TES-O13849,TES-C9923,2024-03-31,Supercharging Credits,1,185.6,Cancelled,Financing
TES-O14489,TES-C2566,2025-06-17,Model Y,1,42539.59,Delivered,Cash
TES-O6185,TES-C10318,2023-09-10,Model 3,1,47635.47,Delivered,Financing
TES-O6617,TES-C4336,2025-05-19,Powerwall,1,9983.75,Returned,Credit Card
TES-O5540,TES-C6385,2025-10-06,Powerwall,1,11395.14,Cancelled,Cash
TES-O11633,TES-C2025,2023-03-25,Model 3,1,44478.84,Shipped,Lease
TES-O10268,TES-C2217,2024-10-20,Powerwall,1,11217.92,Returned,Credit Card
TES-O8980,TES-C4526,2025-07-18,Solar Panel Kit,1,17848.86,Delivered,Credit Card
TES-O10470,TES-C6619,2025-09-07,Merchandise,2,92.27,Delivered,Financing
TES-O5903,TES-C3430,2023-03-26,Model X,1,94348.52,Pending,Financing
TES-O14826,TES-C7402,2025-08-11,Model X,1,84062.01,Shipped,Cash
TES-O10004,TES-C6653,2025-10-24,Solar Panel Kit,1,22784.63,Delivered,Credit Card
TES-O13619,TES-C6326,2024-07-16,Model 3,1,45790.67,Delivered,Financing
TES-O10434,TES-C3972,2025-02-06,Powerwall,1,10482.83,Delivered,Cash
TES-O14311,TES-C10234,2025-07-10,Merchandise,3,296.4,Cancelled,Cash
TES-O13818,TES-C1300,2023-12-03,Model 3,1,41473.84,Shipped,Credit Card
TES-O9954,TES-C3314,2024-07-25,Model S,1,86729.05,Shipped,Lease
TES-O7694,TES-C5961,2024-02-26,Merchandise,1,257.42,Delivered,Cash
TES-O13827,TES-C6378,2024-08-01,Merchandise,1,156.49,Pending,Credit Card
TES-O8275,TES-C9597,2025-07-10,Merchandise,4,156.38,Pending,Cash
TES-O12200,TES-C7905,2024-04-06,Supercharging Credits,3,174.75,Delivered,Financing
TES-O8943,TES-C10192,2024-01-08,Merchandise,2,70.62,Pending,Financing
TES-O10603,TES-C1928,2025-10-24,Merchandise,1,91.2,Pending,Cash
TES-O12316,TES-C4359,2025-08-04,Merchandise,4,52.7,Unknown,Cash
TES-O5569,TES-C1655,2023-04-05,Model Y,1,54114.28,Shipped,Financing
TES-O9634,TES-C5205,2025-08-28,Model X,1,92818.53,Cancelled,Financing
TES-O7878,TES-C5747,2024-01-24,Merchandise,4,258.95,Cancelled,Credit Card
TES-O13441,TES-C1073,2025-08-14,Supercharging Credits,5,33.73,Pending,Financing
TES-O9105,TES-C8621,2023-09-24,Model Y,1,44426.79,Delivered,Cash
TES-O13702,TES-C8163,2024-03-07,Model Y,1,46350.34,Pending,Lease
TES-O14240,TES-C9284,2025-10-26,Model 3,1,44331.09,Delivered,Lease
TES-O14123,TES-C6182,2025-04-12,Supercharging Credits,2,156.81,Returned,Lease
TES-O6826,TES-C10325,2025-01-09,Merchandise,3,268.31,Returned,Cash
TES-O7360,TES-C7606,2024-04-27,Model X,1,92727.44,Shipped,Lease
TES-O14473,TES-C10178,2025-01-13,Powerwall,1,11861.55,Delivered,Cash
TES-O6136,TES-C6636,2024-01-10,Powerwall,1,10541.01,Shipped,Lease
TES-O11763,TES-C9468,2023-03-02,Supercharging Credits,5,114.47,Pending,Credit Card
TES-O8011,TES-C5084,2025-05-10,Powerwall,1,9083.62,Cancelled,Financing
TES-O13778,TES-C4914,2024-08-31,Merchandise,1,62.18,Delivered,Credit Card
TES-O14185,TES-C8226,2023-06-17,Model X,1,97474.05,Delivered,Lease
TES-O9516,TES-C2653,2024-04-17,Merchandise,3,178.95,Returned,Cash
TES-O9602,TES-C7790,2024-11-16,Merchandise,2,65.84,Delivered,Financing
TES-O8831,TES-C5651,2023-03-28,Powerwall,1,10191.0,Delivered,Financing
TES-O7912,TES-C4466,2024-03-01,Model S,1,83487.06,Delivered,Financing
TES-O11338,TES-C10180,2024-03-23,Supercharging Credits,2,128.26,Cancelled,Lease
TES-O13140,TES-C6447,2023-09-11,Model 3,1,38244.17,Cancelled,Credit Card
TES-O14527,TES-C9505,2025-12-11,Model 3,1,43174.51,Returned,Lease
TES-O7614,TES-C6979,2024-10-28,Model Y,1,53030.67,Delivered,Financing
TES-O6857,TES-C1671,2025-03-01,Model Y,1,48580.25,Delivered,Credit Card
TES-O6936,TES-C3370,2023-11-12,Supercharging Credits,4,49.87,Returned,Credit Card
TES-O13915,TES-C7815,2025-10-16,Model S,1,81818.61,Returned,Cash
TES-O12308,TES-C6399,2025-12-29,Model X,1,99381.9,Delivered,Credit Card
TES-O13514,TES-C4359,2025-01-03,Powerwall,1,10610.54,Cancelled,Financing
TES-O11646,TES-C9400,2025-05-21,Merchandise,3,129.26,Returned,Credit Card
TES-O13592,TES-C9221,2024-06-17,Model 3,1,40675.23,Unknown,Lease
TES-O10766,TES-C2990,2023-11-19,Model 3,1,43019.29,Unknown,Financing
TES-O5983,TES-C3233,2023-07-08,Model X,1,80073.28,Delivered,Financing
TES-O12057,TES-C7100,2023-07-29,Model 3,1,39947.72,Shipped,Credit Card
TES-O12932,TES-C7628,2024-05-15,Model S,1,80270.37,Delivered,Cash
TES-O8592,TES-C1826,2024-11-11,Model 3,1,45414.18,Pending,Lease
TES-O11969,TES-C7760,2025-08-11,Model S,1,79748.35,Returned,Lease
TES-O6295,TES-C6345,2023-07-27,Model Y,1,43590.57,Pending,Cash
TES-O14753,TES-C6399,2023-09-08,Model S,1,94625.87,Delivered,Lease
TES-O13764,TES-C3909,2025-09-13,Solar Panel Kit,1,17339.97,Shipped,Credit Card
TES-O10303,TES-C7419,2024-03-12,Solar Panel Kit,1,20328.23,Shipped,Credit Card
TES-O5257,TES-C8458,2024-09-26,Model 3,1,45174.62,Pending,Cash
TES-O8184,TES-C7403,2023-11-06,Solar Panel Kit,1,23209.42,Cancelled,Lease
TES-O7309,TES-C5607,2024-10-09,Solar Panel Kit,1,20043.83,Shipped,Financing
TES-O7847,TES-C4437,2025-05-02,Model X,1,98554.14,Delivered,Credit Card
TES-O6664,TES-C3040,2023-02-02,Powerwall,1,9679.35,Delivered,Credit Card
TES-O11654,TES-C6165,2023-09-18,Powerwall,1,10637.01,Cancelled,Cash
TES-O10400,TES-C3462,2023-06-26,Supercharging Credits,1,39.3,Delivered,Cash
TES-O13027,TES-C10133,2024-01-15,Model Y,1,49120.93,Pending,Financing
TES-O13449,TES-C4097,2023-02-22,Model 3,1,45597.72,Returned,Lease
TES-O9217,TES-C9999,2023-08-29,Merchandise,2,195.23,Cancelled,Lease
TES-O8109,TES-C8518,2024-02-20,Model 3,1,38522.8,Pending,Lease
TES-O6546,TES-C8034,2025-08-05,Powerwall,1,11435.49,Shipped,Financing
TES-O12235,TES-C7254,2024-07-20,Model 3,1,47335.67,Cancelled,Lease
TES-O5736,TES-C7612,2023-03-04,Supercharging Credits,2,185.56,Delivered,Lease
TES-O5626,TES-C2318,2023-08-11,Solar Panel Kit,1,15749.42,Returned,Lease
TES-O5120,TES-C9999,2023-09-01,Supercharging Credits,5,64.0,Delivered,Financing
TES-O11627,TES-C2227,2023-02-05,Supercharging Credits,5,116.81,Shipped,Cash
TES-O13973,TES-C10596,2023-04-04,Model X,1,98175.04,Delivered,Lease
TES-O13968,TES-C2787,2025-04-24,Model X,1,84813.21,Delivered,Financing
TES-O9554,TES-C4798,2024-04-30,Solar Panel Kit,1,18046.14,Cancelled,Cash
TES-O9457,TES-C4243,2023-02-21,Model S,1,88858.09,Delivered,Cash
TES-O7381,TES-C3618,2023-10-13,Powerwall,1,10949.79,Cancelled,Lease
TES-O11789,TES-C4696,2024-05-19,Model Y,1,46472.87,Pending,Lease
TES-O10975,TES-C5409,2023-09-26,Model S,1,93058.75,Cancelled,Credit Card
TES-O14189,TES-C3900,2025-07-22,Merchandise,2,256.32,Shipped,Lease
TES-O5148,TES-C3447,2024-10-11,Supercharging Credits,3,128.36,Pending,Lease
TES-O8856,TES-C8332,2023-09-09,Model Y,1,44323.54,Delivered,Lease
TES-O13109,TES-C7571,2024-05-15,Model X,1,87801.51,Delivered,Lease
TES-O5525,TES-C8157,2024-12-09,Solar Panel Kit,1,16124.03,Delivered,Financing
TES-O12827,TES-C3345,2025-12-23,Merchandise,5,84.44,Returned,Lease
TES-O7161,TES-C9776,2025-01-01,Model S,1,92575.98,Delivered,Lease
TES-O5707,TES-C1786,2024-11-11,Model S,1,84592.03,Unknown,Cash
TES-O5330,TES-C9202,2024-03-08,Model Y,1,45635.99,Unknown,Financing
TES-O10500,TES-C10429,2024-09-03,Powerwall,1,10948.52,Returned,Financing
TES-O5785,TES-C10731,2025-06-21,Solar Panel Kit,1,20415.75,Shipped,Financing
TES-O10542,TES-C6463,2025-10-27,Model X,1,97871.0,Cancelled,Credit Card
TES-O10017,TES-C5446,2024-08-12,Model S,1,87725.12,Returned,Cash
TES-O9654,TES-C8227,2023-05-28,Powerwall,1,9963.41,Delivered,Cash
TES-O11998,TES-C3982,2023-05-23,Model S,1,75233.69,Shipped,Financing
TES-O7587,TES-C4797,2023-05-14,Model Y,1,47052.76,Cancelled,Lease
TES-O9463,TES-C6618,2025-03-20,Model 3,1,43369.36,Shipped,Lease
TES-O10143,TES-C10702,2023-08-31,Powerwall,1,11612.72,Delivered,Lease
TES-O7388,TES-C5627,2024-06-12,Merchandise,3,173.46,Delivered,Lease
TES-O12628,TES-C7793,2025-08-31,Model S,1,94564.83,Delivered,Cash
TES-O11559,TES-C3006,2025-05-25,Model X,1,87941.15,Delivered,Lease
TES-O14372,TES-C9999,2023-10-15,Model 3,1,40652.15,Cancelled,Credit Card
TES-O11713,TES-C3014,2025-12-21,Model S,1,89497.15,Cancelled,Credit Card
TES-O12581,TES-C8020,2024-03-05,Powerwall,1,10880.38,Delivered,Credit Card
TES-O10164,TES-C9586,2023-11-02,Model X,1,97257.93,Delivered,Credit Card
TES-O8161,TES-C3316,2023-06-25,Model X,1,94806.89,Unknown,Cash
TES-O10265,TES-C1430,2023-10-21,Model S,1,80766.28,Returned,Financing
TES-O11650,TES-C4914,2023-02-04,Solar Panel Kit,1,22142.71,Delivered,Lease
TES-O6297,TES-C6665,2024-07-03,Model Y,1,53605.33,Delivered,Credit Card
TES-O12191,TES-C9900,2023-03-10,Powerwall,1,10250.7,Pending,Cash
TES-O12896,TES-C3895,2025-07-20,Model S,1,86603.52,Delivered,Financing
TES-O7122,TES-C6791,2024-05-20,Merchandise,1,251.91,Delivered,Financing
TES-O10223,TES-C7861,2023-01-17,Solar Panel Kit,1,19975.17,Shipped,Credit Card
TES-O6167,TES-C6089,2025-10-23,Merchandise,1,163.2,Returned,Financing
TES-O10656,TES-C8051,2024-11-13,Model X,1,98178.23,Returned,Lease
TES-O9002,TES-C1179,2024-01-27,Powerwall,1,9105.33,Delivered,Credit Card
TES-O6749,TES-C4216,2023-04-28,Solar Panel Kit,1,21547.6,Returned,Credit Card
TES-O12255,TES-C5734,2025-05-19,Model 3,1,41255.58,Returned,Lease
TES-O5610,TES-C1050,2024-07-05,Model Y,1,52298.52,Returned,Lease
TES-O12472,TES-C1163,2025-01-03,Solar Panel Kit,1,21149.74,Pending,Financing
TES-O8798,TES-C10267,2025-01-14,Solar Panel Kit,1,19728.28,Pending,Financing
TES-O11087,TES-C4662,2025-08-31,Model S,1,92376.68,Delivered,Lease
TES-O5335,TES-C6875,2025-11-09,Supercharging Credits,3,22.57,Returned,Credit Card
TES-O11429,TES-C3334,2024-05-24,Solar Panel Kit,1,19972.9,Delivered,Credit Card
TES-O12227,TES-C8393,2023-08-04,Merchandise,3,106.84,Unknown,Cash
TES-O11896,TES-C6800,2023-05-13,Model Y,1,48394.39,Delivered,Cash
TES-O12605,TES-C2583,2023-09-07,Solar Panel Kit,1,24708.28,Delivered,Financing
TES-O10608,TES-C4402,2025-04-13,Model S,1,80883.1,Cancelled,Cash
TES-O10038,TES-C7923,2025-04-15,Solar Panel Kit,1,23296.39,Returned,Lease
TES-O7838,TES-C3203,2024-03-21,Model X,1,88248.19,Delivered,Cash
TES-O5892,TES-C5918,2024-07-09,Model S,1,92783.32,Delivered,Financing
TES-O11608,TES-C6016,2025-11-21,Solar Panel Kit,1,21858.93,Returned,Credit Card
TES-O10469,TES-C8189,2023-03-20,Merchandise,3,247.52,Cancelled,Financing
TES-O12967,TES-C9487,2024-06-08,Model Y,1,43797.26,Delivered,Financing
TES-O8139,TES-C2767,2025-08-20,Merchandise,5,275.22,Pending,Credit Card
TES-O7907,TES-C4686,2023-04-15,Powerwall,1,10640.39,Delivered,Financing
TES-O11892,TES-C1722,2024-01-15,Supercharging Credits,4,114.64,Returned,Cash
TES-O10572,TES-C8444,2025-12-29,Model 3,1,40156.69,Delivered,Credit Card
TES-O9447,TES-C7112,2025-02-01,Merchandise,2,123.97,Delivered,Credit Card
TES-O5585,TES-C3693,2023-09-10,Model 3,1,47813.08,Cancelled,Credit Card
TES-O12793,TES-C1889,2024-11-09,Model S,1,88407.5,Cancelled,Financing
TES-O8743,TES-C9999,2024-12-24,Model S,1,89280.14,Pending,Cash
TES-O5455,TES-C8662,2024-12-10,Supercharging Credits,5,198.55,Returned,Lease
TES-O5588,TES-C10253,2024-07-01,Model Y,1,51124.87,Delivered,Cash
TES-O10684,TES-C7026,2023-07-07,Model Y,1,50551.56,Cancelled,Financing
TES-O12886,TES-C8285,2024-08-05,Solar Panel Kit,1,21159.48,Returned,Financing
TES-O10020,TES-C3599,2024-07-11,Model Y,1,52135.22,Shipped,Credit Card
TES-O10999,TES-C5505,2024-02-02,Supercharging Credits,2,118.37,Delivered,Financing
TES-O5555,TES-C6654,2025-08-18,Solar Panel Kit,1,18230.43,Returned,Cash
TES-O13604,TES-C1873,2023-01-27,Solar Panel Kit,1,23543.37,Pending,Cash
TES-O5862,TES-C1359,2024-04-20,Supercharging Credits,1,62.29,Shipped,Cash
TES-O10605,TES-C9394,2024-05-14,Powerwall,1,9870.8,Pending,Cash
TES-O11675,TES-C9999,2023-06-12,Powerwall,1,11788.96,Delivered,Cash
TES-O10272,TES-C2034,2025-09-09,Model 3,1,46342.31,Cancelled,Lease
TES-O7115,TES-C9564,2024-08-21,Model X,1,87926.75,Returned,Financing
TES-O10708,TES-C9999,2024-06-23,Model Y,1,49548.05,Returned,Lease
TES-O5876,TES-C10210,2025-06-16,Model S,1,90221.85,Delivered,Financing
TES-O13588,TES-C5393,2024-09-13,Model Y,1,43065.58,Cancelled,Lease
TES-O14350,TES-C4796,2025-05-19,Model S,1,94929.47,Cancelled,Lease
TES-O6226,TES-C4251,2025-08-05,Merchandise,3,124.72,Cancelled,Lease
TES-O7662,TES-C3789,2023-03-19,Model S,1,94405.7,Pending,Cash
TES-O14030,TES-C3725,2024-10-22,Model 3,1,38627.49,Pending,Financing
TES-O8348,TES-C1941,2024-12-13,Merchandise,5,268.19,Unknown,Lease
TES-O5544,TES-C1080,2023-04-30,Model X,1,86058.17,Delivered,Cash
TES-O9125,TES-C4932,2023-04-21,Powerwall,1,9436.31,Delivered,Cash
TES-O14354,TES-C5475,2025-04-04,Merchandise,4,100.28,Delivered,Credit Card
TES-O11871,TES-C5078,2023-09-07,Model S,1,90977.12,Cancelled,Credit Card
TES-O13430,TES-C10287,2023-01-12,Supercharging Credits,5,69.31,Pending,Credit Card
TES-O9260,TES-C9794,2024-03-08,Model Y,1,54306.89,Pending,Cash
TES-O10188,TES-C7865,2024-04-23,Solar Panel Kit,1,20571.43,Pending,Financing
TES-O13163,TES-C10729,2023-01-26,Model X,1,81773.16,Delivered,Cash
TES-O13324,TES-C4058,2024-07-23,Model X,1,96781.27,Delivered,Cash
TES-O11033,TES-C5482,2024-12-20,Merchandise,1,192.5,Delivered,Lease
TES-O8413,TES-C3095,2025-12-30,Supercharging Credits,2,16.75,Cancelled,Financing
TES-O5758,TES-C1966,2024-11-19,Model S,1,94483.42,Delivered,Cash
TES-O9511,TES-C2146,2023-09-11,Supercharging Credits,5,21.75,Shipped,Lease
TES-O5411,TES-C9753,2024-06-09,Powerwall,1,9160.5,Delivered,Cash
TES-O6079,TES-C7066,2023-08-07,Merchandise,5,293.83,Delivered,Credit Card
TES-O10651,TES-C1833,2025-10-17,Solar Panel Kit,1,19437.74,Delivered,Financing
TES-O12293,TES-C1086,2025-03-27,Supercharging Credits,4,167.8,Returned,Lease
TES-O8214,TES-C6666,2023-07-18,Model 3,1,45311.65,Returned,Financing
TES-O12077,TES-C5698,2024-08-16,Merchandise,2,178.01,Delivered,Lease
TES-O12433,TES-C2540,2025-01-10,Model 3,1,42451.95,Pending,Credit Card
TES-O14095,TES-C4575,2025-06-29,Supercharging Credits,3,57.14,Cancelled,Cash
TES-O8314,TES-C3085,2025-10-29,Model Y,1,53606.69,Delivered,Financing
TES-O12871,TES-C10541,2025-09-05,Model S,1,86226.82,Delivered,Financing
TES-O7011,TES-C10800,2023-07-08,Powerwall,1,9926.35,Pending,Credit Card
TES-O8996,TES-C4070,2024-11-25,Model 3,1,43537.51,Delivered,Credit Card
TES-O6637,TES-C3683,2025-11-08,Model 3,1,47327.69,Pending,Lease
TES-O6093,TES-C1577,2023-11-30,Supercharging Credits,1,103.81,Cancelled,Financing
TES-O10235,TES-C2347,2023-10-12,Solar Panel Kit,1,19656.57,Unknown,Financing
TES-O10419,TES-C1149,2025-11-08,Model X,1,94081.45,Shipped,Financing
TES-O10450,TES-C9900,2024-04-02,Merchandise,2,22.69,Delivered,Credit Card
TES-O11043,TES-C6915,2025-07-24,Model S,1,92039.73,Delivered,Cash
TES-O8586,TES-C8903,2025-07-09,Model 3,1,47890.97,Shipped,Credit Card
TES-O7352,TES-C3329,2023-09-12,Model S,1,91399.74,Delivered,Credit Card
TES-O13101,TES-C4922,2025-10-15,Model Y,1,51152.95,Pending,Credit Card
TES-O10597,TES-C5110,2023-08-15,Model Y,1,51280.35,Shipped,Credit Card
TES-O11455,TES-C8563,2024-11-05,Model X,1,96309.53,Delivered,Cash
TES-O12858,TES-C6955,2025-01-02,Solar Panel Kit,1,24412.85,Delivered,Cash
TES-O7274,TES-C1336,2024-10-12,Model 3,1,46691.6,Delivered,Credit Card
TES-O7512,TES-C7790,2024-04-12,Model Y,1,52361.48,Delivered,Lease
TES-O12170,TES-C5659,2025-03-03,Powerwall,1,11025.49,Pending,Cash
TES-O13397,TES-C4518,2023-03-14,Model X,1,99445.76,Delivered,Credit Card
TES-O11807,TES-C2527,2023-05-21,Model 3,1,46500.2,Cancelled,Financing
TES-O5420,TES-C3758,2023-08-05,Solar Panel Kit,1,15437.59,Delivered,Cash
TES-O14749,TES-C3930,2024-06-11,Model Y,1,45857.83,Cancelled,Lease
TES-O10345,TES-C9995,2025-04-07,Merchandise,4,75.09,Cancelled,Cash
TES-O14298,TES-C2532,2025-09-16,Model X,1,89867.85,Delivered,Credit Card
TES-O14052,TES-C3910,2025-01-21,Model S,1,78701.3,Delivered,Cash
TES-O11223,TES-C2648,2025-05-10,Model 3,1,46534.06,Delivered,Cash
TES-O7091,TES-C4768,2023-12-04,Merchandise,1,176.07,Cancelled,Financing
TES-O8599,TES-C6514,2023-05-17,Solar Panel Kit,1,20052.39,Delivered,Lease
TES-O10596,TES-C2678,2023-08-14,Solar Panel Kit,1,18569.52,Unknown,Cash
TES-O7609,TES-C6596,2024-09-04,Solar Panel Kit,1,17024.97,Shipped,Cash
TES-O8879,TES-C4900,2025-02-21,Model Y,1,52264.06,Unknown,Lease
TES-O11412,TES-C7631,2023-03-02,Model X,1,87760.52,Delivered,Financing
TES-O5738,TES-C4248,2024-08-21,Supercharging Credits,1,133.25,Unknown,Financing
TES-O8141,TES-C8150,2024-04-24,Solar Panel Kit,1,23073.85,Delivered,Financing
TES-O5164,TES-C5958,2025-11-01,Solar Panel Kit,1,20953.77,Delivered,Lease
TES-O7347,TES-C2719,2023-05-28,Merchandise,3,99.36,Delivered,Lease
TES-O7421,TES-C5768,2023-06-25,Supercharging Credits,4,89.94,Delivered,Credit Card
TES-O9848,TES-C4176,2024-04-04,Powerwall,1,9966.41,Returned,Credit Card
TES-O9887,TES-C9999,2023-02-02,Merchandise,5,31.49,Returned,Credit Card
TES-O9872,TES-C1242,2025-09-18,Supercharging Credits,5,87.37,Returned,Credit Card
TES-O5529,TES-C8838,2025-10-16,Merchandise,3,208.15,Shipped,Financing
TES-O12352,TES-C3097,2023-12-23,Model S,1,91119.37,Delivered,Credit Card
TES-O13462,TES-C8523,2025-11-20,Model Y,1,44591.0,Cancelled,Cash
TES-O8449,TES-C10747,2023-09-13,Powerwall,1,11577.44,Cancelled,Financing
TES-O8517,TES-C5529,2024-04-10,Model S,1,80449.32,Delivered,Lease
TES-O11762,TES-C6021,2023-01-30,Model Y,1,43746.36,Unknown,Cash
TES-O8774,TES-C8162,2025-09-26,Model X,1,84645.12,Returned,Financing
TES-O12097,TES-C5384,2025-10-31,Supercharging Credits,2,163.69,Delivered,Lease
TES-O14453,TES-C5234,2024-05-29,Model S,1,84032.42,Pending,Credit Card
TES-O9893,TES-C5380,2023-09-24,Model X,1,89825.98,Pending,Financing
TES-O14053,TES-C1087,2024-05-14,Model Y,1,47119.97,Shipped,Financing
TES-O14761,TES-C10291,2025-01-20,Model X,1,97357.15,Shipped,Cash
TES-O5995,TES-C2637,2023-09-22,Powerwall,1,10302.51,Shipped,Lease
TES-O5034,TES-C4367,2023-01-11,Solar Panel Kit,1,19316.19,Shipped,Lease
TES-O6937,TES-C5640,2023-12-14,Merchandise,3,137.24,Delivered,Financing
TES-O11801,TES-C3906,2023-06-12,Model 3,1,47292.61,Cancelled,Cash
TES-O5625,TES-C9157,2023-12-24,Merchandise,1,158.16,Pending,Lease
TES-O8685,TES-C5894,2023-06-20,Merchandise,1,229.46,Returned,Financing
TES-O6346,TES-C10038,2024-01-28,Supercharging Credits,2,103.08,Returned,Lease
TES-O10314,TES-C3052,2023-12-10,Model Y,1,43031.01,Pending,Credit Card
TES-O9838,TES-C6970,2023-03-24,Solar Panel Kit,1,22596.48,Cancelled,Cash
TES-O6941,TES-C6133,2024-02-24,Model Y,1,43851.59,Delivered,Credit Card
TES-O11290,TES-C9758,2023-03-06,Supercharging Credits,5,77.06,Delivered,Credit Card
TES-O9042,TES-C3685,2025-02-15,Model X,1,90331.62,Cancelled,Cash
TES-O8676,TES-C10493,2024-04-20,Solar Panel Kit,1,21198.43,Delivered,Lease
TES-O14673,TES-C9290,2025-12-13,Model X,1,93850.14,Returned,Financing
TES-O12439,TES-C2269,2023-06-25,Solar Panel Kit,1,24358.33,Delivered,Lease
TES-O12722,TES-C6495,2025-04-22,Model Y,1,48763.43,Pending,Credit Card
TES-O12813,TES-C5690,2024-01-01,Model Y,1,44718.03,Delivered,Lease
TES-O6315,TES-C2862,2023-12-23,Powerwall,1,10835.34,Returned,Financing
TES-O8767,TES-C9476,2023-04-26,Solar Panel Kit,1,22242.05,Returned,Credit Card
TES-O11222,TES-C6221,2024-04-10,Merchandise,5,138.34,Delivered,Lease
TES-O6568,TES-C6385,2025-04-27,Model X,1,82926.68,Cancelled,Cash
TES-O13562,TES-C8288,2023-10-07,Supercharging Credits,4,82.86,Unknown,Cash
TES-O10459,TES-C6311,2024-05-29,Model 3,1,41629.22,Delivered,Cash
TES-O11679,TES-C2490,2024-01-15,Model S,1,77988.77,Delivered,Cash
TES-O6557,TES-C7664,2024-04-05,Solar Panel Kit,1,20868.48,Shipped,Financing
TES-O11116,TES-C4881,2023-02-04,Model Y,1,48959.67,Delivered,Credit Card
TES-O14358,TES-C3950,2024-06-01,Model Y,1,50241.92,Cancelled,Credit Card
TES-O10724,TES-C3568,2025-07-05,Model X,1,93147.19,Shipped,Financing
TES-O5141,TES-C4241,2023-02-27,Solar Panel Kit,1,16450.54,Pending,Financing
TES-O8785,TES-C9803,2024-01-11,Model 3,1,45608.49,Delivered,Cash
TES-O9283,TES-C7322,2023-05-25,Merchandise,3,53.96,Returned,Lease
TES-O8289,TES-C10528,2025-06-09,Merchandise,1,200.98,Cancelled,Credit Card
TES-O14721,TES-C10538,2023-06-11,Supercharging Credits,1,161.02,Delivered,Financing
TES-O8674,TES-C5518,2025-02-23,Solar Panel Kit,1,21316.17,Delivered,Financing
TES-O11574,TES-C9997,2024-01-04,Model S,1,79000.2,Pending,Credit Card
TES-O9593,TES-C7557,2025-12-31,Model S,1,83432.34,Cancelled,Cash
TES-O5298,TES-C7127,2024-07-21,Merchandise,2,273.29,Returned,Credit Card
TES-O11070,TES-C8467,2024-04-16,Supercharging Credits,5,75.33,Cancelled,Financing
TES-O13863,TES-C9137,2025-10-05,Powerwall,1,11406.09,Delivered,Cash
TES-O8207,TES-C3671,2025-07-20,Solar Panel Kit,1,23359.77,Returned,Credit Card
TES-O12429,TES-C1473,2023-07-13,Powerwall,1,11398.47,Delivered,Financing
TES-O6972,TES-C10800,2025-05-05,Model X,1,87780.69,Delivered,Lease
TES-O5370,TES-C9999,2024-05-18,Solar Panel Kit,1,21640.45,Returned,Lease
TES-O10932,TES-C10506,2023-12-18,Model S,1,81602.29,Delivered,Cash
TES-O11756,TES-C9743,2025-07-01,Model S,1,76332.36,Shipped,Financing
TES-O8111,TES-C3506,2025-10-31,Model Y,1,54785.55,Pending,Financing
TES-O6551,TES-C10524,2025-09-16,Model S,1,92083.56,Delivered,Cash
TES-O14907,TES-C8138,2023-12-14,Powerwall,1,11218.98,Shipped,Lease
TES-O13529,TES-C3096,2023-04-24,Merchandise,1,273.3,Pending,Lease
TES-O7953,TES-C9999,2024-07-14,Solar Panel Kit,1,23885.28,Delivered,Credit Card
TES-O13666,TES-C9001,2023-07-26,Powerwall,1,9560.11,Shipped,Financing
TES-O9398,TES-C6413,2023-11-06,Model S,1,77332.69,Returned,Credit Card
TES-O12655,TES-C1658,2024-09-21,Model S,1,88461.69,Pending,Cash
TES-O12287,TES-C9691,2023-11-09,Model S,1,78795.76,Delivered,Credit Card
TES-O10524,TES-C2661,2025-06-01,Supercharging Credits,5,33.86,Pending,Credit Card
TES-O12052,TES-C9265,2023-07-30,Merchandise,3,286.7,Shipped,Cash
TES-O14005,TES-C7483,2025-08-31,Supercharging Credits,1,156.56,Delivered,Lease
TES-O12554,TES-C1146,2025-08-06,Solar Panel Kit,1,20941.27,Pending,Financing
TES-O9052,TES-C4771,2025-08-20,Model S,1,91046.62,Returned,Cash
TES-O9835,TES-C7784,2023-09-01,Model 3,1,47285.57,Returned,Financing
TES-O5752,TES-C7319,2025-05-22,Powerwall,1,11068.13,Shipped,Cash
TES-O11937,TES-C9287,2025-12-08,Supercharging Credits,3,147.0,Shipped,Credit Card
TES-O11140,TES-C9999,2025-08-14,Powerwall,1,9721.13,Returned,Cash
TES-O11322,TES-C2213,2024-05-23,Model X,1,89279.45,Returned,Credit Card
TES-O10152,TES-C2739,2024-05-10,Powerwall,1,11635.81,Delivered,Cash
TES-O5718,TES-C6474,2024-06-28,Model X,1,84435.12,Pending,Financing
TES-O12715,TES-C1661,2025-11-25,Model X,1,94401.82,Pending,Financing
TES-O7332,TES-C3352,2023-08-02,Model S,1,93021.62,Delivered,Financing
TES-O12430,TES-C3107,2023-06-28,Model Y,1,47754.14,Cancelled,Credit Card
TES-O13700,TES-C3478,2024-08-27,Model S,1,82558.42,Delivered,Credit Card
TES-O8553,TES-C9918,2024-05-10,Solar Panel Kit,1,17458.05,Returned,Financing
TES-O8772,TES-C3633,2024-09-11,Model S,1,82253.33,Delivered,Credit Card
TES-O9936,TES-C7998,2024-04-28,Model Y,1,52997.62,Shipped,Financing
TES-O9596,TES-C4526,2025-04-12,Merchandise,5,22.82,Returned,Cash
TES-O13641,TES-C7189,2023-01-20,Solar Panel Kit,1,24761.2,Delivered,Financing
TES-O6108,TES-C1979,2024-09-10,Model Y,1,50720.9,Returned,Cash
TES-O12694,TES-C9626,2025-09-04,Model S,1,85223.94,Returned,Cash
TES-O7805,TES-C2105,2023-06-13,Solar Panel Kit,1,15954.97,Returned,Financing
TES-O5801,TES-C4702,2024-11-11,Model 3,1,44982.22,Delivered,Lease
TES-O6096,TES-C6077,2023-06-09,Model 3,1,44752.03,Pending,Credit Card
TES-O12944,TES-C5918,2023-12-18,Model X,1,99901.79,Delivered,Lease
TES-O8899,TES-C4906,2023-06-22,Model Y,1,54776.98,Pending,Lease
TES-O8149,TES-C7364,2023-03-02,Model X,1,91823.31,Shipped,Lease
TES-O5608,TES-C7861,2024-01-11,Powerwall,1,11509.69,Cancelled,Lease
TES-O11648,TES-C5036,2025-10-27,Solar Panel Kit,1,18799.29,Returned,Financing
TES-O8946,TES-C4792,2024-12-21,Solar Panel Kit,1,20488.68,Delivered,Cash
TES-O9423,TES-C2994,2024-09-15,Model Y,1,42232.2,Cancelled,Financing
TES-O10588,TES-C6354,2024-10-25,Supercharging Credits,4,119.09,Returned,Lease
TES-O9056,TES-C10458,2025-01-03,Model Y,1,46361.14,Delivered,Financing
TES-O9750,TES-C4364,2023-09-08,Solar Panel Kit,1,19893.27,Pending,Credit Card
TES-O6654,TES-C3365,2024-11-27,Model Y,1,44622.62,Delivered,Cash
TES-O8009,TES-C8219,2025-07-14,Model S,1,88819.77,Pending,Financing
TES-O14679,TES-C10209,2025-08-09,Solar Panel Kit,1,16126.58,Shipped,Cash
TES-O5390,TES-C4400,2024-12-08,Solar Panel Kit,1,17710.47,Returned,Lease
TES-O8802,TES-C3237,2023-03-03,Solar Panel Kit,1,18652.3,Delivered,Cash
TES-O9364,TES-C5943,2023-01-17,Model S,1,94533.11,Pending,Lease
TES-O10094,TES-C10313,2025-06-11,Model 3,1,46458.89,Unknown,Credit Card
TES-O12940,TES-C5939,2025-12-07,Model X,1,92398.38,Delivered,Financing
TES-O11173,TES-C6331,2023-04-25,Supercharging Credits,5,127.53,Shipped,Credit Card
TES-O13370,TES-C6027,2023-12-16,Powerwall,1,9256.22,Shipped,Cash
TES-O8589,TES-C2538,2024-02-21,Model Y,1,48792.6,Pending,Financing
TES-O5044,TES-C3926,2024-03-19,Model Y,1,45122.55,Shipped,Credit Card
TES-O11362,TES-C8077,2025-01-15,Supercharging Credits,3,46.09,Shipped,Financing
TES-O12166,TES-C1078,2023-09-01,Solar Panel Kit,1,17274.37,Delivered,Lease
TES-O11663,TES-C4345,2024-09-18,Supercharging Credits,1,48.87,Delivered,Cash
TES-O12456,TES-C7330,2023-11-23,Powerwall,1,10743.95,Delivered,Financing
TES-O6542,TES-C4795,2025-07-22,Model X,1,89780.27,Returned,Cash
TES-O12860,TES-C10011,2025-08-30,Model 3,1,45335.02,Shipped,Credit Card
TES-O12729,TES-C2749,2023-04-22,Supercharging Credits,1,86.04,Delivered,Lease
TES-O5033,TES-C1706,2024-01-05,Solar Panel Kit,1,22183.14,Pending,Cash
TES-O14987,TES-C1930,2023-06-12,Supercharging Credits,3,152.37,Delivered,Lease
TES-O12044,TES-C6768,2023-05-21,Supercharging Credits,4,84.67,Delivered,Lease
TES-O7184,TES-C6626,2024-11-18,Supercharging Credits,4,150.2,Shipped,Credit Card
TES-O12197,TES-C5542,2024-01-03,Merchandise,1,144.3,Delivered,Credit Card
TES-O13547,TES-C8253,2025-01-24,Model Y,1,46442.93,Shipped,Financing
TES-O7897,TES-C6529,2024-09-18,Supercharging Credits,3,57.42,Delivered,Credit Card
TES-O8223,TES-C4220,2025-03-21,Model X,1,99629.97,Returned,Cash
TES-O8947,TES-C5932,2025-09-03,Model 3,1,45223.07,Delivered,Cash
TES-O11075,TES-C4325,2023-06-25,Supercharging Credits,2,137.03,Delivered,Lease
TES-O5324,TES-C6917,2023-09-28,Model X,1,80965.32,Delivered,Financing
TES-O13223,TES-C1099,2024-07-27,Model Y,1,44321.28,Shipped,Lease
TES-O11987,TES-C4857,2025-06-25,Solar Panel Kit,1,23328.25,Delivered,Lease
TES-O14226,TES-C8689,2023-03-24,Solar Panel Kit,1,16736.39,Delivered,Financing
TES-O9617,TES-C10794,2025-12-12,Powerwall,1,10554.24,Delivered,Lease
TES-O14211,TES-C6468,2025-09-30,Model X,1,98029.47,Delivered,Credit Card
TES-O7730,TES-C9999,2023-07-12,Model 3,1,43481.75,Delivered,Credit Card
TES-O5144,TES-C3335,2024-07-03,Model X,1,81955.14,Cancelled,Financing
TES-O8491,TES-C8441,2025-01-19,Model Y,1,48481.02,Returned,Credit Card
TES-O7505,TES-C7628,2024-05-16,Merchandise,1,208.61,Delivered,Cash
TES-O11334,TES-C5319,2025-12-17,Solar Panel Kit,1,16119.57,Returned,Credit Card
TES-O6050,TES-C7730,2023-05-31,Merchandise,3,48.85,Delivered,Financing
TES-O5329,TES-C10896,2023-04-16,Model 3,1,39615.28,Returned,Cash
TES-O7196,TES-C6697,2025-08-23,Supercharging Credits,3,56.4,Delivered,Financing
TES-O7156,TES-C3519,2023-04-08,Model Y,1,45746.24,Shipped,Financing
TES-O6213,TES-C4268,2023-03-03,Solar Panel Kit,1,21669.29,Delivered,Financing
TES-O12368,TES-C8156,2023-09-19,Solar Panel Kit,1,19435.18,Shipped,Cash
TES-O10741,TES-C7283,2024-06-25,Merchandise,2,113.59,Pending,Cash
TES-O5914,TES-C7944,2025-10-28,Powerwall,1,9142.26,Delivered,Lease
TES-O13665,TES-C4165,2024-09-10,Supercharging Credits,1,96.29,Delivered,Cash
TES-O9309,TES-C7677,2024-11-08,Powerwall,1,11718.58,Returned,Lease
TES-O8248,TES-C2228,2023-05-31,Powerwall,1,10762.24,Delivered,Lease
TES-O12503,TES-C10927,2025-08-01,Merchandise,5,150.72,Shipped,Financing
TES-O11015,TES-C10872,2025-05-15,Supercharging Credits,4,36.71,Pending,Credit Card
TES-O7071,TES-C1549,2024-07-06,Model X,1,80384.3,Returned,Cash
TES-O10163,TES-C6962,2023-11-23,Supercharging Credits,2,48.11,Delivered,Lease
TES-O11993,TES-C2165,2025-08-06,Model X,1,91465.66,Cancelled,Credit Card
TES-O7891,TES-C4479,2023-10-21,Supercharging Credits,1,126.63,Returned,Lease
TES-O7254,TES-C10935,2024-06-10,Solar Panel Kit,1,15601.64,Delivered,Credit Card
TES-O8526,TES-C5030,2023-11-04,Supercharging Credits,3,125.12,Delivered,Financing
TES-O12413,TES-C1785,2024-04-12,Supercharging Credits,5,131.3,Delivered,Cash
TES-O14965,TES-C7801,2023-07-17,Supercharging Credits,5,129.65,Shipped,Cash
TES-O5026,TES-C1696,2025-11-17,Model X,1,90818.83,Cancelled,Lease
TES-O14157,TES-C7159,2024-07-25,Model S,1,82145.0,Delivered,Lease
TES-O5582,TES-C2308,2025-05-07,Model X,1,87349.24,Shipped,Financing
TES-O7392,TES-C8270,2023-06-05,Model Y,1,54574.63,Delivered,Financing
TES-O5813,TES-C7713,2025-12-17,Model Y,1,48432.84,Cancelled,Cash
TES-O12922,TES-C5944,2024-11-23,Supercharging Credits,5,93.75,Shipped,Cash
TES-O10830,TES-C6665,2025-04-10,Model 3,1,47662.55,Pending,Cash
TES-O9261,TES-C1404,2024-02-03,Model S,1,81869.86,Delivered,Cash
TES-O5833,TES-C5879,2025-04-24,Solar Panel Kit,1,24382.36,Cancelled,Credit Card
TES-O8123,TES-C10202,2025-01-04,Powerwall,1,11064.9,Delivered,Credit Card
TES-O11486,TES-C3068,2023-03-29,Powerwall,1,11048.53,Delivered,Lease
TES-O12422,TES-C3274,2025-02-15,Model X,1,93110.74,Cancelled,Lease
TES-O12107,TES-C6644,2023-05-14,Model Y,1,52964.26,Delivered,Credit Card
TES-O11216,TES-C6819,2024-06-16,Model S,1,78927.62,Shipped,Lease
TES-O7964,TES-C1930,2023-09-03,Model S,1,77529.87,Shipped,Lease
TES-O9710,TES-C9285,2024-09-12,Solar Panel Kit,1,17735.67,Delivered,Credit Card
TES-O11553,TES-C2368,2023-07-31,Solar Panel Kit,1,16815.04,Delivered,Credit Card
TES-O8673,TES-C7026,2024-06-19,Model S,1,82434.81,Shipped,Cash
TES-O14950,TES-C10938,2023-03-02,Solar Panel Kit,1,22700.71,Shipped,Credit Card
TES-O11621,TES-C2716,2024-03-01,Powerwall,1,11205.88,Cancelled,Lease
TES-O14787,TES-C8287,2025-03-01,Solar Panel Kit,1,23983.7,Delivered,Credit Card
TES-O6778,TES-C4719,2023-02-04,Supercharging Credits,5,109.11,Pending,Financing
TES-O12419,TES-C4801,2023-06-16,Solar Panel Kit,1,22554.69,Pending,Financing
TES-O6903,TES-C9203,2024-08-28,Solar Panel Kit,1,23630.89,Delivered,Financing
TES-O12209,TES-C4766,2023-11-06,Powerwall,1,9454.71,Shipped,Financing
TES-O9697,TES-C2339,2025-09-28,Solar Panel Kit,1,20856.72,Pending,Credit Card
TES-O9844,TES-C3728,2023-03-20,Model 3,1,44511.35,Shipped,Credit Card
TES-O5135,TES-C5068,2025-03-18,Merchandise,5,122.61,Unknown,Credit Card
TES-O5139,TES-C3426,2025-03-18,Solar Panel Kit,1,24589.58,Shipped,Cash
TES-O7606,TES-C3937,2025-01-05,Model X,1,98295.89,Pending,Credit Card
TES-O14454,TES-C6957,2024-03-31,Solar Panel Kit,1,23545.33,Delivered,Lease
TES-O14653,TES-C1008,2023-07-28,Model 3,1,42635.35,Cancelled,Cash
TES-O13662,TES-C9323,2024-07-21,Solar Panel Kit,1,24238.3,Cancelled,Cash
TES-O7899,TES-C2550,2024-12-08,Model Y,1,45031.55,Returned,Financing
TES-O9292,TES-C10605,2023-11-28,Solar Panel Kit,1,22337.42,Shipped,Cash
TES-O14625,TES-C3006,2025-10-18,Supercharging Credits,4,124.24,Delivered,Financing
TES-O8583,TES-C10209,2024-12-31,Model S,1,82732.71,Returned,Credit Card
TES-O11380,TES-C8278,2023-04-02,Model X,1,90196.39,Unknown,Financing
TES-O5417,TES-C9999,2024-04-21,Model S,1,83666.16,Delivered,Financing
TES-O14176,TES-C9806,2023-04-24,Model X,1,97815.87,Cancelled,Financing
TES-O7012,TES-C4419,2025-07-26,Model 3,1,42974.84,Cancelled,Cash
TES-O5792,TES-C10457,2025-03-16,Model Y,1,53730.61,Pending,Cash
TES-O7579,TES-C10415,2025-03-02,Model Y,1,53047.79,Cancelled,Financing
TES-O9576,TES-C8652,2023-01-14,Powerwall,1,11138.35,Cancelled,Lease
TES-O10055,TES-C4827,2025-10-11,Model X,1,91728.2,Shipped,Financing
TES-O10753,TES-C9999,2024-05-09,Powerwall,1,9763.26,Returned,Lease
TES-O7810,TES-C2777,2024-09-07,Model Y,1,51768.44,Delivered,Financing
TES-O7009,TES-C6740,2023-10-07,Model 3,1,46412.96,Pending,Credit Card
TES-O11924,TES-C5766,2024-07-23,Model Y,1,48370.09,Returned,Financing
TES-O10219,TES-C10045,2025-03-05,Model S,1,84922.82,Delivered,Credit Card
TES-O9979,TES-C9982,2023-06-06,Model S,1,80504.19,Unknown,Credit Card
TES-O14644,TES-C7785,2024-02-08,Solar Panel Kit,1,16220.41,Delivered,Credit Card
TES-O9206,TES-C1024,2024-06-21,Merchandise,3,205.21,Delivered,Credit Card
TES-O13396,TES-C8819,2024-12-12,Powerwall,1,10600.67,Pending,Credit Card
TES-O14475,TES-C5338,2023-07-15,Model S,1,77974.24,Cancelled,Financing
TES-O14198,TES-C2623,2024-02-26,Solar Panel Kit,1,21026.93,Delivered,Lease
TES-O13093,TES-C6710,2025-06-16,Merchandise,5,48.14,Delivered,Credit Card
TES-O9952,TES-C10679,2023-07-23,Powerwall,1,9085.61,Delivered,Credit Card
TES-O5410,TES-C4993,2025-06-15,Powerwall,1,10428.06,Pending,Credit Card
TES-O10142,TES-C8410,2024-03-12,Supercharging Credits,2,134.03,Returned,Lease
TES-O14144,TES-C5440,2025-01-19,Model Y,1,44952.06,Cancelled,Lease
TES-O6404,TES-C1177,2025-02-09,Model Y,1,50513.98,Delivered,Financing
TES-O8811,TES-C7917,2024-10-10,Merchandise,5,221.24,Shipped,Lease
TES-O6389,TES-C10501,2024-03-27,Model Y,1,51854.6,Delivered,Cash
TES-O11600,TES-C3818,2025-01-27,Model Y,1,47397.84,Delivered,Cash
TES-O7984,TES-C9509,2023-11-08,Merchandise,1,180.28,Cancelled,Credit Card
TES-O14359,TES-C1102,2025-02-16,Model 3,1,43508.65,Shipped,Lease
TES-O11135,TES-C3319,2024-02-16,Model Y,1,51787.58,Shipped,Lease
TES-O5488,TES-C9559,2023-01-17,Model S,1,81920.77,Delivered,Lease
TES-O8784,TES-C1615,2023-11-16,Powerwall,1,9260.24,Pending,Credit Card
TES-O10655,TES-C4289,2025-12-05,Merchandise,4,112.29,Delivered,Credit Card
TES-O9842,TES-C2735,2023-04-10,Solar Panel Kit,1,16154.44,Delivered,Credit Card
TES-O11200,TES-C6717,2025-07-09,Supercharging Credits,2,156.88,Delivered,Credit Card
TES-O14678,TES-C8278,2023-01-12,Supercharging Credits,4,74.75,Delivered,Cash
TES-O14958,TES-C8068,2025-09-15,Merchandise,3,247.32,Shipped,Cash
TES-O10921,TES-C10058,2024-08-16,Merchandise,2,201.21,Shipped,Lease
TES-O7316,TES-C1143,2024-04-21,Powerwall,1,11835.15,Shipped,Credit Card
TES-O14231,TES-C8884,2023-11-12,Model S,1,82680.8,Shipped,Cash
TES-O5441,TES-C4682,2024-08-09,Model X,1,85484.36,Pending,Lease
TES-O11708,TES-C8889,2024-08-05,Model X,1,89328.04,Cancelled,Lease
TES-O6031,TES-C1157,2023-04-28,Model S,1,91617.85,Shipped,Lease
TES-O5022,TES-C3898,2024-07-02,Model S,1,76320.41,Delivered,Credit Card
TES-O14791,TES-C10532,2025-08-26,Solar Panel Kit,1,22468.0,Shipped,Lease
TES-O5547,TES-C1489,2023-08-20,Merchandise,2,175.76,Returned,Lease
TES-O11268,TES-C7725,2025-06-18,Solar Panel Kit,1,23244.56,Cancelled,Credit Card
TES-O5494,TES-C4133,2025-09-08,Merchandise,3,45.26,Delivered,Financing
TES-O14782,TES-C1256,2023-06-21,Solar Panel Kit,1,24782.88,Returned,Financing
TES-O10083,TES-C1622,2024-10-04,Powerwall,1,11715.73,Shipped,Financing
TES-O5448,TES-C5555,2023-02-08,Model 3,1,45469.34,Cancelled,Lease
TES-O11829,TES-C1934,2023-10-08,Solar Panel Kit,1,24379.56,Shipped,Cash
TES-O5818,TES-C8402,2024-12-05,Merchandise,1,218.46,Returned,Credit Card
TES-O13757,TES-C6980,2024-08-25,Model Y,1,43751.05,Shipped,Credit Card
TES-O5938,TES-C9972,2024-05-02,Merchandise,5,59.39,Pending,Cash
TES-O10561,TES-C4459,2024-01-14,Model S,1,89885.99,Shipped,Cash
TES-O12262,TES-C6289,2023-10-08,Model S,1,75616.16,Returned,Financing
TES-O12045,TES-C10761,2025-01-17,Powerwall,1,10726.16,Cancelled,Credit Card
TES-O12602,TES-C3811,2025-10-27,Model X,1,97083.03,Cancelled,Credit Card
TES-O8771,TES-C9716,2024-01-04,Model S,1,91307.98,Shipped,Financing
TES-O11684,TES-C4561,2025-04-06,Powerwall,1,10913.76,Pending,Cash
TES-O7026,TES-C5971,2023-04-04,Model S,1,75882.37,Cancelled,Cash
TES-O13000,TES-C6826,2024-07-09,Model S,1,81840.76,Shipped,Financing
TES-O7124,TES-C9300,2024-08-12,Powerwall,1,11568.73,Delivered,Cash
TES-O14155,TES-C1801,2024-06-04,Model S,1,85208.57,Delivered,Credit Card
TES-O12177,TES-C1499,2023-11-28,Model Y,1,44307.41,Shipped,Credit Card
TES-O12397,TES-C2998,2025-08-22,Model Y,1,42403.52,Shipped,Cash
TES-O10058,TES-C3467,2025-07-30,Solar Panel Kit,1,24884.05,Pending,Lease
TES-O11424,TES-C9543,2023-11-01,Model 3,1,43859.82,Returned,Financing
TES-O7955,TES-C10840,2025-01-17,Model Y,1,46523.54,Delivered,Financing
TES-O9161,TES-C1695,2025-06-14,Powerwall,1,11910.69,Cancelled,Lease
TES-O5950,TES-C9767,2025-07-03,Model X,1,88674.59,Shipped,Credit Card
TES-O10848,TES-C10969,2025-06-29,Model X,1,86673.3,Shipped,Cash
TES-O9046,TES-C7108,2025-12-24,Model 3,1,47597.51,Delivered,Cash
TES-O10769,TES-C6589,2023-12-15,Merchandise,4,77.09,Cancelled,Financing
TES-O6007,TES-C10094,2023-07-15,Model S,1,90461.81,Returned,Credit Card
TES-O6420,TES-C4135,2023-09-28,Model 3,1,46354.89,Delivered,Credit Card
TES-O11344,TES-C7977,2025-08-05,Solar Panel Kit,1,16698.65,Cancelled,Lease
TES-O8380,TES-C7128,2024-05-22,Model 3,1,39060.36,Delivered,Cash
TES-O11404,TES-C8071,2024-08-27,Model 3,1,39400.63,Cancelled,Financing
TES-O5464,TES-C4319,2024-02-12,Solar Panel Kit,1,21973.36,Shipped,Financing
TES-O14888,TES-C1613,2023-05-18,Merchandise,4,256.94,Delivered,Financing
TES-O7773,TES-C10263,2023-08-23,Solar Panel Kit,1,16709.35,Shipped,Cash
TES-O8104,TES-C1929,2023-07-21,Model Y,1,48074.99,Delivered,Financing
TES-O11250,TES-C2212,2023-06-24,Powerwall,1,9276.16,Cancelled,Cash
TES-O13426,TES-C8779,2023-06-22,Supercharging Credits,4,139.64,Cancelled,Credit Card
TES-O8858,TES-C3650,2024-03-28,Model Y,1,46465.76,Delivered,Financing
TES-O13103,TES-C1438,2023-06-10,Solar Panel Kit,1,21553.62,Delivered,Credit Card
TES-O9373,TES-C6715,2024-04-17,Powerwall,1,11517.62,Pending,Cash
TES-O9520,TES-C3903,2024-04-10,Solar Panel Kit,1,18833.27,Cancelled,Credit Card
TES-O13974,TES-C7970,2023-04-03,Model 3,1,41782.49,Delivered,Credit Card
TES-O6073,TES-C6797,2024-04-17,Model 3,1,44166.08,Shipped,Lease
TES-O12595,TES-C6178,2024-06-22,Powerwall,1,10095.74,Delivered,Lease
TES-O7025,TES-C6179,2025-04-23,Model 3,1,44762.79,Returned,Lease
TES-O10148,TES-C1645,2024-04-14,Supercharging Credits,2,149.76,Delivered,Lease
TES-O11021,TES-C5858,2024-06-01,Model Y,1,51891.92,Cancelled,Credit Card
TES-O12552,TES-C1769,2025-02-18,Model Y,1,51443.9,Cancelled,Credit Card
TES-O10496,TES-C2121,2025-09-13,Merchandise,4,31.98,Cancelled,Credit Card
TES-O8305,TES-C3379,2023-10-21,Merchandise,1,237.19,Shipped,Financing
TES-O8836,TES-C3757,2023-07-01,Model 3,1,44757.43,Delivered,Cash
TES-O13308,TES-C7407,2025-10-01,Model S,1,75162.83,Pending,Lease
TES-O5468,TES-C2638,2024-08-04,Model 3,1,47193.95,Cancelled,Credit Card
TES-O5102,TES-C9518,2025-03-24,Merchandise,2,193.97,Cancelled,Financing
TES-O6671,TES-C4465,2025-05-28,Model S,1,83898.06,Shipped,Lease
TES-O13927,TES-C1087,2025-05-11,Merchandise,1,142.47,Cancelled,Lease
TES-O14814,TES-C8912,2024-08-08,Model S,1,83255.78,Delivered,Lease
TES-O12083,TES-C1131,2025-03-04,Merchandise,3,40.7,Returned,Credit Card
TES-O11889,TES-C10274,2025-01-01,Supercharging Credits,3,79.02,Delivered,Financing
TES-O12736,TES-C7085,2025-04-08,Model 3,1,46742.97,Delivered,Lease
TES-O5374,TES-C10756,2023-12-12,Model 3,1,41018.93,Pending,Cash
TES-O8480,TES-C8671,2024-12-06,Powerwall,1,10102.28,Cancelled,Lease
TES-O10531,TES-C8320,2023-12-24,Powerwall,1,9799.52,Delivered,Lease
TES-O7508,TES-C10703,2023-10-08,Model Y,1,42668.04,Cancelled,Lease
TES-O14536,TES-C7939,2024-06-20,Merchandise,1,43.67,Pending,Cash
TES-O6158,TES-C9999,2023-12-30,Powerwall,1,11528.32,Delivered,Lease
TES-O8643,TES-C10042,2023-08-18,Model S,1,80409.99,Returned,Lease
TES-O5917,TES-C2442,2024-03-02,Supercharging Credits,5,60.41,Delivered,Cash
TES-O6631,TES-C10752,2023-04-02,Model 3,1,41890.08,Delivered,Credit Card
TES-O5550,TES-C1740,2024-12-02,Solar Panel Kit,1,19132.43,Delivered,Financing
TES-O12028,TES-C2184,2023-02-02,Model X,1,87207.61,Shipped,Lease
TES-O5425,TES-C9150,2025-10-19,Model Y,1,45010.57,Returned,Financing
TES-O7260,TES-C1625,2025-01-29,Model Y,1,46896.34,Pending,Financing
TES-O12555,TES-C2012,2023-05-09,Solar Panel Kit,1,19627.99,Delivered,Cash
TES-O10287,TES-C3398,2025-08-28,Powerwall,1,9091.79,Delivered,Credit Card
TES-O8590,TES-C8477,2025-11-27,Model X,1,98004.87,Shipped,Cash
TES-O6200,TES-C1382,2025-05-29,Model Y,1,52434.79,Pending,Credit Card
TES-O11177,TES-C2419,2024-08-13,Solar Panel Kit,1,18952.43,Returned,Financing
TES-O12196,TES-C5846,2025-11-02,Model 3,1,40870.42,Shipped,Cash
TES-O11354,TES-C9302,2024-09-18,Model S,1,87168.74,Returned,Cash
TES-O7584,TES-C9999,2025-06-22,Supercharging Credits,3,184.06,Delivered,Financing
TES-O10198,TES-C6508,2025-10-02,Model 3,1,42343.49,Delivered,Credit Card
TES-O14323,TES-C3712,2025-02-11,Model S,1,92134.41,Pending,Credit Card
TES-O12923,TES-C6718,2024-05-02,Merchandise,2,262.56,Shipped,Financing
TES-O7971,TES-C5807,2025-06-11,Powerwall,1,11758.54,Returned,Cash
TES-O12130,TES-C3858,2024-01-15,Supercharging Credits,3,188.99,Delivered,Credit Card
TES-O12251,TES-C2334,2024-11-19,Model S,1,86184.78,Delivered,Cash
TES-O8897,TES-C2025,2025-10-18,Model Y,1,47261.58,Delivered,Cash
TES-O6761,TES-C8058,2023-03-21,Model 3,1,38972.97,Pending,Credit Card
TES-O13436,TES-C9717,2024-08-08,Solar Panel Kit,1,18338.07,Unknown,Cash
TES-O10165,TES-C7069,2025-12-13,Merchandise,3,160.38,Pending,Credit Card
TES-O7469,TES-C10048,2024-03-16,Model 3,1,44619.71,Shipped,Cash
TES-O7264,TES-C9999,2025-10-22,Powerwall,1,11818.8,Delivered,Financing
TES-O6229,TES-C2239,2023-11-24,Model X,1,90730.01,Cancelled,Lease
TES-O14859,TES-C4864,2024-11-11,Solar Panel Kit,1,22315.75,Cancelled,Credit Card
TES-O7324,TES-C3116,2023-04-27,Model S,1,85205.96,Returned,Lease
TES-O8941,TES-C9809,2025-08-08,Supercharging Credits,1,20.05,Pending,Financing
TES-O8781,TES-C3654,2023-06-18,Supercharging Credits,5,43.64,Delivered,Financing
TES-O10618,TES-C5189,2024-05-10,Model S,1,85466.29,Delivered,Financing
TES-O10100,TES-C5854,2023-07-25,Model S,1,92487.62,Delivered,Credit Card
TES-O12217,TES-C4222,2025-10-24,Solar Panel Kit,1,18501.84,Cancelled,Financing
TES-O11761,TES-C4066,2025-06-29,Model 3,1,38751.28,Delivered,Cash
TES-O10444,TES-C3861,2024-12-30,Supercharging Credits,5,180.31,Pending,Lease
TES-O9166,TES-C2301,2025-12-31,Powerwall,1,9155.86,Returned,Credit Card
TES-O8582,TES-C7257,2024-11-10,Model X,1,86835.43,Shipped,Financing
TES-O14953,TES-C7669,2024-04-09,Merchandise,2,166.08,Delivered,Credit Card
TES-O11201,TES-C4854,2024-06-16,Merchandise,5,240.4,Cancelled,Credit Card
TES-O8447,TES-C9653,2025-01-25,Solar Panel Kit,1,17829.14,Returned,Financing
TES-O8972,TES-C5616,2025-12-06,Model Y,1,54868.35,Returned,Cash
TES-O12086,TES-C2161,2024-11-16,Solar Panel Kit,1,16192.57,Delivered,Credit Card
TES-O13265,TES-C7985,2023-07-22,Model Y,1,47912.5,Delivered,Cash
TES-O11028,TES-C4480,2023-07-13,Merchandise,4,180.94,Returned,Credit Card
TES-O12195,TES-C4489,2025-01-28,Supercharging Credits,2,127.06,Delivered,Cash
TES-O7859,TES-C5903,2025-03-16,Supercharging Credits,1,101.81,Delivered,Cash
TES-O13728,TES-C2604,2025-07-12,Model 3,1,42273.16,Shipped,Credit Card
TES-O13931,TES-C5116,2025-07-29,Powerwall,1,11906.74,Shipped,Financing
TES-O5623,TES-C10873,2024-01-23,Merchandise,5,179.78,Cancelled,Credit Card
TES-O9232,TES-C9198,2023-05-16,Model X,1,90022.94,Pending,Cash
TES-O12117,TES-C1213,2024-12-24,Model X,1,87997.16,Returned,Financing
TES-O9471,TES-C6952,2024-07-02,Model 3,1,45986.21,Delivered,Cash
TES-O13639,TES-C8848,2024-06-30,Solar Panel Kit,1,15377.42,Delivered,Lease
TES-O5512,TES-C8280,2025-08-23,Model Y,1,54809.81,Delivered,Financing
TES-O10128,TES-C1493,2023-06-28,Model X,1,96623.51,Delivered,Financing
TES-O11283,TES-C7550,2024-01-06,Powerwall,1,9176.4,Delivered,Credit Card
TES-O9259,TES-C8178,2025-11-21,Merchandise,5,219.78,Delivered,Cash
TES-O13586,TES-C6038,2023-03-13,Solar Panel Kit,1,19853.76,Delivered,Cash
TES-O11485,TES-C3763,2023-07-25,Model 3,1,47795.49,Delivered,Financing
TES-O5065,TES-C5308,2024-07-08,Model Y,1,51623.75,Pending,Credit Card
TES-O11759,TES-C5925,2023-11-12,Model 3,1,45117.86,Delivered,Financing
TES-O7053,TES-C7960,2024-09-12,Model Y,1,51979.53,Delivered,Cash
TES-O10923,TES-C9925,2024-02-11,Model X,1,93867.38,Delivered,Cash
TES-O11804,TES-C8436,2025-09-13,Powerwall,1,10503.44,Pending,Credit Card
TES-O8580,TES-C8804,2023-02-19,Supercharging Credits,5,68.88,Shipped,Credit Card
TES-O11108,TES-C1227,2025-05-12,Solar Panel Kit,1,23336.94,Returned,Cash
TES-O9832,TES-C1839,2025-07-07,Model S,1,81237.3,Delivered,Lease
TES-O10577,TES-C7408,2023-05-29,Supercharging Credits,1,48.5,Returned,Cash
TES-O7812,TES-C10957,2025-10-14,Solar Panel Kit,1,20867.79,Delivered,Lease
TES-O5101,TES-C3898,2023-01-15,Supercharging Credits,5,44.86,Delivered,Credit Card
TES-O9051,TES-C8347,2025-11-28,Powerwall,1,10099.49,Pending,Financing
TES-O9557,TES-C2557,2024-01-06,Model 3,1,46104.55,Delivered,Lease
TES-O13811,TES-C10563,2025-03-02,Model 3,1,45369.77,Returned,Lease
TES-O10036,TES-C2041,2025-05-16,Solar Panel Kit,1,18021.84,Delivered,Financing
TES-O5349,TES-C2965,2024-04-05,Model S,1,85402.19,Pending,Financing
TES-O8490,TES-C9673,2023-12-25,Model X,1,97189.03,Delivered,Lease
TES-O14027,TES-C6301,2024-07-19,Merchandise,3,41.85,Delivered,Lease
TES-O14431,TES-C10839,2025-05-12,Solar Panel Kit,1,22955.48,Delivered,Financing
TES-O8064,TES-C7979,2024-06-17,Model Y,1,44760.9,Delivered,Credit Card
TES-O14106,TES-C2824,2024-04-01,Model 3,1,47586.07,Delivered,Credit Card
TES-O9802,TES-C7636,2023-05-20,Model X,1,89301.53,Delivered,Credit Card
TES-O10457,TES-C9281,2025-11-18,Powerwall,1,11708.28,Delivered,Lease
TES-O10308,TES-C6194,2024-12-11,Model Y,1,54690.2,Delivered,Cash
TES-O9234,TES-C10082,2025-07-24,Model S,1,93176.05,Pending,Financing
TES-O13371,TES-C10066,2024-05-19,Model X,1,84800.11,Shipped,Financing
TES-O13655,TES-C5507,2023-06-18,Model X,1,90817.93,Delivered,Lease
TES-O5224,TES-C5407,2023-01-20,Model 3,1,46339.89,Shipped,Lease
TES-O8640,TES-C4113,2023-09-01,Model S,1,81980.59,Delivered,Financing
TES-O13982,TES-C9244,2023-09-26,Model 3,1,46165.77,Returned,Financing
TES-O9757,TES-C5128,2023-05-13,Supercharging Credits,4,80.92,Delivered,Credit Card
TES-O10647,TES-C7618,2025-09-23,Supercharging Credits,4,14.9,Delivered,Cash
TES-O9708,TES-C1839,2024-04-14,Model Y,1,45491.76,Delivered,Financing
TES-O7654,TES-C8279,2023-12-28,Model 3,1,46595.77,Delivered,Credit Card
TES-O7052,TES-C2092,2023-03-15,Model 3,1,44706.38,Cancelled,Financing
TES-O7190,TES-C3187,2023-04-13,Model S,1,79612.53,Returned,Financing
TES-O12952,TES-C6998,2023-01-14,Model 3,1,39507.35,Delivered,Cash
TES-O5909,TES-C3519,2023-09-16,Model Y,1,46453.99,Delivered,Credit Card
TES-O13329,TES-C7915,2024-02-02,Model X,1,90264.26,Shipped,Credit Card
TES-O9672,TES-C4144,2024-04-04,Model 3,1,43966.06,Shipped,Financing
TES-O5746,TES-C6744,2023-05-12,Supercharging Credits,1,100.94,Shipped,Credit Card
TES-O7703,TES-C2756,2024-08-20,Merchandise,4,280.43,Cancelled,Cash
TES-O10281,TES-C10101,2024-11-09,Supercharging Credits,3,128.75,Returned,Financing
TES-O8286,TES-C3292,2024-10-28,Powerwall,1,9744.53,Delivered,Lease
TES-O13159,TES-C6869,2023-01-12,Model X,1,82597.75,Delivered,Financing
TES-O9764,TES-C7707,2023-10-11,Model S,1,87851.2,Delivered,Lease
TES-O14256,TES-C10108,2023-07-12,Model Y,1,52051.39,Delivered,Lease
TES-O10855,TES-C8420,2024-02-10,Supercharging Credits,1,42.72,Delivered,Lease
TES-O8614,TES-C8410,2025-07-21,Supercharging Credits,1,32.01,Shipped,Cash
TES-O7339,TES-C4909,2024-02-20,Solar Panel Kit,1,17237.54,Delivered,Credit Card
TES-O8456,TES-C1766,2024-10-13,Merchandise,1,128.14,Shipped,Credit Card
TES-O14335,TES-C8136,2023-12-28,Solar Panel Kit,1,17579.11,Cancelled,Credit Card
TES-O13446,TES-C3905,2024-06-25,Model 3,1,43123.43,Delivered,Credit Card
TES-O5247,TES-C2052,2025-06-28,Powerwall,1,9150.15,Pending,Credit Card
TES-O13718,TES-C1732,2024-07-27,Supercharging Credits,3,117.46,Delivered,Credit Card
TES-O5116,TES-C9494,2025-11-29,Model X,1,81826.39,Shipped,Cash
TES-O5925,TES-C5824,2023-08-26,Model 3,1,38064.93,Delivered,Financing
TES-O8787,TES-C1455,2025-07-03,Model Y,1,53773.01,Cancelled,Lease
TES-O7015,TES-C2712,2025-05-28,Supercharging Credits,5,37.16,Delivered,Financing
TES-O6492,TES-C8737,2025-07-01,Model X,1,85686.56,Delivered,Credit Card
TES-O10883,TES-C10429,2025-05-10,Supercharging Credits,5,94.42,Shipped,Financing
TES-O6588,TES-C6512,2023-10-02,Powerwall,1,10806.91,Shipped,Lease
TES-O13914,TES-C5382,2024-01-09,Model S,1,87288.24,Pending,Lease
TES-O9399,TES-C6294,2024-04-02,Powerwall,1,9133.53,Pending,Credit Card
TES-O10773,TES-C6721,2023-08-31,Powerwall,1,11628.12,Delivered,Lease
TES-O5947,TES-C7149,2023-10-07,Supercharging Credits,1,90.24,Returned,Financing
TES-O5354,TES-C2742,2024-12-09,Solar Panel Kit,1,24391.87,Pending,Credit Card
TES-O6510,TES-C6981,2024-08-23,Model X,1,84749.92,Cancelled,Cash
TES-O13648,TES-C1026,2024-12-20,Model X,1,83270.83,Cancelled,Financing
TES-O11280,TES-C5671,2024-12-01,Model Y,1,49779.83,Delivered,Lease
TES-O5816,TES-C6456,2024-05-26,Powerwall,1,9620.54,Delivered,Lease
TES-O13069,TES-C8000,2023-09-10,Merchandise,2,235.78,Cancelled,Financing
TES-O9431,TES-C4557,2023-05-23,Supercharging Credits,3,46.36,Delivered,Credit Card
TES-O11930,TES-C5005,2024-07-07,Supercharging Credits,2,147.17,Delivered,Financing
TES-O7634,TES-C10373,2025-08-10,Model S,1,76335.88,Delivered,Financing
TES-O9670,TES-C4486,2025-02-15,Solar Panel Kit,1,18358.98,Delivered,Lease
TES-O8825,TES-C7223,2025-05-16,Supercharging Credits,5,100.29,Pending,Credit Card
TES-O11396,TES-C9425,2024-04-03,Model 3,1,43278.0,Pending,Cash
TES-O11909,TES-C4981,2025-10-16,Powerwall,1,10359.91,Pending,Financing
TES-O7350,TES-C10550,2024-08-13,Merchandise,4,131.32,Delivered,Lease
TES-O14595,TES-C7097,2024-07-08,Merchandise,1,123.47,Returned,Cash
TES-O5286,TES-C10913,2024-05-08,Solar Panel Kit,1,17072.56,Cancelled,Cash
TES-O13743,TES-C1101,2024-03-20,Solar Panel Kit,1,18948.29,Delivered,Financing
TES-O6828,TES-C4376,2024-10-08,Solar Panel Kit,1,18154.89,Returned,Lease
TES-O7641,TES-C4940,2025-06-19,Model 3,1,38894.5,Cancelled,Lease
TES-O12215,TES-C2793,2023-06-13,Model Y,1,52634.0,Delivered,Cash
TES-O14646,TES-C1455,2024-09-30,Model X,1,90585.31,Shipped,Financing
TES-O8312,TES-C2952,2023-02-18,Powerwall,1,10681.59,Pending,Lease
TES-O11796,TES-C5070,2025-06-21,Supercharging Credits,1,83.65,Returned,Lease
TES-O5894,TES-C1932,2024-09-11,Powerwall,1,10765.65,Shipped,Lease
TES-O11037,TES-C2294,2023-01-10,Solar Panel Kit,1,19813.78,Delivered,Cash
TES-O10197,TES-C8040,2025-05-08,Merchandise,4,234.03,Shipped,Lease
TES-O13070,TES-C4721,2024-11-06,Solar Panel Kit,1,18029.34,Returned,Cash
TES-O9574,TES-C6772,2024-11-22,Supercharging Credits,5,59.95,Returned,Lease
TES-O5440,TES-C4882,2025-12-02,Model S,1,81748.84,Delivered,Credit Card
TES-O8700,TES-C9161,2023-03-13,Model X,1,91564.92,Returned,Credit Card
TES-O5864,TES-C6061,2024-01-04,Model S,1,82391.69,Returned,Credit Card
TES-O10573,TES-C3873,2025-05-19,Supercharging Credits,3,151.84,Delivered,Financing
TES-O12696,TES-C9665,2025-05-10,Model 3,1,43309.74,Pending,Lease
TES-O7045,TES-C9273,2025-07-28,Model X,1,86091.6,Delivered,Financing
TES-O7312,TES-C5170,2024-03-19,Model S,1,78481.95,Delivered,Cash
TES-O5641,TES-C4241,2023-04-22,Model X,1,95010.01,Pending,Lease
TES-O9896,TES-C7688,2024-02-19,Model Y,1,49941.74,Delivered,Financing
TES-O10822,TES-C7086,2024-11-13,Solar Panel Kit,1,22661.9,Pending,Lease
TES-O8859,TES-C10265,2023-08-14,Merchandise,4,164.17,Delivered,Lease
TES-O13598,TES-C5282,2024-01-02,Model X,1,93929.37,Delivered,Cash
TES-O10034,TES-C6537,2023-12-14,Powerwall,1,10616.3,Delivered,Credit Card
TES-O12918,TES-C3177,2024-03-20,Model 3,1,46130.41,Returned,Cash
TES-O8441,TES-C10495,2024-08-22,Model X,1,82246.48,Delivered,Financing
TES-O11862,TES-C8834,2025-11-30,Supercharging Credits,2,56.74,Delivered,Financing
TES-O9769,TES-C2509,2024-12-03,Solar Panel Kit,1,23835.82,Delivered,Lease
TES-O6080,TES-C5895,2025-05-20,Solar Panel Kit,1,18013.98,Delivered,Credit Card
TES-O7140,TES-C6017,2024-04-01,Powerwall,1,11117.71,Cancelled,Cash
TES-O7171,TES-C3340,2025-09-02,Model Y,1,51847.68,Delivered,Cash
TES-O6618,TES-C3575,2025-06-24,Model S,1,82522.87,Shipped,Credit Card
TES-O14645,TES-C2041,2024-11-07,Model 3,1,43860.02,Cancelled,Lease
TES-O10059,TES-C8316,2025-05-06,Merchandise,5,154.44,Delivered,Lease
TES-O14989,TES-C2962,2025-06-01,Solar Panel Kit,1,23612.26,Pending,Credit Card
TES-O5661,TES-C9174,2025-06-12,Model Y,1,44724.34,Delivered,Financing
TES-O5586,TES-C10815,2024-08-29,Model Y,1,49647.14,Returned,Lease
TES-O14455,TES-C1439,2023-07-25,Model Y,1,52628.27,Cancelled,Financing
TES-O9366,TES-C7446,2023-02-17,Model X,1,93883.78,Cancelled,Lease
TES-O8267,TES-C8802,2023-01-28,Solar Panel Kit,1,23955.42,Pending,Lease
TES-O12941,TES-C5717,2023-07-04,Model Y,1,52096.63,Delivered,Credit Card
TES-O9298,TES-C7061,2025-06-27,Merchandise,5,222.35,Delivered,Financing
TES-O10025,TES-C1048,2024-01-04,Supercharging Credits,3,69.4,Delivered,Credit Card
TES-O6452,TES-C8550,2023-04-16,Solar Panel Kit,1,24182.87,Delivered,Credit Card
TES-O5133,TES-C10468,2024-10-10,Supercharging Credits,4,196.88,Delivered,Financing
TES-O8777,TES-C6938,2025-10-15,Solar Panel Kit,1,20761.32,Delivered,Credit Card
TES-O7242,TES-C6525,2024-03-12,Model Y,1,42995.81,Pending,Financing
TES-O13078,TES-C6027,2023-08-22,Merchandise,2,168.0,Shipped,Financing
TES-O9207,TES-C10036,2025-01-15,Supercharging Credits,5,69.73,Delivered,Financing
TES-O14717,TES-C9432,2024-10-26,Model X,1,86264.79,Pending,Credit Card
TES-O9962,TES-C2765,2025-07-30,Powerwall,1,10438.84,Delivered,Credit Card
TES-O12903,TES-C8512,2025-03-19,Solar Panel Kit,1,19567.11,Delivered,Lease
TES-O12716,TES-C4213,2023-02-02,Model Y,1,48149.79,Delivered,Credit Card
TES-O9506,TES-C8171,2023-04-17,Model X,1,86926.64,Pending,Financing
TES-O6912,TES-C3618,2025-09-07,Model S,1,77751.18,Returned,Lease
TES-O7963,TES-C8289,2025-12-20,Supercharging Credits,4,70.95,Delivered,Financing
TES-O8587,TES-C5702,2023-10-04,Model S,1,79833.36,Pending,Credit Card
TES-O7314,TES-C1436,2024-06-29,Model 3,1,40646.38,Delivered,Financing
TES-O13787,TES-C4981,2023-07-07,Model S,1,87322.63,Delivered,Lease
TES-O13719,TES-C10096,2023-08-21,Model Y,1,46109.17,Returned,Financing
TES-O7272,TES-C7695,2025-02-28,Solar Panel Kit,1,21326.04,Returned,Financing
TES-O8755,TES-C10262,2024-01-28,Model Y,1,48890.26,Delivered,Lease
TES-O11995,TES-C3891,2024-07-25,Solar Panel Kit,1,18602.9,Shipped,Lease
TES-O12543,TES-C7104,2023-06-06,Merchandise,5,59.14,Delivered,Cash
TES-O10150,TES-C3589,2025-12-18,Solar Panel Kit,1,18009.66,Pending,Lease
TES-O5991,TES-C8802,2024-03-20,Model 3,1,44235.47,Delivered,Cash
TES-O10448,TES-C6483,2024-02-24,Supercharging Credits,5,121.23,Delivered,Lease
TES-O7811,TES-C9993,2024-01-30,Merchandise,2,150.69,Cancelled,Financing
TES-O6234,TES-C2651,2024-02-05,Model Y,1,50435.51,Delivered,Credit Card
TES-O8178,TES-C4551,2025-06-03,Model S,1,80809.34,Shipped,Credit Card
TES-O12330,TES-C1937,2025-08-29,Solar Panel Kit,1,20728.58,Pending,Credit Card
TES-O12152,TES-C5383,2024-05-16,Merchandise,2,180.37,Delivered,Credit Card
TES-O13651,TES-C10629,2025-05-24,Merchandise,3,142.3,Returned,Credit Card
TES-O11466,TES-C5503,2023-05-06,Merchandise,5,167.85,Pending,Lease
TES-O5768,TES-C4003,2023-05-04,Merchandise,1,254.11,Unknown,Financing
TES-O7533,TES-C8458,2024-06-29,Model 3,1,41618.91,Cancelled,Cash
TES-O11146,TES-C1380,2024-09-06,Merchandise,3,299.32,Returned,Lease
TES-O6756,TES-C9394,2023-04-16,Model X,1,90079.6,Cancelled,Lease
TES-O12434,TES-C6270,2025-08-06,Model Y,1,53468.68,Delivered,Lease
TES-O7850,TES-C3563,2024-06-02,Model S,1,87150.14,Pending,Lease
TES-O11601,TES-C5816,2024-04-16,Model 3,1,41316.44,Delivered,Cash
TES-O6739,TES-C7732,2024-01-23,Model S,1,75745.27,Delivered,Financing
TES-O14063,TES-C7938,2025-02-08,Supercharging Credits,1,54.51,Shipped,Cash
TES-O5333,TES-C9587,2023-10-20,Solar Panel Kit,1,19952.82,Unknown,Lease
TES-O9927,TES-C6024,2023-02-08,Model 3,1,47990.42,Delivered,Lease
TES-O6907,TES-C9813,2023-05-08,Model 3,1,44020.82,Delivered,Cash
TES-O6701,TES-C10019,2024-08-08,Supercharging Credits,4,87.31,Pending,Credit Card
TES-O10207,TES-C3575,2025-02-20,Solar Panel Kit,1,24328.4,Shipped,Credit Card
TES-O14512,TES-C6319,2025-07-17,Model S,1,76153.82,Delivered,Cash
TES-O7556,TES-C9999,2024-11-26,Merchandise,3,208.58,Unknown,Credit Card
TES-O13342,TES-C2148,2025-02-12,Powerwall,1,11563.41,Delivered,Lease
TES-O7043,TES-C10104,2025-01-08,Powerwall,1,10757.67,Cancelled,Lease
TES-O8927,TES-C5404,2024-09-16,Model Y,1,44389.15,Delivered,Lease
TES-O14103,TES-C7173,2023-12-12,Solar Panel Kit,1,24835.73,Delivered,Credit Card
TES-O12521,TES-C6770,2025-08-29,Model 3,1,38307.14,Delivered,Cash
TES-O10880,TES-C2816,2024-05-01,Model S,1,93968.4,Shipped,Financing
TES-O12246,TES-C2322,2023-12-17,Supercharging Credits,2,125.62,Delivered,Cash
TES-O6289,TES-C6867,2025-07-17,Supercharging Credits,5,94.35,Unknown,Financing
TES-O6743,TES-C1226,2024-10-15,Model 3,1,39538.98,Returned,Credit Card
TES-O9458,TES-C6919,2024-09-10,Merchandise,3,142.76,Delivered,Financing
TES-O13964,TES-C3332,2024-11-27,Supercharging Credits,3,38.14,Returned,Financing
TES-O11781,TES-C6397,2025-08-24,Powerwall,1,9051.62,Delivered,Cash
TES-O13333,TES-C2874,2023-09-17,Solar Panel Kit,1,16632.79,Returned,Lease
TES-O11979,TES-C7692,2025-11-24,Model 3,1,43054.59,Delivered,Financing
TES-O5413,TES-C7882,2025-09-27,Supercharging Credits,3,152.99,Pending,Lease
TES-O7402,TES-C5451,2023-05-24,Model S,1,85638.04,Delivered,Cash
TES-O14952,TES-C10956,2024-04-23,Solar Panel Kit,1,21174.87,Shipped,Financing
TES-O12614,TES-C3826,2023-10-17,Powerwall,1,9190.44,Delivered,Financing
TES-O12133,TES-C8662,2023-03-07,Supercharging Credits,2,13.1,Cancelled,Financing
TES-O10739,TES-C9321,2023-07-06,Model X,1,87974.69,Delivered,Lease
TES-O9369,TES-C1067,2024-03-27,Model S,1,86420.82,Cancelled,Lease
TES-O5840,TES-C3389,2023-02-13,Solar Panel Kit,1,23653.68,Delivered,Lease
TES-O6971,TES-C4183,2023-01-27,Model 3,1,42542.84,Cancelled,Lease
TES-O13309,TES-C3114,2024-05-20,Supercharging Credits,2,195.96,Cancelled,Financing
TES-O13135,TES-C5677,2023-12-08,Powerwall,1,10445.2,Cancelled,Cash
TES-O7896,TES-C3537,2025-05-04,Solar Panel Kit,1,17904.52,Pending,Lease
TES-O8896,TES-C2254,2024-01-10,Supercharging Credits,5,33.69,Delivered,Financing
TES-O6771,TES-C3368,2024-09-06,Powerwall,1,10046.74,Returned,Cash
TES-O12545,TES-C10006,2024-04-17,Merchandise,2,255.24,Delivered,Lease
TES-O6276,TES-C10750,2024-11-03,Model 3,1,41765.61,Cancelled,Cash
TES-O5221,TES-C2085,2025-09-13,Solar Panel Kit,1,20774.63,Returned,Cash
TES-O12625,TES-C6682,2024-12-17,Merchandise,5,295.79,Returned,Cash
TES-O11866,TES-C6512,2023-05-08,Model 3,1,47594.1,Pending,Financing
TES-O6139,TES-C6951,2024-05-20,Model Y,1,47087.31,Cancelled,Lease
TES-O13174,TES-C1833,2024-07-12,Merchandise,2,53.45,Delivered,Credit Card
TES-O6996,TES-C9578,2024-07-28,Model 3,1,38351.5,Pending,Lease
TES-O13147,TES-C5992,2024-06-23,Model X,1,89745.28,Delivered,Credit Card
TES-O14921,TES-C1641,2025-04-12,Model Y,1,52136.77,Delivered,Credit Card
TES-O8362,TES-C3033,2025-03-04,Merchandise,4,20.75,Cancelled,Credit Card
TES-O9921,TES-C7109,2024-04-03,Supercharging Credits,2,111.56,Pending,Financing
TES-O13861,TES-C10049,2024-08-11,Solar Panel Kit,1,16800.44,Delivered,Cash
TES-O5415,TES-C4495,2023-10-07,Model Y,1,43785.6,Delivered,Cash
TES-O7142,TES-C6729,2023-03-20,Model S,1,82852.52,Delivered,Financing
TES-O14968,TES-C1794,2025-04-10,Supercharging Credits,3,195.77,Cancelled,Financing
TES-O8068,TES-C4509,2024-11-18,Merchandise,1,78.23,Returned,Credit Card
TES-O13379,TES-C10618,2025-04-01,Model Y,1,54022.03,Returned,Financing
TES-O12578,TES-C1526,2023-09-23,Model 3,1,44747.57,Cancelled,Lease
TES-O14145,TES-C6176,2024-02-10,Model X,1,82235.72,Returned,Lease
TES-O6888,TES-C10549,2023-05-26,Model X,1,90212.42,Pending,Credit Card
TES-O11089,TES-C3381,2023-07-18,Model S,1,76969.49,Delivered,Financing
TES-O8935,TES-C10588,2024-10-24,Supercharging Credits,5,112.88,Cancelled,Cash
TES-O11386,TES-C7401,2024-12-02,Model Y,1,49625.81,Unknown,Credit Card
TES-O11239,TES-C9732,2025-02-23,Model S,1,78911.26,Delivered,Financing
TES-O11991,TES-C10570,2025-05-12,Model Y,1,50255.26,Delivered,Financing
TES-O10950,TES-C9999,2023-03-04,Model Y,1,53401.6,Returned,Financing
TES-O12446,TES-C4373,2024-11-22,Solar Panel Kit,1,20752.3,Delivered,Financing
TES-O12071,TES-C2984,2024-12-30,Model Y,1,49815.97,Delivered,Cash
TES-O5668,TES-C3572,2025-04-19,Solar Panel Kit,1,16161.43,Shipped,Lease
TES-O11691,TES-C2148,2025-11-20,Merchandise,5,228.98,Delivered,Credit Card
TES-O5596,TES-C10942,2024-12-24,Model X,1,95582.72,Pending,Lease
TES-O6292,TES-C7415,2025-06-21,Model Y,1,47014.46,Returned,Credit Card
TES-O13543,TES-C1153,2024-07-03,Model X,1,80978.95,Shipped,Financing
TES-O10379,TES-C7213,2024-02-26,Model 3,1,44421.61,Delivered,Cash
TES-O13153,TES-C7655,2023-01-19,Model S,1,83638.84,Returned,Credit Card
TES-O10505,TES-C10777,2024-08-07,Model S,1,86412.46,Pending,Lease
TES-O7733,TES-C5749,2024-03-21,Model 3,1,42411.22,Delivered,Cash
TES-O12256,TES-C1718,2023-06-24,Merchandise,4,260.18,Delivered,Credit Card
TES-O5774,TES-C7390,2024-05-26,Solar Panel Kit,1,23959.83,Pending,Lease
TES-O9611,TES-C1304,2023-05-23,Model X,1,93401.76,Pending,Cash
TES-O13759,TES-C2724,2024-10-19,Merchandise,2,203.16,Delivered,Cash
TES-O8913,TES-C7072,2024-06-12,Model S,1,93723.15,Returned,Cash
TES-O5382,TES-C3956,2024-08-04,Solar Panel Kit,1,22168.25,Shipped,Cash
TES-O13237,TES-C9999,2024-06-10,Model 3,1,46245.1,Delivered,Credit Card
TES-O12844,TES-C4016,2025-12-07,Merchandise,3,183.2,Delivered,Cash
TES-O9890,TES-C1914,2025-12-07,Model X,1,96171.73,Cancelled,Financing
TES-O14773,TES-C1171,2025-11-26,Model Y,1,52181.43,Shipped,Lease
TES-O13769,TES-C4166,2024-08-18,Model 3,1,45046.1,Cancelled,Lease
TES-O7375,TES-C2032,2024-06-19,Model 3,1,47466.47,Delivered,Credit Card
TES-O13082,TES-C8470,2024-08-28,Model S,1,82194.17,Returned,Lease
TES-O13003,TES-C9340,2025-08-25,Model Y,1,53557.26,Delivered,Credit Card
TES-O7468,TES-C4630,2024-04-08,Supercharging Credits,2,97.33,Delivered,Cash
TES-O9419,TES-C5463,2023-11-04,Solar Panel Kit,1,22945.72,Cancelled,Cash
TES-O11319,TES-C9799,2023-03-18,Model 3,1,38358.22,Shipped,Financing
TES-O14701,TES-C2643,2025-11-02,Solar Panel Kit,1,19078.97,Delivered,Credit Card
TES-O6773,TES-C5748,2023-01-26,Merchandise,4,234.79,Delivered,Credit Card
TES-O12387,TES-C9332,2024-01-08,Solar Panel Kit,1,16617.27,Cancelled,Credit Card
TES-O14398,TES-C10952,2023-04-30,Model X,1,93605.17,Pending,Financing
TES-O9144,TES-C4824,2024-07-24,Solar Panel Kit,1,20141.22,Unknown,Credit Card
TES-O9821,TES-C10540,2023-03-04,Model 3,1,46626.76,Shipped,Financing
TES-O11346,TES-C3420,2024-10-05,Model X,1,90401.36,Returned,Financing
TES-O8604,TES-C4608,2024-01-12,Model X,1,84457.16,Shipped,Lease
TES-O10415,TES-C7461,2023-06-22,Model 3,1,43414.99,Cancelled,Lease
TES-O10731,TES-C2620,2025-12-22,Model Y,1,54230.7,Pending,Lease
TES-O13493,TES-C8717,2023-01-15,Merchandise,3,111.81,Delivered,Lease
TES-O11092,TES-C1639,2025-01-12,Merchandise,5,288.15,Delivered,Lease
TES-O7577,TES-C7617,2024-02-26,Model Y,1,51584.8,Pending,Cash
TES-O7714,TES-C3220,2023-08-02,Powerwall,1,11260.76,Pending,Credit Card
TES-O9599,TES-C5871,2024-06-07,Model 3,1,40083.94,Cancelled,Credit Card
TES-O9091,TES-C8253,2025-03-10,Model 3,1,47325.13,Cancelled,Lease
TES-O5319,TES-C10519,2024-08-20,Model 3,1,42630.57,Returned,Lease
TES-O11840,TES-C3906,2025-02-25,Model Y,1,42043.87,Delivered,Financing
TES-O12445,TES-C9725,2023-01-22,Model X,1,81741.19,Delivered,Financing
TES-O12689,TES-C1767,2023-08-19,Powerwall,1,9107.51,Cancelled,Financing
TES-O10046,TES-C7396,2025-05-06,Merchandise,4,281.37,Delivered,Credit Card
TES-O14578,TES-C7263,2024-03-25,Model X,1,93860.25,Cancelled,Cash
TES-O10222,TES-C6334,2025-12-31,Model Y,1,54601.08,Delivered,Financing
TES-O7798,TES-C4310,2024-10-14,Solar Panel Kit,1,21079.44,Returned,Lease
TES-O13243,TES-C2939,2023-09-22,Powerwall,1,9125.77,Shipped,Cash
TES-O11638,TES-C7833,2025-01-26,Supercharging Credits,5,192.32,Delivered,Financing
TES-O14896,TES-C9256,2025-03-02,Supercharging Credits,2,162.93,Delivered,Cash
TES-O8815,TES-C1035,2023-08-13,Supercharging Credits,1,141.26,Shipped,Financing
TES-O10897,TES-C9287,2023-03-03,Powerwall,1,9977.5,Returned,Financing
TES-O12840,TES-C9068,2024-04-30,Model S,1,88010.03,Shipped,Cash
TES-O8495,TES-C8639,2024-12-26,Powerwall,1,10306.24,Delivered,Lease
TES-O6827,TES-C8191,2025-12-13,Model S,1,75230.13,Pending,Financing
TES-O12537,TES-C2750,2025-02-19,Model S,1,79639.34,Pending,Credit Card
TES-O8226,TES-C7307,2025-03-02,Model 3,1,42701.65,Delivered,Credit Card
TES-O11473,TES-C3511,2024-06-19,Powerwall,1,11948.37,Returned,Credit Card
TES-O7613,TES-C7708,2024-08-06,Model Y,1,54022.11,Returned,Lease
TES-O13136,TES-C3137,2025-01-04,Model Y,1,51803.57,Delivered,Cash
TES-O14474,TES-C4871,2023-04-13,Powerwall,1,9089.24,Returned,Financing
TES-O13254,TES-C4707,2023-01-16,Supercharging Credits,5,133.41,Returned,Lease
TES-O7494,TES-C8044,2023-02-15,Solar Panel Kit,1,24945.81,Pending,Cash
TES-O10875,TES-C2210,2025-05-13,Model Y,1,54418.92,Delivered,Cash
TES-O5612,TES-C5387,2025-10-19,Model Y,1,51231.29,Delivered,Cash
TES-O14738,TES-C8010,2023-08-17,Powerwall,1,11758.16,Cancelled,Cash
TES-O14873,TES-C6933,2025-09-07,Merchandise,2,35.5,Pending,Financing
TES-O10984,TES-C9887,2025-11-08,Supercharging Credits,4,77.43,Delivered,Cash
TES-O10973,TES-C7332,2024-06-20,Merchandise,4,147.21,Delivered,Lease
TES-O12969,TES-C3610,2025-03-31,Model S,1,80775.32,Delivered,Credit Card
TES-O13213,TES-C9472,2023-06-15,Solar Panel Kit,1,22844.26,Shipped,Credit Card
TES-O5443,TES-C4970,2025-07-21,Merchandise,2,187.89,Delivered,Financing
TES-O12546,TES-C1681,2023-10-25,Powerwall,1,10710.31,Cancelled,Financing
TES-O5336,TES-C3197,2025-10-13,Model 3,1,45439.35,Delivered,Credit Card
TES-O14073,TES-C2739,2024-10-14,Model 3,1,38754.15,Returned,Cash
TES-O9918,TES-C7801,2025-07-26,Model X,1,80761.33,Returned,Cash
TES-O12733,TES-C1671,2023-01-24,Powerwall,1,9033.46,Returned,Credit Card
TES-O10821,TES-C4889,2025-02-18,Merchandise,2,190.77,Delivered,Cash
TES-O10638,TES-C1351,2024-03-01,Merchandise,1,183.8,Pending,Cash
TES-O8412,TES-C7981,2025-04-20,Merchandise,2,24.26,Delivered,Credit Card
TES-O11016,TES-C6069,2025-03-24,Model Y,1,48045.09,Delivered,Credit Card
TES-O10375,TES-C1739,2023-07-20,Powerwall,1,9098.27,Cancelled,Credit Card
TES-O6334,TES-C9296,2024-06-28,Powerwall,1,10634.73,Delivered,Cash
TES-O5150,TES-C6831,2025-12-11,Model Y,1,45074.71,Returned,Lease
TES-O13297,TES-C4442,2023-10-10,Powerwall,1,10744.91,Shipped,Financing
TES-O7213,TES-C7223,2025-07-27,Solar Panel Kit,1,24055.17,Shipped,Lease
TES-O12383,TES-C5405,2024-07-18,Solar Panel Kit,1,19242.39,Returned,Lease
TES-O7383,TES-C9138,2023-03-05,Supercharging Credits,5,133.96,Pending,Financing
TES-O6748,TES-C2719,2024-02-25,Model X,1,82622.1,Cancelled,Cash
TES-O12714,TES-C7089,2025-05-09,Model S,1,83926.38,Delivered,Cash
TES-O5910,TES-C8221,2025-01-02,Model S,1,79679.76,Delivered,Credit Card
TES-O7631,TES-C9502,2024-10-05,Model Y,1,48776.72,Delivered,Financing
TES-O7255,TES-C10788,2024-11-03,Merchandise,3,21.36,Cancelled,Credit Card
TES-O9964,TES-C4700,2024-03-21,Model Y,1,47425.68,Cancelled,Cash
TES-O10456,TES-C3692,2023-09-13,Model X,1,99088.06,Cancelled,Lease
TES-O10939,TES-C2522,2024-03-16,Model X,1,93215.12,Delivered,Lease
TES-O14755,TES-C2809,2023-02-27,Model 3,1,40126.66,Delivered,Cash
TES-O12931,TES-C3203,2023-12-29,Powerwall,1,10738.41,Returned,Credit Card
TES-O5664,TES-C2862,2023-10-03,Model X,1,87680.71,Delivered,Cash
TES-O10437,TES-C6332,2023-12-30,Model 3,1,45935.19,Delivered,Credit Card
TES-O6352,TES-C4692,2024-10-24,Model Y,1,46523.72,Shipped,Lease
TES-O8075,TES-C9124,2025-12-21,Model X,1,94052.6,Delivered,Cash
TES-O9839,TES-C6024,2024-11-24,Merchandise,3,90.68,Cancelled,Credit Card
TES-O6830,TES-C2828,2025-04-12,Model Y,1,49671.06,Shipped,Lease
TES-O8730,TES-C1630,2023-04-16,Solar Panel Kit,1,19437.77,Delivered,Financing
TES-O12930,TES-C2128,2025-07-15,Model 3,1,47301.24,Delivered,Cash
TES-O10239,TES-C1934,2023-02-06,Merchandise,1,82.41,Returned,Credit Card
TES-O8423,TES-C6344,2025-10-01,Merchandise,5,157.33,Returned,Lease
TES-O5812,TES-C6841,2024-11-04,Model S,1,77018.58,Delivered,Credit Card
TES-O14551,TES-C10010,2023-05-15,Model S,1,79493.73,Cancelled,Financing
TES-O12003,TES-C6198,2023-09-15,Merchandise,4,255.26,Shipped,Financing
TES-O9833,TES-C1282,2024-10-11,Merchandise,5,25.32,Shipped,Cash
TES-O13958,TES-C10653,2024-03-19,Model 3,1,42845.95,Returned,Credit Card
TES-O13098,TES-C9831,2025-04-27,Solar Panel Kit,1,19289.03,Shipped,Cash
TES-O11630,TES-C1580,2024-02-05,Model 3,1,42763.81,Shipped,Financing
TES-O14274,TES-C7022,2023-01-20,Merchandise,3,249.4,Delivered,Lease
TES-O14255,TES-C10354,2023-03-27,Model X,1,81211.49,Delivered,Credit Card
TES-O13663,TES-C8354,2025-11-13,Supercharging Credits,1,110.51,Shipped,Financing
TES-O12280,TES-C6810,2025-07-27,Supercharging Credits,2,23.85,Shipped,Financing
TES-O9873,TES-C7831,2024-01-05,Merchandise,4,270.09,Delivered,Financing
TES-O8347,TES-C6922,2024-11-14,Merchandise,5,54.51,Delivered,Financing
TES-O6566,TES-C2507,2023-12-09,Model X,1,93724.88,Returned,Financing
TES-O5493,TES-C1474,2025-01-05,Solar Panel Kit,1,16425.65,Cancelled,Financing
TES-O10873,TES-C10782,2025-10-05,Model 3,1,47331.12,Delivered,Cash
TES-O5325,TES-C4566,2024-09-18,Model Y,1,42379.49,Shipped,Lease
TES-O7404,TES-C2080,2025-09-06,Merchandise,3,208.26,Delivered,Financing
TES-O14690,TES-C10931,2024-03-14,Model X,1,84510.13,Delivered,Cash
TES-O8703,TES-C6875,2023-05-02,Supercharging Credits,4,11.19,Delivered,Cash
TES-O10693,TES-C4631,2024-08-13,Supercharging Credits,2,98.06,Pending,Lease
TES-O5308,TES-C5779,2025-12-25,Model 3,1,45114.7,Returned,Credit Card
TES-O5396,TES-C7702,2025-04-15,Supercharging Credits,1,198.04,Shipped,Cash
TES-O5489,TES-C3882,2023-03-12,Model 3,1,39592.71,Delivered,Financing
TES-O9214,TES-C5121,2025-09-01,Model 3,1,47733.71,Returned,Financing
TES-O8471,TES-C6999,2025-03-18,Model S,1,88118.85,Delivered,Cash
TES-O14627,TES-C10854,2024-11-03,Model S,1,79839.95,Returned,Credit Card
TES-O8986,TES-C9999,2024-06-17,Model S,1,76866.29,Delivered,Credit Card
TES-O5376,TES-C8385,2025-01-10,Merchandise,2,281.01,Pending,Cash
TES-O7125,TES-C8085,2023-11-18,Supercharging Credits,2,194.05,Delivered,Lease
TES-O11997,TES-C5183,2025-10-31,Merchandise,2,21.87,Pending,Credit Card
TES-O8944,TES-C3150,2023-07-08,Model Y,1,43886.01,Cancelled,Credit Card
TES-O10019,TES-C8761,2024-03-03,Supercharging Credits,3,56.01,Delivered,Cash
TES-O6012,TES-C8635,2024-03-29,Model 3,1,39011.41,Delivered,Financing
TES-O11582,TES-C5976,2023-11-23,Supercharging Credits,2,146.73,Cancelled,Lease
TES-O12171,TES-C10191,2023-11-01,Merchandise,2,30.7,Pending,Lease
TES-O6732,TES-C10506,2025-05-20,Merchandise,3,109.66,Delivered,Financing
TES-O6737,TES-C8131,2025-06-13,Solar Panel Kit,1,18203.45,Pending,Credit Card
TES-O7445,TES-C8462,2023-04-18,Supercharging Credits,3,157.96,Shipped,Credit Card
TES-O8717,TES-C9787,2024-01-19,Model 3,1,40373.51,Delivered,Lease
TES-O13674,TES-C3592,2025-02-03,Model 3,1,39176.2,Delivered,Financing
TES-O8655,TES-C1394,2025-10-17,Solar Panel Kit,1,18136.92,Cancelled,Financing
TES-O10941,TES-C8913,2023-02-15,Model Y,1,46060.69,Pending,Credit Card
TES-O5665,TES-C2026,2023-09-05,Solar Panel Kit,1,17600.81,Delivered,Credit Card
TES-O8095,TES-C2459,2023-05-28,Supercharging Credits,4,183.99,Delivered,Financing
TES-O8984,TES-C10623,2023-02-24,Model X,1,88268.26,Delivered,Cash
TES-O5458,TES-C8199,2025-10-22,Merchandise,1,103.0,Cancelled,Financing
TES-O11641,TES-C10107,2024-09-01,Model Y,1,52820.19,Delivered,Financing
TES-O7305,TES-C4296,2024-11-03,Supercharging Credits,5,124.54,Returned,Lease
TES-O14288,TES-C5531,2023-04-18,Powerwall,1,10046.03,Delivered,Lease
TES-O5921,TES-C6124,2024-01-22,Model Y,1,46212.04,Delivered,Financing
TES-O7428,TES-C9226,2024-07-03,Model S,1,91069.99,Unknown,Lease
TES-O14303,TES-C8683,2024-09-03,Powerwall,1,10778.01,Shipped,Lease
TES-O6269,TES-C2588,2023-10-17,Model X,1,98023.32,Returned,Financing
TES-O11580,TES-C2803,2025-05-14,Powerwall,1,10614.49,Cancelled,Credit Card
TES-O9668,TES-C9985,2023-11-28,Solar Panel Kit,1,20924.32,Delivered,Financing
TES-O11299,TES-C1049,2024-06-30,Solar Panel Kit,1,22820.39,Shipped,Credit Card
TES-O14400,TES-C4520,2024-02-17,Solar Panel Kit,1,22612.08,Unknown,Cash
TES-O5566,TES-C8272,2024-03-08,Supercharging Credits,5,83.26,Cancelled,Credit Card
TES-O9256,TES-C9634,2023-04-15,Model X,1,94402.65,Delivered,Financing
TES-O5935,TES-C4728,2023-06-11,Powerwall,1,10625.99,Cancelled,Cash
TES-O8497,TES-C5196,2024-03-09,Solar Panel Kit,1,17794.26,Delivered,Lease
TES-O5501,TES-C10664,2023-01-13,Powerwall,1,9536.2,Unknown,Financing
TES-O12182,TES-C3101,2025-05-28,Solar Panel Kit,1,22409.34,Delivered,Cash
TES-O9680,TES-C8244,2025-11-27,Merchandise,5,265.02,Pending,Cash
TES-O5701,TES-C6954,2025-12-29,Merchandise,5,54.75,Returned,Credit Card
TES-O12756,TES-C4000,2025-10-11,Powerwall,1,9953.74,Pending,Lease
TES-O14541,TES-C6354,2024-08-05,Solar Panel Kit,1,22175.15,Unknown,Credit Card
TES-O7892,TES-C5385,2024-08-10,Supercharging Credits,1,172.57,Shipped,Credit Card
TES-O11010,TES-C5571,2024-04-08,Model S,1,78835.35,Returned,Credit Card
TES-O14585,TES-C7166,2024-11-22,Merchandise,3,48.39,Pending,Financing
TES-O9435,TES-C10602,2023-02-21,Model Y,1,45523.56,Delivered,Cash
TES-O11511,TES-C3208,2024-08-29,Model Y,1,43414.43,Pending,Financing
TES-O11531,TES-C8822,2025-05-27,Solar Panel Kit,1,21867.39,Returned,Financing
TES-O9476,TES-C8880,2024-12-21,Model S,1,93254.78,Shipped,Lease
TES-O11369,TES-C7159,2023-09-21,Powerwall,1,10642.5,Unknown,Cash
TES-O5572,TES-C5488,2024-05-09,Solar Panel Kit,1,19466.26,Pending,Lease
TES-O5642,TES-C8697,2025-03-13,Supercharging Credits,5,197.41,Delivered,Lease
TES-O6727,TES-C2415,2023-06-09,Merchandise,3,78.19,Shipped,Credit Card
TES-O9889,TES-C3218,2024-01-12,Model 3,1,45281.14,Shipped,Credit Card
TES-O9406,TES-C1855,2024-11-03,Model Y,1,50017.01,Cancelled,Lease
TES-O14675,TES-C4038,2025-08-28,Powerwall,1,10674.78,Shipped,Credit Card
TES-O6207,TES-C4311,2025-09-25,Powerwall,1,10745.49,Delivered,Financing
TES-O6532,TES-C9999,2023-04-03,Merchandise,1,243.65,Delivered,Credit Card
TES-O8616,TES-C6852,2025-02-23,Model 3,1,43905.53,Delivered,Cash
TES-O11570,TES-C1987,2024-09-01,Supercharging Credits,1,38.85,Delivered,Financing
TES-O5020,TES-C2434,2025-03-11,Supercharging Credits,3,68.64,Delivered,Lease
TES-O5599,TES-C1426,2025-10-15,Supercharging Credits,5,47.18,Cancelled,Lease
TES-O5760,TES-C9214,2025-12-07,Model X,1,96884.13,Shipped,Financing
TES-O8668,TES-C4721,2023-10-12,Model Y,1,47013.77,Delivered,Credit Card
TES-O9975,TES-C10318,2023-07-03,Supercharging Credits,1,18.86,Returned,Cash
TES-O10050,TES-C8564,2025-10-06,Model X,1,95289.69,Pending,Lease
TES-O5231,TES-C10166,2025-01-30,Powerwall,1,10752.46,Delivered,Lease
TES-O12600,TES-C7365,2024-02-27,Model X,1,85495.15,Returned,Credit Card
TES-O12313,TES-C8495,2023-12-17,Model 3,1,44858.51,Delivered,Lease
TES-O7284,TES-C5968,2025-10-14,Model S,1,89444.98,Delivered,Credit Card
TES-O5808,TES-C7544,2024-02-09,Model X,1,97207.74,Shipped,Cash
TES-O6939,TES-C6114,2024-09-29,Model 3,1,40279.49,Returned,Credit Card
TES-O12085,TES-C5532,2025-07-29,Merchandise,4,134.66,Shipped,Financing
TES-O8692,TES-C8499,2025-04-19,Model S,1,79385.26,Pending,Lease
TES-O11422,TES-C4693,2024-06-07,Model X,1,97434.59,Delivered,Financing
TES-O6942,TES-C5496,2023-11-13,Model 3,1,39773.48,Delivered,Cash
TES-O5513,TES-C5577,2024-06-05,Solar Panel Kit,1,23577.42,Returned,Lease
TES-O7974,TES-C5255,2023-09-23,Model S,1,92060.39,Delivered,Lease
TES-O6516,TES-C2171,2024-05-17,Model 3,1,44041.97,Cancelled,Financing
TES-O14822,TES-C1859,2024-05-06,Model Y,1,44711.96,Returned,Lease
TES-O14377,TES-C3265,2024-01-04,Powerwall,1,9059.66,Delivered,Cash
TES-O11702,TES-C4121,2024-01-02,Model Y,1,48021.55,Cancelled,Cash
TES-O11124,TES-C7203,2023-01-27,Model X,1,86847.33,Delivered,Credit Card
TES-O13075,TES-C7878,2024-02-08,Powerwall,1,10765.06,Returned,Lease
TES-O12110,TES-C8325,2024-07-10,Model 3,1,46695.18,Delivered,Financing
TES-O9605,TES-C3233,2025-01-29,Solar Panel Kit,1,16605.69,Delivered,Cash
TES-O7729,TES-C6273,2023-03-19,Model Y,1,52888.5,Cancelled,Lease
TES-O9720,TES-C4617,2023-02-25,Supercharging Credits,2,34.44,Pending,Cash
TES-O13909,TES-C10850,2024-01-19,Model S,1,90417.47,Delivered,Financing
TES-O12616,TES-C4083,2023-11-21,Model Y,1,47241.47,Returned,Financing
TES-O6667,TES-C8149,2023-01-28,Model Y,1,50416.48,Returned,Lease
TES-O13788,TES-C9910,2023-10-20,Model Y,1,52639.38,Returned,Financing
TES-O13905,TES-C1114,2025-07-22,Powerwall,1,9258.68,Returned,Financing
TES-O11948,TES-C3183,2023-06-28,Solar Panel Kit,1,18884.95,Delivered,Lease
TES-O13872,TES-C5506,2024-04-08,Model S,1,88705.54,Delivered,Cash
TES-O9069,TES-C9999,2024-09-23,Model X,1,96037.59,Pending,Lease
TES-O9340,TES-C9999,2025-07-03,Supercharging Credits,5,13.22,Returned,Lease
TES-O10328,TES-C2734,2024-11-24,Model X,1,94360.7,Shipped,Financing
TES-O13774,TES-C6468,2023-12-29,Model 3,1,40226.0,Delivered,Cash
TES-O8906,TES-C7297,2025-12-21,Model X,1,92515.33,Pending,Cash
TES-O10810,TES-C3691,2023-11-17,Model Y,1,54642.62,Delivered,Lease
TES-O12160,TES-C2709,2025-06-30,Model Y,1,44399.2,Shipped,Financing
TES-O7321,TES-C3637,2023-09-13,Supercharging Credits,4,111.27,Returned,Lease
TES-O9792,TES-C8830,2024-12-25,Model Y,1,42786.59,Delivered,Credit Card
TES-O13310,TES-C9489,2025-09-10,Model 3,1,41642.22,Delivered,Lease
TES-O5542,TES-C8259,2023-05-09,Merchandise,1,273.89,Delivered,Credit Card
TES-O9324,TES-C1580,2025-04-16,Model 3,1,44437.2,Pending,Lease
TES-O13546,TES-C2382,2025-08-18,Powerwall,1,9079.44,Delivered,Financing
TES-O10908,TES-C1174,2023-09-01,Model X,1,86107.88,Delivered,Lease
TES-O13966,TES-C9933,2025-03-19,Powerwall,1,9685.88,Delivered,Lease
TES-O14885,TES-C5196,2023-11-10,Model 3,1,43110.41,Returned,Lease
TES-O11417,TES-C3926,2023-09-16,Model S,1,75306.71,Returned,Credit Card
TES-O8504,TES-C7755,2024-01-09,Supercharging Credits,2,101.18,Shipped,Credit Card
TES-O12901,TES-C5968,2023-10-07,Model Y,1,54107.34,Delivered,Financing
TES-O8437,TES-C4044,2024-02-16,Model X,1,82643.36,Shipped,Financing
TES-O9504,TES-C2297,2025-01-23,Solar Panel Kit,1,23843.48,Pending,Lease
TES-O14772,TES-C1084,2024-09-14,Powerwall,1,11226.13,Delivered,Lease
TES-O7840,TES-C9706,2025-08-09,Merchandise,2,261.54,Delivered,Cash
TES-O11938,TES-C1522,2023-11-26,Model S,1,82931.06,Delivered,Lease
TES-O10742,TES-C2720,2024-05-04,Model S,1,75893.1,Delivered,Cash
TES-O13273,TES-C5564,2023-06-03,Model Y,1,52685.77,Delivered,Financing
TES-O5315,TES-C9550,2024-11-25,Model Y,1,45244.05,Pending,Credit Card
TES-O5161,TES-C2129,2025-02-20,Merchandise,1,221.26,Pending,Cash
TES-O6829,TES-C5597,2024-08-12,Model X,1,95395.22,Shipped,Lease
TES-O14574,TES-C10317,2023-01-29,Merchandise,4,131.9,Cancelled,Financing
TES-O9266,TES-C10118,2025-08-23,Model S,1,88630.52,Cancelled,Credit Card
TES-O9778,TES-C9665,2024-12-29,Model X,1,85649.8,Returned,Cash
TES-O7261,TES-C5693,2024-06-07,Merchandise,1,144.07,Delivered,Credit Card
TES-O11351,TES-C8910,2024-03-16,Model S,1,78147.58,Pending,Cash
TES-O11873,TES-C9999,2023-06-17,Powerwall,1,10068.91,Cancelled,Cash
TES-O8272,TES-C10218,2025-02-18,Model S,1,87602.8,Delivered,Credit Card
TES-O7511,TES-C7330,2024-08-22,Model X,1,85883.88,Shipped,Lease
TES-O12098,TES-C2884,2023-03-14,Merchandise,2,115.11,Cancelled,Cash
TES-O12994,TES-C5473,2024-10-18,Supercharging Credits,1,24.42,Shipped,Credit Card
TES-O10710,TES-C7523,2024-09-07,Model 3,1,43001.32,Delivered,Lease
TES-O13972,TES-C8428,2024-07-13,Model Y,1,54130.65,Delivered,Lease
TES-O6338,TES-C1082,2025-10-18,Model S,1,78398.35,Delivered,Credit Card
TES-O11056,TES-C10527,2024-12-02,Model 3,1,42149.77,Delivered,Cash
TES-O9762,TES-C8983,2023-07-16,Supercharging Credits,3,193.52,Returned,Credit Card
TES-O6221,TES-C4954,2023-08-01,Model S,1,75682.68,Shipped,Credit Card
TES-O10532,TES-C5647,2024-03-04,Supercharging Credits,3,129.35,Delivered,Lease
TES-O5191,TES-C3232,2025-07-01,Model S,1,78670.83,Cancelled,Cash
TES-O6994,TES-C9256,2024-01-25,Merchandise,5,164.55,Delivered,Cash
TES-O9556,TES-C1848,2024-04-27,Merchandise,2,283.46,Cancelled,Cash
TES-O6879,TES-C10329,2025-07-03,Supercharging Credits,2,127.75,Delivered,Lease
TES-O10202,TES-C4797,2024-01-25,Model S,1,91881.81,Cancelled,Financing
TES-O13594,TES-C1630,2024-03-30,Supercharging Credits,2,26.57,Shipped,Financing
TES-O11434,TES-C1983,2025-07-17,Model Y,1,42910.33,Delivered,Credit Card
TES-O11710,TES-C9120,2023-03-26,Solar Panel Kit,1,23772.83,Cancelled,Lease
TES-O14066,TES-C2716,2023-09-20,Model Y,1,44408.99,Cancelled,Financing
TES-O13622,TES-C7106,2024-07-17,Model S,1,88615.63,Unknown,Cash
TES-O5826,TES-C6334,2023-03-09,Model X,1,80371.2,Returned,Credit Card
TES-O9313,TES-C5421,2023-03-07,Powerwall,1,10581.57,Unknown,Financing
TES-O10540,TES-C1791,2025-10-05,Model Y,1,49096.39,Delivered,Lease
TES-O10132,TES-C8353,2023-12-06,Model 3,1,42074.35,Returned,Cash
TES-O9682,TES-C1861,2023-11-17,Solar Panel Kit,1,18990.0,Returned,Credit Card
TES-O6887,TES-C4039,2025-08-19,Model 3,1,40043.43,Delivered,Lease
TES-O13513,TES-C8634,2023-01-03,Model S,1,83598.9,Cancelled,Cash
TES-O8468,TES-C5553,2023-04-30,Supercharging Credits,5,124.7,Delivered,Financing
TES-O11188,TES-C3177,2023-06-04,Merchandise,1,120.25,Shipped,Financing
TES-O10888,TES-C6806,2024-09-02,Supercharging Credits,5,150.43,Returned,Lease
TES-O8736,TES-C7567,2025-12-20,Powerwall,1,9684.38,Delivered,Financing
TES-O12318,TES-C6193,2024-02-06,Solar Panel Kit,1,24768.89,Delivered,Cash
TES-O13554,TES-C8915,2025-12-01,Model Y,1,47748.15,Delivered,Financing
TES-O12851,TES-C7395,2024-05-27,Supercharging Credits,5,47.57,Pending,Lease
TES-O12303,TES-C9519,2023-06-26,Solar Panel Kit,1,16033.15,Delivered,Credit Card
TES-O9271,TES-C2761,2025-03-05,Powerwall,1,10345.81,Cancelled,Cash
TES-O14202,TES-C9827,2025-01-24,Model S,1,79415.93,Returned,Cash
TES-O12510,TES-C4951,2025-02-02,Model 3,1,38088.95,Shipped,Lease
TES-O5592,TES-C3084,2023-10-13,Solar Panel Kit,1,18233.63,Pending,Financing
TES-O8000,TES-C6562,2025-01-06,Model 3,1,41427.23,Delivered,Lease
TES-O9752,TES-C1842,2025-11-26,Model 3,1,41015.32,Returned,Credit Card
TES-O14425,TES-C6077,2023-06-05,Supercharging Credits,3,28.45,Shipped,Financing
TES-O13204,TES-C9192,2025-08-08,Model 3,1,40172.57,Pending,Financing
TES-O11001,TES-C5797,2024-05-16,Model X,1,80228.95,Returned,Lease
TES-O14344,TES-C2376,2025-05-29,Model 3,1,42783.63,Delivered,Financing
TES-O8187,TES-C5240,2024-01-08,Model Y,1,52338.57,Delivered,Lease
TES-O7571,TES-C5848,2024-09-20,Model Y,1,45334.93,Shipped,Cash
TES-O7763,TES-C6127,2024-09-04,Solar Panel Kit,1,18530.45,Returned,Financing
TES-O8395,TES-C5229,2023-02-08,Merchandise,1,246.3,Returned,Financing
TES-O9152,TES-C5750,2024-03-15,Supercharging Credits,1,144.03,Delivered,Lease
TES-O6933,TES-C7972,2024-02-29,Model S,1,77391.85,Cancelled,Cash
TES-O11158,TES-C10677,2024-09-17,Powerwall,1,9220.48,Returned,Financing
TES-O13671,TES-C2729,2024-06-21,Model Y,1,43684.32,Shipped,Lease
TES-O11860,TES-C3602,2025-09-05,Model X,1,83894.45,Shipped,Financing
TES-O7543,TES-C10907,2025-04-21,Model X,1,95659.81,Delivered,Financing
TES-O8035,TES-C8394,2024-06-20,Model 3,1,38168.38,Cancelled,Lease
TES-O8048,TES-C1052,2025-02-24,Model S,1,91746.51,Delivered,Cash
TES-O14872,TES-C9279,2023-01-29,Powerwall,1,9342.33,Cancelled,Lease
TES-O14183,TES-C3703,2023-07-27,Solar Panel Kit,1,21339.56,Returned,Cash
TES-O11594,TES-C10292,2024-06-07,Model Y,1,53833.24,Delivered,Financing
TES-O10259,TES-C5460,2025-06-09,Model 3,1,44946.46,Cancelled,Cash
TES-O5332,TES-C10859,2025-03-31,Supercharging Credits,5,113.52,Returned,Lease
TES-O13545,TES-C8664,2023-07-23,Powerwall,1,9289.49,Shipped,Lease
TES-O13124,TES-C2332,2024-10-27,Model 3,1,41064.39,Delivered,Credit Card
TES-O8475,TES-C4612,2024-11-04,Model X,1,97622.35,Delivered,Lease
TES-O13028,TES-C3361,2024-05-03,Model S,1,88917.29,Shipped,Lease
TES-O14214,TES-C5911,2025-08-08,Model S,1,86659.03,Delivered,Credit Card
TES-O8608,TES-C3339,2023-05-20,Merchandise,5,250.59,Cancelled,Financing
TES-O7776,TES-C7785,2025-09-25,Model Y,1,45477.64,Cancelled,Cash
TES-O6395,TES-C6870,2024-03-13,Model X,1,88016.17,Delivered,Lease
TES-O11272,TES-C8202,2024-04-18,Merchandise,5,185.07,Cancelled,Lease
TES-O12829,TES-C1930,2023-08-01,Model X,1,90494.25,Delivered,Cash
TES-O14804,TES-C3528,2024-06-11,Model 3,1,40004.48,Returned,Lease
TES-O11353,TES-C10987,2025-09-22,Merchandise,5,72.61,Shipped,Cash
TES-O8881,TES-C5981,2023-04-10,Model X,1,81339.88,Delivered,Financing
TES-O8455,TES-C3479,2024-04-22,Model S,1,88097.9,Delivered,Cash
TES-O8382,TES-C8527,2025-12-07,Model X,1,81060.64,Pending,Cash
TES-O9548,TES-C8365,2025-06-07,Solar Panel Kit,1,23311.22,Delivered,Financing
TES-O10307,TES-C3700,2025-12-23,Powerwall,1,10980.79,Delivered,Lease
TES-O14443,TES-C3087,2025-03-20,Model S,1,83015.89,Delivered,Financing
TES-O6065,TES-C7173,2023-08-25,Model S,1,77518.4,Returned,Cash
TES-O12238,TES-C10693,2025-08-24,Supercharging Credits,2,63.61,Delivered,Lease
TES-O10244,TES-C8471,2025-05-29,Supercharging Credits,4,75.04,Delivered,Financing
TES-O9853,TES-C6819,2023-06-23,Model X,1,96044.66,Unknown,Credit Card
TES-O8713,TES-C6783,2025-01-25,Powerwall,1,11329.01,Pending,Cash
TES-O11312,TES-C4907,2025-12-29,Model Y,1,48829.81,Cancelled,Lease
TES-O11012,TES-C2094,2024-09-20,Solar Panel Kit,1,22213.9,Cancelled,Credit Card
TES-O6855,TES-C3787,2024-01-04,Merchandise,5,187.54,Shipped,Credit Card
TES-O14844,TES-C10718,2023-08-22,Model Y,1,53222.5,Delivered,Financing
TES-O5787,TES-C7436,2023-12-10,Supercharging Credits,1,55.29,Delivered,Cash
TES-O8600,TES-C6095,2024-02-02,Model S,1,78181.09,Delivered,Credit Card
TES-O8759,TES-C4612,2023-09-03,Powerwall,1,11492.38,Delivered,Lease
TES-O8535,TES-C9974,2025-10-26,Model X,1,96879.88,Delivered,Credit Card
TES-O7745,TES-C6407,2024-02-09,Model X,1,83695.81,Delivered,Credit Card
TES-O10430,TES-C7584,2023-08-06,Solar Panel Kit,1,17424.1,Returned,Credit Card
TES-O6100,TES-C9763,2023-11-25,Supercharging Credits,3,139.75,Returned,Credit Card
TES-O6822,TES-C3581,2024-10-13,Model X,1,95163.67,Cancelled,Lease
TES-O14580,TES-C9582,2025-03-18,Model S,1,81873.31,Pending,Lease
TES-O11593,TES-C10398,2024-08-30,Powerwall,1,9872.53,Delivered,Financing
TES-O8313,TES-C4330,2023-07-02,Powerwall,1,9341.71,Cancelled,Credit Card
TES-O7604,TES-C8999,2023-12-29,Merchandise,1,81.46,Pending,Lease
TES-O14868,TES-C5225,2023-05-18,Model X,1,83006.89,Pending,Cash
TES-O11361,TES-C4609,2025-09-28,Supercharging Credits,4,179.87,Shipped,Cash
TES-O13760,TES-C4935,2024-09-12,Model 3,1,39513.41,Delivered,Financing
TES-O12978,TES-C9846,2023-05-27,Solar Panel Kit,1,20319.96,Returned,Financing
TES-O12323,TES-C1496,2024-04-30,Powerwall,1,11927.96,Pending,Financing
TES-O13327,TES-C2157,2024-08-28,Model X,1,99376.88,Delivered,Cash
TES-O13024,TES-C2295,2025-04-19,Model X,1,95452.53,Cancelled,Financing
TES-O11442,TES-C7910,2024-04-10,Solar Panel Kit,1,16924.76,Pending,Financing
TES-O12353,TES-C5582,2025-03-14,Supercharging Credits,4,31.37,Cancelled,Cash
TES-O10460,TES-C9999,2025-09-17,Merchandise,5,71.91,Cancelled,Lease
TES-O6522,TES-C7773,2025-02-10,Solar Panel Kit,1,16533.84,Delivered,Financing
TES-O14124,TES-C4767,2025-04-30,Model X,1,92132.9,Delivered,Credit Card
TES-O9689,TES-C4126,2024-11-26,Supercharging Credits,5,128.03,Cancelled,Cash
TES-O5262,TES-C4190,2025-12-23,Merchandise,1,133.29,Returned,Credit Card
TES-O6140,TES-C10781,2025-12-14,Model Y,1,52855.84,Delivered,Financing
TES-O5246,TES-C6136,2024-07-01,Solar Panel Kit,1,15632.51,Cancelled,Lease
TES-O9242,TES-C2391,2025-07-09,Solar Panel Kit,1,19099.16,Delivered,Financing
TES-O10464,TES-C1250,2024-02-25,Model 3,1,44371.53,Returned,Financing
TES-O10098,TES-C9387,2024-01-26,Model S,1,91742.57,Shipped,Cash
TES-O6886,TES-C4526,2025-09-14,Model 3,1,47630.08,Pending,Lease
TES-O9997,TES-C3599,2023-07-14,Powerwall,1,11595.34,Cancelled,Credit Card
TES-O9262,TES-C8583,2025-05-31,Model X,1,88855.63,Pending,Credit Card
TES-O10767,TES-C7931,2025-06-06,Model Y,1,47691.23,Shipped,Financing
TES-O8159,TES-C7069,2023-09-24,Model 3,1,44317.31,Cancelled,Lease
TES-O8891,TES-C10438,2025-10-21,Solar Panel Kit,1,20458.11,Returned,Financing
TES-O10543,TES-C9035,2023-10-26,Model S,1,83276.91,Cancelled,Credit Card
TES-O14856,TES-C3848,2023-07-26,Model X,1,93697.95,Delivered,Credit Card
TES-O9347,TES-C3439,2023-10-13,Model X,1,90253.33,Pending,Financing
TES-O12372,TES-C8211,2023-08-28,Powerwall,1,11617.86,Cancelled,Cash
TES-O6016,TES-C7170,2023-01-05,Supercharging Credits,4,26.91,Delivered,Lease
TES-O6362,TES-C10841,2025-07-18,Model S,1,81234.18,Returned,Cash
TES-O12959,TES-C10694,2024-04-15,Powerwall,1,11675.14,Delivered,Cash
TES-O12023,TES-C4363,2024-04-12,Solar Panel Kit,1,23604.49,Delivered,Cash
TES-O6076,TES-C4987,2025-04-19,Model 3,1,45625.43,Shipped,Financing
TES-O7569,TES-C1055,2023-04-21,Solar Panel Kit,1,20483.12,Cancelled,Lease
TES-O12879,TES-C8784,2024-10-24,Model S,1,81118.81,Delivered,Credit Card
TES-O8363,TES-C10063,2023-10-24,Model S,1,81031.9,Delivered,Financing
TES-O7553,TES-C4560,2024-09-14,Solar Panel Kit,1,20997.14,Pending,Financing
TES-O14887,TES-C1947,2023-04-08,Model 3,1,38971.79,Pending,Credit Card
TES-O6303,TES-C10994,2025-05-24,Model S,1,90532.74,Delivered,Cash
TES-O12484,TES-C8640,2024-03-06,Merchandise,1,37.67,Delivered,Cash
TES-O13068,TES-C9733,2023-09-30,Model 3,1,41292.28,Delivered,Financing
TES-O12378,TES-C6411,2024-07-13,Solar Panel Kit,1,21699.39,Returned,Credit Card
TES-O8642,TES-C2562,2023-02-23,Model S,1,81876.1,Returned,Cash
TES-O6841,TES-C4258,2023-08-17,Supercharging Credits,4,77.93,Delivered,Financing
TES-O11479,TES-C4307,2023-01-03,Powerwall,1,10837.9,Pending,Credit Card
TES-O14126,TES-C9672,2023-11-10,Solar Panel Kit,1,16277.46,Pending,Credit Card
TES-O7287,TES-C2056,2024-04-25,Merchandise,4,200.81,Delivered,Financing
TES-O5814,TES-C8234,2023-04-30,Model Y,1,50900.61,Delivered,Cash
TES-O11700,TES-C5363,2024-11-29,Model X,1,85508.22,Returned,Cash
TES-O7154,TES-C9528,2025-05-03,Model X,1,82858.11,Delivered,Lease
TES-O7168,TES-C4268,2025-03-20,Supercharging Credits,5,197.86,Cancelled,Credit Card
TES-O13516,TES-C3856,2023-06-05,Model X,1,99415.49,Delivered,Cash
TES-O11687,TES-C7802,2024-06-10,Supercharging Credits,1,71.27,Delivered,Cash
TES-O9531,TES-C6051,2025-06-29,Merchandise,2,119.73,Shipped,Cash
TES-O8479,TES-C9008,2025-02-26,Model S,1,85813.77,Delivered,Cash
TES-O5686,TES-C7950,2024-10-09,Supercharging Credits,2,188.98,Delivered,Credit Card
TES-O7872,TES-C4044,2024-01-29,Model 3,1,44703.19,Delivered,Lease
TES-O13443,TES-C6790,2023-04-25,Merchandise,1,25.94,Returned,Financing
TES-O11897,TES-C10450,2024-10-25,Merchandise,1,117.12,Pending,Cash
TES-O9467,TES-C4598,2024-03-13,Solar Panel Kit,1,22366.21,Delivered,Cash
TES-O14689,TES-C3009,2024-01-04,Model X,1,99814.41,Returned,Cash
TES-O7791,TES-C7069,2023-07-08,Model Y,1,44811.01,Delivered,Financing
TES-O10946,TES-C6958,2024-06-28,Powerwall,1,10826.18,Cancelled,Credit Card
TES-O11449,TES-C9999,2024-12-17,Model S,1,86769.99,Pending,Cash
TES-O9005,TES-C4404,2024-02-07,Model Y,1,49204.34,Delivered,Cash
TES-O7818,TES-C9999,2025-01-22,Model S,1,88260.93,Cancelled,Cash
TES-O14579,TES-C2970,2025-06-22,Powerwall,1,9758.31,Delivered,Financing
TES-O11104,TES-C2436,2023-08-02,Model Y,1,44471.78,Delivered,Credit Card
TES-O6834,TES-C3608,2023-06-04,Model S,1,82210.01,Delivered,Lease
TES-O8619,TES-C5940,2024-01-24,Model X,1,82721.5,Returned,Lease
TES-O14660,TES-C1431,2024-07-15,Solar Panel Kit,1,20306.41,Delivered,Financing
TES-O9305,TES-C2914,2023-09-28,Model S,1,77486.1,Cancelled,Credit Card
TES-O11883,TES-C3625,2023-01-26,Model X,1,98256.97,Cancelled,Cash
TES-O13892,TES-C9308,2024-07-31,Powerwall,1,10403.9,Shipped,Financing
TES-O12432,TES-C6460,2025-10-06,Solar Panel Kit,1,20229.19,Delivered,Financing
TES-O9227,TES-C10401,2023-08-04,Model 3,1,45371.98,Shipped,Cash
TES-O5866,TES-C1531,2024-08-11,Supercharging Credits,5,62.64,Pending,Cash
TES-O6902,TES-C10484,2023-05-21,Model Y,1,47429.41,Returned,Lease
TES-O10901,TES-C2796,2023-10-27,Model S,1,91020.98,Unknown,Credit Card
TES-O11488,TES-C6422,2024-08-05,Merchandise,5,292.21,Shipped,Cash
TES-O13559,TES-C9056,2023-01-12,Solar Panel Kit,1,19453.17,Cancelled,Cash
TES-O6232,TES-C3662,2024-04-21,Model 3,1,46738.89,Delivered,Financing
TES-O8534,TES-C5784,2024-09-11,Model S,1,89283.61,Returned,Financing
TES-O13614,TES-C2078,2023-09-06,Supercharging Credits,2,120.25,Delivered,Credit Card
TES-O5301,TES-C7806,2025-12-31,Merchandise,4,61.5,Delivered,Cash
TES-O8040,TES-C8833,2023-01-28,Powerwall,1,9563.37,Cancelled,Cash
TES-O7835,TES-C5068,2023-11-27,Merchandise,3,209.95,Returned,Cash
TES-O14763,TES-C5990,2025-12-13,Model S,1,86987.72,Delivered,Credit Card
TES-O8494,TES-C3924,2024-12-05,Model Y,1,43531.49,Delivered,Financing
TES-O9372,TES-C10227,2023-07-04,Solar Panel Kit,1,15378.48,Returned,Lease
TES-O13315,TES-C7540,2023-09-21,Supercharging Credits,4,163.66,Delivered,Credit Card
TES-O5357,TES-C8359,2024-03-20,Powerwall,1,11129.43,Shipped,Cash
TES-O9904,TES-C6270,2024-09-29,Model 3,1,43759.44,Delivered,Lease
TES-O11639,TES-C8493,2024-02-06,Powerwall,1,11005.42,Shipped,Credit Card
TES-O7457,TES-C10507,2025-04-04,Supercharging Credits,3,162.26,Cancelled,Financing
TES-O6393,TES-C8944,2023-04-02,Model 3,1,42951.94,Delivered,Financing
TES-O10593,TES-C8307,2024-01-22,Solar Panel Kit,1,24787.12,Delivered,Financing
TES-O8565,TES-C9822,2025-07-15,Merchandise,2,93.9,Delivered,Financing
TES-O13632,TES-C7661,2023-09-18,Model Y,1,51009.23,Delivered,Credit Card
TES-O12708,TES-C10782,2024-06-28,Powerwall,1,10362.83,Shipped,Lease
TES-O14493,TES-C10673,2025-01-18,Model Y,1,53365.41,Cancelled,Financing
TES-O5064,TES-C6859,2025-03-03,Model Y,1,43551.61,Cancelled,Credit Card
TES-O6630,TES-C6161,2024-08-27,Model S,1,93292.95,Returned,Lease
TES-O12444,TES-C6765,2025-09-19,Solar Panel Kit,1,19146.25,Cancelled,Lease
TES-O10864,TES-C2977,2023-12-28,Model X,1,91368.48,Delivered,Financing
TES-O7808,TES-C1180,2023-07-10,Model X,1,92340.92,Delivered,Financing
TES-O9619,TES-C1947,2024-01-31,Model X,1,96485.4,Cancelled,Financing
TES-O13463,TES-C1541,2025-03-13,Model 3,1,43842.57,Pending,Cash
TES-O6823,TES-C9186,2023-06-13,Model 3,1,42583.92,Delivered,Lease
TES-O9054,TES-C8865,2025-02-26,Merchandise,2,182.57,Delivered,Financing
TES-O7972,TES-C4802,2024-09-10,Model Y,1,50232.92,Delivered,Cash
TES-O7509,TES-C3127,2023-03-25,Merchandise,2,159.69,Delivered,Cash
TES-O5842,TES-C4598,2025-08-08,Supercharging Credits,1,154.64,Pending,Financing
TES-O7093,TES-C10041,2025-09-22,Model Y,1,54289.03,Delivered,Credit Card
TES-O6783,TES-C4869,2023-05-24,Model S,1,76041.23,Cancelled,Cash
TES-O10378,TES-C1949,2023-05-11,Model Y,1,50058.05,Delivered,Lease
TES-O6656,TES-C2881,2025-07-07,Model Y,1,46049.55,Returned,Credit Card
TES-O13281,TES-C1290,2023-03-03,Model Y,1,54524.61,Shipped,Cash
TES-O8903,TES-C8102,2024-07-29,Model X,1,98461.13,Pending,Lease
TES-O12875,TES-C9079,2023-01-22,Model X,1,83368.53,Pending,Credit Card
TES-O14851,TES-C6149,2023-08-14,Supercharging Credits,3,29.06,Cancelled,Financing
TES-O8428,TES-C7041,2024-04-16,Powerwall,1,11633.07,Delivered,Financing
TES-O13197,TES-C8691,2024-07-12,Merchandise,3,93.38,Cancelled,Cash
TES-O6487,TES-C7925,2023-01-31,Model X,1,98432.39,Delivered,Financing
TES-O8970,TES-C6924,2025-03-23,Model S,1,93467.72,Shipped,Financing
TES-O14562,TES-C10783,2023-11-13,Supercharging Credits,3,31.21,Cancelled,Cash
TES-O8718,TES-C6761,2025-04-04,Model X,1,80746.51,Delivered,Cash
TES-O13259,TES-C7031,2023-12-30,Supercharging Credits,5,62.09,Cancelled,Lease
TES-O14790,TES-C5520,2023-06-09,Model Y,1,54087.79,Pending,Financing
TES-O7753,TES-C5158,2025-03-09,Model 3,1,38676.35,Cancelled,Financing
TES-O5063,TES-C7133,2024-08-24,Merchandise,2,198.14,Delivered,Credit Card
TES-O9913,TES-C4312,2024-11-13,Supercharging Credits,1,112.43,Returned,Lease
TES-O8876,TES-C8444,2025-08-15,Model S,1,88932.78,Delivered,Cash
TES-O13471,TES-C5104,2023-01-02,Merchandise,5,291.45,Delivered,Cash
TES-O13190,TES-C2784,2023-08-25,Merchandise,2,127.57,Delivered,Credit Card
TES-O7693,TES-C9314,2025-01-28,Model Y,1,42504.57,Delivered,Credit Card
TES-O11780,TES-C1730,2023-08-14,Model S,1,82603.75,Shipped,Cash
TES-O7058,TES-C6796,2024-10-29,Model Y,1,50858.77,Delivered,Lease
TES-O11976,TES-C6739,2024-08-02,Merchandise,5,72.95,Pending,Credit Card
TES-O14577,TES-C5943,2023-01-13,Merchandise,1,42.04,Returned,Lease
TES-O9745,TES-C6129,2023-10-23,Powerwall,1,11571.03,Delivered,Lease
TES-O14437,TES-C3263,2024-01-24,Powerwall,1,10853.56,Cancelled,Lease
TES-O5467,TES-C1432,2025-11-28,Powerwall,1,10344.66,Delivered,Lease
TES-O9777,TES-C2040,2024-05-15,Solar Panel Kit,1,18470.19,Delivered,Financing
TES-O12241,TES-C7308,2025-01-17,Powerwall,1,10678.28,Pending,Lease
TES-O9007,TES-C1388,2023-03-23,Merchandise,1,196.82,Delivered,Financing
TES-O14046,TES-C10391,2023-01-26,Model Y,1,51854.72,Shipped,Credit Card
TES-O6228,TES-C9999,2024-02-06,Solar Panel Kit,1,24905.77,Returned,Cash
TES-O7129,TES-C4753,2024-11-23,Model X,1,95815.37,Delivered,Financing
TES-O5670,TES-C7302,2025-07-05,Model S,1,85130.86,Shipped,Cash
TES-O5200,TES-C6004,2025-03-08,Model 3,1,44609.04,Delivered,Credit Card
TES-O9210,TES-C5580,2025-06-05,Merchandise,2,22.99,Shipped,Financing
TES-O14042,TES-C8825,2024-07-29,Model Y,1,43768.68,Delivered,Financing
TES-O10397,TES-C6537,2023-11-09,Supercharging Credits,4,38.37,Returned,Credit Card
TES-O10587,TES-C9999,2024-03-27,Model Y,1,51970.02,Cancelled,Lease
TES-O7645,TES-C5756,2023-12-06,Model 3,1,44853.42,Returned,Lease
TES-O13570,TES-C3135,2025-06-29,Model 3,1,41151.09,Delivered,Lease
TES-O10654,TES-C6629,2024-06-21,Model X,1,98873.4,Delivered,Lease
TES-O14948,TES-C9999,2024-05-14,Model 3,1,39232.04,Delivered,Cash
TES-O7915,TES-C4297,2024-01-26,Powerwall,1,10973.97,Delivered,Lease
TES-O6954,TES-C4360,2023-11-02,Model S,1,86273.04,Cancelled,Credit Card
TES-O14011,TES-C2382,2024-01-30,Model S,1,79979.44,Shipped,Cash
TES-O7894,TES-C9871,2024-04-06,Solar Panel Kit,1,21054.83,Delivered,Financing
TES-O6711,TES-C6122,2024-05-22,Model X,1,87812.81,Shipped,Credit Card
TES-O13083,TES-C2617,2024-02-22,Solar Panel Kit,1,18434.02,Unknown,Lease
TES-O14159,TES-C5587,2024-10-15,Model 3,1,41488.5,Delivered,Credit Card
TES-O11133,TES-C7379,2025-11-21,Merchandise,3,27.98,Shipped,Cash
TES-O5944,TES-C2633,2025-05-13,Model 3,1,47646.83,Delivered,Lease
TES-O13241,TES-C9653,2025-01-29,Model X,1,90284.86,Shipped,Financing
TES-O10021,TES-C10951,2024-02-03,Model S,1,80203.39,Shipped,Cash
TES-O7200,TES-C9544,2024-08-13,Model 3,1,39428.76,Delivered,Credit Card
TES-O8981,TES-C7638,2024-08-08,Model S,1,84372.74,Cancelled,Cash
TES-O10107,TES-C9001,2024-02-03,Model Y,1,54725.46,Shipped,Credit Card
TES-O9451,TES-C2747,2023-08-16,Merchandise,5,252.02,Unknown,Financing
TES-O10528,TES-C6750,2024-10-18,Merchandise,1,297.31,Delivered,Financing
TES-O13878,TES-C1540,2023-06-02,Model S,1,83876.6,Returned,Lease
TES-O8556,TES-C9634,2024-03-26,Merchandise,3,96.72,Shipped,Financing
TES-O8069,TES-C7172,2023-04-07,Supercharging Credits,2,92.59,Shipped,Lease
TES-O14806,TES-C7502,2025-03-09,Supercharging Credits,3,124.18,Delivered,Financing
TES-O12267,TES-C5298,2024-03-10,Merchandise,1,254.24,Pending,Lease
TES-O12501,TES-C1728,2023-11-14,Model S,1,91995.29,Delivered,Financing
TES-O12425,TES-C2008,2024-12-02,Model 3,1,39114.05,Delivered,Cash
TES-O14178,TES-C6973,2024-05-23,Model Y,1,51406.01,Delivered,Financing
TES-O10377,TES-C6864,2023-02-24,Solar Panel Kit,1,21828.01,Cancelled,Financing
TES-O12692,TES-C10713,2024-02-13,Powerwall,1,10305.16,Shipped,Cash
TES-O13391,TES-C6890,2024-09-25,Model Y,1,45124.82,Delivered,Lease
TES-O12765,TES-C9999,2024-04-19,Model 3,1,41969.82,Delivered,Credit Card
TES-O11236,TES-C1054,2023-12-17,Powerwall,1,10623.99,Delivered,Lease
TES-O13727,TES-C6498,2024-11-22,Powerwall,1,10701.03,Pending,Cash
TES-O6825,TES-C7127,2023-11-02,Supercharging Credits,4,116.61,Cancelled,Cash
TES-O9092,TES-C1673,2025-07-09,Powerwall,1,11018.9,Delivered,Financing
TES-O12113,TES-C8912,2025-03-23,Model 3,1,47316.42,Unknown,Financing
TES-O13304,TES-C9999,2023-01-31,Model S,1,81896.91,Delivered,Cash
TES-O9149,TES-C9830,2024-10-18,Model X,1,88077.98,Delivered,Cash
TES-O13879,TES-C9434,2025-02-07,Model Y,1,45331.2,Delivered,Lease
TES-O14245,TES-C10381,2023-09-11,Powerwall,1,10016.98,Delivered,Cash
TES-O10763,TES-C1451,2024-05-14,Model S,1,82486.69,Unknown,Lease
TES-O5719,TES-C1417,2023-10-16,Supercharging Credits,3,186.56,Delivered,Cash
TES-O8173,TES-C1613,2024-02-16,Model 3,1,38028.67,Returned,Financing
TES-O7032,TES-C6603,2024-11-28,Model S,1,92541.67,Delivered,Financing
TES-O14843,TES-C7564,2025-05-08,Merchandise,3,111.21,Shipped,Financing
TES-O10227,TES-C8186,2023-09-14,Merchandise,3,108.43,Delivered,Financing
TES-O5830,TES-C3577,2024-04-30,Model 3,1,38467.14,Delivered,Cash
TES-O12004,TES-C5702,2024-10-11,Model Y,1,48410.96,Shipped,Financing
TES-O10714,TES-C2812,2025-01-18,Supercharging Credits,3,177.21,Cancelled,Lease
TES-O7547,TES-C6070,2025-09-18,Model Y,1,51663.86,Delivered,Financing
TES-O9154,TES-C2859,2023-05-11,Model Y,1,42296.95,Delivered,Credit Card
TES-O7422,TES-C9926,2024-12-31,Model S,1,94475.93,Delivered,Cash
TES-O6766,TES-C5540,2025-06-13,Model X,1,97362.78,Shipped,Credit Card
TES-O13037,TES-C3667,2025-06-30,Model 3,1,46729.9,Delivered,Cash
TES-O9118,TES-C10056,2025-06-04,Merchandise,1,88.77,Delivered,Cash
TES-O7957,TES-C3604,2023-10-07,Model X,1,94170.78,Delivered,Cash
TES-O9123,TES-C8757,2025-02-21,Model Y,1,47563.89,Pending,Cash
TES-O6816,TES-C10468,2024-03-12,Model 3,1,46800.12,Pending,Cash
TES-O11834,TES-C6929,2023-04-11,Model Y,1,42009.8,Delivered,Financing
TES-O11163,TES-C7584,2024-10-11,Merchandise,3,76.97,Returned,Cash
TES-O10983,TES-C10956,2025-08-11,Merchandise,1,62.56,Delivered,Credit Card
TES-O7534,TES-C7492,2024-01-08,Powerwall,1,11445.55,Pending,Financing
TES-O14449,TES-C1271,2025-08-18,Merchandise,1,151.09,Returned,Financing
TES-O7605,TES-C2558,2023-09-15,Model Y,1,52181.32,Shipped,Cash
TES-O8280,TES-C8994,2025-10-05,Solar Panel Kit,1,21033.02,Delivered,Credit Card
TES-O10095,TES-C9832,2024-09-30,Powerwall,1,9078.16,Unknown,Cash
TES-O11550,TES-C4456,2023-03-22,Model 3,1,42139.03,Pending,Credit Card
TES-O6867,TES-C3626,2023-08-11,Merchandise,2,181.33,Shipped,Cash
TES-O11667,TES-C5420,2025-01-23,Model Y,1,48273.84,Pending,Lease
TES-O11809,TES-C3588,2025-11-21,Model S,1,77646.28,Pending,Financing
TES-O13683,TES-C3644,2025-05-20,Model X,1,88744.17,Returned,Cash
TES-O14610,TES-C9191,2024-03-01,Model 3,1,38235.76,Returned,Lease
TES-O10602,TES-C2128,2025-02-14,Merchandise,1,174.62,Returned,Lease
TES-O14309,TES-C4657,2024-11-24,Solar Panel Kit,1,15480.04,Shipped,Lease
TES-O11791,TES-C3431,2023-08-14,Model Y,1,44801.55,Returned,Credit Card
TES-O13895,TES-C9141,2023-08-25,Model 3,1,42492.8,Pending,Lease
TES-O10296,TES-C2819,2025-03-18,Powerwall,1,11704.34,Delivered,Cash
TES-O8224,TES-C2358,2023-04-22,Model Y,1,51671.79,Delivered,Cash
TES-O9867,TES-C9601,2023-04-27,Model X,1,95166.11,Delivered,Lease
TES-O12451,TES-C9999,2023-06-15,Powerwall,1,9786.55,Pending,Lease
TES-O5637,TES-C6335,2024-06-09,Solar Panel Kit,1,23712.28,Returned,Cash
TES-O14004,TES-C5029,2024-12-31,Model 3,1,43002.0,Pending,Lease
TES-O13888,TES-C4651,2025-04-19,Model S,1,88416.82,Returned,Cash
TES-O14797,TES-C10938,2023-09-19,Model 3,1,43632.76,Returned,Credit Card
TES-O14941,TES-C8987,2025-02-20,Model 3,1,40981.84,Shipped,Credit Card
TES-O11487,TES-C3997,2024-06-30,Powerwall,1,11253.03,Pending,Cash
TES-O14752,TES-C1987,2023-02-24,Solar Panel Kit,1,22206.48,Delivered,Financing
TES-O11105,TES-C6118,2025-07-16,Merchandise,5,49.67,Delivered,Lease
TES-O9863,TES-C2331,2025-12-01,Solar Panel Kit,1,21218.26,Returned,Lease
TES-O7452,TES-C2785,2025-03-08,Powerwall,1,10181.32,Delivered,Lease
TES-O12535,TES-C5463,2023-10-30,Model Y,1,53615.95,Delivered,Cash
TES-O9664,TES-C8249,2025-12-06,Powerwall,1,9765.91,Shipped,Lease
TES-O11921,TES-C9696,2025-04-15,Supercharging Credits,3,151.75,Cancelled,Financing
TES-O6486,TES-C4330,2024-06-22,Model X,1,80338.66,Shipped,Financing
TES-O5656,TES-C2638,2025-12-18,Model 3,1,38818.87,Delivered,Cash
TES-O14218,TES-C5902,2025-09-20,Supercharging Credits,1,106.97,Pending,Credit Card
TES-O5669,TES-C7958,2023-03-03,Model Y,1,42726.36,Delivered,Cash
TES-O11567,TES-C4255,2025-05-24,Model X,1,87036.59,Delivered,Financing
TES-O5129,TES-C2745,2023-01-02,Supercharging Credits,2,26.05,Cancelled,Credit Card
TES-O8908,TES-C1193,2024-12-04,Solar Panel Kit,1,20201.7,Delivered,Lease
TES-O12319,TES-C2041,2023-07-24,Powerwall,1,10396.42,Shipped,Financing
TES-O7710,TES-C4021,2023-02-25,Merchandise,3,258.02,Returned,Financing
TES-O10841,TES-C7373,2024-09-06,Model 3,1,45725.84,Delivered,Cash
TES-O8387,TES-C6155,2023-05-19,Powerwall,1,11564.99,Delivered,Credit Card
TES-O9523,TES-C7390,2024-12-06,Supercharging Credits,5,172.23,Cancelled,Financing
TES-O14006,TES-C7307,2023-10-28,Model 3,1,43735.36,Shipped,Lease
TES-O12127,TES-C4211,2024-06-14,Model 3,1,38538.87,Pending,Cash
TES-O12202,TES-C10187,2025-03-01,Model S,1,76161.81,Shipped,Financing
TES-O14055,TES-C1663,2024-07-13,Model X,1,93191.84,Delivered,Credit Card
TES-O13565,TES-C4613,2023-04-11,Model X,1,82285.05,Shipped,Lease
TES-O9666,TES-C2833,2025-09-06,Supercharging Credits,5,128.76,Delivered,Cash
TES-O13610,TES-C9999,2024-05-01,Solar Panel Kit,1,18274.33,Pending,Cash
TES-O11941,TES-C10313,2025-02-08,Supercharging Credits,5,146.18,Returned,Financing
TES-O8782,TES-C8510,2023-03-07,Powerwall,1,10436.19,Cancelled,Credit Card
TES-O6789,TES-C7940,2023-09-10,Model S,1,89628.45,Cancelled,Credit Card
TES-O14464,TES-C4111,2025-11-25,Model 3,1,46596.96,Delivered,Financing
TES-O12612,TES-C1511,2024-11-10,Model Y,1,49468.05,Delivered,Credit Card
TES-O5399,TES-C1849,2024-02-09,Model X,1,89117.1,Shipped,Financing
TES-O12407,TES-C9858,2023-03-02,Merchandise,5,31.78,Returned,Cash
TES-O11330,TES-C8772,2024-08-06,Supercharging Credits,3,131.25,Returned,Cash
TES-O13836,TES-C9209,2023-09-09,Supercharging Credits,5,158.93,Delivered,Financing
TES-O10091,TES-C1261,2023-05-04,Model Y,1,46624.72,Returned,Cash
TES-O5900,TES-C1493,2024-02-29,Model 3,1,47452.52,Delivered,Lease
TES-O11587,TES-C6704,2025-02-10,Solar Panel Kit,1,22957.33,Pending,Cash
TES-O13713,TES-C7826,2023-03-30,Model Y,1,42681.4,Delivered,Lease
TES-O14135,TES-C8171,2024-09-01,Solar Panel Kit,1,23229.06,Pending,Lease
TES-O13945,TES-C10289,2025-04-12,Solar Panel Kit,1,19145.62,Pending,Cash
TES-O8230,TES-C1148,2025-12-07,Model 3,1,44637.86,Delivered,Cash
TES-O11900,TES-C5254,2025-08-07,Model S,1,79015.4,Delivered,Financing
TES-O7485,TES-C10753,2024-03-12,Model 3,1,42144.29,Returned,Credit Card
TES-O9493,TES-C7091,2023-02-11,Powerwall,1,11660.45,Cancelled,Credit Card
TES-O14521,TES-C7396,2025-11-23,Model Y,1,50006.4,Delivered,Lease
TES-O6906,TES-C10932,2025-12-21,Supercharging Credits,5,133.96,Cancelled,Financing
TES-O11321,TES-C4787,2023-10-30,Model X,1,81120.52,Delivered,Cash
TES-O13577,TES-C1586,2025-03-08,Model Y,1,44116.22,Delivered,Credit Card
TES-O10294,TES-C8030,2025-11-24,Supercharging Credits,1,144.34,Delivered,Lease
TES-O12155,TES-C3426,2023-08-17,Model X,1,96388.34,Cancelled,Credit Card
TES-O11445,TES-C2397,2025-04-21,Model S,1,75221.47,Delivered,Credit Card
TES-O13823,TES-C7207,2024-11-08,Model S,1,76457.83,Cancelled,Cash
TES-O6429,TES-C9950,2023-07-25,Model S,1,85442.51,Shipped,Lease
TES-O9116,TES-C1678,2025-06-02,Solar Panel Kit,1,23661.26,Returned,Lease
TES-O7725,TES-C3561,2025-04-24,Model X,1,94775.21,Returned,Cash
TES-O8550,TES-C9999,2025-02-05,Model 3,1,41019.91,Returned,Credit Card
TES-O6658,TES-C3598,2023-09-16,Model X,1,89143.23,Delivered,Credit Card
TES-O12401,TES-C2801,2024-12-23,Powerwall,1,9429.49,Returned,Lease
TES-O11433,TES-C7186,2025-04-07,Model 3,1,38333.84,Delivered,Lease
TES-O5230,TES-C3231,2024-02-08,Model S,1,88907.22,Returned,Credit Card
TES-O11060,TES-C6934,2023-11-18,Model S,1,91477.85,Shipped,Lease
TES-O12652,TES-C4602,2025-11-14,Powerwall,1,10482.28,Delivered,Cash
TES-O5518,TES-C6197,2025-04-20,Merchandise,3,117.57,Delivered,Cash
TES-O14160,TES-C3278,2024-07-08,Model X,1,92234.97,Delivered,Lease
TES-O14867,TES-C6767,2024-12-25,Powerwall,1,11718.66,Delivered,Cash
TES-O7319,TES-C9960,2024-11-26,Model S,1,75499.69,Delivered,Cash
TES-O8154,TES-C6410,2025-12-01,Model X,1,92537.32,Shipped,Lease
TES-O10694,TES-C8820,2024-02-15,Model S,1,81224.85,Delivered,Lease
TES-O8862,TES-C1293,2024-03-24,Powerwall,1,10698.44,Delivered,Lease
TES-O6172,TES-C6428,2025-04-28,Solar Panel Kit,1,16937.59,Delivered,Financing
TES-O14356,TES-C1003,2025-06-18,Solar Panel Kit,1,18789.11,Returned,Lease
TES-O14436,TES-C10594,2024-10-14,Model Y,1,44870.14,Shipped,Cash
TES-O9721,TES-C8276,2023-09-13,Solar Panel Kit,1,24041.48,Delivered,Cash
TES-O10297,TES-C10055,2023-07-08,Model X,1,93852.45,Delivered,Credit Card
TES-O13510,TES-C5626,2025-11-15,Solar Panel Kit,1,15773.96,Delivered,Cash
TES-O12864,TES-C8449,2023-09-17,Supercharging Credits,3,37.44,Pending,Financing
TES-O10348,TES-C4085,2024-05-17,Model Y,1,43548.66,Pending,Cash
TES-O6068,TES-C1817,2023-11-18,Model Y,1,45098.28,Returned,Lease
TES-O7249,TES-C3966,2025-05-11,Merchandise,5,75.72,Cancelled,Cash
TES-O5545,TES-C9885,2023-07-07,Model Y,1,51296.48,Unknown,Cash
TES-O10800,TES-C7129,2025-05-04,Model 3,1,39983.45,Delivered,Credit Card
TES-O6611,TES-C2603,2025-09-05,Model X,1,93971.91,Delivered,Cash
TES-O11819,TES-C8485,2023-08-26,Model X,1,89986.44,Unknown,Financing
TES-O11744,TES-C3424,2023-05-13,Supercharging Credits,5,57.67,Pending,Cash
TES-O13790,TES-C3639,2023-05-11,Supercharging Credits,4,150.12,Pending,Cash
TES-O6562,TES-C2250,2024-06-07,Model Y,1,49681.46,Shipped,Credit Card
TES-O5576,TES-C10898,2023-06-28,Model S,1,90126.51,Delivered,Cash
TES-O14341,TES-C8279,2023-02-28,Merchandise,2,43.87,Delivered,Credit Card
TES-O8354,TES-C7286,2025-03-07,Model Y,1,45673.13,Delivered,Lease
TES-O9220,TES-C3398,2025-05-02,Model 3,1,40824.42,Shipped,Lease
TES-O6121,TES-C1587,2023-06-06,Merchandise,2,125.56,Cancelled,Lease
TES-O12704,TES-C9474,2024-11-20,Model X,1,90284.14,Pending,Cash
TES-O12350,TES-C9624,2024-01-15,Model 3,1,44339.93,Shipped,Financing
TES-O9892,TES-C9037,2024-03-13,Model Y,1,52185.81,Shipped,Lease
TES-O9841,TES-C3563,2024-07-11,Merchandise,3,91.42,Returned,Lease
TES-O10861,TES-C3419,2023-07-25,Model Y,1,45066.83,Shipped,Cash
TES-O9797,TES-C6052,2024-08-08,Model X,1,85203.07,Delivered,Cash
TES-O11049,TES-C1453,2024-03-06,Solar Panel Kit,1,18612.44,Returned,Cash
TES-O7869,TES-C6075,2024-07-19,Solar Panel Kit,1,20399.62,Returned,Lease
TES-O9413,TES-C4463,2023-11-30,Model X,1,99911.04,Delivered,Credit Card
TES-O13959,TES-C10200,2024-03-08,Model Y,1,54640.93,Pending,Cash
TES-O6985,TES-C8057,2024-05-25,Solar Panel Kit,1,24531.2,Delivered,Lease
TES-O12935,TES-C10858,2025-07-29,Model 3,1,39189.18,Shipped,Lease
TES-O6648,TES-C2006,2025-04-26,Supercharging Credits,4,158.6,Shipped,Cash
TES-O7134,TES-C7097,2023-04-29,Supercharging Credits,5,128.05,Returned,Credit Card
TES-O12046,TES-C3569,2023-05-03,Model X,1,95271.06,Delivered,Credit Card
TES-O7170,TES-C5889,2025-01-03,Powerwall,1,11146.44,Delivered,Financing
TES-O13460,TES-C6885,2024-04-15,Model 3,1,42786.9,Returned,Cash
TES-O10819,TES-C9788,2025-03-31,Model S,1,93989.56,Returned,Cash
TES-O10193,TES-C8253,2023-06-19,Model X,1,93926.94,Delivered,Lease
TES-O7087,TES-C9341,2023-08-11,Model 3,1,39081.9,Cancelled,Credit Card
TES-O6437,TES-C2295,2024-05-29,Solar Panel Kit,1,17410.49,Cancelled,Credit Card
TES-O10951,TES-C10925,2024-06-25,Solar Panel Kit,1,20445.59,Delivered,Credit Card
TES-O8047,TES-C1999,2025-11-13,Model X,1,99664.08,Delivered,Cash
TES-O9177,TES-C1445,2023-10-14,Supercharging Credits,5,189.84,Pending,Lease
TES-O7135,TES-C5587,2025-10-27,Merchandise,5,254.38,Delivered,Cash
TES-O6258,TES-C4528,2023-11-11,Solar Panel Kit,1,20132.98,Returned,Cash
TES-O10582,TES-C4913,2025-04-18,Model 3,1,47278.14,Delivered,Financing
TES-O8622,TES-C7625,2024-06-19,Model Y,1,48282.56,Pending,Credit Card
TES-O12499,TES-C7272,2025-02-18,Merchandise,5,251.79,Pending,Lease
TES-O13894,TES-C7746,2025-07-06,Supercharging Credits,4,151.25,Cancelled,Cash
TES-O10692,TES-C9016,2025-10-26,Model Y,1,45565.73,Shipped,Cash
TES-O6601,TES-C1997,2025-12-08,Model Y,1,51581.81,Delivered,Cash
TES-O14658,TES-C2453,2025-02-12,Supercharging Credits,4,29.47,Delivered,Credit Card
TES-O13376,TES-C8495,2023-02-01,Model S,1,91253.0,Cancelled,Cash
TES-O5577,TES-C3191,2025-12-09,Merchandise,2,126.34,Shipped,Credit Card
TES-O9460,TES-C5271,2024-03-26,Supercharging Credits,3,121.41,Returned,Credit Card
TES-O14213,TES-C5821,2024-11-19,Supercharging Credits,1,185.44,Pending,Financing
TES-O8928,TES-C9370,2025-11-02,Model S,1,78710.23,Delivered,Cash
TES-O10567,TES-C9533,2025-02-21,Model S,1,91808.64,Shipped,Lease
TES-O8804,TES-C5835,2023-01-30,Powerwall,1,11993.41,Pending,Lease
TES-O12307,TES-C9127,2023-04-25,Model X,1,87440.94,Returned,Cash
TES-O5923,TES-C1213,2024-10-19,Solar Panel Kit,1,16510.83,Pending,Lease
TES-O8688,TES-C3461,2024-03-11,Solar Panel Kit,1,23442.09,Delivered,Lease
TES-O14967,TES-C2467,2025-09-20,Model X,1,80768.4,Pending,Lease
TES-O8568,TES-C6147,2024-12-13,Model S,1,90105.24,Delivered,Credit Card
TES-O14824,TES-C5358,2023-08-08,Model X,1,93750.27,Shipped,Lease
TES-O6505,TES-C2386,2024-09-26,Powerwall,1,9028.66,Delivered,Credit Card
TES-O10366,TES-C6147,2023-06-09,Model S,1,83201.08,Shipped,Cash
TES-O7917,TES-C8851,2025-07-02,Model S,1,84503.16,Shipped,Credit Card
TES-O8308,TES-C5670,2023-06-09,Merchandise,4,237.74,Pending,Cash
TES-O9358,TES-C2945,2024-03-20,Model 3,1,42363.37,Cancelled,Cash
TES-O10704,TES-C10735,2025-12-21,Solar Panel Kit,1,20975.84,Pending,Lease
TES-O14013,TES-C6858,2025-06-20,Model S,1,83866.49,Shipped,Financing
TES-O10912,TES-C10504,2025-01-31,Solar Panel Kit,1,20569.89,Shipped,Lease
TES-O5854,TES-C10001,2023-09-16,Model 3,1,47461.32,Delivered,Financing
TES-O8620,TES-C7344,2023-03-10,Model X,1,98286.81,Returned,Cash
TES-O11682,TES-C3782,2023-11-29,Supercharging Credits,1,64.02,Cancelled,Lease
TES-O13571,TES-C10294,2024-12-28,Powerwall,1,9204.82,Cancelled,Cash
TES-O12382,TES-C1722,2023-04-06,Supercharging Credits,1,101.97,Pending,Cash
TES-O14829,TES-C3007,2025-01-26,Model Y,1,46385.35,Cancelled,Credit Card
TES-O14788,TES-C9333,2023-10-18,Supercharging Credits,1,126.24,Shipped,Cash
TES-O12609,TES-C3345,2023-11-29,Solar Panel Kit,1,18835.32,Pending,Financing
TES-O7871,TES-C5088,2025-12-29,Solar Panel Kit,1,21845.6,Delivered,Lease
TES-O14808,TES-C5869,2024-09-22,Model Y,1,45552.41,Delivered,Credit Card
TES-O5699,TES-C5745,2025-07-14,Model X,1,99372.36,Shipped,Financing
TES-O13016,TES-C1423,2023-05-28,Model 3,1,45240.47,Cancelled,Lease
TES-O8675,TES-C5183,2023-03-31,Model Y,1,46911.04,Delivered,Financing
TES-O8982,TES-C6031,2025-08-06,Model Y,1,47986.86,Unknown,Credit Card
TES-O8883,TES-C2888,2025-03-28,Model Y,1,54648.51,Unknown,Financing
TES-O13609,TES-C7591,2023-07-08,Model S,1,81618.94,Returned,Cash
TES-O13933,TES-C9197,2023-02-12,Merchandise,4,31.72,Pending,Financing
TES-O13346,TES-C4613,2023-10-23,Powerwall,1,11187.33,Returned,Credit Card
TES-O6709,TES-C3079,2024-06-15,Supercharging Credits,2,83.97,Delivered,Financing
TES-O10381,TES-C7332,2025-07-03,Model X,1,95235.74,Shipped,Financing
TES-O11977,TES-C6752,2023-12-21,Model X,1,82750.53,Delivered,Financing
TES-O7969,TES-C10363,2024-06-19,Powerwall,1,10577.71,Cancelled,Cash
TES-O9211,TES-C2831,2024-05-13,Model S,1,81454.17,Pending,Lease
TES-O5030,TES-C5736,2024-11-27,Model 3,1,43986.18,Delivered,Credit Card
TES-O9829,TES-C8146,2025-08-08,Supercharging Credits,4,30.42,Delivered,Cash
TES-O6788,TES-C10965,2025-03-14,Solar Panel Kit,1,24986.44,Delivered,Financing
TES-O6495,TES-C3273,2025-02-20,Model X,1,96406.83,Delivered,Cash
TES-O7888,TES-C9999,2023-11-13,Model X,1,85729.83,Returned,Lease
TES-O9881,TES-C5951,2024-03-31,Merchandise,3,116.42,Delivered,Credit Card
TES-O10751,TES-C3033,2025-09-11,Solar Panel Kit,1,21274.14,Shipped,Credit Card
TES-O6856,TES-C4674,2025-08-25,Model X,1,87215.5,Delivered,Financing
TES-O10772,TES-C10628,2023-12-04,Merchandise,3,279.51,Cancelled,Credit Card
TES-O6581,TES-C2569,2025-11-20,Solar Panel Kit,1,20993.64,Cancelled,Credit Card
TES-O7924,TES-C8365,2024-06-09,Model X,1,90152.66,Pending,Cash
TES-O7139,TES-C9108,2024-04-04,Powerwall,1,10644.06,Shipped,Financing
TES-O14017,TES-C2271,2025-07-18,Solar Panel Kit,1,18845.61,Returned,Credit Card
TES-O11595,TES-C7179,2023-08-02,Supercharging Credits,4,154.12,Shipped,Financing
TES-O13490,TES-C4024,2023-04-15,Powerwall,1,9932.53,Pending,Cash
TES-O8569,TES-C5151,2024-08-16,Model S,1,86524.25,Cancelled,Lease
TES-O8147,TES-C3883,2024-07-20,Model S,1,91947.06,Delivered,Financing
TES-O11726,TES-C9520,2025-10-19,Supercharging Credits,5,59.19,Delivered,Cash
TES-O9104,TES-C7627,2025-07-17,Model Y,1,51945.83,Returned,Cash
TES-O6625,TES-C6623,2023-02-10,Model Y,1,44711.02,Shipped,Cash
TES-O10205,TES-C8761,2023-05-19,Solar Panel Kit,1,15874.19,Returned,Lease
TES-O11287,TES-C7473,2024-06-23,Model 3,1,43392.62,Delivered,Credit Card
TES-O12534,TES-C2188,2023-03-05,Solar Panel Kit,1,21090.63,Delivered,Financing
TES-O9427,TES-C6409,2024-02-21,Supercharging Credits,1,85.62,Delivered,Financing
TES-O10422,TES-C5074,2024-03-12,Model Y,1,50661.95,Returned,Cash
TES-O7945,TES-C1964,2025-12-15,Solar Panel Kit,1,24491.2,Delivered,Cash
TES-O9978,TES-C3924,2025-08-01,Merchandise,4,131.31,Returned,Cash
TES-O6106,TES-C10278,2023-07-01,Merchandise,2,231.65,Returned,Financing
TES-O8538,TES-C7258,2025-05-13,Model S,1,87309.47,Pending,Cash
TES-O7845,TES-C10644,2024-04-12,Model 3,1,43205.44,Delivered,Financing
TES-O12145,TES-C3602,2025-07-02,Model 3,1,42010.6,Delivered,Credit Card
TES-O8285,TES-C3614,2025-09-22,Supercharging Credits,5,40.66,Returned,Credit Card
TES-O7476,TES-C9472,2023-12-05,Model 3,1,45118.9,Delivered,Financing
TES-O5931,TES-C1513,2023-03-05,Supercharging Credits,2,96.87,Shipped,Financing
TES-O11972,TES-C9091,2025-11-27,Model 3,1,41330.01,Shipped,Financing
TES-O7216,TES-C4845,2023-05-29,Model S,1,92074.93,Delivered,Cash
TES-O13094,TES-C7787,2023-10-05,Model X,1,89388.85,Returned,Financing
TES-O5198,TES-C10409,2024-08-12,Powerwall,1,10801.42,Cancelled,Cash
TES-O12561,TES-C10437,2024-11-04,Supercharging Credits,3,84.72,Pending,Financing
TES-O7572,TES-C1609,2023-02-15,Powerwall,1,10486.39,Pending,Cash
TES-O11179,TES-C1683,2024-09-14,Powerwall,1,10094.42,Pending,Lease
TES-O5834,TES-C1199,2025-09-24,Powerwall,1,10939.41,Pending,Credit Card
TES-O8457,TES-C10587,2023-01-13,Powerwall,1,9595.48,Delivered,Lease
TES-O8247,TES-C3383,2024-08-10,Model 3,1,38051.9,Returned,Cash
TES-O14731,TES-C6675,2023-11-22,Merchandise,1,152.88,Returned,Cash
TES-O9744,TES-C1278,2023-05-30,Model 3,1,45856.21,Cancelled,Financing
TES-O11645,TES-C2167,2025-11-20,Powerwall,1,10534.99,Delivered,Credit Card
TES-O9696,TES-C10254,2023-05-19,Powerwall,1,11831.99,Delivered,Financing
TES-O6188,TES-C3049,2024-09-19,Model S,1,93705.43,Pending,Credit Card
TES-O5877,TES-C5285,2024-01-04,Merchandise,1,256.62,Returned,Financing
TES-O5940,TES-C8517,2023-09-30,Powerwall,1,9911.11,Delivered,Credit Card
TES-O5463,TES-C6200,2024-08-28,Model 3,1,43153.98,Cancelled,Financing
TES-O7726,TES-C4999,2023-01-22,Model X,1,81402.28,Cancelled,Credit Card
TES-O8022,TES-C7317,2023-05-25,Merchandise,5,149.8,Delivered,Credit Card
TES-O11929,TES-C9063,2024-04-06,Model 3,1,39853.63,Delivered,Cash
TES-O7636,TES-C8746,2025-04-02,Solar Panel Kit,1,18375.28,Delivered,Credit Card
TES-O14727,TES-C4815,2024-08-06,Model Y,1,45883.16,Pending,Credit Card
TES-O9235,TES-C8363,2025-03-04,Merchandise,3,139.47,Cancelled,Credit Card
TES-O10768,TES-C2844,2025-01-14,Powerwall,1,11045.35,Returned,Cash
TES-O13494,TES-C1652,2024-06-06,Powerwall,1,11228.44,Pending,Cash
TES-O5368,TES-C2151,2024-10-20,Model S,1,77373.99,Delivered,Cash
TES-O5650,TES-C3818,2024-09-23,Powerwall,1,10209.17,Returned,Lease
TES-O11261,TES-C4110,2023-08-02,Model S,1,85349.68,Pending,Cash
TES-O9642,TES-C5776,2025-01-10,Powerwall,1,9219.69,Returned,Financing
TES-O11088,TES-C2568,2023-04-04,Model X,1,80395.68,Delivered,Lease
TES-O5634,TES-C2571,2023-10-22,Merchandise,4,238.91,Delivered,Cash
TES-O11880,TES-C4592,2024-05-16,Model S,1,90819.17,Returned,Cash
TES-O6405,TES-C10492,2025-01-26,Supercharging Credits,1,32.09,Cancelled,Financing
TES-O13220,TES-C2041,2025-10-14,Model 3,1,43352.89,Pending,Financing
TES-O11058,TES-C7350,2023-04-22,Model Y,1,44738.33,Shipped,Cash
TES-O10760,TES-C9082,2025-03-26,Model 3,1,46926.2,Delivered,Lease
TES-O13349,TES-C2147,2024-06-29,Model 3,1,46702.97,Delivered,Cash
TES-O8532,TES-C10115,2023-08-09,Model S,1,87763.14,Returned,Cash
TES-O6540,TES-C3417,2023-03-21,Merchandise,2,152.76,Shipped,Credit Card
TES-O5422,TES-C7878,2023-02-22,Model 3,1,47118.74,Pending,Financing
TES-O9840,TES-C6761,2025-08-02,Merchandise,3,252.09,Delivered,Financing
TES-O8144,TES-C2215,2024-07-21,Solar Panel Kit,1,19091.55,Delivered,Cash
TES-O12872,TES-C4223,2025-07-03,Supercharging Credits,5,111.96,Pending,Cash
TES-O6022,TES-C4460,2023-07-18,Model S,1,80981.87,Unknown,Financing
TES-O5234,TES-C5173,2023-03-30,Powerwall,1,9568.56,Cancelled,Cash
TES-O5742,TES-C4005,2023-06-06,Supercharging Credits,3,75.52,Returned,Credit Card
TES-O5684,TES-C3469,2025-06-04,Model 3,1,40412.33,Delivered,Cash
TES-O6517,TES-C10710,2024-01-17,Solar Panel Kit,1,15961.0,Shipped,Financing
TES-O7562,TES-C4423,2024-05-09,Model S,1,88308.66,Shipped,Credit Card
TES-O13990,TES-C1899,2025-05-18,Powerwall,1,10862.89,Delivered,Financing
TES-O14107,TES-C8085,2025-08-05,Model X,1,93543.37,Pending,Financing
TES-O7705,TES-C4726,2025-08-01,Solar Panel Kit,1,18842.8,Cancelled,Lease
TES-O5400,TES-C8850,2024-03-19,Model S,1,90649.04,Delivered,Lease
TES-O14308,TES-C3509,2024-07-05,Model S,1,82323.53,Pending,Credit Card
TES-O5829,TES-C3300,2024-09-12,Merchandise,3,60.04,Shipped,Cash
TES-O7308,TES-C1301,2023-02-28,Model 3,1,44715.67,Delivered,Lease
TES-O14938,TES-C1657,2024-07-20,Powerwall,1,11337.38,Pending,Cash
TES-O10122,TES-C6553,2024-09-11,Merchandise,2,195.48,Cancelled,Lease
TES-O10189,TES-C1642,2023-09-28,Model S,1,83243.77,Shipped,Financing
TES-O10718,TES-C3706,2024-10-05,Model S,1,78744.27,Delivered,Credit Card
TES-O9547,TES-C8113,2024-11-30,Merchandise,5,154.15,Returned,Financing
TES-O12505,TES-C9053,2025-02-10,Merchandise,2,165.26,Cancelled,Lease
TES-O5166,TES-C3859,2023-03-23,Solar Panel Kit,1,21791.04,Pending,Lease
TES-O12691,TES-C1638,2023-12-14,Solar Panel Kit,1,22679.1,Delivered,Financing
TES-O6731,TES-C4965,2023-01-02,Powerwall,1,9851.92,Pending,Credit Card
TES-O14669,TES-C8875,2025-02-20,Supercharging Credits,5,137.15,Delivered,Lease
TES-O6484,TES-C1238,2023-09-19,Powerwall,1,10539.42,Pending,Lease
TES-O8606,TES-C9748,2024-09-05,Model S,1,76394.05,Returned,Financing
TES-O7105,TES-C6043,2023-08-16,Model S,1,80672.51,Pending,Financing
TES-O5110,TES-C3221,2023-08-13,Powerwall,1,10594.11,Cancelled,Lease
TES-O10779,TES-C6318,2025-09-13,Powerwall,1,10710.6,Delivered,Cash
TES-O8190,TES-C7259,2024-06-03,Powerwall,1,11219.39,Shipped,Cash
TES-O14104,TES-C4916,2023-05-17,Supercharging Credits,5,12.65,Delivered,Credit Card
TES-O12184,TES-C8464,2024-10-03,Powerwall,1,9401.71,Returned,Financing
TES-O11688,TES-C3362,2025-12-12,Powerwall,1,9457.07,Delivered,Credit Card
TES-O11612,TES-C1405,2024-11-25,Merchandise,4,133.56,Returned,Lease
TES-O7075,TES-C1401,2023-10-01,Supercharging Credits,5,34.67,Returned,Cash
TES-O5478,TES-C8392,2023-11-26,Solar Panel Kit,1,17646.71,Delivered,Lease
TES-O9719,TES-C4713,2023-02-14,Model 3,1,43733.63,Returned,Credit Card
TES-O10754,TES-C9257,2025-08-22,Supercharging Credits,4,67.46,Delivered,Financing
TES-O9695,TES-C1292,2023-11-02,Model Y,1,45255.21,Cancelled,Lease
TES-O7282,TES-C7346,2024-04-16,Model Y,1,43500.48,Delivered,Lease
TES-O10879,TES-C2746,2023-02-25,Powerwall,1,11958.77,Pending,Credit Card
TES-O13518,TES-C9999,2025-08-18,Supercharging Credits,2,66.01,Pending,Financing
TES-O9040,TES-C9992,2023-12-23,Solar Panel Kit,1,22233.23,Cancelled,Cash
TES-O11867,TES-C2093,2023-12-27,Solar Panel Kit,1,18357.79,Delivered,Cash
TES-O13373,TES-C10156,2024-05-14,Powerwall,1,10179.64,Delivered,Credit Card
TES-O12358,TES-C3946,2025-07-02,Model Y,1,48992.6,Delivered,Financing
TES-O8044,TES-C9153,2023-04-28,Model Y,1,47249.37,Delivered,Financing
TES-O7938,TES-C9999,2024-12-06,Model X,1,89858.27,Returned,Lease
TES-O9912,TES-C10455,2024-04-20,Merchandise,1,232.16,Cancelled,Financing
TES-O8182,TES-C7134,2023-07-26,Model S,1,79788.94,Returned,Lease
TES-O7674,TES-C7816,2023-08-31,Model 3,1,40947.41,Cancelled,Lease
TES-O10991,TES-C6004,2024-09-23,Model 3,1,44473.69,Pending,Financing
TES-O8596,TES-C4562,2023-02-14,Powerwall,1,9071.8,Delivered,Financing
TES-O9442,TES-C7062,2025-02-04,Model 3,1,47657.23,Delivered,Financing
TES-O5884,TES-C10611,2025-07-16,Supercharging Credits,2,165.97,Delivered,Cash
TES-O14975,TES-C9619,2024-09-16,Model Y,1,50363.16,Unknown,Cash
TES-O9453,TES-C9999,2025-08-07,Supercharging Credits,2,64.65,Delivered,Credit Card
TES-O13181,TES-C1912,2023-02-14,Merchandise,1,259.34,Delivered,Lease
TES-O5679,TES-C1256,2023-03-25,Model X,1,81139.12,Cancelled,Financing
TES-O13383,TES-C10843,2024-03-15,Model X,1,93055.48,Returned,Cash
TES-O6935,TES-C6286,2025-09-20,Model Y,1,42991.93,Pending,Cash
TES-O7747,TES-C2162,2025-07-24,Model 3,1,45272.98,Delivered,Cash
TES-O5710,TES-C5705,2024-04-12,Model 3,1,40603.32,Returned,Cash
TES-O10607,TES-C8406,2023-01-07,Solar Panel Kit,1,24918.09,Shipped,Credit Card
TES-O9633,TES-C6585,2023-03-09,Model X,1,83234.7,Shipped,Lease
TES-O11950,TES-C4963,2024-04-04,Model Y,1,52690.44,Pending,Credit Card
TES-O8383,TES-C5601,2023-02-09,Powerwall,1,9220.11,Returned,Lease
TES-O14010,TES-C1158,2025-06-23,Model S,1,83649.61,Delivered,Cash
TES-O14835,TES-C6841,2023-02-02,Model X,1,82252.55,Cancelled,Financing
TES-O10885,TES-C9999,2023-10-11,Powerwall,1,11289.67,Delivered,Credit Card
TES-O13765,TES-C5521,2023-12-23,Powerwall,1,9007.99,Delivered,Financing
TES-O11933,TES-C1718,2025-10-09,Supercharging Credits,5,166.3,Shipped,Cash
TES-O6238,TES-C1602,2024-07-12,Model Y,1,53485.23,Delivered,Cash
TES-O12469,TES-C5411,2023-12-30,Model Y,1,50498.7,Cancelled,Cash
TES-O7711,TES-C9048,2023-10-06,Supercharging Credits,1,193.18,Cancelled,Financing
TES-O6072,TES-C1288,2025-10-28,Model X,1,99821.03,Cancelled,Lease
TES-O5253,TES-C2757,2025-01-25,Merchandise,3,276.42,Delivered,Lease
TES-O6326,TES-C1608,2025-11-02,Solar Panel Kit,1,18785.85,Pending,Cash
TES-O13215,TES-C7070,2024-07-02,Model S,1,83998.93,Delivered,Cash
TES-O12502,TES-C1641,2024-12-24,Solar Panel Kit,1,24223.62,Cancelled,Financing
TES-O9317,TES-C9927,2023-09-17,Model 3,1,45983.15,Delivered,Lease
TES-O7827,TES-C5751,2024-11-30,Solar Panel Kit,1,22578.02,Cancelled,Cash
TES-O8433,TES-C6491,2024-11-18,Supercharging Credits,2,128.38,Shipped,Credit Card
TES-O6480,TES-C2714,2024-11-14,Merchandise,4,79.81,Pending,Lease
TES-O11111,TES-C4715,2023-12-30,Powerwall,1,9545.06,Delivered,Financing
TES-O11461,TES-C1220,2025-10-02,Powerwall,1,10997.35,Delivered,Financing
TES-O8063,TES-C8450,2025-08-01,Powerwall,1,10457.43,Cancelled,Credit Card
TES-O9322,TES-C8378,2024-11-26,Powerwall,1,11804.12,Pending,Cash
TES-O12070,TES-C10321,2025-12-03,Model X,1,80988.76,Unknown,Cash
TES-O11099,TES-C10441,2025-11-17,Merchandise,5,145.33,Delivered,Lease
TES-O8910,TES-C2496,2024-07-30,Supercharging Credits,2,49.73,Delivered,Credit Card
TES-O6975,TES-C9068,2023-12-30,Supercharging Credits,1,49.44,Delivered,Lease
TES-O12850,TES-C8032,2024-07-15,Supercharging Credits,4,52.93,Cancelled,Cash
TES-O10427,TES-C8585,2023-10-14,Supercharging Credits,5,93.08,Returned,Financing
TES-O6565,TES-C7407,2023-05-12,Powerwall,1,10979.59,Cancelled,Cash
TES-O8817,TES-C7202,2025-03-07,Model S,1,94926.01,Pending,Lease
TES-O6681,TES-C5306,2024-01-13,Model Y,1,48542.7,Returned,Lease
TES-O14285,TES-C10599,2024-10-16,Supercharging Credits,5,22.98,Returned,Credit Card
TES-O14649,TES-C9392,2025-07-18,Model X,1,90184.37,Unknown,Cash
TES-O7028,TES-C9814,2025-07-18,Model S,1,84935.67,Pending,Credit Card
TES-O9675,TES-C8455,2025-11-21,Model Y,1,52679.12,Returned,Financing
TES-O10637,TES-C10682,2024-12-26,Merchandise,2,40.3,Pending,Credit Card
TES-O7346,TES-C3862,2024-07-16,Supercharging Credits,2,177.66,Delivered,Lease
TES-O11171,TES-C1079,2023-02-25,Solar Panel Kit,1,23605.68,Delivered,Lease
TES-O12435,TES-C5703,2023-02-28,Model 3,1,47142.31,Unknown,Credit Card
TES-O13573,TES-C4803,2023-09-11,Supercharging Credits,2,18.33,Cancelled,Credit Card
TES-O9216,TES-C8783,2023-05-23,Model 3,1,43789.75,Pending,Financing
TES-O10916,TES-C4840,2025-03-06,Merchandise,4,263.55,Unknown,Cash
TES-O13678,TES-C8016,2023-12-12,Supercharging Credits,1,96.29,Pending,Cash
TES-O9197,TES-C3208,2025-09-30,Model Y,1,44483.19,Returned,Cash
TES-O8231,TES-C5953,2025-10-25,Model 3,1,44769.47,Cancelled,Financing
TES-O5966,TES-C5545,2025-11-09,Supercharging Credits,5,93.89,Returned,Cash
TES-O8331,TES-C9525,2025-02-07,Supercharging Credits,1,68.85,Returned,Credit Card
TES-O9060,TES-C5848,2023-02-15,Model 3,1,47870.97,Delivered,Financing
TES-O5905,TES-C8204,2024-06-28,Model X,1,99712.8,Delivered,Lease
TES-O13626,TES-C4989,2023-05-26,Model 3,1,41821.16,Delivered,Credit Card
TES-O14535,TES-C4557,2024-06-04,Model S,1,81504.63,Pending,Cash
TES-O13952,TES-C6700,2023-04-27,Powerwall,1,9843.9,Cancelled,Cash
TES-O5810,TES-C7700,2024-01-10,Merchandise,1,112.59,Pending,Credit Card
TES-O6350,TES-C7086,2025-12-17,Model X,1,87569.67,Shipped,Cash
TES-O14152,TES-C3339,2023-05-07,Merchandise,1,213.82,Returned,Financing
TES-O14735,TES-C2477,2025-12-23,Model X,1,92694.81,Pending,Cash
TES-O7120,TES-C1371,2025-11-10,Model X,1,92896.96,Shipped,Cash
TES-O12618,TES-C5317,2023-05-27,Supercharging Credits,1,154.97,Shipped,Credit Card
TES-O7991,TES-C9448,2024-04-12,Model X,1,87643.2,Delivered,Financing
TES-O8274,TES-C8540,2025-02-14,Model X,1,96693.35,Cancelled,Cash
TES-O6575,TES-C7629,2024-08-29,Model S,1,91448.94,Shipped,Cash
TES-O9293,TES-C10047,2025-01-26,Supercharging Credits,4,188.1,Delivered,Lease
TES-O10220,TES-C10030,2024-08-24,Model 3,1,38591.07,Delivered,Cash
TES-O5802,TES-C5992,2025-09-27,Model X,1,80157.45,Returned,Financing
TES-O7673,TES-C9471,2024-04-22,Solar Panel Kit,1,17275.29,Cancelled,Cash
TES-O14196,TES-C10554,2025-09-04,Supercharging Credits,5,102.75,Returned,Credit Card
TES-O9026,TES-C10595,2023-07-12,Merchandise,2,193.94,Delivered,Financing
TES-O10009,TES-C7728,2024-10-07,Merchandise,3,75.44,Shipped,Financing
TES-O8870,TES-C4570,2025-03-31,Model Y,1,45413.48,Shipped,Cash
TES-O6683,TES-C4620,2023-04-25,Solar Panel Kit,1,21999.81,Delivered,Credit Card
TES-O14208,TES-C5105,2024-03-30,Supercharging Credits,5,75.85,Pending,Credit Card
TES-O11825,TES-C4618,2023-10-17,Merchandise,5,289.83,Cancelled,Credit Card
TES-O7408,TES-C1214,2023-07-08,Model X,1,99064.82,Delivered,Cash
TES-O8886,TES-C3611,2025-05-19,Model S,1,79920.63,Shipped,Credit Card
TES-O7193,TES-C2448,2024-07-14,Model S,1,87701.63,Delivered,Financing
TES-O9382,TES-C5840,2024-07-05,Supercharging Credits,5,168.25,Shipped,Lease
TES-O12134,TES-C5666,2025-10-29,Merchandise,1,284.66,Shipped,Financing
TES-O10003,TES-C9128,2025-09-03,Solar Panel Kit,1,22750.49,Delivered,Cash
TES-O9194,TES-C3755,2025-06-09,Solar Panel Kit,1,15425.1,Cancelled,Financing
TES-O5235,TES-C5112,2024-05-02,Model S,1,89418.35,Delivered,Lease
TES-O6973,TES-C9798,2024-05-01,Model 3,1,46760.58,Delivered,Cash
TES-O13802,TES-C10371,2025-03-06,Model S,1,75744.03,Pending,Cash
TES-O6832,TES-C3311,2024-10-11,Model Y,1,50777.34,Pending,Credit Card
TES-O9390,TES-C7983,2024-07-20,Model S,1,90355.33,Returned,Lease
TES-O10679,TES-C3249,2023-04-13,Supercharging Credits,3,171.89,Delivered,Financing
TES-O7064,TES-C6958,2023-03-22,Supercharging Credits,4,145.16,Cancelled,Cash
TES-O6127,TES-C6522,2025-11-02,Powerwall,1,10790.28,Cancelled,Credit Card
TES-O13343,TES-C2983,2024-09-20,Supercharging Credits,5,48.52,Delivered,Cash
TES-O8210,TES-C5741,2024-01-29,Solar Panel Kit,1,23379.92,Pending,Credit Card
TES-O8054,TES-C2294,2023-11-01,Supercharging Credits,4,84.68,Delivered,Credit Card
TES-O11767,TES-C9468,2023-07-02,Powerwall,1,9633.55,Delivered,Cash
TES-O12782,TES-C7424,2025-09-04,Model Y,1,51798.13,Delivered,Credit Card
TES-O13623,TES-C3558,2024-01-06,Supercharging Credits,1,197.85,Pending,Lease
TES-O12375,TES-C4369,2023-03-01,Model S,1,90019.56,Returned,Cash
TES-O13321,TES-C10582,2025-02-06,Solar Panel Kit,1,18629.72,Pending,Cash
TES-O9342,TES-C1163,2025-12-25,Model S,1,91876.7,Shipped,Cash
TES-O8528,TES-C4138,2023-03-07,Model S,1,93392.5,Delivered,Lease
TES-O5720,TES-C3076,2023-08-01,Model Y,1,51540.38,Delivered,Cash
TES-O14238,TES-C8947,2025-09-05,Model X,1,86975.83,Returned,Cash
TES-O14092,TES-C2821,2024-06-28,Model 3,1,44633.23,Cancelled,Financing
TES-O14764,TES-C3379,2024-02-14,Supercharging Credits,1,40.51,Delivered,Lease
TES-O8745,TES-C10396,2023-11-28,Merchandise,1,120.41,Shipped,Lease
TES-O13502,TES-C8869,2024-11-21,Model S,1,90722.27,Delivered,Credit Card
TES-O5872,TES-C4937,2024-07-16,Model Y,1,50397.6,Cancelled,Financing
TES-O8714,TES-C2199,2025-08-14,Model Y,1,53045.36,Delivered,Cash
TES-O13296,TES-C4747,2023-10-01,Model X,1,92541.02,Cancelled,Financing
TES-O9490,TES-C9519,2024-05-02,Supercharging Credits,2,135.75,Returned,Credit Card
TES-O7659,TES-C3646,2023-07-05,Model Y,1,51835.45,Unknown,Lease
TES-O11156,TES-C4581,2025-05-20,Model Y,1,43129.04,Delivered,Cash
TES-O8352,TES-C10504,2024-09-28,Model X,1,97001.08,Pending,Financing
TES-O12342,TES-C1406,2025-03-16,Powerwall,1,10473.28,Pending,Cash
TES-O8019,TES-C10577,2023-06-22,Supercharging Credits,3,170.12,Unknown,Cash
TES-O12949,TES-C9686,2025-03-22,Solar Panel Kit,1,22597.27,Pending,Financing
TES-O7990,TES-C1591,2023-09-24,Model Y,1,42135.06,Cancelled,Lease
TES-O11606,TES-C9529,2025-06-09,Merchandise,1,297.65,Cancelled,Cash
TES-O14900,TES-C7886,2023-11-27,Supercharging Credits,5,128.15,Delivered,Credit Card
TES-O8558,TES-C6930,2024-12-07,Merchandise,4,213.31,Delivered,Cash
TES-O8682,TES-C3210,2024-04-09,Merchandise,4,189.79,Pending,Financing
TES-O5563,TES-C5091,2023-04-05,Powerwall,1,11309.87,Delivered,Lease
TES-O14972,TES-C2653,2023-08-15,Model 3,1,43891.99,Delivered,Cash
TES-O8388,TES-C3983,2025-07-02,Supercharging Credits,3,66.49,Unknown,Financing
TES-O10317,TES-C2120,2025-11-27,Model S,1,77562.28,Shipped,Cash
TES-O12324,TES-C1457,2023-05-09,Solar Panel Kit,1,18810.78,Cancelled,Cash
TES-O10986,TES-C1450,2025-11-13,Model 3,1,40545.64,Delivered,Financing
TES-O7586,TES-C5075,2025-11-10,Model Y,1,44027.13,Pending,Credit Card
TES-O10979,TES-C9396,2023-07-20,Solar Panel Kit,1,23737.39,Delivered,Cash
TES-O12403,TES-C3940,2024-05-27,Powerwall,1,9494.01,Returned,Financing
TES-O9920,TES-C3078,2025-01-18,Model Y,1,44551.26,Delivered,Lease
TES-O13498,TES-C8159,2024-07-27,Supercharging Credits,4,177.22,Shipped,Credit Card
TES-O11751,TES-C1285,2023-06-24,Merchandise,4,212.44,Delivered,Credit Card
TES-O5016,TES-C2699,2025-08-30,Powerwall,1,11262.32,Returned,Credit Card
TES-O9434,TES-C1924,2023-03-28,Merchandise,4,220.97,Pending,Cash
TES-O14251,TES-C2040,2023-03-15,Powerwall,1,11010.69,Shipped,Lease
TES-O10964,TES-C3736,2024-01-23,Model S,1,80897.01,Delivered,Cash
TES-O8232,TES-C10037,2025-08-22,Model S,1,92539.89,Delivered,Lease
TES-O9446,TES-C8425,2025-04-14,Model Y,1,50857.21,Delivered,Financing
TES-O10335,TES-C7352,2025-05-01,Supercharging Credits,2,135.02,Delivered,Financing
TES-O7985,TES-C1279,2023-06-07,Model 3,1,44230.78,Delivered,Financing
TES-O8930,TES-C7956,2025-09-27,Model 3,1,46754.85,Cancelled,Financing
TES-O10099,TES-C10501,2023-05-29,Model X,1,95920.72,Pending,Financing
TES-O9636,TES-C8929,2023-06-05,Merchandise,2,146.64,Delivered,Cash
TES-O5245,TES-C4995,2024-10-22,Model Y,1,49942.07,Pending,Credit Card
TES-O6457,TES-C2012,2025-12-08,Model S,1,75164.23,Delivered,Cash
TES-O7424,TES-C10547,2024-08-29,Supercharging Credits,2,168.06,Delivered,Cash
TES-O6011,TES-C1938,2023-07-12,Model S,1,75896.25,Cancelled,Credit Card
TES-O5446,TES-C1793,2023-10-03,Merchandise,4,80.65,Delivered,Credit Card
TES-O12115,TES-C2160,2024-08-26,Solar Panel Kit,1,22716.86,Pending,Financing
TES-O13691,TES-C1242,2023-03-07,Merchandise,2,88.09,Delivered,Cash
TES-O8085,TES-C3385,2023-11-14,Model X,1,93094.8,Shipped,Lease
TES-O9784,TES-C3241,2025-01-31,Powerwall,1,10524.64,Cancelled,Credit Card
TES-O10994,TES-C10578,2024-04-29,Powerwall,1,11143.19,Cancelled,Financing
TES-O12790,TES-C2245,2025-06-14,Powerwall,1,10992.57,Delivered,Credit Card
TES-O13320,TES-C3112,2023-05-15,Powerwall,1,10350.9,Pending,Credit Card
TES-O11198,TES-C4588,2025-03-30,Supercharging Credits,3,147.19,Pending,Lease
TES-O6605,TES-C8702,2025-08-18,Powerwall,1,10574.3,Delivered,Financing
TES-O14463,TES-C5314,2025-06-22,Solar Panel Kit,1,23033.23,Shipped,Lease
TES-O5528,TES-C1818,2024-07-18,Model 3,1,45866.57,Shipped,Cash
TES-O10162,TES-C2652,2024-07-09,Model X,1,93085.26,Shipped,Cash
TES-O6682,TES-C10235,2024-09-18,Powerwall,1,11349.52,Pending,Financing
TES-O13850,TES-C3287,2025-10-08,Solar Panel Kit,1,19235.05,Pending,Cash
TES-O8070,TES-C9999,2024-10-27,Powerwall,1,11613.95,Pending,Credit Card
TES-O10433,TES-C7608,2024-09-04,Model S,1,92883.24,Shipped,Cash
TES-O12156,TES-C6913,2023-03-07,Model S,1,81764.94,Shipped,Credit Card
TES-O7097,TES-C4867,2023-07-17,Merchandise,4,249.58,Delivered,Credit Card
TES-O12153,TES-C5609,2025-08-08,Model 3,1,42651.78,Unknown,Cash
TES-O8134,TES-C9332,2025-10-21,Model Y,1,46995.79,Delivered,Lease
TES-O8251,TES-C3215,2024-03-07,Powerwall,1,10023.13,Cancelled,Credit Card
TES-O10440,TES-C9999,2023-06-10,Model Y,1,49825.36,Shipped,Lease
TES-O11729,TES-C5643,2023-08-27,Powerwall,1,10246.66,Delivered,Financing
TES-O5967,TES-C5768,2024-04-02,Model 3,1,38149.95,Returned,Cash
TES-O9967,TES-C7865,2023-11-18,Model 3,1,45543.4,Cancelled,Lease
TES-O10060,TES-C10827,2024-12-21,Merchandise,4,235.12,Unknown,Financing
TES-O14397,TES-C10790,2024-07-01,Powerwall,1,9822.29,Delivered,Financing
TES-O10254,TES-C3822,2023-06-27,Model Y,1,42337.77,Shipped,Credit Card
TES-O7977,TES-C2910,2024-11-03,Supercharging Credits,1,173.88,Delivered,Credit Card
TES-O7910,TES-C6128,2024-03-16,Model Y,1,46113.37,Delivered,Cash
TES-O10504,TES-C7837,2023-02-19,Merchandise,3,67.38,Shipped,Financing
TES-O12810,TES-C6788,2024-04-03,Model 3,1,47586.97,Delivered,Cash
TES-O13638,TES-C4442,2025-07-31,Model S,1,80529.64,Delivered,Credit Card
TES-O7403,TES-C7199,2025-07-08,Merchandise,4,265.4,Returned,Credit Card
TES-O13339,TES-C4558,2025-06-04,Model S,1,82180.42,Shipped,Cash
TES-O6646,TES-C1262,2024-05-06,Supercharging Credits,3,46.52,Shipped,Credit Card
TES-O14248,TES-C9610,2025-01-22,Solar Panel Kit,1,20581.25,Returned,Credit Card
TES-O14712,TES-C5875,2024-07-10,Solar Panel Kit,1,17647.71,Delivered,Financing
TES-O7602,TES-C9999,2024-04-16,Model S,1,83066.59,Pending,Cash
TES-O13176,TES-C5931,2024-05-07,Model Y,1,51503.9,Delivered,Lease
TES-O12965,TES-C5632,2024-08-07,Powerwall,1,9354.18,Unknown,Financing
TES-O10813,TES-C4994,2023-11-09,Model Y,1,50714.96,Delivered,Credit Card
TES-O14544,TES-C1440,2025-04-22,Powerwall,1,9527.19,Delivered,Cash
TES-O8242,TES-C2520,2024-07-19,Model S,1,84366.95,Shipped,Financing
TES-O5427,TES-C5233,2023-09-04,Solar Panel Kit,1,15415.39,Delivered,Lease
TES-O7256,TES-C7895,2025-09-17,Model X,1,89872.5,Delivered,Lease
TES-O11926,TES-C5391,2024-10-08,Model X,1,91381.29,Delivered,Credit Card
TES-O14714,TES-C3551,2023-12-24,Model 3,1,45811.13,Delivered,Financing
TES-O8199,TES-C7907,2023-10-21,Powerwall,1,10910.84,Shipped,Cash
TES-O13841,TES-C3326,2025-08-24,Model X,1,97180.06,Shipped,Credit Card
TES-O12154,TES-C6108,2024-02-29,Merchandise,3,283.65,Delivered,Cash
TES-O5898,TES-C10084,2024-05-27,Supercharging Credits,2,147.12,Cancelled,Credit Card
TES-O13912,TES-C9081,2023-07-29,Solar Panel Kit,1,21907.39,Delivered,Lease
TES-O9151,TES-C4557,2024-04-17,Solar Panel Kit,1,19181.08,Pending,Financing
TES-O11740,TES-C9916,2024-11-22,Solar Panel Kit,1,23658.4,Returned,Financing
TES-O5663,TES-C9965,2024-06-29,Supercharging Credits,1,91.73,Cancelled,Credit Card
TES-O12977,TES-C9316,2023-08-25,Supercharging Credits,2,100.31,Delivered,Cash
TES-O10490,TES-C8341,2024-06-09,Model 3,1,38110.01,Delivered,Financing
TES-O8850,TES-C5675,2025-08-14,Supercharging Credits,1,137.86,Returned,Cash
TES-O6052,TES-C9909,2025-06-02,Merchandise,1,121.1,Returned,Cash
TES-O6064,TES-C4099,2025-01-26,Powerwall,1,9562.39,Delivered,Lease
TES-O9763,TES-C4864,2025-02-15,Model X,1,94149.31,Delivered,Credit Card
TES-O12592,TES-C10949,2024-09-20,Model S,1,92002.23,Delivered,Financing
TES-O14169,TES-C3706,2023-12-19,Model 3,1,41709.09,Shipped,Cash
TES-O8694,TES-C4400,2024-10-17,Model S,1,77404.91,Delivered,Financing
TES-O10267,TES-C9999,2025-05-10,Powerwall,1,10211.49,Delivered,Financing
TES-O13413,TES-C4247,2024-03-28,Model X,1,98433.65,Unknown,Credit Card
TES-O13509,TES-C4181,2025-04-21,Model S,1,92865.02,Delivered,Cash
TES-O7137,TES-C7515,2023-09-27,Merchandise,4,35.73,Delivered,Financing
TES-O7525,TES-C8592,2025-08-20,Merchandise,1,97.51,Cancelled,Cash
TES-O8964,TES-C5826,2025-01-23,Supercharging Credits,5,79.88,Delivered,Financing
TES-O11342,TES-C9374,2025-08-22,Solar Panel Kit,1,24062.98,Cancelled,Cash
TES-O13983,TES-C9696,2025-12-19,Powerwall,1,10589.13,Delivered,Cash
TES-O6846,TES-C5666,2024-10-24,Powerwall,1,10871.43,Delivered,Lease
TES-O8196,TES-C10544,2024-06-10,Powerwall,1,9777.93,Delivered,Lease
TES-O7867,TES-C3771,2023-09-27,Model X,1,90830.16,Shipped,Credit Card
TES-O5465,TES-C10631,2025-07-20,Supercharging Credits,5,115.28,Returned,Credit Card
TES-O8960,TES-C6270,2025-08-02,Solar Panel Kit,1,17008.62,Delivered,Lease
TES-O6115,TES-C2064,2023-01-23,Model S,1,85521.81,Pending,Financing
TES-O7405,TES-C7334,2024-04-05,Supercharging Credits,4,24.05,Delivered,Lease
TES-O9645,TES-C5854,2025-08-22,Model S,1,79495.73,Delivered,Financing
TES-O10319,TES-C5188,2024-05-07,Supercharging Credits,4,77.28,Shipped,Financing
TES-O10747,TES-C6423,2024-08-02,Model Y,1,51560.79,Delivered,Credit Card
TES-O13572,TES-C2781,2025-07-22,Merchandise,4,194.33,Returned,Credit Card
TES-O7307,TES-C3693,2023-01-21,Powerwall,1,11655.36,Shipped,Financing
TES-O11523,TES-C8538,2024-11-28,Powerwall,1,10837.95,Delivered,Credit Card
TES-O7667,TES-C9999,2025-06-04,Model Y,1,42227.63,Cancelled,Financing
TES-O9470,TES-C7013,2025-05-16,Model X,1,92040.57,Shipped,Lease
TES-O13854,TES-C8995,2025-11-23,Supercharging Credits,3,61.82,Delivered,Financing
TES-O8893,TES-C3657,2025-06-28,Model Y,1,53391.19,Delivered,Cash
TES-O12278,TES-C6235,2023-09-26,Model 3,1,41114.48,Cancelled,Financing
TES-O10492,TES-C4951,2024-03-05,Model Y,1,46989.47,Cancelled,Financing
TES-O9874,TES-C5970,2025-04-15,Model Y,1,45794.41,Shipped,Lease
TES-O11323,TES-C9999,2024-11-03,Model X,1,86994.36,Delivered,Lease
TES-O13608,TES-C6371,2025-09-11,Supercharging Credits,1,155.48,Delivered,Cash
TES-O11942,TES-C9817,2025-08-07,Powerwall,1,11370.66,Unknown,Financing
TES-O9338,TES-C10869,2025-11-14,Merchandise,4,137.83,Returned,Cash
TES-O7516,TES-C1842,2025-05-21,Solar Panel Kit,1,20391.39,Delivered,Credit Card
TES-O8396,TES-C6605,2023-06-01,Merchandise,1,185.31,Cancelled,Credit Card
TES-O11625,TES-C2987,2023-12-18,Merchandise,1,96.86,Pending,Cash
TES-O11958,TES-C3464,2023-02-26,Model S,1,75778.47,Shipped,Lease
TES-O10010,TES-C9999,2023-11-11,Powerwall,1,11919.53,Delivered,Credit Card
TES-O12846,TES-C6129,2023-09-16,Model Y,1,51613.31,Delivered,Financing
TES-O11719,TES-C1943,2025-05-06,Model S,1,89649.56,Delivered,Cash
TES-O12286,TES-C2883,2024-01-11,Merchandise,5,31.84,Cancelled,Credit Card
TES-O10491,TES-C4533,2023-12-15,Merchandise,5,180.49,Delivered,Financing
TES-O6367,TES-C8931,2025-06-08,Powerwall,1,11732.74,Delivered,Cash
TES-O10765,TES-C5700,2023-09-12,Merchandise,4,53.99,Delivered,Lease
TES-O9396,TES-C5894,2025-05-13,Supercharging Credits,5,79.78,Cancelled,Credit Card
TES-O7998,TES-C5157,2023-01-05,Model Y,1,54682.55,Delivered,Financing
TES-O12063,TES-C2178,2025-11-02,Model Y,1,48102.59,Returned,Financing
TES-O10382,TES-C7495,2024-11-21,Solar Panel Kit,1,22492.93,Delivered,Cash
TES-O9480,TES-C5393,2023-05-22,Powerwall,1,11988.55,Pending,Credit Card
TES-O10284,TES-C4160,2023-04-20,Powerwall,1,9102.13,Returned,Financing
TES-O8776,TES-C6244,2023-05-31,Solar Panel Kit,1,20825.21,Pending,Credit Card
TES-O6695,TES-C5606,2023-10-17,Model S,1,85524.03,Shipped,Lease
TES-O9047,TES-C4304,2025-04-18,Solar Panel Kit,1,20754.55,Cancelled,Cash
TES-O8370,TES-C8716,2025-04-30,Model 3,1,47647.73,Cancelled,Financing
TES-O5867,TES-C2133,2023-02-11,Supercharging Credits,2,79.07,Delivered,Cash
TES-O9577,TES-C9999,2025-03-12,Model Y,1,43469.27,Returned,Credit Card
TES-O11720,TES-C7187,2025-05-02,Supercharging Credits,1,172.88,Delivered,Credit Card
TES-O9157,TES-C1627,2025-05-08,Merchandise,5,296.26,Cancelled,Financing
TES-O9450,TES-C3814,2023-08-30,Model S,1,78087.29,Delivered,Lease
TES-O14065,TES-C6294,2025-03-23,Model X,1,92218.04,Returned,Lease
TES-O9250,TES-C9125,2023-01-10,Powerwall,1,9630.97,Unknown,Lease
TES-O12277,TES-C6839,2023-12-26,Model X,1,92924.24,Delivered,Lease
TES-O11398,TES-C2672,2024-02-21,Model S,1,76080.78,Delivered,Cash
TES-O14385,TES-C10521,2023-10-18,Model S,1,89264.07,Shipped,Cash
TES-O5416,TES-C7667,2025-10-22,Powerwall,1,10497.64,Delivered,Financing
TES-O8476,TES-C3897,2025-02-05,Powerwall,1,10080.37,Returned,Credit Card
TES-O5208,TES-C6031,2023-04-09,Model S,1,79318.15,Pending,Credit Card
TES-O9880,TES-C4735,2024-08-01,Model Y,1,45306.47,Delivered,Financing
TES-O9604,TES-C7702,2025-06-05,Model X,1,95581.25,Pending,Financing
TES-O6496,TES-C8083,2024-05-05,Supercharging Credits,5,170.72,Cancelled,Cash
TES-O5843,TES-C3949,2023-08-30,Model 3,1,47701.66,Delivered,Credit Card
TES-O6095,TES-C8514,2024-12-11,Powerwall,1,10218.19,Delivered,Cash
TES-O9384,TES-C9245,2024-11-18,Model 3,1,44683.04,Pending,Credit Card
TES-O6039,TES-C10037,2024-10-05,Model S,1,76726.87,Pending,Cash
TES-O12544,TES-C10240,2023-05-04,Model S,1,93328.47,Pending,Credit Card
TES-O7523,TES-C2730,2025-02-24,Merchandise,5,223.37,Delivered,Financing
TES-O11515,TES-C10126,2023-01-07,Solar Panel Kit,1,19288.0,Shipped,Financing
TES-O12473,TES-C1072,2023-05-04,Model Y,1,44868.65,Delivered,Credit Card
TES-O11121,TES-C10532,2025-08-18,Model 3,1,45576.84,Delivered,Financing
TES-O9965,TES-C4878,2025-10-23,Model 3,1,44193.8,Delivered,Financing
TES-O5688,TES-C8746,2025-07-19,Model 3,1,47871.47,Delivered,Financing
TES-O10571,TES-C8892,2025-07-03,Model S,1,90223.67,Returned,Financing
TES-O12697,TES-C8411,2023-02-11,Powerwall,1,10254.82,Delivered,Cash
TES-O13419,TES-C9999,2024-03-18,Supercharging Credits,3,69.97,Cancelled,Lease
TES-O5838,TES-C6875,2024-01-01,Model 3,1,47349.13,Cancelled,Financing
TES-O7399,TES-C10545,2025-01-02,Supercharging Credits,3,92.2,Delivered,Credit Card
TES-O10352,TES-C9999,2025-05-16,Model Y,1,53693.37,Shipped,Credit Card
TES-O11823,TES-C5314,2024-07-06,Powerwall,1,9948.02,Cancelled,Lease
TES-O7298,TES-C2825,2023-08-11,Powerwall,1,11712.09,Delivered,Lease
TES-O6277,TES-C8383,2023-02-23,Powerwall,1,11405.57,Pending,Cash
TES-O6401,TES-C6907,2023-11-13,Model X,1,91632.39,Pending,Credit Card
TES-O6182,TES-C5898,2024-09-28,Powerwall,1,10216.16,Delivered,Lease
TES-O12906,TES-C9999,2024-03-05,Model X,1,85432.3,Delivered,Financing
TES-O5499,TES-C1781,2025-01-20,Supercharging Credits,2,100.33,Cancelled,Cash
TES-O7382,TES-C6621,2023-11-08,Model X,1,83269.65,Delivered,Cash
TES-O11482,TES-C8380,2023-07-18,Merchandise,3,190.91,Shipped,Credit Card
TES-O13421,TES-C2161,2023-03-27,Supercharging Credits,2,74.9,Delivered,Lease
TES-O12753,TES-C3948,2023-05-25,Model 3,1,46760.67,Delivered,Lease
TES-O5733,TES-C9901,2023-02-27,Model S,1,85309.37,Delivered,Cash
TES-O6322,TES-C9742,2023-07-02,Model Y,1,50904.42,Shipped,Cash
TES-O10022,TES-C6282,2023-06-27,Merchandise,4,266.65,Pending,Financing
TES-O14923,TES-C1053,2025-12-25,Model Y,1,50602.37,Delivered,Credit Card
TES-O14192,TES-C1855,2023-02-04,Model S,1,87566.93,Returned,Credit Card
TES-O7235,TES-C9280,2025-07-22,Powerwall,1,11428.14,Delivered,Cash
TES-O8792,TES-C2151,2025-12-08,Model Y,1,45765.78,Delivered,Lease
TES-O8440,TES-C9243,2023-12-27,Model S,1,84442.41,Delivered,Lease
TES-O8317,TES-C2581,2025-04-28,Solar Panel Kit,1,24707.85,Cancelled,Financing
TES-O8729,TES-C2678,2024-06-20,Powerwall,1,10180.24,Shipped,Financing
TES-O13347,TES-C7955,2025-12-23,Merchandise,5,31.75,Returned,Financing
TES-O8687,TES-C2046,2023-12-20,Solar Panel Kit,1,18074.63,Delivered,Lease
TES-O7656,TES-C7631,2025-07-19,Model Y,1,53255.57,Delivered,Cash
TES-O6444,TES-C8531,2025-08-30,Merchandise,2,197.16,Delivered,Financing
TES-O7830,TES-C6112,2024-11-26,Solar Panel Kit,1,17536.35,Returned,Cash
TES-O10449,TES-C6204,2023-01-28,Merchandise,4,61.98,Pending,Financing
TES-O9801,TES-C4991,2023-12-14,Supercharging Credits,1,22.04,Cancelled,Financing
TES-O5389,TES-C9841,2024-04-21,Model X,1,95586.35,Shipped,Financing
TES-O13177,TES-C4707,2025-05-15,Model Y,1,45365.53,Pending,Lease
TES-O14587,TES-C2431,2024-03-31,Model S,1,81547.75,Delivered,Lease
TES-O13766,TES-C1388,2025-09-10,Solar Panel Kit,1,21103.01,Delivered,Lease
TES-O9029,TES-C7819,2025-01-17,Solar Panel Kit,1,19068.27,Cancelled,Cash
TES-O5132,TES-C6470,2024-04-01,Model Y,1,54884.29,Shipped,Cash
TES-O13488,TES-C4756,2023-05-21,Model 3,1,39129.34,Shipped,Financing
TES-O5976,TES-C5609,2023-09-26,Powerwall,1,10314.41,Delivered,Cash
TES-O5237,TES-C10055,2025-12-14,Solar Panel Kit,1,18298.06,Delivered,Financing
TES-O11013,TES-C1830,2025-03-21,Supercharging Credits,5,54.73,Cancelled,Lease
TES-O10785,TES-C4641,2025-02-25,Merchandise,1,58.64,Delivered,Lease
TES-O6415,TES-C2969,2023-12-07,Merchandise,5,60.06,Pending,Credit Card
TES-O14531,TES-C8092,2024-07-29,Supercharging Credits,4,147.02,Delivered,Financing
TES-O11154,TES-C5157,2025-07-15,Merchandise,1,245.43,Unknown,Financing
TES-O6584,TES-C3603,2023-05-06,Model Y,1,50454.49,Pending,Lease
TES-O7595,TES-C6704,2024-02-11,Model S,1,88058.92,Delivered,Credit Card
TES-O8575,TES-C2516,2025-01-27,Merchandise,5,197.17,Shipped,Lease
TES-O14284,TES-C1746,2023-01-17,Merchandise,5,297.37,Delivered,Lease
TES-O11634,TES-C3686,2024-06-09,Merchandise,1,293.17,Returned,Credit Card
TES-O7913,TES-C4072,2023-08-04,Model 3,1,43652.3,Pending,Lease
TES-O6009,TES-C8559,2024-05-24,Supercharging Credits,4,160.54,Delivered,Lease
TES-O10367,TES-C9716,2023-07-29,Supercharging Credits,1,96.77,Returned,Lease
TES-O14639,TES-C3473,2023-10-19,Model 3,1,46534.33,Cancelled,Financing
TES-O5385,TES-C8525,2024-04-09,Merchandise,2,297.53,Delivered,Lease
TES-O10385,TES-C3921,2024-06-17,Solar Panel Kit,1,18074.76,Delivered,Lease
TES-O11622,TES-C9094,2023-03-09,Merchandise,4,163.91,Delivered,Cash
TES-O10029,TES-C9607,2025-05-13,Model 3,1,42736.89,Delivered,Credit Card
TES-O8724,TES-C6047,2025-09-20,Model S,1,77711.78,Cancelled,Cash
TES-O13457,TES-C8424,2023-07-25,Model S,1,94569.56,Delivered,Cash
TES-O7361,TES-C4973,2025-02-07,Solar Panel Kit,1,23860.81,Cancelled,Financing
TES-O8924,TES-C10259,2025-10-19,Model Y,1,51752.15,Delivered,Cash
TES-O14937,TES-C10996,2024-01-14,Model S,1,92890.21,Pending,Lease
TES-O13620,TES-C1809,2023-04-03,Merchandise,3,45.92,Unknown,Credit Card
TES-O6162,TES-C8795,2024-05-17,Model X,1,96128.27,Delivered,Lease
TES-O14651,TES-C8848,2024-09-26,Merchandise,1,116.04,Cancelled,Financing
TES-O14266,TES-C1828,2023-10-23,Model 3,1,47109.7,Returned,Cash
TES-O11438,TES-C7697,2023-04-12,Model 3,1,44437.05,Pending,Lease
TES-O5721,TES-C7018,2025-05-09,Powerwall,1,10951.88,Delivered,Lease
TES-O8358,TES-C2146,2023-02-25,Supercharging Credits,2,93.62,Delivered,Credit Card
TES-O10212,TES-C6368,2023-11-22,Powerwall,1,9008.91,Delivered,Lease
TES-O14631,TES-C7027,2024-09-25,Model Y,1,51493.02,Shipped,Lease
TES-O7683,TES-C3938,2025-07-22,Supercharging Credits,5,103.9,Delivered,Credit Card
TES-O14492,TES-C6682,2024-06-20,Merchandise,3,50.78,Delivered,Lease
TES-O8262,TES-C3592,2024-01-03,Model 3,1,43830.94,Pending,Cash
TES-O9087,TES-C2021,2025-02-28,Supercharging Credits,3,160.6,Cancelled,Financing
TES-O8466,TES-C9260,2025-12-29,Model 3,1,46146.42,Returned,Cash
TES-O10299,TES-C1663,2023-03-27,Model S,1,82795.13,Shipped,Lease
TES-O8966,TES-C8362,2025-12-26,Model S,1,93890.1,Pending,Credit Card
TES-O12660,TES-C9703,2023-08-15,Model S,1,75573.61,Shipped,Financing
TES-O5131,TES-C3198,2023-04-03,Model Y,1,50470.63,Returned,Financing
TES-O13252,TES-C9999,2024-03-04,Model X,1,82745.76,Returned,Lease
TES-O12683,TES-C2320,2023-05-06,Powerwall,1,11009.41,Delivered,Credit Card
TES-O13148,TES-C2566,2023-07-08,Powerwall,1,11954.67,Delivered,Lease
TES-O5053,TES-C1291,2024-06-18,Model X,1,89457.44,Cancelled,Financing
TES-O8542,TES-C3938,2025-06-30,Model Y,1,53298.1,Shipped,Financing
TES-O6166,TES-C2237,2025-02-23,Solar Panel Kit,1,17315.29,Returned,Credit Card
TES-O10851,TES-C1697,2023-07-19,Supercharging Credits,2,49.99,Shipped,Credit Card
TES-O11044,TES-C1938,2023-07-30,Powerwall,1,11573.36,Delivered,Credit Card
TES-O6917,TES-C7955,2025-04-11,Model Y,1,49260.68,Delivered,Financing
TES-O8963,TES-C4196,2024-03-17,Model S,1,92368.08,Delivered,Cash
TES-O12970,TES-C1418,2024-07-26,Powerwall,1,11635.88,Delivered,Cash
TES-O8936,TES-C2679,2025-05-17,Model Y,1,42944.0,Delivered,Credit Card
TES-O9089,TES-C7753,2025-01-16,Merchandise,5,160.84,Delivered,Financing
TES-O14177,TES-C3086,2025-11-02,Merchandise,5,58.07,Shipped,Financing
TES-O14870,TES-C1150,2023-04-27,Solar Panel Kit,1,17957.16,Cancelled,Credit Card
TES-O11074,TES-C4352,2025-05-15,Model Y,1,49800.72,Delivered,Lease
TES-O14932,TES-C2462,2023-12-17,Model S,1,78988.78,Delivered,Lease
TES-O5473,TES-C2659,2023-03-10,Model S,1,79328.6,Delivered,Credit Card
TES-O6824,TES-C5266,2025-11-04,Model X,1,89416.54,Returned,Credit Card
TES-O5673,TES-C6502,2025-09-11,Merchandise,2,272.04,Shipped,Credit Card
TES-O6833,TES-C2770,2024-05-05,Merchandise,1,56.04,Delivered,Lease
TES-O5495,TES-C6494,2024-06-14,Supercharging Credits,5,152.73,Returned,Financing
TES-O13142,TES-C9700,2023-01-17,Model X,1,91879.39,Returned,Cash
TES-O10057,TES-C7889,2024-08-19,Powerwall,1,11709.5,Delivered,Lease
TES-O7278,TES-C6518,2024-04-23,Powerwall,1,10088.92,Shipped,Financing
TES-O12874,TES-C10017,2023-08-19,Model Y,1,48506.16,Delivered,Lease
TES-O9323,TES-C5512,2024-11-14,Model X,1,95402.01,Unknown,Cash
TES-O7089,TES-C10210,2025-07-28,Model S,1,84254.21,Pending,Credit Card
TES-O13335,TES-C9790,2024-12-27,Solar Panel Kit,1,17023.11,Returned,Lease
TES-O12966,TES-C2755,2025-07-24,Powerwall,1,11228.52,Pending,Credit Card
TES-O6898,TES-C6248,2025-12-17,Merchandise,1,296.91,Cancelled,Financing
TES-O12124,TES-C4446,2023-07-05,Powerwall,1,9654.7,Delivered,Lease
TES-O13166,TES-C1444,2024-12-15,Merchandise,4,69.98,Delivered,Financing
TES-O14460,TES-C8864,2023-06-16,Model X,1,93333.14,Delivered,Lease
TES-O14744,TES-C1948,2025-08-03,Supercharging Credits,5,196.12,Cancelled,Cash
TES-O14997,TES-C5405,2024-11-20,Model 3,1,45469.67,Delivered,Credit Card
TES-O14555,TES-C5851,2025-04-14,Model S,1,76520.87,Returned,Credit Card
TES-O14785,TES-C1126,2024-01-06,Supercharging Credits,1,156.32,Cancelled,Financing
TES-O5080,TES-C9959,2025-06-03,Model Y,1,48811.11,Shipped,Credit Card
TES-O10681,TES-C10033,2024-06-10,Model Y,1,44087.27,Delivered,Financing
TES-O6436,TES-C9930,2024-04-22,Model X,1,80250.61,Shipped,Credit Card
TES-O11224,TES-C7142,2023-04-24,Merchandise,3,79.74,Unknown,Cash
TES-O10906,TES-C9999,2025-03-20,Supercharging Credits,1,157.83,Shipped,Lease
TES-O5602,TES-C10610,2025-09-03,Solar Panel Kit,1,23392.56,Delivered,Credit Card
TES-O14414,TES-C9159,2023-10-18,Merchandise,1,254.35,Delivered,Lease
TES-O7057,TES-C10878,2024-10-31,Supercharging Credits,4,161.01,Delivered,Credit Card
TES-O9356,TES-C4117,2025-10-09,Model 3,1,45456.09,Delivered,Cash
TES-O7180,TES-C4514,2023-06-29,Supercharging Credits,3,130.78,Returned,Financing
TES-O5419,TES-C1965,2025-08-31,Merchandise,2,205.72,Delivered,Credit Card
TES-O10652,TES-C10609,2023-10-22,Supercharging Credits,5,160.25,Pending,Credit Card
TES-O6747,TES-C10836,2025-06-17,Supercharging Credits,4,53.49,Delivered,Lease
TES-O12271,TES-C1099,2023-06-27,Model S,1,94248.51,Returned,Financing
TES-O12322,TES-C5667,2025-01-17,Solar Panel Kit,1,16244.88,Delivered,Lease
TES-O5052,TES-C8762,2025-08-07,Merchandise,3,152.33,Delivered,Cash
TES-O9960,TES-C7591,2024-05-25,Supercharging Credits,1,157.35,Cancelled,Credit Card
TES-O11915,TES-C7822,2025-06-14,Merchandise,3,182.2,Delivered,Credit Card
TES-O14768,TES-C9999,2023-05-16,Model Y,1,49248.23,Delivered,Financing
TES-O11542,TES-C2582,2023-05-25,Merchandise,5,290.43,Shipped,Lease
TES-O12619,TES-C5266,2025-04-19,Model Y,1,46417.0,Returned,Financing
TES-O14827,TES-C4061,2024-04-10,Model Y,1,50160.86,Pending,Cash
TES-O10690,TES-C1916,2025-09-10,Merchandise,4,183.65,Cancelled,Cash
TES-O6659,TES-C8247,2023-05-03,Solar Panel Kit,1,23944.93,Delivered,Credit Card
TES-O6952,TES-C6630,2025-07-21,Supercharging Credits,2,162.05,Shipped,Cash
TES-O9168,TES-C6857,2025-08-13,Supercharging Credits,4,177.91,Delivered,Lease
TES-O8150,TES-C9242,2023-04-19,Model 3,1,44644.56,Cancelled,Lease
TES-O6628,TES-C1106,2024-11-12,Powerwall,1,11387.35,Pending,Lease
TES-O6380,TES-C5252,2025-11-09,Model Y,1,44996.97,Delivered,Credit Card
TES-O10928,TES-C3379,2023-05-16,Model Y,1,44288.77,Cancelled,Credit Card
TES-O13870,TES-C1170,2024-07-03,Model Y,1,46375.02,Delivered,Lease
TES-O11999,TES-C8182,2025-03-29,Solar Panel Kit,1,21383.98,Delivered,Financing
TES-O5616,TES-C9289,2023-05-11,Powerwall,1,9001.49,Delivered,Credit Card
TES-O9290,TES-C3174,2024-06-02,Powerwall,1,9399.49,Shipped,Credit Card
TES-O11754,TES-C1139,2023-07-18,Model X,1,97114.11,Delivered,Cash
TES-O9657,TES-C4755,2023-11-08,Model X,1,80126.8,Shipped,Credit Card
TES-O6181,TES-C3650,2023-07-22,Solar Panel Kit,1,17687.21,Pending,Financing
TES-O8603,TES-C2527,2023-01-01,Merchandise,3,73.02,Pending,Lease
TES-O14170,TES-C2800,2025-12-29,Supercharging Credits,4,195.82,Unknown,Lease
TES-O8025,TES-C3249,2024-12-22,Merchandise,4,159.67,Pending,Cash
TES-O9119,TES-C3772,2025-03-07,Model X,1,85521.29,Unknown,Credit Card
TES-O14216,TES-C4576,2024-06-22,Solar Panel Kit,1,20028.83,Delivered,Financing
TES-O12780,TES-C10931,2024-05-06,Model X,1,97240.65,Delivered,Cash
TES-O6394,TES-C5335,2023-08-15,Supercharging Credits,1,33.83,Delivered,Credit Card
TES-O13137,TES-C1620,2025-03-23,Supercharging Credits,3,99.88,Delivered,Cash
TES-O12801,TES-C5911,2023-06-12,Model S,1,87805.13,Cancelled,Credit Card
TES-O13026,TES-C1546,2025-09-04,Model 3,1,47229.17,Unknown,Financing
TES-O12574,TES-C10774,2023-03-21,Model 3,1,38221.35,Pending,Credit Card
TES-O7734,TES-C8129,2025-05-15,Model Y,1,47539.08,Pending,Credit Card
TES-O6104,TES-C1229,2024-05-28,Model Y,1,44311.22,Pending,Lease
TES-O12341,TES-C1827,2023-10-31,Model Y,1,52935.33,Shipped,Lease
TES-O7173,TES-C8511,2024-11-14,Merchandise,1,235.39,Pending,Cash
TES-O10486,TES-C9131,2023-08-04,Powerwall,1,11953.39,Delivered,Lease
TES-O7221,TES-C2833,2023-01-03,Model X,1,87720.21,Pending,Financing
TES-O13455,TES-C1776,2024-03-10,Model S,1,81180.01,Returned,Lease
TES-O8245,TES-C1236,2023-09-07,Solar Panel Kit,1,20225.82,Delivered,Financing
TES-O12786,TES-C2041,2024-03-16,Supercharging Credits,3,86.15,Delivered,Financing
TES-O10301,TES-C9935,2025-08-17,Supercharging Credits,5,180.0,Cancelled,Cash
TES-O9635,TES-C10610,2023-11-05,Powerwall,1,9065.58,Returned,Cash
TES-O11057,TES-C9999,2024-09-18,Merchandise,3,120.83,Pending,Financing
TES-O13476,TES-C3675,2023-02-20,Powerwall,1,9454.85,Pending,Credit Card
TES-O8424,TES-C8821,2024-04-07,Powerwall,1,11056.19,Delivered,Financing
TES-O14204,TES-C2875,2023-03-22,Solar Panel Kit,1,22576.29,Pending,Credit Card
TES-O12126,TES-C6965,2024-08-09,Supercharging Credits,1,113.7,Delivered,Lease
TES-O6882,TES-C1416,2025-07-22,Supercharging Credits,4,69.74,Returned,Cash
TES-O6744,TES-C6879,2025-12-11,Solar Panel Kit,1,16852.82,Unknown,Lease
TES-O14567,TES-C10040,2025-08-06,Supercharging Credits,2,52.1,Delivered,Financing
TES-O9387,TES-C9646,2024-08-05,Powerwall,1,9029.28,Delivered,Cash
TES-O6911,TES-C5950,2025-10-04,Model X,1,86725.31,Shipped,Financing
TES-O6779,TES-C8169,2025-11-04,Model X,1,95671.92,Pending,Financing
TES-O10362,TES-C3927,2023-05-03,Model Y,1,44539.56,Delivered,Financing
TES-O13294,TES-C7611,2023-11-12,Solar Panel Kit,1,15603.04,Delivered,Financing
TES-O12103,TES-C7885,2025-03-12,Powerwall,1,9371.45,Cancelled,Financing
TES-O11844,TES-C6118,2025-01-08,Supercharging Credits,5,90.15,Shipped,Cash
TES-O9679,TES-C8969,2023-06-07,Model 3,1,42064.63,Delivered,Financing
TES-O7117,TES-C2320,2023-10-19,Model X,1,95350.33,Delivered,Lease
TES-O13266,TES-C10684,2024-05-13,Supercharging Credits,3,69.39,Pending,Financing
TES-O10177,TES-C9621,2024-04-11,Merchandise,5,93.46,Delivered,Cash
TES-O13202,TES-C9517,2023-10-21,Solar Panel Kit,1,15949.18,Returned,Lease
TES-O12799,TES-C5361,2024-02-03,Solar Panel Kit,1,15064.52,Delivered,Cash
TES-O7782,TES-C8136,2025-04-28,Merchandise,3,127.37,Pending,Financing
TES-O8933,TES-C10179,2023-07-03,Supercharging Credits,5,128.85,Returned,Lease
TES-O13740,TES-C4458,2024-11-23,Model X,1,93321.36,Cancelled,Lease
TES-O10755,TES-C2502,2023-08-04,Solar Panel Kit,1,20977.77,Returned,Financing
TES-O12312,TES-C5993,2025-03-06,Model S,1,90428.39,Pending,Credit Card
TES-O10636,TES-C9617,2025-01-22,Supercharging Credits,5,88.85,Delivered,Cash
TES-O12301,TES-C3713,2024-03-24,Model 3,1,42231.97,Delivered,Cash
TES-O11393,TES-C2316,2025-12-28,Model S,1,88263.17,Returned,Credit Card
TES-O8636,TES-C5821,2025-07-09,Solar Panel Kit,1,21081.72,Pending,Cash
TES-O10798,TES-C3144,2024-12-06,Supercharging Credits,1,102.55,Returned,Credit Card
TES-O7997,TES-C9915,2024-11-26,Model S,1,83125.47,Delivered,Cash
TES-O10245,TES-C8299,2024-03-29,Merchandise,3,153.03,Cancelled,Cash
TES-O6377,TES-C8036,2024-03-12,Model S,1,90188.1,Returned,Financing
TES-O12981,TES-C1667,2025-11-26,Model 3,1,40692.23,Cancelled,Lease
TES-O14166,TES-C6627,2024-11-25,Model Y,1,42162.82,Delivered,Lease
TES-O14771,TES-C10572,2024-09-29,Model 3,1,47824.29,Cancelled,Credit Card
TES-O9074,TES-C5147,2024-12-06,Model S,1,94978.74,Pending,Credit Card
TES-O11911,TES-C2895,2025-02-25,Model X,1,84523.86,Cancelled,Lease
TES-O5054,TES-C2838,2024-06-03,Model X,1,88825.36,Delivered,Credit Card
TES-O13585,TES-C1961,2025-11-02,Model Y,1,51923.22,Delivered,Lease
TES-O14032,TES-C4156,2023-01-14,Solar Panel Kit,1,22578.52,Pending,Credit Card
TES-O14825,TES-C10158,2024-02-27,Model X,1,87845.07,Pending,Lease
TES-O6490,TES-C8880,2023-10-07,Supercharging Credits,1,169.0,Returned,Lease
TES-O8894,TES-C9280,2025-05-24,Model Y,1,44111.37,Cancelled,Lease
TES-O12820,TES-C8227,2023-07-27,Solar Panel Kit,1,23384.38,Delivered,Credit Card
TES-O13913,TES-C3866,2023-08-13,Merchandise,4,130.65,Cancelled,Credit Card
TES-O9652,TES-C8731,2024-11-11,Supercharging Credits,2,20.07,Shipped,Lease
TES-O9693,TES-C10602,2023-07-30,Model X,1,85471.03,Pending,Cash
TES-O9397,TES-C8844,2024-02-24,Model 3,1,41516.85,Pending,Lease
TES-O13541,TES-C9902,2024-09-16,Solar Panel Kit,1,15149.11,Cancelled,Cash
TES-O10454,TES-C9680,2024-02-26,Model Y,1,44259.04,Unknown,Credit Card
TES-O9021,TES-C1284,2023-09-01,Model S,1,76163.85,Delivered,Financing
TES-O11454,TES-C9281,2025-11-10,Solar Panel Kit,1,19127.04,Delivered,Lease
TES-O5629,TES-C8886,2025-09-30,Model Y,1,54924.38,Pending,Cash
TES-O14230,TES-C7263,2025-07-24,Model 3,1,44060.39,Cancelled,Cash
TES-O5835,TES-C2338,2025-05-19,Model Y,1,45942.47,Shipped,Cash
TES-O13429,TES-C4929,2023-03-17,Model 3,1,38787.86,Cancelled,Cash
TES-O7688,TES-C8890,2025-11-01,Model Y,1,52983.07,Cancelled,Credit Card
TES-O6774,TES-C8339,2024-09-08,Model S,1,89174.7,Shipped,Cash
TES-O8406,TES-C5347,2024-08-26,Powerwall,1,10379.74,Delivered,Lease
TES-O6871,TES-C5696,2024-01-09,Model Y,1,53007.24,Delivered,Credit Card
TES-O13822,TES-C5031,2024-04-10,Model S,1,82438.13,Cancelled,Credit Card
TES-O5769,TES-C8472,2025-09-09,Model S,1,80175.83,Cancelled,Cash
TES-O11680,TES-C10734,2023-06-29,Model S,1,78009.66,Unknown,Lease
TES-O5430,TES-C10561,2024-05-13,Model Y,1,48445.2,Cancelled,Financing
TES-O11490,TES-C1897,2024-10-02,Model X,1,94230.37,Delivered,Financing
TES-O14597,TES-C5922,2024-09-12,Model 3,1,40099.68,Cancelled,Financing
TES-O14332,TES-C9934,2023-04-15,Model 3,1,38542.62,Unknown,Lease
TES-O6876,TES-C1013,2025-09-15,Supercharging Credits,3,40.12,Delivered,Financing
TES-O6644,TES-C9999,2025-12-20,Solar Panel Kit,1,24064.42,Pending,Credit Card
TES-O10782,TES-C7978,2024-05-18,Supercharging Credits,4,151.62,Cancelled,Financing
TES-O8015,TES-C5899,2023-01-08,Powerwall,1,11847.1,Delivered,Financing
TES-O8269,TES-C7145,2025-06-17,Model X,1,92853.57,Cancelled,Lease
TES-O12848,TES-C2253,2024-12-21,Solar Panel Kit,1,22009.54,Delivered,Financing
TES-O7882,TES-C10994,2023-11-01,Model 3,1,40344.9,Cancelled,Cash
TES-O10689,TES-C9999,2023-09-16,Model X,1,98213.02,Delivered,Financing
TES-O5806,TES-C3113,2024-06-15,Merchandise,2,249.53,Shipped,Lease
TES-O14278,TES-C9375,2023-06-05,Powerwall,1,11070.71,Pending,Lease
TES-O13715,TES-C2732,2025-06-01,Powerwall,1,9092.47,Returned,Credit Card
TES-O12993,TES-C10843,2025-05-12,Supercharging Credits,2,167.99,Delivered,Cash
TES-O7778,TES-C5257,2024-04-07,Powerwall,1,10582.64,Shipped,Credit Card
TES-O10957,TES-C2012,2024-09-29,Powerwall,1,10049.34,Cancelled,Financing
TES-O6924,TES-C2778,2023-06-28,Model X,1,97998.51,Delivered,Financing
TES-O11463,TES-C3219,2024-07-13,Powerwall,1,10151.29,Shipped,Credit Card
TES-O13196,TES-C9967,2025-08-01,Model S,1,87026.77,Delivered,Cash
TES-O14457,TES-C5827,2024-02-14,Model 3,1,42977.37,Delivered,Lease
TES-O13939,TES-C1747,2024-01-31,Merchandise,2,245.41,Pending,Credit Card
TES-O11973,TES-C10800,2023-12-21,Powerwall,1,10094.6,Returned,Lease
TES-O14301,TES-C9937,2023-11-01,Solar Panel Kit,1,20372.57,Returned,Credit Card
TES-O10701,TES-C5992,2025-06-18,Model S,1,91721.05,Cancelled,Lease
TES-O12112,TES-C6960,2024-12-21,Solar Panel Kit,1,18249.37,Delivered,Lease
TES-O7574,TES-C9709,2024-09-24,Model 3,1,38226.87,Shipped,Financing
TES-O6547,TES-C7980,2024-03-20,Supercharging Credits,5,154.44,Delivered,Credit Card
TES-O13697,TES-C8381,2024-03-19,Model S,1,81796.46,Delivered,Financing
TES-O11030,TES-C8475,2024-07-05,Powerwall,1,11848.02,Delivered,Financing
TES-O6904,TES-C5195,2024-10-05,Solar Panel Kit,1,18703.01,Delivered,Financing
TES-O8764,TES-C5043,2023-05-26,Merchandise,4,26.36,Delivered,Cash
TES-O9479,TES-C4547,2025-08-14,Model X,1,86191.15,Returned,Cash
TES-O9529,TES-C3465,2024-09-16,Merchandise,5,211.67,Pending,Cash
TES-O8411,TES-C3031,2024-10-09,Model Y,1,44878.1,Unknown,Cash
TES-O5565,TES-C7199,2025-12-14,Model S,1,94580.34,Pending,Lease
TES-O8446,TES-C9999,2025-02-06,Model 3,1,47004.41,Returned,Credit Card
TES-O14036,TES-C3678,2023-04-03,Merchandise,5,42.48,Cancelled,Financing
TES-O12427,TES-C6817,2025-06-09,Supercharging Credits,4,78.66,Pending,Credit Card
TES-O8746,TES-C10164,2024-12-08,Model S,1,79315.11,Delivered,Credit Card
TES-O10119,TES-C9302,2023-08-20,Model X,1,84114.39,Delivered,Cash
TES-O12763,TES-C4573,2025-09-28,Model S,1,88820.56,Cancelled,Cash
TES-O12583,TES-C5721,2024-10-13,Model X,1,82922.15,Pending,Cash
TES-O5969,TES-C9575,2025-07-10,Solar Panel Kit,1,21788.68,Unknown,Financing
TES-O11227,TES-C10419,2025-05-23,Model S,1,91378.61,Delivered,Financing
TES-O6154,TES-C6348,2023-01-24,Merchandise,1,130.01,Returned,Credit Card
TES-O6177,TES-C5737,2024-07-17,Merchandise,2,251.3,Delivered,Financing
TES-O5238,TES-C4237,2024-11-28,Model Y,1,50372.88,Pending,Cash
TES-O12539,TES-C5827,2023-08-26,Solar Panel Kit,1,17504.08,Returned,Lease
TES-O11341,TES-C9139,2025-03-25,Supercharging Credits,5,45.1,Delivered,Lease
TES-O6151,TES-C1573,2023-02-28,Merchandise,3,278.47,Delivered,Financing
TES-O8045,TES-C5728,2024-07-19,Powerwall,1,10506.79,Shipped,Cash
TES-O9879,TES-C6695,2024-11-29,Model 3,1,38604.86,Cancelled,Lease
TES-O14973,TES-C10710,2024-10-25,Model Y,1,47945.81,Delivered,Credit Card
TES-O10610,TES-C4742,2023-08-23,Model X,1,97622.27,Returned,Lease
TES-O12826,TES-C9251,2023-03-26,Solar Panel Kit,1,17501.75,Delivered,Lease
TES-O10823,TES-C8844,2025-01-09,Powerwall,1,11778.85,Delivered,Lease
TES-O13779,TES-C9191,2025-04-30,Powerwall,1,11204.68,Pending,Credit Card
TES-O13484,TES-C3215,2025-07-12,Model X,1,96352.9,Delivered,Credit Card
TES-O6759,TES-C7631,2023-03-11,Supercharging Credits,3,153.79,Unknown,Credit Card
TES-O13714,TES-C10986,2024-08-13,Model 3,1,42260.41,Delivered,Credit Card
TES-O13036,TES-C9741,2025-04-19,Model Y,1,42546.82,Cancelled,Lease
TES-O14603,TES-C5442,2023-05-28,Model S,1,93377.89,Returned,Cash
TES-O14009,TES-C3512,2025-11-15,Powerwall,1,11158.65,Shipped,Credit Card
TES-O7104,TES-C8374,2025-10-21,Merchandise,4,83.73,Delivered,Cash
TES-O10890,TES-C7488,2025-02-07,Supercharging Credits,1,18.2,Shipped,Financing
TES-O8988,TES-C7570,2025-12-15,Model 3,1,41619.64,Cancelled,Cash
TES-O11832,TES-C8805,2024-02-19,Merchandise,4,95.15,Delivered,Credit Card
TES-O10224,TES-C9336,2023-09-25,Solar Panel Kit,1,23640.06,Delivered,Financing
TES-O12304,TES-C10924,2023-09-20,Merchandise,5,39.95,Delivered,Lease
TES-O5958,TES-C6818,2023-03-28,Model S,1,87786.51,Delivered,Financing
TES-O11709,TES-C4579,2023-09-17,Model S,1,86386.9,Shipped,Credit Card
TES-O7732,TES-C9625,2024-12-14,Powerwall,1,11209.18,Delivered,Cash
TES-O13298,TES-C4335,2023-05-09,Model X,1,89915.94,Shipped,Credit Card
TES-O6556,TES-C2680,2023-01-27,Solar Panel Kit,1,18277.03,Returned,Cash
TES-O8028,TES-C4199,2023-07-13,Supercharging Credits,5,84.8,Delivered,Financing
TES-O10570,TES-C2875,2023-08-16,Model X,1,87192.33,Pending,Credit Card
TES-O14241,TES-C1800,2023-08-10,Merchandise,3,293.91,Cancelled,Financing
TES-O14120,TES-C8260,2025-03-19,Supercharging Credits,1,167.99,Cancelled,Credit Card
TES-O12579,TES-C9535,2024-11-03,Merchandise,5,143.96,Delivered,Lease
TES-O14992,TES-C6882,2024-05-24,Solar Panel Kit,1,16291.86,Returned,Lease
TES-O14253,TES-C8208,2024-03-30,Model 3,1,46094.4,Unknown,Cash
TES-O10012,TES-C10422,2023-04-25,Supercharging Credits,1,129.03,Shipped,Lease
TES-O12017,TES-C2038,2025-05-29,Model Y,1,43749.9,Delivered,Cash
TES-O7187,TES-C10401,2024-09-18,Supercharging Credits,1,46.33,Returned,Lease
TES-O12819,TES-C10217,2023-01-26,Merchandise,1,49.24,Delivered,Lease
TES-O10519,TES-C10722,2024-12-03,Supercharging Credits,1,196.03,Returned,Credit Card
TES-O11738,TES-C7226,2025-06-06,Solar Panel Kit,1,18109.34,Delivered,Cash
TES-O12412,TES-C4432,2025-12-24,Model Y,1,51819.18,Delivered,Credit Card
TES-O14762,TES-C7435,2025-09-12,Model 3,1,40072.66,Delivered,Cash
TES-O11963,TES-C7949,2023-01-16,Solar Panel Kit,1,18939.05,Cancelled,Credit Card
TES-O12522,TES-C3987,2025-09-20,Model S,1,92516.42,Delivered,Financing
TES-O13469,TES-C1668,2025-09-17,Powerwall,1,9575.42,Delivered,Financing
TES-O13359,TES-C10427,2024-10-14,Powerwall,1,10094.12,Pending,Lease
TES-O7269,TES-C3194,2023-09-12,Model Y,1,42472.89,Delivered,Lease
TES-O5780,TES-C3260,2024-02-07,Solar Panel Kit,1,20357.71,Returned,Financing
TES-O5115,TES-C1852,2023-06-16,Supercharging Credits,2,43.39,Delivered,Cash
TES-O11117,TES-C3577,2025-10-13,Model Y,1,50756.01,Pending,Lease
TES-O12189,TES-C5278,2023-07-06,Model S,1,88327.68,Cancelled,Credit Card
TES-O13271,TES-C2879,2025-04-24,Supercharging Credits,1,134.47,Unknown,Cash
TES-O9851,TES-C10950,2025-11-25,Model Y,1,48095.12,Returned,Financing
TES-O12674,TES-C1609,2023-11-11,Model X,1,95634.09,Delivered,Cash
TES-O10771,TES-C5508,2023-12-18,Model S,1,82105.58,Delivered,Cash
TES-O13404,TES-C5975,2024-05-17,Solar Panel Kit,1,22076.88,Cancelled,Lease
TES-O6293,TES-C9999,2024-02-02,Powerwall,1,9873.48,Delivered,Cash
TES-O8520,TES-C9999,2025-03-25,Solar Panel Kit,1,20381.11,Delivered,Credit Card
TES-O8180,TES-C10078,2024-12-05,Model 3,1,40172.93,Shipped,Financing
TES-O7858,TES-C9912,2025-09-19,Model Y,1,53452.59,Shipped,Credit Card
TES-O7442,TES-C7247,2024-02-12,Model X,1,99310.39,Delivered,Credit Card
TES-O12703,TES-C8354,2024-02-17,Model Y,1,42698.47,Shipped,Cash
TES-O7489,TES-C8296,2023-01-21,Model S,1,87103.66,Cancelled,Lease
TES-O13601,TES-C5046,2024-11-03,Solar Panel Kit,1,21787.91,Delivered,Credit Card
TES-O6530,TES-C3575,2024-04-22,Powerwall,1,9338.56,Shipped,Lease
TES-O13902,TES-C7818,2025-06-07,Model Y,1,48722.08,Cancelled,Credit Card
TES-O11145,TES-C1144,2023-03-05,Model X,1,89025.98,Pending,Lease
TES-O11297,TES-C10236,2024-11-03,Model 3,1,42286.23,Delivered,Financing
TES-O11385,TES-C4223,2025-04-09,Model 3,1,46577.49,Cancelled,Financing
TES-O8990,TES-C6904,2023-11-09,Model S,1,79974.04,Pending,Financing
TES-O8012,TES-C6913,2025-04-03,Merchandise,1,298.04,Delivered,Lease
TES-O5258,TES-C8197,2024-01-25,Model S,1,83428.49,Returned,Financing
TES-O14999,TES-C10747,2023-04-30,Model X,1,86376.73,Returned,Financing
TES-O8791,TES-C4962,2023-12-12,Supercharging Credits,2,99.54,Cancelled,Cash
TES-O9713,TES-C6766,2025-12-19,Solar Panel Kit,1,18856.76,Shipped,Financing
TES-O11406,TES-C6622,2024-12-28,Model X,1,89817.77,Pending,Financing
TES-O13412,TES-C2457,2025-09-29,Model S,1,79298.41,Delivered,Financing
TES-O9641,TES-C1579,2024-01-22,Supercharging Credits,5,96.68,Shipped,Credit Card
TES-O8646,TES-C10225,2025-03-03,Merchandise,4,35.37,Delivered,Cash
TES-O12751,TES-C7562,2024-05-17,Merchandise,2,99.36,Delivered,Financing
TES-O14908,TES-C10397,2023-03-09,Supercharging Credits,1,79.65,Delivered,Cash
TES-O13679,TES-C3276,2023-02-18,Merchandise,5,204.16,Delivered,Credit Card
TES-O12289,TES-C5270,2025-03-16,Model X,1,94895.08,Delivered,Cash
TES-O6884,TES-C8468,2024-01-25,Merchandise,1,159.98,Pending,Lease
TES-O8989,TES-C2962,2024-04-01,Supercharging Credits,3,169.11,Pending,Cash
TES-O11483,TES-C4191,2024-02-08,Model 3,1,38739.7,Delivered,Lease
TES-O8227,TES-C9103,2023-10-04,Model 3,1,42972.19,Delivered,Lease
TES-O6285,TES-C4045,2024-11-24,Model S,1,76352.75,Returned,Cash
TES-O12123,TES-C4412,2023-01-09,Model Y,1,53070.93,Pending,Cash
TES-O6299,TES-C8854,2024-09-16,Solar Panel Kit,1,16858.83,Unknown,Cash
TES-O12995,TES-C2032,2023-01-15,Model 3,1,45570.99,Pending,Lease
TES-O13299,TES-C8297,2023-09-08,Model S,1,94915.68,Cancelled,Credit Card
TES-O11181,TES-C10875,2024-10-14,Powerwall,1,11008.84,Cancelled,Financing
TES-O11459,TES-C3086,2025-03-19,Model Y,1,47356.34,Cancelled,Financing
TES-O14886,TES-C10386,2023-11-20,Solar Panel Kit,1,16350.94,Pending,Financing
TES-O13505,TES-C6914,2023-07-29,Powerwall,1,10934.49,Pending,Cash
TES-O14711,TES-C10225,2024-08-25,Model X,1,94121.73,Returned,Financing
TES-O8654,TES-C6878,2024-12-31,Model X,1,84214.55,Delivered,Financing
TES-O10985,TES-C10435,2024-05-21,Supercharging Credits,3,152.41,Returned,Lease
TES-O6307,TES-C10500,2025-05-01,Model 3,1,46881.82,Shipped,Cash
TES-O14041,TES-C4953,2023-06-26,Model 3,1,41130.41,Delivered,Lease
TES-O8364,TES-C1898,2024-05-25,Solar Panel Kit,1,16435.55,Delivered,Financing
TES-O9822,TES-C1753,2024-12-26,Model X,1,99181.62,Shipped,Lease
TES-O5613,TES-C3928,2025-08-03,Powerwall,1,11447.38,Delivered,Credit Card
TES-O13355,TES-C7970,2023-04-26,Solar Panel Kit,1,21811.76,Cancelled,Cash
TES-O8684,TES-C7250,2025-11-21,Model Y,1,51937.69,Cancelled,Credit Card
TES-O14747,TES-C9766,2025-05-03,Model S,1,94657.43,Pending,Credit Card
TES-O8192,TES-C5797,2024-07-01,Model Y,1,43917.65,Pending,Cash
TES-O5124,TES-C9999,2024-10-26,Solar Panel Kit,1,15351.7,Delivered,Cash
TES-O13805,TES-C3236,2025-11-26,Supercharging Credits,1,87.31,Delivered,Cash
TES-O8652,TES-C4585,2025-11-28,Solar Panel Kit,1,23948.03,Delivered,Financing
TES-O11632,TES-C1797,2024-06-11,Solar Panel Kit,1,21070.95,Delivered,Cash
TES-O8536,TES-C4732,2023-02-11,Model Y,1,43725.65,Shipped,Financing
TES-O5883,TES-C9697,2024-09-30,Supercharging Credits,5,125.98,Unknown,Financing
TES-O6853,TES-C1930,2024-05-12,Solar Panel Kit,1,18403.85,Returned,Credit Card
TES-O13006,TES-C10482,2023-03-19,Powerwall,1,9559.15,Delivered,Credit Card
TES-O10133,TES-C3010,2023-02-11,Supercharging Credits,4,54.57,Returned,Financing
TES-O11678,TES-C5730,2023-07-17,Powerwall,1,10216.45,Returned,Lease
TES-O9715,TES-C8175,2023-04-02,Model Y,1,51825.88,Delivered,Credit Card
TES-O10461,TES-C10228,2023-07-05,Model X,1,95759.17,Cancelled,Lease
TES-O5524,TES-C5332,2024-12-18,Supercharging Credits,1,10.63,Pending,Credit Card
TES-O7463,TES-C4577,2025-06-30,Model S,1,77978.14,Delivered,Financing
TES-O11007,TES-C6677,2025-11-28,Model X,1,88668.96,Delivered,Cash
TES-O10726,TES-C2379,2025-03-22,Model S,1,85265.87,Delivered,Financing
TES-O10493,TES-C7687,2023-08-13,Powerwall,1,9739.36,Shipped,Cash
TES-O13946,TES-C10389,2023-05-19,Model X,1,80496.45,Shipped,Lease
TES-O5728,TES-C8227,2023-03-04,Model X,1,87972.05,Pending,Credit Card
TES-O7008,TES-C2147,2024-04-20,Model 3,1,43863.7,Delivered,Credit Card
TES-O9075,TES-C4848,2023-03-11,Powerwall,1,11803.09,Shipped,Credit Card
TES-O13072,TES-C8239,2025-12-10,Model S,1,84186.48,Unknown,Lease
TES-O11067,TES-C3936,2025-12-31,Powerwall,1,10597.5,Delivered,Lease
TES-O10458,TES-C2604,2024-06-17,Model 3,1,39898.81,Delivered,Lease
TES-O10398,TES-C5245,2023-04-21,Powerwall,1,11579.91,Cancelled,Credit Card
TES-O10072,TES-C7264,2024-09-22,Model Y,1,51542.84,Pending,Credit Card
TES-O9586,TES-C2530,2025-08-17,Model X,1,81587.28,Pending,Financing
TES-O7299,TES-C7957,2024-02-15,Model 3,1,40070.58,Cancelled,Financing
TES-O12908,TES-C1254,2024-01-12,Model X,1,94001.92,Returned,Lease
TES-O5423,TES-C4559,2024-05-15,Model S,1,79104.57,Delivered,Cash
TES-O6604,TES-C6090,2023-07-07,Model Y,1,46235.16,Delivered,Lease
TES-O14016,TES-C6084,2023-12-03,Merchandise,3,152.55,Cancelled,Lease
TES-O7462,TES-C3908,2024-02-22,Supercharging Credits,1,49.41,Cancelled,Credit Card
TES-O7059,TES-C7166,2024-05-14,Powerwall,1,9959.46,Pending,Cash
TES-O12643,TES-C9569,2025-07-22,Powerwall,1,10703.44,Returned,Lease
TES-O11910,TES-C7720,2023-03-30,Solar Panel Kit,1,17386.49,Delivered,Financing
TES-O10870,TES-C10472,2024-11-15,Model X,1,92509.15,Shipped,Financing
TES-O9188,TES-C8953,2024-04-28,Model S,1,88616.26,Delivered,Cash
TES-O6428,TES-C4829,2025-12-08,Merchandise,5,110.06,Shipped,Credit Card
TES-O8602,TES-C4735,2023-12-31,Model 3,1,42783.11,Cancelled,Lease
TES-O7454,TES-C6547,2023-10-31,Powerwall,1,11500.13,Delivered,Lease
TES-O10517,TES-C7758,2024-07-14,Model Y,1,42600.5,Cancelled,Financing
TES-O5294,TES-C8176,2023-06-11,Model S,1,84579.72,Returned,Cash
TES-O5823,TES-C9999,2023-06-05,Solar Panel Kit,1,23748.13,Delivered,Cash
TES-O14817,TES-C2891,2024-12-11,Solar Panel Kit,1,17980.01,Cancelled,Cash
TES-O8725,TES-C5269,2024-08-19,Merchandise,1,214.02,Cancelled,Financing
TES-O14621,TES-C3180,2024-01-16,Model 3,1,47637.72,Delivered,Lease
TES-O8871,TES-C2452,2024-03-27,Model X,1,95175.66,Delivered,Credit Card
TES-O5662,TES-C9577,2024-11-05,Model Y,1,45626.62,Delivered,Credit Card
TES-O10473,TES-C5356,2025-09-26,Supercharging Credits,1,55.86,Cancelled,Lease
TES-O8958,TES-C9999,2023-06-19,Supercharging Credits,5,104.07,Cancelled,Cash
TES-O11235,TES-C6399,2024-09-26,Model X,1,85244.0,Shipped,Cash
TES-O14187,TES-C1571,2024-04-23,Solar Panel Kit,1,18067.82,Pending,Lease
TES-O14833,TES-C9684,2024-06-30,Model 3,1,44452.9,Returned,Lease
TES-O5076,TES-C7850,2025-03-10,Powerwall,1,11691.72,Delivered,Cash
TES-O9539,TES-C1911,2024-01-03,Powerwall,1,10859.2,Shipped,Cash
TES-O9825,TES-C9148,2023-11-13,Model 3,1,44590.39,Pending,Financing
TES-O11054,TES-C6265,2025-02-26,Solar Panel Kit,1,21523.22,Cancelled,Credit Card
TES-O5993,TES-C2619,2024-03-09,Model S,1,93697.17,Pending,Credit Card
TES-O7231,TES-C7836,2024-02-08,Model Y,1,47852.95,Returned,Financing
TES-O12462,TES-C8799,2023-10-22,Model X,1,85421.4,Pending,Financing
TES-O14488,TES-C10728,2023-10-30,Model 3,1,42241.47,Unknown,Lease
TES-O6163,TES-C2034,2025-10-27,Solar Panel Kit,1,23745.36,Delivered,Credit Card
TES-O8202,TES-C1116,2025-12-22,Solar Panel Kit,1,16770.88,Delivered,Lease
TES-O5251,TES-C6686,2025-07-06,Model S,1,91332.05,Returned,Credit Card
TES-O10161,TES-C7472,2024-11-01,Model 3,1,42683.61,Shipped,Lease
TES-O13247,TES-C7717,2025-11-13,Merchandise,3,225.11,Delivered,Financing
TES-O7302,TES-C1117,2024-12-01,Solar Panel Kit,1,20980.3,Returned,Cash
TES-O7310,TES-C5811,2023-12-07,Powerwall,1,9491.05,Pending,Lease
TES-O9793,TES-C6361,2023-10-29,Supercharging Credits,5,150.83,Shipped,Credit Card
TES-O8922,TES-C8999,2023-09-28,Powerwall,1,10434.76,Delivered,Financing
TES-O10775,TES-C2122,2025-02-20,Model S,1,89557.71,Delivered,Lease
TES-O5904,TES-C2616,2025-06-27,Powerwall,1,9023.97,Delivered,Financing
TES-O8737,TES-C8499,2024-12-20,Model S,1,90997.94,Shipped,Cash
TES-O8137,TES-C1716,2024-02-25,Model X,1,84704.77,Pending,Cash
TES-O13831,TES-C2737,2024-03-27,Supercharging Credits,4,147.71,Returned,Financing
TES-O8117,TES-C6220,2023-01-18,Model S,1,77955.93,Cancelled,Cash
TES-O5487,TES-C6854,2023-05-05,Supercharging Credits,1,45.25,Returned,Cash
TES-O8191,TES-C5965,2023-08-22,Model S,1,92650.49,Cancelled,Financing
TES-O7496,TES-C3835,2024-02-12,Solar Panel Kit,1,24461.1,Delivered,Lease
TES-O14069,TES-C1446,2024-01-15,Model Y,1,47555.46,Delivered,Lease
TES-O12015,TES-C10283,2024-08-06,Powerwall,1,10636.55,Delivered,Credit Card
TES-O10290,TES-C9208,2025-07-10,Supercharging Credits,3,150.94,Returned,Cash
TES-O5433,TES-C6167,2025-10-20,Powerwall,1,10831.44,Delivered,Financing
TES-O12506,TES-C9999,2024-08-01,Model S,1,94261.72,Pending,Lease
TES-O9084,TES-C1275,2025-06-15,Model Y,1,42049.38,Returned,Cash
TES-O10084,TES-C10735,2023-02-05,Model Y,1,50207.7,Delivered,Cash
TES-O10386,TES-C10473,2025-09-19,Model X,1,81110.43,Delivered,Cash
TES-O7303,TES-C3843,2023-04-10,Supercharging Credits,4,71.51,Delivered,Financing
TES-O6499,TES-C5926,2024-07-18,Model Y,1,52472.43,Cancelled,Credit Card
TES-O8907,TES-C9059,2023-04-17,Supercharging Credits,2,80.11,Unknown,Credit Card
TES-O12087,TES-C1538,2023-07-16,Merchandise,4,128.63,Delivered,Credit Card
TES-O10840,TES-C2805,2024-02-21,Supercharging Credits,1,15.95,Pending,Lease
TES-O5018,TES-C4378,2024-06-05,Merchandise,2,184.7,Delivered,Cash
TES-O13161,TES-C7071,2025-08-19,Solar Panel Kit,1,20392.81,Delivered,Financing
TES-O9813,TES-C3475,2025-06-28,Merchandise,3,156.02,Returned,Lease
TES-O13085,TES-C3188,2024-07-23,Solar Panel Kit,1,24233.04,Delivered,Cash
TES-O14955,TES-C8232,2024-11-26,Supercharging Credits,3,141.64,Delivered,Cash
TES-O12421,TES-C7286,2025-01-22,Model Y,1,42357.83,Returned,Financing
TES-O11029,TES-C6585,2025-05-15,Model 3,1,42430.15,Pending,Credit Card
TES-O10103,TES-C8092,2025-08-01,Model X,1,91302.93,Pending,Financing
TES-O8492,TES-C4230,2024-02-11,Solar Panel Kit,1,24769.81,Delivered,Lease
TES-O12050,TES-C1909,2024-10-04,Model 3,1,45588.9,Delivered,Financing
TES-O11881,TES-C2068,2023-02-01,Merchandise,1,221.25,Shipped,Credit Card
TES-O13066,TES-C6190,2025-03-13,Model S,1,75920.12,Returned,Credit Card
TES-O12712,TES-C5461,2024-11-22,Supercharging Credits,2,161.03,Shipped,Cash
TES-O14611,TES-C10735,2024-07-26,Merchandise,5,216.79,Delivered,Cash
TES-O6439,TES-C9122,2023-11-25,Merchandise,4,275.74,Cancelled,Cash
TES-O6197,TES-C2515,2024-12-07,Model 3,1,43182.27,Cancelled,Cash
TES-O9687,TES-C7175,2024-03-04,Powerwall,1,9022.41,Pending,Lease
TES-O14291,TES-C8067,2024-04-15,Solar Panel Kit,1,22853.9,Delivered,Financing
TES-O6962,TES-C7920,2025-12-10,Model Y,1,51083.81,Cancelled,Cash
TES-O8238,TES-C7542,2024-09-10,Model S,1,92015.9,Delivered,Cash
TES-O13643,TES-C3241,2025-09-10,Powerwall,1,11701.9,Delivered,Credit Card
TES-O5121,TES-C7216,2025-03-09,Merchandise,1,166.56,Delivered,Financing
TES-O13253,TES-C3977,2025-06-03,Model X,1,85883.9,Delivered,Financing
TES-O5179,TES-C2580,2025-07-30,Solar Panel Kit,1,21772.32,Delivered,Cash
TES-O14568,TES-C9294,2024-08-19,Supercharging Credits,4,165.46,Delivered,Credit Card
TES-O8470,TES-C4238,2025-09-01,Model X,1,91068.79,Delivered,Cash
TES-O5942,TES-C10329,2025-05-23,Supercharging Credits,5,189.19,Pending,Lease
TES-O6529,TES-C7077,2024-06-14,Solar Panel Kit,1,15718.35,Delivered,Credit Card
TES-O7148,TES-C8878,2025-03-23,Powerwall,1,11317.3,Delivered,Financing
TES-O11134,TES-C4582,2024-09-25,Model 3,1,40342.57,Delivered,Cash
TES-O7020,TES-C3912,2025-12-10,Powerwall,1,9326.97,Returned,Credit Card
TES-O10279,TES-C4273,2025-09-18,Supercharging Credits,4,50.66,Delivered,Financing
TES-O8488,TES-C3046,2025-11-10,Model X,1,97022.17,Delivered,Financing
TES-O11426,TES-C2608,2023-05-21,Model 3,1,46214.51,Delivered,Credit Card
TES-O13288,TES-C4767,2025-03-23,Model S,1,87126.78,Returned,Lease
TES-O9690,TES-C8564,2024-04-18,Model Y,1,50112.15,Shipped,Cash
TES-O11548,TES-C6110,2023-12-25,Supercharging Credits,5,82.56,Cancelled,Lease
TES-O7211,TES-C1021,2024-10-03,Solar Panel Kit,1,18302.9,Delivered,Cash
TES-O14227,TES-C3325,2025-04-14,Model X,1,96489.84,Pending,Financing
TES-O9070,TES-C7592,2024-10-30,Supercharging Credits,3,85.23,Delivered,Lease
TES-O7372,TES-C9331,2024-06-02,Solar Panel Kit,1,15016.69,Pending,Credit Card
TES-O13008,TES-C8455,2025-03-31,Model Y,1,44979.53,Cancelled,Financing
TES-O9138,TES-C8242,2025-01-03,Merchandise,3,246.99,Shipped,Financing
TES-O6383,TES-C6166,2025-06-11,Powerwall,1,10884.48,Shipped,Credit Card
TES-O14836,TES-C9069,2025-12-14,Merchandise,5,135.2,Cancelled,Cash
TES-O5844,TES-C1729,2024-04-23,Model X,1,91410.75,Cancelled,Cash
TES-O9947,TES-C6626,2024-11-19,Solar Panel Kit,1,21082.9,Shipped,Financing
TES-O11732,TES-C2660,2023-08-07,Model X,1,90628.95,Pending,Financing
TES-O5213,TES-C5978,2023-02-24,Merchandise,1,205.38,Returned,Cash
TES-O9485,TES-C6840,2024-08-10,Solar Panel Kit,1,22434.22,Pending,Cash
TES-O5762,TES-C2008,2024-01-30,Model X,1,88269.17,Cancelled,Cash
TES-O5711,TES-C4563,2023-01-27,Model 3,1,46397.49,Delivered,Financing
TES-O11516,TES-C9959,2023-09-13,Model S,1,77452.52,Delivered,Credit Card
TES-O8853,TES-C10932,2023-06-11,Solar Panel Kit,1,24546.41,Delivered,Lease
TES-O5001,TES-C3491,2024-10-08,Model Y,1,52284.74,Cancelled,Cash
TES-O9240,TES-C6762,2025-08-01,Solar Panel Kit,1,16600.32,Shipped,Financing
TES-O13279,TES-C7526,2024-12-31,Powerwall,1,9920.97,Delivered,Financing
TES-O14784,TES-C9999,2025-12-05,Model S,1,89930.87,Pending,Cash
TES-O8878,TES-C10647,2023-10-23,Model S,1,77652.9,Delivered,Credit Card
TES-O6831,TES-C6866,2025-01-13,Solar Panel Kit,1,19641.25,Returned,Cash
TES-O13264,TES-C9780,2023-02-19,Model 3,1,42351.35,Shipped,Cash
TES-O11913,TES-C1523,2023-12-15,Merchandise,3,51.34,Returned,Credit Card
TES-O11409,TES-C1305,2023-12-19,Model S,1,90368.17,Unknown,Financing
TES-O8326,TES-C9650,2023-06-23,Solar Panel Kit,1,22585.87,Shipped,Cash
TES-O14994,TES-C4912,2023-02-11,Powerwall,1,11456.93,Pending,Lease
TES-O12336,TES-C2458,2024-04-03,Merchandise,2,64.02,Shipped,Financing
TES-O8436,TES-C8725,2025-01-09,Supercharging Credits,2,198.17,Delivered,Credit Card
TES-O6046,TES-C1258,2024-01-25,Solar Panel Kit,1,18408.62,Delivered,Cash
TES-O6921,TES-C5021,2023-04-25,Model Y,1,45260.73,Cancelled,Lease
TES-O9093,TES-C10182,2023-10-20,Powerwall,1,9231.54,Shipped,Credit Card
TES-O9010,TES-C8112,2024-02-21,Model S,1,91707.68,Delivered,Cash
TES-O11629,TES-C9999,2024-02-06,Model S,1,82901.35,Delivered,Financing
TES-O10257,TES-C6864,2024-06-18,Supercharging Credits,3,16.16,Pending,Lease
TES-O5377,TES-C8093,2023-10-24,Merchandise,5,193.54,Cancelled,Financing
TES-O10552,TES-C8232,2024-01-14,Powerwall,1,11074.54,Delivered,Financing
TES-O14411,TES-C1239,2024-09-17,Model X,1,85340.9,Cancelled,Credit Card
TES-O14381,TES-C2058,2023-08-21,Supercharging Credits,5,101.43,Delivered,Credit Card
TES-O8357,TES-C8325,2025-04-02,Supercharging Credits,5,73.5,Shipped,Credit Card
TES-O6060,TES-C8486,2025-03-10,Supercharging Credits,4,75.6,Delivered,Financing
TES-O8246,TES-C1424,2023-06-26,Model Y,1,46487.88,Returned,Credit Card
TES-O12299,TES-C1354,2025-09-09,Model 3,1,40737.54,Delivered,Cash
TES-O8962,TES-C4600,2023-11-04,Model 3,1,44018.26,Pending,Credit Card
TES-O8633,TES-C4213,2023-04-10,Model Y,1,45654.17,Cancelled,Cash
TES-O6381,TES-C10339,2023-09-06,Model S,1,80177.98,Returned,Cash
TES-O5759,TES-C3781,2024-06-08,Model X,1,92399.16,Pending,Credit Card
TES-O9795,TES-C10014,2023-12-29,Supercharging Credits,1,76.72,Delivered,Credit Card
TES-O10723,TES-C10796,2025-03-18,Model 3,1,47772.23,Returned,Credit Card
TES-O13272,TES-C8575,2023-06-03,Solar Panel Kit,1,20473.1,Cancelled,Lease
TES-O11984,TES-C6412,2023-10-30,Model S,1,79819.35,Returned,Financing
TES-O14225,TES-C6675,2023-08-22,Model S,1,90518.37,Shipped,Cash
TES-O12938,TES-C9956,2023-01-26,Model X,1,96097.53,Pending,Financing
TES-O12865,TES-C3032,2025-08-16,Model X,1,90750.38,Pending,Lease
TES-O5595,TES-C9604,2024-06-08,Powerwall,1,10367.85,Unknown,Cash
TES-O5817,TES-C8618,2023-04-16,Model X,1,96522.66,Delivered,Cash
TES-O6563,TES-C6138,2025-09-28,Supercharging Credits,3,83.36,Delivered,Lease
TES-O6703,TES-C1106,2023-01-07,Model X,1,84558.95,Pending,Credit Card
TES-O13523,TES-C9492,2024-07-14,Solar Panel Kit,1,16796.24,Delivered,Lease
TES-O6128,TES-C1138,2023-12-25,Model S,1,86919.18,Delivered,Lease
TES-O10976,TES-C8484,2024-04-03,Solar Panel Kit,1,18782.51,Delivered,Cash
TES-O11946,TES-C9190,2025-07-07,Model X,1,90380.51,Returned,Financing
TES-O12012,TES-C7119,2025-03-04,Powerwall,1,9507.77,Pending,Lease
TES-O9018,TES-C4809,2023-06-05,Solar Panel Kit,1,16031.58,Cancelled,Lease
TES-O14940,TES-C2518,2024-05-04,Model 3,1,47921.23,Pending,Financing
TES-O7070,TES-C3026,2025-01-19,Model S,1,81294.96,Returned,Lease
TES-O9782,TES-C1842,2025-08-16,Powerwall,1,11155.74,Cancelled,Lease
TES-O7429,TES-C10554,2025-01-26,Supercharging Credits,4,69.43,Delivered,Financing
TES-O13332,TES-C5913,2023-12-14,Model 3,1,44525.7,Delivered,Financing
TES-O14571,TES-C2360,2024-02-15,Model X,1,86862.13,Pending,Financing
TES-O6470,TES-C5268,2024-08-20,Model Y,1,43282.9,Delivered,Lease
TES-O9428,TES-C7370,2024-12-14,Model 3,1,40307.79,Delivered,Financing
TES-O8762,TES-C7536,2023-09-24,Powerwall,1,9958.17,Delivered,Credit Card
TES-O6134,TES-C10189,2023-11-30,Solar Panel Kit,1,23426.7,Delivered,Lease
TES-O11790,TES-C9302,2023-03-15,Model Y,1,49694.45,Returned,Lease
TES-O11556,TES-C7952,2025-12-15,Merchandise,2,216.0,Pending,Lease
TES-O14083,TES-C5038,2025-10-01,Powerwall,1,10916.67,Cancelled,Cash
TES-O7819,TES-C6585,2024-11-27,Model X,1,81041.68,Delivered,Financing
TES-O11579,TES-C2091,2023-02-21,Model X,1,90889.57,Shipped,Credit Card
TES-O12667,TES-C8397,2024-06-17,Merchandise,2,47.12,Delivered,Financing
TES-O8834,TES-C7269,2024-09-05,Model S,1,76938.17,Shipped,Cash
TES-O6329,TES-C7416,2025-02-26,Model S,1,84706.36,Delivered,Financing
TES-O5485,TES-C4804,2024-08-14,Model Y,1,46307.73,Delivered,Financing
TES-O5878,TES-C8140,2025-07-20,Model X,1,91181.36,Cancelled,Credit Card
TES-O12250,TES-C7588,2025-12-29,Model Y,1,46833.3,Cancelled,Financing
TES-O13664,TES-C7580,2023-11-30,Model X,1,85374.83,Shipped,Financing
TES-O7354,TES-C5554,2024-02-23,Solar Panel Kit,1,18957.3,Delivered,Credit Card
TES-O6271,TES-C8686,2025-03-15,Model 3,1,38426.62,Returned,Credit Card
TES-O14655,TES-C4410,2025-09-05,Solar Panel Kit,1,20834.4,Delivered,Credit Card
TES-O7956,TES-C6157,2023-10-07,Model 3,1,43186.84,Cancelled,Cash
TES-O14442,TES-C6574,2024-10-06,Model X,1,88933.69,Delivered,Credit Card
TES-O9995,TES-C5727,2025-10-18,Model 3,1,41771.29,Delivered,Credit Card
TES-O6718,TES-C8966,2025-05-30,Solar Panel Kit,1,18009.09,Shipped,Financing
TES-O12173,TES-C4926,2024-01-11,Model S,1,89891.22,Delivered,Cash
TES-O13677,TES-C6493,2024-06-18,Supercharging Credits,2,171.4,Cancelled,Cash
TES-O7046,TES-C1442,2025-04-10,Powerwall,1,9188.72,Delivered,Credit Card
TES-O11212,TES-C9999,2023-10-28,Merchandise,2,227.2,Unknown,Cash
TES-O12309,TES-C5042,2024-03-12,Powerwall,1,10750.14,Cancelled,Credit Card
TES-O8766,TES-C1025,2024-02-08,Powerwall,1,11903.04,Shipped,Lease
TES-O5281,TES-C6100,2024-09-28,Solar Panel Kit,1,19891.88,Delivered,Lease
TES-O9343,TES-C2527,2025-05-19,Model 3,1,41570.82,Pending,Credit Card
TES-O6728,TES-C4648,2024-09-24,Model S,1,83652.66,Returned,Credit Card
TES-O14878,TES-C3177,2025-07-26,Model 3,1,43159.87,Returned,Cash
TES-O7417,TES-C4973,2025-08-05,Model 3,1,47403.64,Cancelled,Cash
TES-O10097,TES-C1021,2024-10-28,Model S,1,76929.47,Returned,Financing
TES-O13231,TES-C6202,2024-04-27,Supercharging Credits,5,134.91,Shipped,Cash
TES-O7561,TES-C6294,2024-04-01,Model Y,1,42777.72,Shipped,Cash
TES-O10429,TES-C6329,2024-10-11,Merchandise,1,182.04,Shipped,Credit Card
TES-O10369,TES-C4638,2024-08-09,Merchandise,5,237.77,Delivered,Cash
TES-O14969,TES-C10887,2025-06-20,Model S,1,84664.78,Unknown,Lease
TES-O5725,TES-C1453,2025-09-27,Model 3,1,47296.16,Shipped,Lease
TES-O10569,TES-C8002,2025-10-02,Model Y,1,53377.01,Delivered,Lease
TES-O8024,TES-C5875,2023-03-09,Supercharging Credits,4,19.83,Delivered,Credit Card
TES-O9884,TES-C9999,2025-12-02,Model X,1,86254.44,Cancelled,Credit Card
TES-O9388,TES-C7777,2024-11-26,Solar Panel Kit,1,19645.26,Delivered,Cash
TES-O11394,TES-C2507,2024-05-24,Model X,1,97459.89,Delivered,Cash
TES-O7163,TES-C4160,2025-04-29,Solar Panel Kit,1,15312.23,Delivered,Credit Card
TES-O12137,TES-C9518,2025-11-21,Model X,1,83909.27,Cancelled,Cash
TES-O6187,TES-C4590,2025-11-15,Merchandise,5,292.15,Shipped,Cash
TES-O5609,TES-C3223,2025-03-24,Supercharging Credits,2,112.68,Returned,Cash
TES-O12282,TES-C3352,2025-04-10,Supercharging Credits,5,49.07,Delivered,Cash
TES-O8193,TES-C2202,2024-04-24,Model Y,1,54131.22,Delivered,Financing
TES-O10871,TES-C2396,2024-08-22,Model X,1,92380.04,Delivered,Lease
TES-O5984,TES-C3796,2025-08-03,Model Y,1,43846.68,Delivered,Cash
TES-O11561,TES-C10160,2025-04-10,Solar Panel Kit,1,20182.38,Returned,Lease
TES-O11544,TES-C2675,2023-03-11,Model Y,1,50847.37,Delivered,Lease
TES-O12849,TES-C6237,2025-06-11,Model 3,1,46869.78,Returned,Lease
TES-O14890,TES-C2878,2024-04-21,Supercharging Credits,5,170.87,Delivered,Cash
TES-O14194,TES-C2052,2023-04-30,Model X,1,93726.61,Shipped,Lease
TES-O14306,TES-C10531,2025-09-23,Model Y,1,48472.48,Returned,Financing
TES-O12100,TES-C3934,2025-06-06,Model X,1,80784.43,Returned,Financing
TES-O7446,TES-C5043,2023-04-09,Supercharging Credits,1,35.07,Pending,Credit Card
TES-O6411,TES-C3477,2023-10-13,Supercharging Credits,5,171.82,Delivered,Financing
TES-O14132,TES-C3152,2023-08-30,Merchandise,1,98.56,Returned,Cash
TES-O8939,TES-C4895,2025-07-26,Model X,1,85063.25,Unknown,Cash
TES-O14380,TES-C1560,2023-03-15,Powerwall,1,11867.6,Cancelled,Financing
TES-O7842,TES-C4604,2025-07-27,Model S,1,87393.86,Delivered,Financing
TES-O12034,TES-C8794,2024-12-23,Model X,1,92750.1,Delivered,Financing
TES-O10894,TES-C4532,2025-02-02,Model Y,1,52800.28,Unknown,Credit Card
TES-O9327,TES-C2281,2023-08-18,Model S,1,90112.31,Shipped,Credit Card
TES-O9410,TES-C9734,2024-05-22,Solar Panel Kit,1,23519.61,Returned,Credit Card
TES-O9350,TES-C9929,2024-03-30,Model Y,1,49456.59,Pending,Lease
TES-O9199,TES-C10298,2024-10-10,Model S,1,94390.91,Delivered,Cash
TES-O9934,TES-C9854,2023-07-30,Supercharging Credits,5,26.82,Pending,Financing
TES-O6084,TES-C5193,2025-04-17,Model S,1,90237.11,Returned,Lease
TES-O12924,TES-C7193,2025-11-23,Model X,1,95717.44,Delivered,Financing
TES-O8077,TES-C4072,2024-12-10,Merchandise,4,24.36,Delivered,Cash
TES-O5932,TES-C10233,2025-08-21,Model 3,1,42935.97,Delivered,Cash
TES-O7919,TES-C7496,2025-03-31,Solar Panel Kit,1,16516.98,Pending,Cash
TES-O14143,TES-C5796,2024-02-03,Merchandise,3,139.46,Shipped,Financing
TES-O11413,TES-C3492,2023-07-27,Merchandise,5,90.35,Delivered,Financing
TES-O8001,TES-C8981,2023-12-25,Model Y,1,47876.0,Cancelled,Credit Card
TES-O8403,TES-C4575,2025-06-11,Model X,1,83497.62,Pending,Financing
TES-O8630,TES-C9266,2023-10-16,Merchandise,3,266.36,Pending,Lease
TES-O7040,TES-C9648,2025-11-07,Model S,1,80130.89,Delivered,Financing
TES-O7520,TES-C9399,2023-04-03,Merchandise,1,211.17,Shipped,Lease
TES-O11673,TES-C7811,2024-07-01,Powerwall,1,10802.76,Pending,Credit Card
TES-O8059,TES-C3050,2025-01-18,Model Y,1,53602.49,Delivered,Financing
TES-O9823,TES-C3343,2023-05-14,Powerwall,1,9626.08,Delivered,Financing
TES-O11399,TES-C1256,2023-07-27,Supercharging Credits,5,190.04,Delivered,Lease
TES-O5290,TES-C9836,2025-02-18,Model X,1,88725.92,Delivered,Financing
TES-O7774,TES-C9616,2025-02-27,Supercharging Credits,1,193.99,Cancelled,Lease
TES-O13775,TES-C1120,2024-06-18,Model Y,1,44592.96,Shipped,Cash
TES-O6845,TES-C9955,2023-09-15,Model Y,1,53425.25,Shipped,Cash
TES-O13630,TES-C4989,2023-02-17,Model X,1,85211.07,Returned,Cash
TES-O13884,TES-C10983,2023-04-01,Merchandise,2,30.16,Delivered,Cash
TES-O12806,TES-C4303,2025-04-27,Model 3,1,43877.21,Pending,Cash
TES-O14040,TES-C4975,2025-11-01,Solar Panel Kit,1,23584.83,Delivered,Cash
TES-O8138,TES-C3410,2025-06-24,Solar Panel Kit,1,24911.3,Delivered,Cash
TES-O11313,TES-C2882,2024-09-09,Model S,1,88472.91,Delivered,Financing
TES-O14591,TES-C5990,2024-07-01,Model Y,1,42490.9,Delivered,Financing
TES-O5099,TES-C5761,2024-10-21,Merchandise,4,231.45,Delivered,Financing
TES-O10073,TES-C6785,2024-10-04,Model X,1,80323.94,Delivered,Cash
TES-O6116,TES-C8920,2024-03-23,Model S,1,89328.42,Cancelled,Credit Card
TES-O12724,TES-C4058,2024-04-27,Solar Panel Kit,1,21416.08,Delivered,Financing
TES-O9187,TES-C2201,2025-12-30,Solar Panel Kit,1,24499.16,Delivered,Credit Card
TES-O8021,TES-C4514,2024-05-29,Powerwall,1,11115.86,Delivered,Credit Card
TES-O5461,TES-C7309,2025-05-19,Supercharging Credits,5,14.77,Shipped,Lease
TES-O10024,TES-C6823,2023-06-17,Solar Panel Kit,1,15333.07,Delivered,Cash
TES-O9173,TES-C9396,2024-12-22,Powerwall,1,10471.41,Shipped,Cash
TES-O7371,TES-C5020,2023-08-15,Merchandise,3,136.97,Delivered,Credit Card
TES-O12551,TES-C9484,2023-05-31,Merchandise,5,128.4,Pending,Financing
TES-O7226,TES-C9999,2023-07-02,Model 3,1,41619.5,Delivered,Credit Card
TES-O10512,TES-C1823,2025-06-04,Powerwall,1,9386.3,Shipped,Credit Card
TES-O10518,TES-C4179,2024-09-09,Supercharging Credits,1,162.8,Cancelled,Credit Card
TES-O14925,TES-C5311,2023-04-21,Powerwall,1,9060.8,Returned,Cash
TES-O13257,TES-C5555,2023-03-19,Supercharging Credits,2,78.81,Unknown,Financing
TES-O9167,TES-C7104,2025-12-23,Model X,1,80203.5,Shipped,Lease
TES-O7708,TES-C10024,2025-07-17,Solar Panel Kit,1,18374.05,Pending,Cash
TES-O14988,TES-C2768,2025-11-02,Supercharging Credits,5,113.88,Shipped,Lease
TES-O8952,TES-C2013,2025-04-27,Powerwall,1,10448.75,Delivered,Cash
TES-O7696,TES-C7133,2024-12-30,Supercharging Credits,4,147.76,Cancelled,Credit Card
TES-O12607,TES-C9158,2024-03-10,Powerwall,1,9296.3,Pending,Lease
TES-O13675,TES-C7034,2024-11-28,Solar Panel Kit,1,17668.99,Delivered,Credit Card
TES-O14699,TES-C4198,2025-10-25,Model Y,1,54343.2,Returned,Lease
TES-O11378,TES-C5514,2024-07-03,Powerwall,1,11422.01,Delivered,Cash
TES-O14321,TES-C8500,2025-06-01,Merchandise,2,255.76,Shipped,Lease
TES-O7792,TES-C8937,2023-06-03,Model S,1,93681.2,Delivered,Financing
TES-O8574,TES-C3704,2023-02-04,Powerwall,1,11010.63,Shipped,Credit Card
TES-O8081,TES-C5361,2025-07-04,Supercharging Credits,4,165.3,Unknown,Credit Card
TES-O9575,TES-C4022,2023-01-20,Model 3,1,41496.53,Delivered,Financing
TES-O10270,TES-C6928,2023-10-23,Solar Panel Kit,1,18704.4,Shipped,Credit Card
TES-O10558,TES-C2067,2024-03-31,Model X,1,99568.74,Delivered,Financing
TES-O12670,TES-C9999,2024-12-13,Merchandise,3,132.36,Pending,Credit Card
TES-O9786,TES-C4400,2024-11-02,Supercharging Credits,4,112.99,Delivered,Lease
TES-O8148,TES-C2494,2025-05-20,Supercharging Credits,1,22.17,Cancelled,Lease
TES-O8448,TES-C3510,2023-07-18,Powerwall,1,10654.75,Shipped,Lease
TES-O10996,TES-C3019,2024-02-28,Merchandise,4,279.44,Cancelled,Financing
TES-O14526,TES-C5313,2024-08-09,Powerwall,1,11783.59,Shipped,Lease
TES-O5851,TES-C6710,2024-03-30,Powerwall,1,10433.21,Pending,Financing
TES-O9336,TES-C10017,2024-05-27,Model X,1,88875.56,Shipped,Cash
TES-O10334,TES-C4577,2024-01-09,Supercharging Credits,3,129.08,Delivered,Credit Card
TES-O5372,TES-C3179,2025-11-07,Model Y,1,50290.11,Pending,Cash
TES-O10044,TES-C2267,2025-07-09,Supercharging Credits,2,177.94,Delivered,Credit Card
TES-O12314,TES-C6558,2023-10-23,Model Y,1,44244.44,Returned,Financing
TES-O10993,TES-C2135,2024-02-10,Model S,1,85085.36,Shipped,Credit Card
TES-O14756,TES-C1777,2025-03-27,Model 3,1,42536.04,Delivered,Credit Card
TES-O6274,TES-C5766,2024-10-11,Supercharging Credits,4,40.98,Delivered,Cash
TES-O9658,TES-C5488,2025-07-06,Solar Panel Kit,1,16620.53,Returned,Lease
TES-O9521,TES-C4625,2023-08-11,Model S,1,94516.28,Delivered,Lease
TES-O5401,TES-C9810,2023-10-28,Model 3,1,42026.83,Delivered,Credit Card
TES-O7487,TES-C10499,2025-08-29,Model S,1,77512.67,Delivered,Cash
TES-O12986,TES-C7734,2023-04-18,Solar Panel Kit,1,19756.1,Cancelled,Financing
TES-O13389,TES-C1620,2025-05-19,Merchandise,4,213.44,Returned,Financing
TES-O6677,TES-C10621,2023-09-10,Merchandise,3,215.48,Cancelled,Lease
TES-O11644,TES-C3839,2025-07-17,Merchandise,5,263.89,Delivered,Lease
TES-O13809,TES-C8887,2024-11-23,Model Y,1,53610.65,Delivered,Credit Card
TES-O12725,TES-C7171,2024-05-26,Merchandise,1,228.54,Delivered,Financing
TES-O5519,TES-C9921,2025-03-22,Model 3,1,40497.56,Cancelled,Lease
TES-O10146,TES-C7642,2025-12-28,Merchandise,2,80.2,Shipped,Lease
TES-O9363,TES-C9755,2025-06-16,Merchandise,1,96.06,Delivered,Cash
TES-O13654,TES-C2476,2024-11-24,Model X,1,90431.36,Delivered,Financing
TES-O5296,TES-C2152,2023-09-22,Model 3,1,38359.86,Pending,Credit Card
TES-O5732,TES-C6799,2025-04-06,Powerwall,1,11067.2,Unknown,Cash
TES-O8739,TES-C1335,2023-02-28,Model S,1,90696.46,Unknown,Cash
TES-O5734,TES-C4681,2024-03-11,Supercharging Credits,3,109.65,Delivered,Financing
TES-O10909,TES-C3103,2024-08-30,Model 3,1,39231.7,Delivered,Cash
TES-O14038,TES-C1236,2025-03-16,Supercharging Credits,1,111.26,Delivered,Cash
TES-O6341,TES-C1192,2025-01-18,Merchandise,1,215.42,Delivered,Cash
TES-O8061,TES-C10065,2024-11-11,Model 3,1,44343.1,Delivered,Cash
TES-O9110,TES-C5458,2024-12-22,Model 3,1,39292.5,Shipped,Lease
TES-O5057,TES-C6793,2024-08-24,Solar Panel Kit,1,15493.02,Pending,Credit Card
TES-O12732,TES-C1072,2025-01-24,Model X,1,93511.76,Delivered,Lease
TES-O7349,TES-C10378,2024-06-18,Model Y,1,51105.08,Pending,Financing
TES-O8309,TES-C2178,2025-10-07,Powerwall,1,11905.73,Pending,Cash
TES-O6425,TES-C5210,2023-07-31,Powerwall,1,10193.98,Pending,Credit Card
TES-O14834,TES-C7821,2024-09-24,Solar Panel Kit,1,16763.02,Returned,Cash
TES-O14281,TES-C5565,2023-09-15,Powerwall,1,10317.59,Shipped,Lease
TES-O14028,TES-C2404,2023-09-03,Solar Panel Kit,1,22122.27,Shipped,Cash
TES-O13492,TES-C9999,2025-08-20,Model S,1,84470.28,Shipped,Cash
TES-O6940,TES-C7091,2024-08-25,Model 3,1,45824.95,Returned,Lease
TES-O8427,TES-C9999,2023-12-17,Powerwall,1,9320.52,Delivered,Credit Card
TES-O8940,TES-C1627,2023-06-27,Model 3,1,47205.28,Shipped,Cash
TES-O10529,TES-C9865,2024-12-31,Powerwall,1,11933.16,Shipped,Financing
TES-O13576,TES-C5927,2025-11-11,Model Y,1,52535.1,Pending,Cash
TES-O5786,TES-C3366,2025-04-09,Model X,1,97597.51,Pending,Credit Card
TES-O10707,TES-C10713,2025-06-10,Model S,1,76355.4,Delivered,Cash
TES-O6427,TES-C4289,2025-12-05,Supercharging Credits,5,66.43,Pending,Lease
TES-O7051,TES-C2272,2025-10-25,Model Y,1,44499.27,Delivered,Financing
TES-O11254,TES-C3490,2024-11-12,Supercharging Credits,1,81.98,Delivered,Cash
TES-O5895,TES-C10274,2023-08-03,Model X,1,87811.8,Shipped,Credit Card
TES-O9610,TES-C1743,2025-01-09,Powerwall,1,11171.22,Cancelled,Financing
TES-O11959,TES-C6050,2023-05-22,Solar Panel Kit,1,20192.45,Shipped,Lease
TES-O11143,TES-C5154,2024-03-14,Model X,1,89684.91,Delivered,Credit Card
TES-O12859,TES-C10329,2025-04-13,Merchandise,2,56.11,Pending,Lease
TES-O13535,TES-C6588,2023-02-06,Model Y,1,44246.63,Delivered,Lease
TES-O8152,TES-C1415,2025-12-03,Supercharging Credits,1,199.3,Delivered,Cash
TES-O14424,TES-C9593,2023-02-03,Model X,1,91203.28,Delivered,Credit Card
TES-O14171,TES-C1173,2024-04-18,Model S,1,78642.4,Delivered,Cash
TES-O8010,TES-C7523,2024-04-20,Model 3,1,46950.54,Shipped,Cash
TES-O12082,TES-C8056,2023-04-13,Powerwall,1,11614.56,Unknown,Credit Card
TES-O10853,TES-C8464,2024-11-03,Solar Panel Kit,1,15024.26,Delivered,Lease
TES-O11836,TES-C6620,2024-02-17,Model Y,1,52726.82,Cancelled,Cash
TES-O5024,TES-C1091,2024-08-28,Model X,1,83214.64,Delivered,Lease
TES-O5233,TES-C9188,2025-06-14,Supercharging Credits,4,33.72,Delivered,Lease
TES-O8004,TES-C2782,2025-07-19,Model Y,1,47680.61,Pending,Cash
TES-O6669,TES-C7537,2024-05-10,Supercharging Credits,3,150.53,Delivered,Lease
TES-O14313,TES-C4104,2023-06-23,Powerwall,1,9026.57,Delivered,Lease
TES-O14008,TES-C4057,2025-08-18,Merchandise,1,77.66,Delivered,Lease
TES-O14500,TES-C4611,2023-01-29,Model Y,1,54738.05,Returned,Lease
TES-O14751,TES-C1437,2023-08-16,Model S,1,85271.95,Shipped,Cash
TES-O13031,TES-C10957,2024-06-05,Solar Panel Kit,1,24050.58,Delivered,Financing
TES-O5497,TES-C5755,2023-02-25,Model S,1,89899.21,Pending,Financing
TES-O13409,TES-C9625,2025-03-25,Supercharging Credits,5,112.43,Pending,Credit Card
TES-O12007,TES-C1969,2025-01-28,Model X,1,82485.35,Cancelled,Credit Card
TES-O13843,TES-C3458,2025-08-11,Model 3,1,47433.17,Pending,Lease
TES-O11746,TES-C7690,2025-08-30,Model X,1,98463.91,Cancelled,Lease
TES-O5202,TES-C10862,2025-04-16,Solar Panel Kit,1,21066.85,Delivered,Cash
TES-O11100,TES-C6627,2025-10-15,Supercharging Credits,3,103.09,Cancelled,Lease
TES-O7227,TES-C5880,2025-08-17,Solar Panel Kit,1,18833.17,Returned,Financing
TES-O7506,TES-C2377,2025-04-15,Supercharging Credits,5,144.7,Cancelled,Credit Card
TES-O6597,TES-C9996,2023-12-10,Solar Panel Kit,1,18391.47,Delivered,Credit Card
TES-O13322,TES-C10935,2024-01-01,Model Y,1,49337.99,Delivered,Credit Card
TES-O13033,TES-C6870,2023-11-16,Powerwall,1,10988.16,Pending,Lease
TES-O7949,TES-C9476,2025-05-29,Model X,1,85934.57,Returned,Financing
TES-O9843,TES-C10453,2024-09-13,Merchandise,4,35.77,Cancelled,Lease
TES-O10426,TES-C1737,2023-08-27,Merchandise,3,52.25,Pending,Lease
TES-O11672,TES-C2278,2025-01-08,Model 3,1,42836.41,Cancelled,Financing
TES-O7947,TES-C4164,2023-04-24,Powerwall,1,10897.92,Delivered,Financing
TES-O10539,TES-C2771,2023-12-03,Powerwall,1,9930.8,Delivered,Cash
TES-O9296,TES-C6558,2023-08-15,Merchandise,3,268.77,Pending,Lease
TES-O11788,TES-C7113,2025-06-13,Solar Panel Kit,1,24747.52,Delivered,Lease
TES-O11040,TES-C4245,2024-03-18,Model S,1,91641.73,Shipped,Lease
TES-O12525,TES-C10809,2023-05-29,Solar Panel Kit,1,19390.73,Delivered,Cash
TES-O7197,TES-C9530,2025-06-29,Merchandise,1,67.48,Shipped,Financing
TES-O9856,TES-C1283,2023-01-15,Model S,1,88661.8,Delivered,Financing
TES-O13458,TES-C4075,2025-06-04,Merchandise,1,40.13,Returned,Credit Card
TES-O8863,TES-C3029,2024-08-31,Powerwall,1,10713.73,Pending,Lease
TES-O5017,TES-C8286,2024-05-04,Merchandise,4,99.16,Returned,Financing
TES-O14629,TES-C6117,2024-12-26,Solar Panel Kit,1,21243.19,Delivered,Financing
TES-O11906,TES-C3707,2025-11-17,Model Y,1,47150.42,Cancelled,Cash
TES-O9287,TES-C4586,2023-06-06,Solar Panel Kit,1,20550.76,Delivered,Credit Card
TES-O9595,TES-C7900,2023-06-30,Model Y,1,43558.17,Shipped,Lease
TES-O8657,TES-C10097,2023-04-18,Solar Panel Kit,1,20733.15,Delivered,Financing
TES-O13338,TES-C7643,2023-08-13,Model Y,1,48002.73,Delivered,Credit Card
TES-O8055,TES-C5767,2025-09-13,Model S,1,76731.91,Cancelled,Financing
TES-O12366,TES-C2809,2023-05-22,Supercharging Credits,4,121.45,Delivered,Lease
TES-O13582,TES-C6653,2025-01-20,Merchandise,3,294.38,Cancelled,Credit Card
TES-O5856,TES-C7985,2024-01-26,Merchandise,3,27.77,Shipped,Cash
TES-O10568,TES-C4377,2025-11-04,Powerwall,1,10412.32,Delivered,Financing
TES-O7513,TES-C5263,2024-07-04,Model 3,1,44769.0,Cancelled,Financing
TES-O14501,TES-C8080,2023-11-13,Model S,1,76435.16,Delivered,Credit Card
TES-O8889,TES-C9940,2025-07-30,Model Y,1,49943.6,Returned,Cash
TES-O11308,TES-C1761,2023-01-01,Powerwall,1,11197.36,Returned,Credit Card
TES-O7593,TES-C8414,2023-03-13,Powerwall,1,10607.87,Cancelled,Financing
TES-O12837,TES-C6051,2023-04-06,Powerwall,1,9978.22,Shipped,Lease
TES-O9742,TES-C8354,2025-12-28,Model Y,1,54693.21,Pending,Credit Card
TES-O7686,TES-C5096,2024-08-29,Supercharging Credits,5,160.0,Delivered,Lease
TES-O7681,TES-C1422,2025-07-02,Powerwall,1,9920.33,Shipped,Financing
TES-O7481,TES-C2188,2024-12-16,Supercharging Credits,5,150.36,Delivered,Financing
TES-O10171,TES-C6255,2025-03-09,Merchandise,1,76.07,Delivered,Financing
TES-O8499,TES-C7267,2024-01-08,Solar Panel Kit,1,22295.98,Delivered,Cash
TES-O9615,TES-C10925,2025-07-26,Model S,1,88596.92,Pending,Financing
TES-O5782,TES-C7064,2024-01-17,Merchandise,1,259.76,Shipped,Cash
TES-O5603,TES-C2114,2025-09-20,Merchandise,4,50.57,Delivered,Lease
TES-O6798,TES-C5003,2025-07-02,Model 3,1,42495.31,Returned,Lease
TES-O11206,TES-C7697,2024-03-11,Model Y,1,44225.85,Pending,Cash
TES-O8595,TES-C4062,2025-05-10,Supercharging Credits,3,45.82,Delivered,Credit Card
TES-O11408,TES-C4900,2024-11-12,Model Y,1,46005.44,Delivered,Cash
TES-O11826,TES-C4031,2024-11-09,Model X,1,90491.68,Delivered,Credit Card
TES-O9834,TES-C10333,2024-02-24,Model X,1,82633.21,Shipped,Credit Card
TES-O12721,TES-C4012,2024-11-08,Model X,1,98293.52,Cancelled,Lease
TES-O8050,TES-C2766,2024-10-12,Powerwall,1,10929.66,Delivered,Credit Card
TES-O12464,TES-C10171,2023-07-26,Powerwall,1,11394.81,Cancelled,Credit Card
TES-O5260,TES-C9640,2025-01-27,Model Y,1,46411.27,Delivered,Lease
TES-O9621,TES-C6021,2023-05-30,Merchandise,1,123.01,Cancelled,Credit Card
TES-O7621,TES-C7553,2023-09-07,Merchandise,1,132.2,Shipped,Cash
TES-O5558,TES-C8630,2023-01-21,Powerwall,1,9003.86,Cancelled,Lease
TES-O10288,TES-C2370,2024-08-24,Solar Panel Kit,1,20793.54,Shipped,Credit Card
TES-O14484,TES-C8974,2024-05-04,Powerwall,1,9250.4,Shipped,Lease
TES-O5508,TES-C7108,2024-08-15,Model X,1,95885.34,Delivered,Lease
TES-O10850,TES-C3583,2023-11-14,Model 3,1,47803.86,Pending,Financing
TES-O13784,TES-C1461,2024-12-18,Model S,1,90679.8,Delivered,Cash
TES-O9537,TES-C5017,2025-06-12,Powerwall,1,10917.54,Delivered,Cash
TES-O5960,TES-C2756,2023-12-05,Model X,1,88571.44,Delivered,Cash
TES-O13275,TES-C1419,2023-04-12,Model 3,1,45093.72,Cancelled,Lease
TES-O7790,TES-C3088,2023-05-03,Model S,1,92168.57,Returned,Lease
TES-O8031,TES-C9616,2023-10-01,Supercharging Credits,5,134.36,Shipped,Cash
TES-O9303,TES-C8923,2023-11-15,Model 3,1,44706.5,Shipped,Credit Card
TES-O12899,TES-C9746,2023-02-23,Solar Panel Kit,1,19710.87,Delivered,Credit Card
TES-O10604,TES-C8209,2023-10-13,Model Y,1,44817.82,Shipped,Lease
TES-O9953,TES-C6194,2025-05-18,Merchandise,5,177.57,Delivered,Lease
TES-O8916,TES-C7266,2023-08-09,Merchandise,5,88.72,Delivered,Cash
TES-O12190,TES-C4051,2025-05-06,Model X,1,94584.82,Cancelled,Credit Card
TES-O10725,TES-C5539,2024-08-08,Model S,1,82876.34,Shipped,Cash
TES-O7724,TES-C7759,2025-06-13,Model X,1,98078.48,Shipped,Credit Card
TES-O8084,TES-C6557,2023-04-10,Model Y,1,43688.06,Delivered,Lease
TES-O6199,TES-C3087,2025-05-22,Merchandise,5,42.54,Shipped,Financing
TES-O13776,TES-C8417,2025-01-15,Solar Panel Kit,1,17526.35,Pending,Cash
TES-O6539,TES-C9709,2023-05-17,Model X,1,92864.66,Delivered,Lease
TES-O13045,TES-C10117,2024-10-23,Merchandise,1,118.26,Pending,Lease
TES-O5269,TES-C10382,2023-07-12,Supercharging Credits,4,101.0,Shipped,Financing
TES-O13556,TES-C7457,2024-11-27,Supercharging Credits,3,177.97,Cancelled,Financing
TES-O8638,TES-C8606,2025-12-22,Model S,1,80627.74,Pending,Financing
TES-O12320,TES-C8652,2025-02-19,Model X,1,88762.15,Cancelled,Lease
TES-O5391,TES-C4922,2025-12-06,Model X,1,87882.18,Cancelled,Lease
TES-O13646,TES-C6251,2025-08-04,Merchandise,2,83.81,Delivered,Lease
TES-O10600,TES-C2487,2025-06-08,Powerwall,1,10891.15,Delivered,Credit Card
TES-O7499,TES-C1454,2023-05-28,Model Y,1,54331.24,Cancelled,Cash
TES-O7883,TES-C5474,2023-06-23,Solar Panel Kit,1,19815.62,Shipped,Financing
TES-O5176,TES-C10995,2024-02-19,Merchandise,5,287.9,Shipped,Cash
TES-O11865,TES-C5451,2024-05-29,Model Y,1,42903.05,Delivered,Credit Card
TES-O10719,TES-C4625,2025-09-27,Model Y,1,49099.97,Delivered,Financing
TES-O10625,TES-C9948,2024-10-26,Model X,1,91426.42,Returned,Financing
TES-O7557,TES-C3524,2023-07-31,Solar Panel Kit,1,20281.52,Delivered,Cash
TES-O13558,TES-C8975,2023-02-23,Model X,1,93987.18,Delivered,Cash
TES-O12399,TES-C3810,2025-01-01,Powerwall,1,9746.11,Cancelled,Cash
TES-O14696,TES-C6019,2025-04-27,Model Y,1,51551.58,Delivered,Cash
TES-O14677,TES-C5044,2024-05-08,Model 3,1,39551.04,Delivered,Lease
TES-O11940,TES-C5698,2024-03-03,Model 3,1,41631.58,Delivered,Lease
TES-O5584,TES-C10779,2024-01-08,Model Y,1,52716.68,Delivered,Financing
TES-O10956,TES-C4807,2025-03-28,Model X,1,96708.6,Shipped,Financing
TES-O5847,TES-C5723,2024-02-10,Model Y,1,52622.95,Cancelled,Financing
TES-O8635,TES-C5515,2025-04-19,Solar Panel Kit,1,18906.61,Pending,Cash
TES-O13810,TES-C5602,2024-11-16,Merchandise,2,117.34,Delivered,Financing
TES-O8122,TES-C4166,2025-08-12,Model S,1,76136.37,Cancelled,Financing
TES-O8020,TES-C10808,2023-08-07,Model Y,1,46632.55,Unknown,Cash
TES-O14128,TES-C4815,2024-02-09,Supercharging Credits,3,184.33,Cancelled,Cash
TES-O14465,TES-C6216,2025-08-04,Solar Panel Kit,1,20558.31,Returned,Lease
TES-O8132,TES-C3439,2025-01-04,Merchandise,2,164.88,Pending,Lease
TES-O6694,TES-C5524,2023-10-19,Powerwall,1,10212.55,Shipped,Financing
TES-O5945,TES-C8381,2023-05-21,Model X,1,98869.85,Delivered,Cash
TES-O10101,TES-C3368,2025-08-26,Model S,1,83685.73,Delivered,Credit Card
TES-O13043,TES-C4591,2025-10-30,Model S,1,84235.95,Delivered,Financing
TES-O8959,TES-C4811,2024-06-06,Model Y,1,47049.85,Returned,Lease
TES-O6451,TES-C2754,2024-11-30,Powerwall,1,9875.36,Delivered,Credit Card
TES-O12821,TES-C3652,2024-09-17,Supercharging Credits,4,29.52,Delivered,Lease
TES-O14012,TES-C3585,2025-07-02,Merchandise,3,186.52,Pending,Cash
TES-O14118,TES-C3506,2023-02-02,Model 3,1,44446.97,Delivered,Cash
TES-O14706,TES-C1001,2024-10-08,Model X,1,90502.2,Delivered,Cash
TES-O14633,TES-C8780,2025-02-03,Supercharging Credits,1,20.72,Delivered,Lease
TES-O10595,TES-C10069,2025-09-02,Model S,1,85944.68,Pending,Cash
TES-O8110,TES-C2116,2025-05-11,Solar Panel Kit,1,18645.06,Shipped,Financing
TES-O13245,TES-C5340,2025-10-16,Model S,1,79331.46,Delivered,Cash
TES-O5395,TES-C9402,2025-01-31,Model S,1,80319.55,Unknown,Credit Card
TES-O6373,TES-C7097,2025-11-27,Supercharging Credits,3,109.71,Returned,Cash
TES-O6132,TES-C7156,2024-11-14,Model 3,1,47533.55,Returned,Financing
TES-O9864,TES-C7373,2025-03-07,Model X,1,96865.68,Delivered,Cash
TES-O12728,TES-C1240,2024-03-09,Model 3,1,46516.13,Cancelled,Credit Card
TES-O13591,TES-C10195,2024-10-07,Model Y,1,51157.46,Shipped,Cash
TES-O13923,TES-C1072,2025-07-11,Solar Panel Kit,1,23360.1,Delivered,Financing
TES-O12332,TES-C6236,2025-09-18,Model Y,1,53726.69,Delivered,Lease
TES-O9888,TES-C5997,2025-05-17,Model Y,1,53253.23,Pending,Lease
TES-O13138,TES-C9999,2025-07-24,Model 3,1,42837.13,Delivered,Credit Card
TES-O13862,TES-C6526,2024-10-25,Model Y,1,46937.41,Returned,Lease
TES-O11589,TES-C1477,2025-05-11,Model S,1,81998.91,Delivered,Lease
TES-O13942,TES-C6577,2025-10-30,Powerwall,1,9579.79,Delivered,Cash
TES-O9994,TES-C1715,2023-11-20,Supercharging Credits,3,163.93,Delivered,Credit Card
TES-O8965,TES-C5723,2024-04-23,Supercharging Credits,3,170.82,Delivered,Cash
TES-O12746,TES-C5479,2025-12-25,Model S,1,88343.02,Pending,Lease
TES-O11534,TES-C4122,2025-03-21,Model 3,1,42628.28,Delivered,Lease
TES-O5530,TES-C1111,2025-03-23,Model 3,1,45881.37,Pending,Financing
TES-O14662,TES-C3350,2025-08-08,Model S,1,93047.19,Delivered,Credit Card
TES-O5587,TES-C10721,2024-12-16,Model S,1,79038.71,Pending,Cash
TES-O13517,TES-C4656,2024-04-10,Model X,1,90675.96,Returned,Lease
TES-O10924,TES-C1222,2024-04-10,Merchandise,3,236.98,Cancelled,Lease
TES-O9987,TES-C2108,2023-03-25,Model X,1,92974.66,Cancelled,Financing
TES-O9276,TES-C9349,2025-01-10,Merchandise,2,41.41,Shipped,Cash
TES-O11388,TES-C6968,2024-08-11,Model S,1,88779.82,Cancelled,Credit Card
TES-O9137,TES-C2420,2023-10-04,Merchandise,2,242.18,Delivered,Lease
TES-O7214,TES-C8741,2024-06-13,Model X,1,82054.57,Delivered,Cash
TES-O13073,TES-C4336,2025-08-19,Model Y,1,53729.67,Pending,Financing
TES-O9376,TES-C9999,2024-01-09,Merchandise,1,238.24,Delivered,Credit Card
TES-O5180,TES-C6883,2025-02-24,Supercharging Credits,5,197.15,Delivered,Cash
TES-O13118,TES-C3514,2025-04-13,Model Y,1,52219.57,Shipped,Lease
TES-O10349,TES-C5873,2024-09-14,Powerwall,1,11994.8,Pending,Lease
TES-O14720,TES-C5997,2024-06-20,Merchandise,3,41.64,Shipped,Credit Card
TES-O8195,TES-C8466,2023-04-02,Powerwall,1,10530.93,Delivered,Lease
TES-O10691,TES-C7996,2025-11-08,Powerwall,1,9928.23,Delivered,Cash
TES-O7497,TES-C10399,2025-11-19,Solar Panel Kit,1,16193.61,Returned,Cash
TES-O10178,TES-C10381,2024-04-02,Model S,1,81199.81,Shipped,Credit Card
TES-O6726,TES-C1763,2024-11-17,Powerwall,1,10901.1,Delivered,Cash
TES-O6963,TES-C8639,2024-03-18,Model S,1,91773.12,Shipped,Cash
TES-O12167,TES-C7817,2025-04-29,Merchandise,5,70.61,Delivered,Credit Card
TES-O7507,TES-C8003,2023-04-22,Model 3,1,41109.67,Delivered,Lease
TES-O5491,TES-C5489,2023-11-02,Supercharging Credits,3,28.92,Delivered,Financing
TES-O5450,TES-C1803,2023-10-07,Model Y,1,42226.1,Shipped,Cash
TES-O10274,TES-C10210,2023-07-22,Model 3,1,44913.0,Delivered,Cash
TES-O12533,TES-C8855,2025-01-11,Model Y,1,52533.66,Delivered,Financing
TES-O6205,TES-C7365,2023-11-08,Solar Panel Kit,1,19907.5,Delivered,Credit Card
TES-O14628,TES-C2095,2024-11-01,Supercharging Credits,2,194.87,Returned,Lease
TES-O9992,TES-C5801,2024-05-14,Model 3,1,46795.13,Cancelled,Credit Card
TES-O5651,TES-C10128,2024-10-09,Merchandise,5,134.03,Returned,Lease
TES-O12726,TES-C1854,2025-12-24,Supercharging Credits,1,81.69,Returned,Lease
TES-O7796,TES-C8768,2024-09-02,Model Y,1,44729.67,Delivered,Lease
TES-O5082,TES-C7216,2023-03-02,Model Y,1,49748.64,Shipped,Credit Card
TES-O7036,TES-C8405,2024-08-17,Model X,1,97335.93,Delivered,Lease
TES-O7225,TES-C1793,2025-01-10,Model Y,1,44034.63,Delivered,Credit Card
TES-O10483,TES-C9401,2023-02-13,Merchandise,3,228.28,Returned,Credit Card
TES-O14098,TES-C1479,2023-08-13,Model S,1,82924.23,Returned,Cash
TES-O10834,TES-C6149,2023-01-23,Merchandise,3,278.01,Cancelled,Financing
TES-O12598,TES-C7507,2023-06-03,Model 3,1,45421.5,Delivered,Cash
TES-O12709,TES-C5033,2023-09-27,Model 3,1,45644.49,Delivered,Cash
TES-O11428,TES-C9569,2024-04-26,Model S,1,86105.08,Pending,Financing
TES-O9530,TES-C9880,2023-03-14,Model Y,1,49648.12,Returned,Credit Card
TES-O7846,TES-C5177,2023-05-24,Model 3,1,41844.12,Returned,Credit Card
TES-O12164,TES-C9691,2025-05-14,Model S,1,75654.01,Delivered,Cash
TES-O12409,TES-C5467,2024-06-10,Model S,1,86744.87,Delivered,Lease
TES-O14487,TES-C6014,2023-03-09,Solar Panel Kit,1,23145.61,Delivered,Cash
TES-O8307,TES-C7388,2025-01-19,Supercharging Credits,5,119.98,Delivered,Cash
TES-O10688,TES-C2008,2024-11-19,Solar Panel Kit,1,22468.37,Shipped,Lease
TES-O5831,TES-C1449,2023-01-06,Model X,1,89657.26,Shipped,Financing
TES-O9877,TES-C9999,2024-03-06,Merchandise,4,205.44,Shipped,Lease
TES-O13793,TES-C5660,2023-05-17,Model X,1,99222.59,Delivered,Cash
TES-O11668,TES-C8828,2024-05-02,Solar Panel Kit,1,19524.28,Shipped,Credit Card
TES-O13829,TES-C8263,2025-03-26,Model 3,1,47554.68,Delivered,Credit Card
TES-O13883,TES-C2168,2023-01-12,Supercharging Credits,3,73.69,Cancelled,Credit Card
TES-O11304,TES-C1823,2024-03-29,Model S,1,85893.52,Returned,Cash
TES-O12988,TES-C7490,2024-01-18,Supercharging Credits,4,145.47,Cancelled,Financing
TES-O11174,TES-C1149,2024-08-04,Model X,1,88992.04,Delivered,Financing
TES-O12937,TES-C3811,2025-07-22,Merchandise,3,243.93,Returned,Cash
TES-O5242,TES-C7830,2023-12-14,Model S,1,93986.75,Delivered,Financing
TES-O9280,TES-C1565,2023-04-01,Solar Panel Kit,1,23034.39,Delivered,Lease
TES-O10248,TES-C3108,2025-03-30,Model 3,1,38373.23,Pending,Credit Card
TES-O11316,TES-C3076,2025-02-10,Model Y,1,47384.75,Delivered,Cash
TES-O13354,TES-C7163,2023-10-20,Powerwall,1,11053.31,Cancelled,Cash
TES-O7644,TES-C7693,2025-10-19,Powerwall,1,10457.5,Cancelled,Financing
TES-O12518,TES-C8014,2023-07-29,Supercharging Credits,1,183.81,Delivered,Cash
TES-O9019,TES-C9851,2024-02-02,Powerwall,1,9433.89,Shipped,Lease
TES-O12242,TES-C3458,2025-06-07,Model Y,1,50730.04,Pending,Financing
TES-O8551,TES-C1500,2025-12-09,Model X,1,96525.2,Returned,Lease
TES-O8366,TES-C4074,2025-02-16,Solar Panel Kit,1,17491.7,Returned,Credit Card
TES-O9614,TES-C8005,2025-11-11,Model 3,1,44962.82,Delivered,Financing
TES-O9275,TES-C1096,2023-01-28,Merchandise,5,143.2,Cancelled,Financing
TES-O12547,TES-C8130,2024-12-06,Model S,1,84947.2,Pending,Credit Card
TES-O12328,TES-C7066,2025-07-13,Model 3,1,47901.55,Delivered,Credit Card
TES-O11209,TES-C6195,2023-04-07,Model X,1,85321.9,Pending,Cash
TES-O12640,TES-C1168,2024-08-06,Merchandise,4,71.76,Cancelled,Cash
TES-O11172,TES-C7069,2023-04-12,Solar Panel Kit,1,24126.43,Cancelled,Credit Card
TES-O5716,TES-C1804,2024-01-19,Merchandise,3,70.99,Delivered,Financing
TES-O11817,TES-C3818,2023-11-16,Merchandise,5,195.07,Delivered,Lease
TES-O12365,TES-C6328,2023-03-22,Model S,1,91299.15,Cancelled,Lease
TES-O7834,TES-C7237,2024-03-24,Model 3,1,41111.43,Shipped,Cash
TES-O6643,TES-C1874,2023-06-07,Model Y,1,45574.67,Returned,Lease
TES-O10640,TES-C4432,2025-07-25,Solar Panel Kit,1,19158.37,Delivered,Financing
TES-O12290,TES-C6915,2023-06-22,Merchandise,1,217.68,Delivered,Financing
TES-O9279,TES-C9377,2025-03-12,Model S,1,94567.11,Returned,Lease
TES-O5072,TES-C6475,2023-09-03,Model Y,1,51216.39,Delivered,Financing
TES-O8299,TES-C1822,2023-09-07,Merchandise,1,234.06,Delivered,Financing
TES-O6051,TES-C9999,2023-04-24,Supercharging Credits,4,166.79,Cancelled,Lease
TES-O12641,TES-C2982,2023-09-14,Model S,1,85521.89,Delivered,Financing
TES-O8829,TES-C6839,2024-07-01,Model Y,1,47527.19,Returned,Financing
TES-O13574,TES-C3463,2024-03-02,Model X,1,94439.34,Delivered,Cash
TES-O6160,TES-C7325,2024-12-24,Merchandise,3,298.51,Returned,Financing
TES-O11249,TES-C10220,2025-10-01,Model X,1,99638.68,Pending,Credit Card
TES-O10621,TES-C4694,2025-05-18,Powerwall,1,10114.52,Shipped,Cash
TES-O9974,TES-C2231,2025-07-05,Supercharging Credits,5,85.94,Pending,Financing
TES-O14215,TES-C9031,2025-04-04,Merchandise,2,60.94,Delivered,Financing
TES-O10677,TES-C9107,2024-04-30,Model 3,1,46714.82,Cancelled,Credit Card
TES-O14179,TES-C9743,2023-06-29,Powerwall,1,9280.06,Returned,Cash
TES-O8525,TES-C9339,2023-06-29,Supercharging Credits,3,154.41,Delivered,Cash
TES-O7301,TES-C10217,2024-07-23,Supercharging Credits,4,171.41,Delivered,Credit Card
TES-O13013,TES-C9195,2023-01-05,Solar Panel Kit,1,15487.31,Pending,Lease
TES-O8337,TES-C7013,2023-10-18,Model S,1,80327.92,Delivered,Credit Card
TES-O10557,TES-C8610,2024-11-22,Model Y,1,48435.62,Delivered,Lease
TES-O13844,TES-C9999,2023-03-16,Model X,1,99785.17,Pending,Cash
TES-O9768,TES-C6834,2025-02-05,Model 3,1,46169.24,Unknown,Financing
TES-O5434,TES-C4976,2024-08-31,Merchandise,2,285.22,Pending,Credit Card
TES-O8082,TES-C5004,2023-06-09,Powerwall,1,9385.51,Returned,Cash
TES-O7239,TES-C6349,2024-02-22,Supercharging Credits,1,128.59,Cancelled,Cash
TES-O9243,TES-C7046,2023-08-07,Merchandise,3,101.47,Delivered,Lease
TES-O5624,TES-C3164,2023-05-17,Model Y,1,48232.11,Pending,Cash
TES-O14659,TES-C5462,2024-12-10,Model Y,1,52651.26,Pending,Lease
TES-O10836,TES-C2353,2023-06-23,Powerwall,1,11955.49,Delivered,Lease
TES-O12526,TES-C7321,2024-07-08,Powerwall,1,10142.96,Delivered,Credit Card
TES-O6984,TES-C9542,2025-07-23,Supercharging Credits,5,116.64,Delivered,Lease
TES-O9417,TES-C1231,2024-10-05,Solar Panel Kit,1,24383.71,Pending,Lease
TES-O6255,TES-C9586,2023-04-17,Model X,1,84087.15,Cancelled,Lease
TES-O8017,TES-C8649,2025-06-06,Model Y,1,48116.21,Pending,Credit Card
TES-O6919,TES-C8370,2025-01-01,Model X,1,89440.24,Returned,Cash
TES-O5848,TES-C9594,2024-08-05,Model S,1,77063.35,Delivered,Lease
TES-O8559,TES-C9753,2023-06-14,Model Y,1,45526.64,Returned,Credit Card
TES-O8734,TES-C9999,2024-04-13,Model X,1,84143.12,Delivered,Lease
TES-O14351,TES-C6626,2024-03-01,Merchandise,3,95.29,Shipped,Financing
TES-O9178,TES-C3415,2024-11-29,Model 3,1,47637.14,Delivered,Cash
TES-O5653,TES-C7667,2024-05-09,Model Y,1,50144.18,Delivered,Credit Card
TES-O6357,TES-C9159,2025-09-27,Supercharging Credits,3,192.55,Cancelled,Lease
TES-O13599,TES-C9720,2024-10-05,Solar Panel Kit,1,18175.64,Pending,Credit Card
TES-O11387,TES-C10414,2023-08-02,Model S,1,90295.82,Cancelled,Lease
TES-O6290,TES-C10198,2023-11-21,Solar Panel Kit,1,17977.67,Cancelled,Cash
TES-O6795,TES-C10147,2024-05-07,Model Y,1,51776.08,Pending,Cash
TES-O5561,TES-C8983,2024-10-12,Model Y,1,48103.13,Delivered,Credit Card
TES-O14059,TES-C4006,2024-07-08,Model S,1,82394.98,Pending,Financing
TES-O13230,TES-C6521,2023-10-11,Model 3,1,43344.98,Pending,Lease
TES-O6109,TES-C9875,2025-05-04,Powerwall,1,10778.18,Pending,Lease
TES-O6231,TES-C1025,2023-10-29,Solar Panel Kit,1,24737.62,Delivered,Cash
TES-O6348,TES-C1726,2023-01-22,Merchandise,4,183.96,Shipped,Cash
TES-O11917,TES-C10463,2024-09-11,Solar Panel Kit,1,20302.27,Shipped,Financing
TES-O14640,TES-C2000,2025-02-19,Supercharging Credits,2,126.93,Delivered,Lease
TES-O12043,TES-C5561,2023-01-25,Model X,1,89514.02,Delivered,Lease
TES-O8241,TES-C3444,2024-09-16,Solar Panel Kit,1,21271.11,Delivered,Credit Card
TES-O7491,TES-C1016,2025-08-17,Model 3,1,41903.09,Shipped,Financing
TES-O7206,TES-C10330,2024-03-11,Solar Panel Kit,1,21359.11,Shipped,Financing
TES-O6033,TES-C8806,2024-12-01,Supercharging Credits,3,83.45,Shipped,Credit Card
TES-O10685,TES-C3102,2025-12-03,Model Y,1,50640.38,Delivered,Lease
TES-O12885,TES-C10084,2025-09-07,Model 3,1,41667.75,Shipped,Financing
TES-O13692,TES-C9999,2023-04-22,Model Y,1,46476.82,Returned,Financing
TES-O9408,TES-C9024,2024-03-01,Supercharging Credits,4,63.41,Delivered,Credit Card
TES-O14778,TES-C4928,2024-07-07,Model 3,1,47091.2,Returned,Credit Card
TES-O12528,TES-C5100,2025-07-20,Model S,1,78762.71,Shipped,Credit Card
TES-O6254,TES-C1780,2025-03-06,Supercharging Credits,5,130.06,Pending,Lease
TES-O14246,TES-C7867,2023-11-20,Powerwall,1,10311.32,Shipped,Credit Card
TES-O7570,TES-C7484,2025-09-15,Model X,1,83745.39,Delivered,Lease
TES-O11727,TES-C10896,2023-02-04,Supercharging Credits,5,176.01,Shipped,Financing
TES-O9515,TES-C2388,2024-03-30,Model S,1,77336.14,Returned,Credit Card
TES-O12331,TES-C9507,2023-06-20,Model 3,1,38568.14,Delivered,Cash
TES-O12384,TES-C3324,2025-09-08,Supercharging Credits,2,89.32,Shipped,Credit Card
TES-O13051,TES-C9727,2025-01-22,Model X,1,89076.79,Delivered,Credit Card
TES-O13628,TES-C3939,2023-12-11,Model X,1,93629.84,Delivered,Cash
TES-O12284,TES-C3958,2023-12-04,Powerwall,1,10537.09,Delivered,Financing
TES-O8071,TES-C6578,2025-12-31,Supercharging Credits,2,70.18,Cancelled,Lease
TES-O6741,TES-C4186,2023-03-23,Model Y,1,50926.89,Delivered,Lease
TES-O9827,TES-C5418,2025-09-10,Solar Panel Kit,1,19786.17,Delivered,Cash
TES-O11885,TES-C4918,2023-12-09,Powerwall,1,10515.21,Delivered,Cash
TES-O7652,TES-C3145,2023-10-22,Supercharging Credits,1,194.17,Returned,Lease
TES-O12633,TES-C3854,2024-01-25,Supercharging Credits,2,25.58,Delivered,Cash
TES-O8914,TES-C7715,2024-01-08,Merchandise,4,89.97,Cancelled,Financing
TES-O7152,TES-C6614,2025-10-21,Model 3,1,41127.12,Pending,Financing
TES-O14670,TES-C6258,2024-03-10,Model S,1,87612.45,Delivered,Financing
TES-O6027,TES-C10852,2023-04-14,Solar Panel Kit,1,23474.59,Delivered,Financing
TES-O14334,TES-C2534,2025-12-08,Model 3,1,46370.21,Pending,Cash
TES-O14151,TES-C6198,2023-09-12,Supercharging Credits,1,84.65,Cancelled,Credit Card
TES-O6606,TES-C10878,2024-11-15,Model Y,1,51447.53,Shipped,Financing
TES-O9922,TES-C7216,2025-06-01,Model X,1,89081.19,Returned,Credit Card
TES-O10553,TES-C2174,2024-09-01,Merchandise,3,254.12,Delivered,Credit Card
TES-O10480,TES-C7097,2024-11-24,Model 3,1,47227.98,Unknown,Cash
TES-O7007,TES-C6338,2025-10-04,Model 3,1,42135.06,Shipped,Lease
TES-O9072,TES-C3728,2024-11-24,Model X,1,89505.03,Delivered,Credit Card
TES-O11558,TES-C5139,2025-03-31,Solar Panel Kit,1,19731.86,Returned,Financing
TES-O9241,TES-C9146,2025-08-08,Model S,1,81489.17,Returned,Financing
TES-O14228,TES-C7878,2024-08-18,Supercharging Credits,3,81.85,Delivered,Lease
TES-O14140,TES-C2319,2025-04-06,Model Y,1,52954.25,Delivered,Cash
TES-O13824,TES-C10180,2023-10-14,Merchandise,5,98.34,Delivered,Financing
TES-O10666,TES-C2564,2025-11-07,Model Y,1,47046.76,Returned,Credit Card
TES-O10881,TES-C10515,2023-12-02,Powerwall,1,9370.83,Pending,Credit Card
TES-O7268,TES-C8298,2025-03-07,Model 3,1,39861.1,Cancelled,Cash
TES-O7889,TES-C3935,2023-03-04,Model 3,1,39610.79,Delivered,Financing
TES-O10474,TES-C7970,2023-06-07,Model X,1,81446.85,Returned,Financing
TES-O6013,TES-C1227,2023-05-03,Model 3,1,41740.24,Cancelled,Lease
TES-O12507,TES-C7192,2024-06-11,Merchandise,1,111.87,Delivered,Credit Card
TES-O6693,TES-C9789,2025-07-02,Merchandise,2,100.54,Delivered,Credit Card
TES-O6998,TES-C5812,2023-07-27,Supercharging Credits,4,145.97,Cancelled,Financing
TES-O12958,TES-C7395,2024-02-17,Merchandise,1,141.63,Delivered,Credit Card
TES-O13367,TES-C9210,2025-10-07,Model 3,1,40779.04,Shipped,Credit Card
TES-O6032,TES-C10113,2024-10-09,Merchandise,5,123.02,Delivered,Lease
TES-O10481,TES-C1965,2023-11-28,Merchandise,1,274.17,Delivered,Credit Card
TES-O11498,TES-C6835,2025-03-12,Supercharging Credits,5,94.47,Cancelled,Financing
TES-O9868,TES-C10296,2024-02-22,Model Y,1,47727.42,Cancelled,Credit Card
TES-O11966,TES-C6263,2024-11-04,Model 3,1,43160.25,Shipped,Cash
TES-O7323,TES-C4637,2024-08-21,Model 3,1,38104.36,Cancelled,Cash
TES-O6840,TES-C8696,2024-09-25,Solar Panel Kit,1,23264.99,Delivered,Financing
TES-O7005,TES-C1674,2023-10-17,Powerwall,1,10163.78,Cancelled,Financing
TES-O11337,TES-C10143,2023-03-19,Model S,1,81448.27,Delivered,Cash
TES-O13874,TES-C3898,2024-10-18,Model 3,1,43310.32,Pending,Lease
TES-O13282,TES-C6863,2025-12-14,Model S,1,86093.42,Delivered,Lease
TES-O7438,TES-C9744,2024-10-01,Model 3,1,38293.31,Shipped,Cash
TES-O11109,TES-C10361,2024-12-21,Merchandise,5,35.13,Delivered,Financing
TES-O13444,TES-C5183,2023-09-29,Model S,1,94817.18,Shipped,Financing
TES-O9498,TES-C9999,2023-08-04,Supercharging Credits,2,46.61,Pending,Cash
TES-O11907,TES-C1678,2024-06-09,Model X,1,88084.15,Returned,Lease
TES-O10292,TES-C9999,2025-04-15,Merchandise,5,22.69,Shipped,Credit Card
TES-O7065,TES-C2315,2025-11-04,Model X,1,94381.49,Pending,Financing
TES-O12814,TES-C6592,2024-01-26,Model S,1,75167.74,Pending,Lease
TES-O5284,TES-C1739,2024-02-14,Powerwall,1,9548.13,Pending,Lease
TES-O13218,TES-C1811,2023-08-05,Model X,1,94355.78,Returned,Credit Card
TES-O6130,TES-C3945,2024-06-10,Solar Panel Kit,1,23515.29,Cancelled,Lease
TES-O8377,TES-C6094,2025-06-16,Powerwall,1,10972.32,Shipped,Lease
TES-O5639,TES-C1756,2024-07-13,Solar Panel Kit,1,23149.69,Returned,Cash
TES-O9219,TES-C7637,2024-11-11,Model X,1,98533.33,Cancelled,Lease
TES-O11389,TES-C5300,2025-04-24,Model 3,1,46983.07,Cancelled,Cash
TES-O11890,TES-C3394,2023-11-22,Powerwall,1,10145.02,Returned,Cash
TES-O11927,TES-C8278,2023-04-14,Model S,1,82321.67,Shipped,Financing
TES-O12041,TES-C5124,2023-03-04,Powerwall,1,11183.01,Delivered,Financing
TES-O9304,TES-C9332,2024-07-20,Supercharging Credits,2,159.62,Returned,Credit Card
TES-O6345,TES-C8387,2023-08-04,Powerwall,1,9266.8,Delivered,Cash
TES-O7648,TES-C9987,2024-02-04,Model X,1,99699.53,Shipped,Financing
TES-O10914,TES-C9999,2023-07-01,Model Y,1,46039.44,Returned,Cash
TES-O10616,TES-C9999,2023-03-01,Model 3,1,38411.12,Returned,Credit Card
TES-O10341,TES-C10696,2024-02-23,Merchandise,2,33.98,Delivered,Financing
TES-O9469,TES-C6880,2024-04-22,Model Y,1,54952.16,Cancelled,Lease
TES-O12897,TES-C10936,2024-06-13,Model X,1,80346.96,Returned,Credit Card
TES-O11666,TES-C8770,2024-03-20,Powerwall,1,11942.86,Returned,Financing
TES-O5138,TES-C2263,2025-10-25,Supercharging Credits,2,83.25,Returned,Cash
TES-O12979,TES-C5326,2025-01-18,Model 3,1,43031.28,Pending,Credit Card
TES-O7950,TES-C8161,2023-11-17,Supercharging Credits,3,63.19,Unknown,Financing
TES-O9487,TES-C3112,2023-02-13,Model 3,1,40553.89,Pending,Lease
TES-O10646,TES-C1580,2025-05-27,Model S,1,93310.07,Shipped,Financing
TES-O12731,TES-C9108,2025-09-08,Model S,1,89937.21,Cancelled,Financing
TES-O13652,TES-C3111,2023-07-31,Merchandise,4,180.19,Unknown,Financing
TES-O13617,TES-C1518,2023-11-29,Model X,1,99936.13,Delivered,Cash
TES-O11737,TES-C6485,2023-03-06,Model 3,1,46639.87,Unknown,Cash
TES-O7933,TES-C3611,2024-06-30,Model 3,1,41571.67,Returned,Lease
TES-O8296,TES-C7545,2024-08-05,Supercharging Credits,4,142.54,Cancelled,Financing
TES-O8967,TES-C2357,2023-08-22,Model S,1,93019.9,Shipped,Cash
TES-O9919,TES-C6953,2024-06-26,Model X,1,83076.86,Pending,Lease
TES-O6138,TES-C2464,2023-04-24,Model 3,1,46859.54,Shipped,Lease
TES-O12327,TES-C5044,2024-04-15,Powerwall,1,10543.4,Delivered,Credit Card
TES-O11745,TES-C6552,2025-03-27,Model S,1,85826.7,Delivered,Lease
TES-O7669,TES-C3302,2025-12-16,Model S,1,89273.96,Pending,Financing
TES-O12604,TES-C10798,2025-01-21,Model 3,1,39112.75,Delivered,Cash
TES-O10069,TES-C3751,2024-04-26,Supercharging Credits,5,44.19,Delivered,Lease
TES-O5160,TES-C7444,2024-02-22,Supercharging Credits,3,153.2,Shipped,Credit Card
TES-O7143,TES-C9882,2025-01-07,Powerwall,1,10589.73,Delivered,Lease
TES-O8384,TES-C6870,2023-04-06,Solar Panel Kit,1,17413.84,Returned,Lease
TES-O12842,TES-C4980,2025-04-15,Supercharging Credits,2,126.84,Returned,Cash
TES-O7328,TES-C6007,2024-06-28,Model Y,1,45436.64,Delivered,Cash
TES-O13369,TES-C8810,2025-04-02,Solar Panel Kit,1,15235.06,Shipped,Lease
TES-O8942,TES-C4820,2023-06-16,Model S,1,83602.81,Delivered,Financing
TES-O7365,TES-C6515,2024-07-18,Model 3,1,38354.58,Shipped,Financing
TES-O9512,TES-C2283,2023-08-13,Model 3,1,47262.23,Returned,Cash
TES-O13276,TES-C10325,2024-05-17,Model X,1,90418.8,Returned,Lease
TES-O12951,TES-C10970,2025-11-04,Model X,1,95100.94,Delivered,Credit Card
TES-O6524,TES-C2073,2024-03-03,Model 3,1,44976.12,Delivered,Financing
TES-O12494,TES-C1882,2025-05-24,Model Y,1,53859.86,Delivered,Credit Card
TES-O9667,TES-C9894,2025-07-16,Model S,1,89930.07,Cancelled,Cash
TES-O12693,TES-C10371,2023-07-05,Powerwall,1,10179.29,Cancelled,Lease
TES-O8563,TES-C4339,2024-11-27,Merchandise,1,46.55,Shipped,Cash
TES-O14402,TES-C4301,2025-12-26,Powerwall,1,10441.63,Delivered,Lease
TES-O12841,TES-C3928,2025-05-19,Merchandise,5,62.14,Delivered,Financing
TES-O5173,TES-C4119,2023-11-27,Model Y,1,52359.84,Cancelled,Credit Card
TES-O9587,TES-C4694,2025-05-30,Model Y,1,46122.03,Delivered,Cash
TES-O11571,TES-C8321,2024-12-04,Supercharging Credits,4,122.37,Delivered,Cash
TES-O6640,TES-C10119,2024-11-21,Model Y,1,45411.27,Shipped,Financing
TES-O9731,TES-C6588,2024-10-28,Powerwall,1,11092.93,Pending,Financing
TES-O13491,TES-C9136,2023-07-25,Solar Panel Kit,1,18646.15,Shipped,Lease
TES-O11652,TES-C1030,2023-03-20,Solar Panel Kit,1,17072.45,Cancelled,Cash
TES-O10886,TES-C3893,2023-09-14,Model Y,1,46729.99,Delivered,Financing
TES-O6651,TES-C8271,2025-04-04,Model S,1,92280.58,Returned,Cash
TES-O10000,TES-C9335,2025-01-27,Model Y,1,51891.74,Delivered,Cash
TES-O7934,TES-C9999,2023-09-02,Merchandise,3,277.58,Returned,Financing
TES-O7251,TES-C2409,2023-09-29,Supercharging Credits,2,63.34,Returned,Financing
TES-O5177,TES-C8913,2025-09-02,Supercharging Credits,3,17.96,Delivered,Lease
TES-O14847,TES-C9999,2023-08-04,Solar Panel Kit,1,21363.42,Shipped,Cash
TES-O12648,TES-C2496,2023-05-17,Powerwall,1,11920.28,Delivered,Lease
TES-O9929,TES-C4201,2024-10-27,Model 3,1,41845.3,Delivered,Credit Card
TES-O10413,TES-C2704,2024-10-10,Powerwall,1,9016.93,Cancelled,Lease
TES-O6790,TES-C9519,2023-12-20,Supercharging Credits,1,49.49,Returned,Lease
TES-O12926,TES-C3388,2024-01-30,Model 3,1,38568.92,Shipped,Credit Card
TES-O9732,TES-C2166,2024-03-20,Solar Panel Kit,1,15369.64,Returned,Lease
TES-O10155,TES-C6778,2023-10-29,Solar Panel Kit,1,21621.27,Delivered,Financing
TES-O12549,TES-C5793,2024-02-07,Model S,1,84213.72,Pending,Financing
TES-O13596,TES-C1901,2023-01-05,Model X,1,87624.74,Delivered,Credit Card
TES-O11624,TES-C1544,2023-11-16,Model S,1,76986.54,Cancelled,Financing
TES-O7396,TES-C2828,2024-10-03,Model 3,1,38120.06,Shipped,Cash
TES-O11717,TES-C6475,2025-12-06,Model Y,1,52403.22,Cancelled,Credit Card
TES-O8167,TES-C5392,2024-10-17,Model S,1,85845.9,Delivered,Financing
TES-O13074,TES-C2414,2024-05-29,Powerwall,1,10580.62,Delivered,Lease
TES-O8417,TES-C6257,2024-05-06,Supercharging Credits,3,164.22,Shipped,Financing
TES-O12442,TES-C10867,2023-12-02,Model X,1,83600.09,Delivered,Financing
TES-O8259,TES-C6771,2024-01-06,Model 3,1,42114.29,Delivered,Financing
TES-O13042,TES-C2015,2024-06-20,Solar Panel Kit,1,16665.13,Pending,Lease
TES-O12650,TES-C10150,2025-04-19,Merchandise,2,213.15,Delivered,Cash
TES-O7655,TES-C4675,2025-09-08,Supercharging Credits,1,126.46,Shipped,Financing
TES-O11480,TES-C7070,2023-02-12,Model Y,1,45952.66,Delivered,Credit Card
TES-O14613,TES-C4864,2023-08-09,Model 3,1,47697.84,Pending,Credit Card
TES-O12964,TES-C4979,2023-09-18,Model S,1,85671.03,Pending,Credit Card
TES-O6712,TES-C6937,2024-02-24,Merchandise,2,77.24,Returned,Cash
TES-O14020,TES-C8349,2025-07-22,Model 3,1,42886.45,Cancelled,Financing
TES-O7155,TES-C8777,2025-09-20,Model X,1,96863.04,Pending,Cash
TES-O7539,TES-C3607,2023-06-22,Supercharging Credits,5,169.26,Cancelled,Financing
TES-O14119,TES-C6799,2023-09-28,Model Y,1,51346.7,Pending,Cash
TES-O8552,TES-C9225,2024-03-26,Solar Panel Kit,1,19636.62,Returned,Lease
TES-O14150,TES-C4018,2024-06-23,Model 3,1,39469.56,Shipped,Financing
TES-O5702,TES-C9732,2025-08-31,Solar Panel Kit,1,24343.37,Delivered,Credit Card
TES-O13962,TES-C1645,2023-09-05,Model S,1,75035.4,Delivered,Lease
TES-O13522,TES-C10915,2025-11-28,Supercharging Credits,5,81.47,Delivered,Lease
TES-O11327,TES-C7653,2024-09-18,Supercharging Credits,4,190.73,Delivered,Cash
TES-O12566,TES-C1653,2025-01-22,Model X,1,96201.94,Delivered,Cash
TES-O13158,TES-C3106,2024-08-01,Powerwall,1,10360.22,Unknown,Credit Card
TES-O10799,TES-C4113,2023-03-01,Solar Panel Kit,1,24400.02,Delivered,Credit Card
TES-O7987,TES-C10031,2023-12-14,Model Y,1,54588.45,Delivered,Credit Card
TES-O8605,TES-C8722,2025-11-05,Model X,1,93778.84,Shipped,Financing
TES-O8125,TES-C4315,2024-09-08,Merchandise,4,64.98,Delivered,Credit Card
TES-O11328,TES-C10515,2024-06-03,Model Y,1,44487.56,Cancelled,Cash
TES-O12392,TES-C4057,2023-06-12,Solar Panel Kit,1,18308.89,Delivered,Lease
TES-O9071,TES-C9572,2023-10-23,Supercharging Credits,3,108.01,Delivered,Financing
TES-O5705,TES-C8695,2023-12-25,Solar Panel Kit,1,21267.5,Shipped,Credit Card
TES-O14538,TES-C1944,2025-01-05,Merchandise,4,22.2,Cancelled,Lease
TES-O7234,TES-C10030,2024-10-01,Solar Panel Kit,1,23116.52,Pending,Lease
TES-O12174,TES-C10164,2023-06-10,Model X,1,98169.56,Pending,Cash
TES-O12895,TES-C3226,2023-12-25,Solar Panel Kit,1,18681.09,Delivered,Financing
TES-O12914,TES-C9847,2023-08-03,Model 3,1,42478.36,Returned,Lease
TES-O10968,TES-C10655,2023-12-28,Solar Panel Kit,1,22077.95,Pending,Credit Card
TES-O13164,TES-C8901,2024-09-03,Merchandise,2,144.97,Delivered,Cash
TES-O13979,TES-C4681,2024-04-22,Model 3,1,47187.37,Delivered,Credit Card
TES-O10962,TES-C1531,2024-05-13,Model 3,1,38290.32,Returned,Lease
TES-O13603,TES-C2074,2025-05-13,Powerwall,1,9583.5,Delivered,Credit Card
TES-O7527,TES-C4765,2024-11-06,Model 3,1,42300.19,Returned,Financing
TES-O12870,TES-C4090,2024-07-03,Model 3,1,39333.17,Delivered,Credit Card
TES-O9223,TES-C1770,2023-01-02,Powerwall,1,11364.32,Cancelled,Cash
TES-O6580,TES-C4896,2024-02-10,Model X,1,94815.98,Delivered,Financing
TES-O5739,TES-C1184,2024-01-14,Model Y,1,53709.45,Cancelled,Cash
TES-O10774,TES-C4402,2025-05-30,Merchandise,2,293.93,Delivered,Lease
TES-O12248,TES-C4861,2024-12-09,Merchandise,5,85.72,Returned,Lease
TES-O7741,TES-C10028,2023-05-17,Solar Panel Kit,1,19189.03,Delivered,Financing
TES-O10770,TES-C9274,2025-02-08,Supercharging Credits,5,11.8,Unknown,Lease
TES-O9228,TES-C5160,2025-08-22,Model S,1,93785.6,Delivered,Credit Card
TES-O6413,TES-C6932,2025-12-24,Powerwall,1,10032.12,Delivered,Cash
TES-O14294,TES-C8136,2024-03-09,Model S,1,90046.96,Delivered,Financing
TES-O6369,TES-C3280,2025-04-13,Supercharging Credits,4,115.05,Delivered,Financing
TES-O13065,TES-C2631,2025-10-10,Model 3,1,44737.79,Delivered,Financing
TES-O5875,TES-C8235,2025-07-17,Solar Panel Kit,1,23107.1,Delivered,Financing
TES-O11276,TES-C1282,2024-08-19,Model X,1,95071.44,Shipped,Lease
TES-O14807,TES-C5155,2023-12-10,Merchandise,3,222.83,Delivered,Credit Card
TES-O11079,TES-C4004,2023-11-13,Model Y,1,45858.95,Delivered,Financing
TES-O8162,TES-C3034,2024-01-11,Model 3,1,42415.78,Unknown,Financing
TES-O5404,TES-C10673,2024-05-17,Supercharging Credits,5,196.35,Returned,Cash
TES-O13427,TES-C9102,2025-12-09,Model X,1,87778.75,Pending,Cash
TES-O11835,TES-C2603,2024-03-21,Solar Panel Kit,1,18681.36,Returned,Credit Card
TES-O14920,TES-C6434,2023-02-08,Powerwall,1,10097.11,Cancelled,Cash
TES-O12449,TES-C2609,2023-08-09,Supercharging Credits,1,99.49,Shipped,Lease
TES-O11241,TES-C10004,2023-02-22,Supercharging Credits,1,18.69,Pending,Cash
TES-O12072,TES-C1757,2024-02-03,Model 3,1,46265.65,Returned,Lease
TES-O6059,TES-C7707,2023-01-24,Powerwall,1,11511.05,Cancelled,Cash
TES-O5408,TES-C1290,2024-04-22,Solar Panel Kit,1,19420.77,Cancelled,Financing
TES-O7759,TES-C2782,2025-07-20,Model Y,1,44180.73,Returned,Lease
TES-O13548,TES-C5026,2025-02-07,Solar Panel Kit,1,22938.95,Returned,Lease
TES-O11887,TES-C2795,2025-06-09,Powerwall,1,9046.74,Delivered,Cash
TES-O9939,TES-C3584,2024-01-09,Powerwall,1,11042.85,Cancelled,Financing
TES-O6119,TES-C10870,2024-07-07,Merchandise,1,291.76,Delivered,Financing
TES-O8830,TES-C6531,2023-06-06,Model 3,1,40578.0,Delivered,Cash
TES-O11138,TES-C5051,2024-08-26,Model S,1,75218.2,Shipped,Financing
TES-O9380,TES-C2419,2023-06-22,Powerwall,1,11118.16,Delivered,Cash
TES-O8268,TES-C9222,2025-03-21,Model S,1,84871.74,Delivered,Lease
TES-O7643,TES-C5831,2023-12-16,Model 3,1,38907.21,Delivered,Credit Card
TES-O5165,TES-C8940,2023-02-18,Model S,1,80975.28,Delivered,Lease
TES-O8833,TES-C4483,2023-02-12,Solar Panel Kit,1,24611.34,Delivered,Cash
TES-O9183,TES-C5103,2024-03-11,Merchandise,3,182.11,Delivered,Cash
TES-O9563,TES-C7066,2025-06-13,Powerwall,1,9861.86,Delivered,Lease
TES-O5906,TES-C5411,2025-06-22,Merchandise,2,34.32,Shipped,Financing
TES-O10845,TES-C2856,2024-09-30,Model 3,1,42434.99,Delivered,Lease
TES-O6230,TES-C10961,2023-10-18,Supercharging Credits,1,168.56,Delivered,Cash
TES-O12379,TES-C9174,2023-10-19,Model X,1,84694.25,Delivered,Financing
TES-O14530,TES-C5505,2025-08-27,Solar Panel Kit,1,15970.37,Pending,Lease
TES-O7771,TES-C6230,2024-02-09,Merchandise,4,49.63,Delivered,Lease
TES-O7551,TES-C8057,2024-10-23,Powerwall,1,9651.92,Returned,Credit Card
TES-O11773,TES-C4131,2024-08-18,Solar Panel Kit,1,19150.7,Delivered,Lease
TES-O6717,TES-C4920,2023-07-22,Model Y,1,54070.77,Returned,Cash
TES-O6224,TES-C5797,2023-11-10,Merchandise,4,69.28,Shipped,Cash
TES-O8544,TES-C1886,2023-11-06,Solar Panel Kit,1,22394.98,Returned,Lease
TES-O6058,TES-C9502,2024-11-04,Model 3,1,47646.18,Delivered,Financing
TES-O9143,TES-C2364,2024-02-24,Model 3,1,45830.5,Cancelled,Lease
TES-O10313,TES-C7493,2025-03-07,Model 3,1,42569.16,Pending,Financing
TES-O11676,TES-C7270,2024-01-05,Model S,1,88233.36,Unknown,Lease
TES-O14259,TES-C2157,2024-02-12,Supercharging Credits,2,109.76,Delivered,Cash
TES-O10093,TES-C1589,2025-08-13,Model Y,1,47681.67,Pending,Lease
TES-O8116,TES-C2584,2025-07-19,Supercharging Credits,1,187.48,Delivered,Lease
TES-O8140,TES-C10654,2024-07-25,Solar Panel Kit,1,21072.28,Cancelled,Cash
TES-O11784,TES-C4662,2023-04-02,Supercharging Credits,3,56.99,Delivered,Financing
TES-O11642,TES-C1016,2023-01-17,Model S,1,77168.38,Cancelled,Financing
TES-O11786,TES-C8375,2024-12-09,Model X,1,97905.43,Cancelled,Credit Card
TES-O10668,TES-C2944,2024-02-27,Powerwall,1,9765.41,Shipped,Lease
TES-O13450,TES-C4383,2024-04-23,Solar Panel Kit,1,22111.48,Pending,Cash
TES-O5881,TES-C9902,2025-03-13,Supercharging Credits,3,184.3,Delivered,Financing
TES-O12663,TES-C6421,2023-12-18,Powerwall,1,10656.4,Shipped,Financing
TES-O8264,TES-C4230,2023-09-08,Model S,1,91327.69,Delivered,Financing
TES-O12013,TES-C9925,2025-03-03,Model X,1,88585.32,Delivered,Cash
TES-O7594,TES-C9722,2025-01-30,Model X,1,93940.25,Shipped,Cash
TES-O12125,TES-C10866,2025-04-28,Merchandise,5,86.05,Delivered,Lease
TES-O5897,TES-C7417,2024-06-19,Powerwall,1,10810.33,Returned,Credit Card
TES-O9712,TES-C3458,2025-09-29,Model X,1,97160.15,Delivered,Lease
TES-O9569,TES-C5553,2024-08-02,Merchandise,1,24.08,Shipped,Financing
TES-O13971,TES-C4936,2025-07-05,Model X,1,92258.92,Delivered,Cash
TES-O10757,TES-C2298,2024-06-29,Model X,1,85786.06,Delivered,Financing
TES-O13116,TES-C7761,2023-07-20,Model X,1,88699.28,Delivered,Financing
TES-O14293,TES-C4836,2025-06-13,Solar Panel Kit,1,16372.98,Shipped,Lease
TES-O12836,TES-C4382,2025-01-30,Model X,1,97113.42,Delivered,Lease
TES-O7691,TES-C7690,2025-12-01,Model 3,1,40489.45,Delivered,Financing
TES-O14511,TES-C3593,2023-09-04,Model Y,1,54098.35,Pending,Cash
TES-O7131,TES-C9992,2025-11-09,Model S,1,86464.04,Returned,Credit Card
TES-O11169,TES-C1858,2025-01-25,Powerwall,1,11123.7,Pending,Lease
TES-O6469,TES-C10484,2025-08-13,Merchandise,2,277.5,Cancelled,Cash
TES-O8461,TES-C9919,2025-04-24,Powerwall,1,9249.31,Cancelled,Lease
TES-O9195,TES-C2146,2024-05-14,Model S,1,81022.01,Delivered,Financing
TES-O13772,TES-C7133,2023-12-14,Model S,1,85366.17,Delivered,Credit Card
TES-O11431,TES-C2793,2025-08-26,Solar Panel Kit,1,22203.75,Pending,Credit Card
TES-O13544,TES-C5033,2023-04-20,Supercharging Credits,2,81.89,Unknown,Financing
TES-O12902,TES-C9516,2025-07-10,Model 3,1,38131.17,Delivered,Lease
TES-O6518,TES-C9250,2024-06-05,Powerwall,1,11931.29,Pending,Cash
TES-O8005,TES-C1135,2025-02-01,Model X,1,88176.49,Cancelled,Cash
TES-O6122,TES-C8744,2025-10-29,Model 3,1,41303.94,Unknown,Lease
TES-O8225,TES-C10855,2024-06-27,Model 3,1,47061.86,Pending,Lease
TES-O10028,TES-C5375,2025-04-12,Powerwall,1,10985.05,Pending,Credit Card
TES-O11775,TES-C4905,2025-06-07,Merchandise,2,182.18,Shipped,Credit Card
TES-O12834,TES-C6804,2023-12-20,Supercharging Credits,1,55.26,Unknown,Lease
TES-O6286,TES-C3953,2023-04-29,Model 3,1,47086.7,Delivered,Credit Card
TES-O7788,TES-C8680,2025-03-06,Powerwall,1,10171.98,Delivered,Cash
TES-O13198,TES-C8354,2024-05-14,Model X,1,98140.88,Pending,Credit Card
TES-O6696,TES-C9123,2025-12-14,Model 3,1,46437.81,Delivered,Financing
TES-O6273,TES-C10969,2025-11-07,Model X,1,95296.88,Cancelled,Lease
TES-O11243,TES-C6969,2025-02-18,Model X,1,83061.19,Delivered,Financing
TES-O7503,TES-C1381,2025-12-03,Supercharging Credits,2,102.16,Unknown,Credit Card
TES-O13928,TES-C10709,2024-06-18,Solar Panel Kit,1,24161.04,Shipped,Financing
TES-O6961,TES-C2415,2023-09-16,Model 3,1,46632.26,Delivered,Credit Card
TES-O12165,TES-C3728,2023-02-05,Powerwall,1,10097.79,Delivered,Lease
TES-O14234,TES-C4008,2023-01-22,Model S,1,94743.16,Shipped,Cash
TES-O11620,TES-C2789,2024-10-19,Model S,1,87795.32,Cancelled,Financing
TES-O7395,TES-C2777,2023-06-04,Model 3,1,47342.21,Delivered,Credit Card
TES-O12682,TES-C9356,2023-02-27,Supercharging Credits,4,145.93,Delivered,Financing
TES-O8420,TES-C9570,2024-04-20,Model Y,1,43020.85,Delivered,Cash
TES-O13191,TES-C6442,2024-06-22,Model X,1,89294.9,Cancelled,Financing
TES-O11260,TES-C7524,2025-12-15,Merchandise,1,148.09,Delivered,Lease
TES-O12530,TES-C8352,2023-09-19,Solar Panel Kit,1,24977.59,Shipped,Lease
TES-O9957,TES-C6777,2024-09-20,Model S,1,82431.98,Cancelled,Cash
TES-O11604,TES-C5953,2024-02-28,Supercharging Credits,5,36.91,Delivered,Lease
TES-O10506,TES-C2002,2025-12-05,Model 3,1,47959.33,Shipped,Financing
TES-O11263,TES-C7068,2023-01-21,Model X,1,96421.39,Delivered,Lease
TES-O8198,TES-C7209,2024-10-25,Model 3,1,45214.26,Delivered,Financing
TES-O13350,TES-C10317,2025-12-20,Model S,1,87334.2,Returned,Credit Card
TES-O9445,TES-C1846,2024-06-21,Powerwall,1,11942.55,Delivered,Cash
TES-O6800,TES-C6200,2024-12-23,Model X,1,92879.5,Shipped,Lease
TES-O10511,TES-C9999,2024-11-20,Powerwall,1,10253.26,Delivered,Cash
TES-O14560,TES-C6496,2024-02-23,Powerwall,1,9068.24,Returned,Credit Card
TES-O12638,TES-C3456,2023-10-28,Model S,1,88699.91,Unknown,Financing
TES-O14413,TES-C10064,2023-12-02,Model S,1,76624.28,Pending,Financing
TES-O10895,TES-C10538,2025-12-22,Model S,1,86459.26,Delivered,Financing
TES-O14033,TES-C3588,2025-01-08,Model X,1,98884.48,Delivered,Cash
TES-O12741,TES-C10503,2025-11-17,Merchandise,1,265.87,Delivered,Credit Card
TES-O5280,TES-C2340,2023-12-13,Model S,1,89475.0,Cancelled,Financing
TES-O5471,TES-C6436,2024-05-21,Supercharging Credits,1,43.16,Delivered,Cash
TES-O13011,TES-C4939,2024-03-29,Solar Panel Kit,1,19363.48,Delivered,Cash
TES-O7564,TES-C2625,2024-05-14,Solar Panel Kit,1,18947.65,Pending,Credit Card
TES-O14139,TES-C6192,2025-07-20,Powerwall,1,11667.03,Pending,Cash
TES-O11335,TES-C9999,2023-07-08,Merchandise,1,207.91,Delivered,Financing
TES-O12675,TES-C3122,2023-12-19,Model X,1,93625.34,Delivered,Financing
TES-O12388,TES-C10916,2025-10-14,Model X,1,94741.62,Cancelled,Lease
TES-O12092,TES-C3849,2023-08-09,Powerwall,1,9937.98,Returned,Lease
TES-O10867,TES-C5999,2025-11-03,Model S,1,94685.19,Shipped,Financing
TES-O12426,TES-C2179,2025-08-27,Model 3,1,39965.01,Cancelled,Lease
TES-O11384,TES-C9999,2024-01-13,Supercharging Credits,5,177.28,Pending,Financing
TES-O12006,TES-C4706,2024-07-06,Model Y,1,51448.33,Shipped,Lease
TES-O14000,TES-C9599,2025-09-09,Merchandise,5,126.37,Delivered,Financing
TES-O12857,TES-C6369,2023-03-01,Powerwall,1,11662.9,Delivered,Financing
TES-O9308,TES-C4300,2025-06-06,Model Y,1,47975.94,Returned,Credit Card
TES-O14476,TES-C1380,2024-11-20,Supercharging Credits,5,92.91,Pending,Credit Card
TES-O12705,TES-C9789,2023-05-18,Merchandise,5,30.8,Delivered,Cash
TES-O11494,TES-C10549,2024-11-18,Model S,1,84433.6,Unknown,Lease
TES-O8435,TES-C6896,2025-12-25,Merchandise,4,179.89,Shipped,Cash
TES-O6036,TES-C5931,2024-01-12,Supercharging Credits,2,124.55,Shipped,Lease
TES-O7100,TES-C5972,2024-05-03,Merchandise,1,44.85,Cancelled,Financing
TES-O14149,TES-C2375,2025-02-17,Merchandise,1,148.37,Delivered,Credit Card
TES-O9112,TES-C6460,2023-06-10,Model S,1,90516.94,Delivered,Financing
TES-O9780,TES-C2226,2025-12-30,Model Y,1,53472.68,Shipped,Financing
TES-O10709,TES-C1220,2025-10-29,Supercharging Credits,2,138.12,Delivered,Financing
TES-O10622,TES-C9793,2024-05-21,Model 3,1,39593.95,Pending,Financing
TES-O7073,TES-C1002,2023-12-26,Supercharging Credits,3,46.05,Cancelled,Cash
TES-O9286,TES-C8270,2025-12-05,Model Y,1,52390.51,Delivered,Lease
TES-O8747,TES-C9999,2025-02-15,Model S,1,81523.54,Delivered,Lease
TES-O10576,TES-C8140,2024-08-14,Model S,1,81961.08,Shipped,Financing
TES-O10792,TES-C10708,2025-04-03,Model S,1,89326.95,Delivered,Cash
TES-O7068,TES-C5813,2023-08-10,Supercharging Credits,5,164.16,Delivered,Lease
TES-O6663,TES-C3666,2023-02-24,Model Y,1,49162.7,Delivered,Cash
TES-O11647,TES-C9084,2024-05-21,Model X,1,99860.48,Delivered,Credit Card
TES-O7455,TES-C8599,2025-06-30,Model S,1,94225.54,Shipped,Lease
TES-O8555,TES-C7420,2025-02-10,Model S,1,93527.77,Shipped,Cash
TES-O10125,TES-C5797,2024-12-01,Merchandise,1,108.86,Delivered,Credit Card
TES-O9632,TES-C8492,2023-07-01,Supercharging Credits,3,49.47,Pending,Lease
TES-O13996,TES-C4508,2025-01-24,Merchandise,2,213.53,Delivered,Lease
TES-O10748,TES-C9932,2023-09-29,Merchandise,1,84.84,Delivered,Financing
TES-O7359,TES-C6627,2024-09-21,Model Y,1,53716.65,Delivered,Credit Card
TES-O6014,TES-C6516,2023-07-13,Model X,1,94340.06,Delivered,Financing
TES-O5037,TES-C8372,2024-02-22,Model Y,1,50801.9,Shipped,Credit Card
TES-O13531,TES-C8363,2025-11-04,Model X,1,84844.8,Delivered,Lease
TES-O7078,TES-C3816,2023-12-02,Powerwall,1,10904.84,Pending,Financing
TES-O8680,TES-C5375,2024-04-02,Powerwall,1,9113.8,Pending,Credit Card
TES-O11766,TES-C9251,2023-10-12,Model X,1,94865.63,Delivered,Cash
TES-O7983,TES-C8762,2024-07-24,Model X,1,81545.87,Returned,Cash
TES-O11034,TES-C1621,2023-09-09,Merchandise,5,45.08,Shipped,Cash
TES-O7006,TES-C10330,2024-09-26,Model X,1,82069.47,Pending,Lease
TES-O5107,TES-C5720,2023-08-29,Merchandise,3,128.17,Shipped,Financing
TES-O9908,TES-C2934,2023-10-12,Model 3,1,41928.97,Delivered,Cash
TES-O11009,TES-C10038,2023-10-17,Model Y,1,48138.17,Delivered,Lease
TES-O10936,TES-C6619,2023-09-14,Merchandise,2,248.56,Delivered,Lease
TES-O6910,TES-C10548,2025-09-12,Model X,1,98041.12,Delivered,Financing
TES-O9591,TES-C2996,2024-07-10,Model X,1,84060.03,Delivered,Lease
TES-O5781,TES-C6204,2023-11-12,Powerwall,1,9345.8,Shipped,Lease
TES-O10520,TES-C9831,2023-02-20,Model 3,1,44118.44,Delivered,Financing
TES-O12676,TES-C4474,2025-03-04,Powerwall,1,9037.8,Pending,Cash
TES-O10574,TES-C4183,2024-02-15,Supercharging Credits,5,153.85,Delivered,Lease
TES-O13128,TES-C4537,2025-01-16,Solar Panel Kit,1,24965.08,Delivered,Cash
TES-O7471,TES-C4737,2025-08-28,Solar Panel Kit,1,17982.92,Delivered,Lease
TES-O5058,TES-C9472,2025-06-23,Model S,1,84519.46,Cancelled,Credit Card
TES-O6416,TES-C4926,2023-06-15,Model S,1,92263.71,Delivered,Cash
TES-O13682,TES-C7591,2024-03-06,Powerwall,1,9187.62,Delivered,Financing
TES-O8900,TES-C1099,2024-02-26,Merchandise,3,262.05,Delivered,Lease
TES-O5169,TES-C6572,2025-07-14,Solar Panel Kit,1,17042.01,Pending,Lease
TES-O6629,TES-C9207,2024-11-09,Supercharging Credits,1,159.94,Cancelled,Credit Card
TES-O9268,TES-C6779,2023-11-14,Model 3,1,45387.97,Returned,Credit Card
TES-O9661,TES-C9012,2024-09-24,Solar Panel Kit,1,23810.56,Pending,Financing
TES-O11270,TES-C10311,2023-04-30,Model Y,1,51670.25,Cancelled,Lease
TES-O7038,TES-C3168,2025-08-16,Model S,1,76294.63,Cancelled,Lease
TES-O13720,TES-C1993,2024-10-31,Model Y,1,50747.23,Delivered,Financing
TES-O9819,TES-C2411,2024-08-25,Model S,1,80585.12,Delivered,Credit Card
TES-O8733,TES-C4871,2024-09-10,Model Y,1,43708.52,Cancelled,Cash
TES-O9910,TES-C8405,2023-01-27,Model Y,1,47326.7,Delivered,Credit Card
TES-O5232,TES-C4413,2023-06-28,Solar Panel Kit,1,22790.69,Delivered,Financing
TES-O8625,TES-C10065,2023-10-08,Model Y,1,54461.9,Delivered,Financing
TES-O12476,TES-C7385,2024-07-08,Model X,1,86626.52,Returned,Cash
TES-O14352,TES-C5478,2024-04-29,Merchandise,5,149.56,Pending,Cash
TES-O7311,TES-C7421,2023-07-22,Solar Panel Kit,1,21074.29,Returned,Lease
TES-O10659,TES-C10459,2023-07-10,Model X,1,80935.49,Shipped,Credit Card
TES-O9334,TES-C10294,2024-10-22,Powerwall,1,9302.85,Delivered,Financing
TES-O5421,TES-C10717,2024-09-12,Model X,1,96865.91,Cancelled,Financing
TES-O10635,TES-C3458,2024-05-01,Model S,1,78168.68,Delivered,Credit Card
TES-O9558,TES-C9896,2025-09-15,Supercharging Credits,3,198.69,Shipped,Lease
TES-O6279,TES-C1408,2024-08-23,Solar Panel Kit,1,23301.1,Pending,Cash
TES-O13868,TES-C7108,2024-05-16,Model X,1,94231.61,Pending,Credit Card
TES-O5649,TES-C10479,2025-10-08,Model Y,1,49943.69,Cancelled,Lease
TES-O10954,TES-C6309,2025-12-09,Merchandise,3,138.18,Pending,Credit Card
TES-O10503,TES-C9824,2024-01-08,Model 3,1,39779.25,Shipped,Cash
TES-O6979,TES-C3111,2024-10-20,Powerwall,1,11555.17,Cancelled,Lease
TES-O14984,TES-C8706,2024-10-11,Solar Panel Kit,1,18259.66,Shipped,Financing
TES-O10516,TES-C7638,2023-09-01,Model 3,1,39745.19,Returned,Credit Card
TES-O12789,TES-C2198,2024-04-17,Model X,1,98962.15,Returned,Credit Card
TES-O8861,TES-C7650,2024-07-28,Supercharging Credits,5,116.8,Delivered,Cash
TES-O8008,TES-C5169,2025-11-24,Model 3,1,39397.93,Pending,Credit Card
TES-O14852,TES-C10809,2025-11-08,Model S,1,90541.39,Returned,Financing
TES-O7565,TES-C8982,2023-06-30,Solar Panel Kit,1,15832.55,Shipped,Cash
TES-O11983,TES-C10047,2023-12-01,Solar Panel Kit,1,22536.77,Delivered,Financing
TES-O9421,TES-C5393,2023-08-20,Solar Panel Kit,1,15826.49,Delivered,Credit Card
TES-O6094,TES-C8020,2023-05-20,Supercharging Credits,5,77.0,Delivered,Financing
TES-O5151,TES-C1140,2025-09-14,Solar Panel Kit,1,18611.36,Delivered,Financing
TES-O6980,TES-C9068,2024-07-02,Merchandise,5,121.15,Shipped,Cash
TES-O6321,TES-C9301,2023-12-20,Model Y,1,43804.7,Returned,Lease
TES-O12866,TES-C10871,2024-08-25,Merchandise,1,260.28,Cancelled,Financing
TES-O12373,TES-C1064,2023-11-22,Model X,1,87367.35,Returned,Cash
TES-O12208,TES-C7021,2023-10-07,Solar Panel Kit,1,21423.94,Cancelled,Cash
TES-O10229,TES-C1094,2023-01-29,Model 3,1,44096.03,Shipped,Cash
TES-O10376,TES-C3862,2024-06-14,Supercharging Credits,1,140.55,Cancelled,Credit Card
TES-O6847,TES-C10887,2023-07-29,Supercharging Credits,1,56.33,Delivered,Lease
TES-O10657,TES-C3464,2025-03-26,Powerwall,1,9802.21,Shipped,Financing
TES-O7030,TES-C3276,2025-06-06,Model 3,1,40485.43,Delivered,Financing
TES-O5220,TES-C2036,2023-11-14,Model X,1,80898.62,Delivered,Lease
TES-O11230,TES-C4662,2023-12-03,Model X,1,80142.55,Unknown,Credit Card
TES-O10179,TES-C5406,2024-05-14,Model Y,1,43767.07,Delivered,Cash
TES-O12338,TES-C5470,2023-05-14,Merchandise,4,240.75,Cancelled,Cash
TES-O5406,TES-C9437,2025-12-16,Powerwall,1,9264.2,Delivered,Credit Card
TES-O8585,TES-C6618,2024-09-30,Model 3,1,39434.94,Pending,Financing
TES-O9333,TES-C9415,2025-09-21,Model S,1,81897.2,Cancelled,Financing
TES-O5378,TES-C9144,2025-08-24,Model Y,1,43326.55,Cancelled,Cash
TES-O11123,TES-C4079,2024-09-03,Powerwall,1,10183.24,Cancelled,Financing
TES-O11742,TES-C9667,2023-03-06,Powerwall,1,11027.87,Returned,Credit Card
TES-O13550,TES-C9510,2025-05-22,Supercharging Credits,3,67.41,Shipped,Financing
TES-O9357,TES-C9012,2025-10-24,Supercharging Credits,3,148.86,Delivered,Financing
TES-O11549,TES-C6599,2023-06-14,Model S,1,79245.79,Shipped,Cash
TES-O12685,TES-C1117,2025-10-10,Model 3,1,46166.46,Delivered,Lease
TES-O8240,TES-C7206,2025-01-23,Powerwall,1,9629.74,Delivered,Cash
TES-O11816,TES-C3329,2024-10-30,Merchandise,1,59.88,Delivered,Lease
TES-O6561,TES-C1078,2025-03-01,Model Y,1,51630.47,Delivered,Lease
TES-O10351,TES-C5151,2023-10-23,Powerwall,1,9127.9,Delivered,Cash
TES-O6025,TES-C10977,2023-11-10,Model X,1,95847.69,Delivered,Credit Card
TES-O8086,TES-C1411,2025-12-14,Model S,1,93773.06,Cancelled,Cash
TES-O14395,TES-C10886,2024-07-09,Model 3,1,42057.02,Pending,Lease
TES-O5929,TES-C10158,2024-12-09,Merchandise,1,132.53,Delivered,Financing
TES-O5397,TES-C2262,2023-01-01,Merchandise,2,215.0,Returned,Cash
TES-O6508,TES-C2451,2025-03-20,Model 3,1,38100.75,Delivered,Lease
TES-O7393,TES-C8672,2023-12-25,Model X,1,96410.73,Delivered,Cash
TES-O8218,TES-C4167,2025-10-14,Model Y,1,45105.44,Delivered,Lease
TES-O6165,TES-C4458,2025-09-06,Model X,1,97957.13,Shipped,Lease
TES-O5704,TES-C5594,2024-05-02,Merchandise,5,218.34,Shipped,Financing
TES-O5243,TES-C7727,2023-06-16,Model S,1,89836.42,Pending,Financing
TES-O7149,TES-C9285,2025-04-21,Model X,1,94250.32,Pending,Credit Card
TES-O14789,TES-C7814,2023-05-23,Model Y,1,48179.58,Shipped,Financing
TES-O8572,TES-C9995,2025-04-02,Supercharging Credits,5,40.43,Returned,Financing
TES-O8978,TES-C6566,2024-02-19,Model 3,1,46207.6,Pending,Credit Card
TES-O6446,TES-C4160,2025-06-05,Model X,1,97151.47,Returned,Lease
TES-O11306,TES-C1035,2023-08-30,Supercharging Credits,5,19.33,Pending,Cash
TES-O8567,TES-C9338,2024-05-27,Supercharging Credits,1,37.24,Delivered,Credit Card
TES-O6323,TES-C3789,2024-12-15,Model Y,1,49002.26,Delivered,Financing
TES-O13499,TES-C2369,2023-10-08,Merchandise,4,147.07,Pending,Financing
TES-O9700,TES-C5369,2023-07-14,Model Y,1,42768.8,Shipped,Credit Card
TES-O5174,TES-C8382,2024-02-11,Powerwall,1,10809.62,Shipped,Credit Card
TES-O7430,TES-C8811,2024-07-29,Merchandise,5,283.01,Cancelled,Lease
TES-O13635,TES-C6413,2024-06-05,Model Y,1,51848.25,Delivered,Financing
TES-O5514,TES-C7045,2023-06-25,Merchandise,5,246.04,Unknown,Credit Card
TES-O11870,TES-C7778,2025-07-12,Model S,1,76968.08,Delivered,Cash
TES-O7903,TES-C5406,2025-10-28,Supercharging Credits,5,164.82,Delivered,Lease
TES-O14933,TES-C4954,2025-02-26,Solar Panel Kit,1,20756.17,Delivered,Credit Card
TES-O7389,TES-C3466,2025-07-29,Supercharging Credits,3,72.5,Cancelled,Cash
TES-O6186,TES-C6550,2023-10-04,Model Y,1,46042.53,Delivered,Cash
TES-O7832,TES-C9439,2023-06-03,Model 3,1,45089.99,Delivered,Cash
TES-O14084,TES-C6875,2023-09-13,Model Y,1,47546.81,Delivered,Credit Card
TES-O10455,TES-C9999,2023-11-04,Model S,1,80161.39,Delivered,Lease
TES-O9352,TES-C2091,2024-06-06,Model X,1,89576.95,Shipped,Financing
TES-O5059,TES-C5992,2025-06-09,Model X,1,88715.01,Delivered,Financing
TES-O12361,TES-C2727,2023-07-27,Model Y,1,43372.96,Delivered,Cash
TES-O13944,TES-C4701,2025-09-15,Supercharging Credits,5,88.83,Shipped,Credit Card
TES-O12348,TES-C8071,2023-09-09,Merchandise,5,44.68,Delivered,Cash
TES-O7315,TES-C3460,2023-07-05,Powerwall,1,10949.25,Cancelled,Financing
TES-O13423,TES-C7057,2025-10-29,Model 3,1,47950.26,Delivered,Credit Card
TES-O9294,TES-C6153,2024-01-25,Model X,1,90638.08,Cancelled,Lease
TES-O8607,TES-C9348,2025-11-05,Supercharging Credits,1,158.84,Cancelled,Credit Card
TES-O9816,TES-C2802,2024-09-27,Solar Panel Kit,1,15427.68,Cancelled,Lease
TES-O14371,TES-C4352,2025-01-11,Model Y,1,52746.41,Delivered,Credit Card
TES-O5980,TES-C7855,2025-05-14,Powerwall,1,10401.51,Pending,Lease
TES-O8780,TES-C2791,2025-05-08,Model 3,1,41711.15,Delivered,Lease
TES-O14725,TES-C5133,2025-08-16,Solar Panel Kit,1,18242.69,Delivered,Financing
TES-O10843,TES-C2340,2025-08-19,Merchandise,2,198.11,Delivered,Cash
TES-O12049,TES-C4002,2025-08-17,Model X,1,98485.91,Cancelled,Financing
TES-O13122,TES-C9263,2025-02-25,Solar Panel Kit,1,24059.72,Delivered,Financing
TES-O7447,TES-C9493,2025-07-12,Model 3,1,42595.14,Delivered,Lease
TES-O10958,TES-C3053,2025-07-12,Model Y,1,45765.16,Pending,Lease
TES-O9688,TES-C3605,2025-09-09,Powerwall,1,10219.29,Delivered,Financing
TES-O14838,TES-C7183,2024-01-17,Model X,1,88102.63,Cancelled,Lease
TES-O6069,TES-C2170,2024-03-31,Powerwall,1,10388.94,Returned,Credit Card
TES-O7419,TES-C5217,2024-02-29,Model Y,1,49728.62,Cancelled,Cash
TES-O13796,TES-C4798,2024-05-07,Model Y,1,51339.7,Pending,Financing
TES-O7263,TES-C2936,2025-05-25,Model 3,1,39987.72,Cancelled,Cash
TES-O9810,TES-C4183,2025-03-03,Merchandise,4,123.8,Shipped,Credit Card
TES-O7879,TES-C1989,2025-06-10,Model S,1,94907.97,Delivered,Financing
TES-O5496,TES-C5778,2023-10-22,Solar Panel Kit,1,16841.82,Unknown,Financing
TES-O10687,TES-C4801,2024-07-30,Model Y,1,50746.7,Returned,Cash
TES-O9020,TES-C7974,2023-02-09,Powerwall,1,9713.61,Delivered,Cash
TES-O7185,TES-C1973,2025-06-16,Solar Panel Kit,1,24392.36,Delivered,Lease
TES-O9854,TES-C6663,2024-12-06,Model Y,1,44881.7,Pending,Cash
TES-O7080,TES-C8262,2025-01-13,Powerwall,1,10012.18,Delivered,Lease
TES-O12102,TES-C1353,2023-03-26,Solar Panel Kit,1,17362.24,Unknown,Financing
TES-O14620,TES-C5224,2023-07-24,Merchandise,1,42.67,Delivered,Credit Card
TES-O6890,TES-C9275,2024-12-28,Model X,1,88526.33,Delivered,Lease
TES-O8378,TES-C2418,2025-11-17,Merchandise,2,156.41,Delivered,Lease
TES-O6897,TES-C3826,2023-10-18,Supercharging Credits,1,132.56,Returned,Lease
TES-O7916,TES-C10486,2024-03-04,Solar Panel Kit,1,21958.29,Shipped,Financing
TES-O14618,TES-C6248,2025-08-15,Powerwall,1,11989.51,Delivered,Credit Card
TES-O14379,TES-C8797,2024-04-13,Model 3,1,39265.82,Delivered,Credit Card
TES-O11912,TES-C6211,2025-05-12,Model S,1,86673.71,Pending,Financing
TES-O6875,TES-C2239,2025-09-21,Model 3,1,38897.0,Pending,Cash
TES-O11162,TES-C10659,2023-06-21,Model X,1,99568.95,Shipped,Cash
TES-O7101,TES-C1069,2023-07-01,Model X,1,84538.29,Unknown,Credit Card
TES-O9200,TES-C2859,2025-09-16,Solar Panel Kit,1,23767.27,Shipped,Cash
TES-O12105,TES-C9658,2023-11-08,Supercharging Credits,3,75.51,Delivered,Lease
TES-O5188,TES-C6105,2023-05-16,Supercharging Credits,4,54.42,Returned,Financing
TES-O9943,TES-C6812,2023-05-10,Merchandise,2,143.26,Unknown,Credit Card
TES-O12878,TES-C3999,2025-01-05,Model 3,1,41907.3,Delivered,Credit Card
TES-O14858,TES-C4859,2023-08-19,Supercharging Credits,5,58.83,Returned,Cash
TES-O5146,TES-C10051,2025-01-10,Model Y,1,49388.57,Delivered,Cash
TES-O12201,TES-C8184,2023-07-13,Powerwall,1,9790.81,Delivered,Credit Card
TES-O12405,TES-C8624,2024-06-12,Model 3,1,45367.69,Delivered,Lease
TES-O10342,TES-C6849,2025-02-14,Supercharging Credits,3,113.21,Delivered,Financing
TES-O11765,TES-C3569,2025-08-23,Powerwall,1,11236.03,Pending,Lease
TES-O10463,TES-C9092,2023-10-21,Merchandise,1,140.95,Shipped,Cash
TES-O5264,TES-C5641,2024-12-27,Merchandise,4,110.31,Delivered,Lease
TES-O8175,TES-C4114,2023-04-02,Powerwall,1,9294.29,Shipped,Financing
TES-O13871,TES-C2012,2025-11-27,Model X,1,86452.89,Delivered,Cash
TES-O5784,TES-C4393,2024-06-16,Powerwall,1,11204.71,Delivered,Cash
TES-O6672,TES-C2357,2023-04-26,Solar Panel Kit,1,17181.62,Delivered,Credit Card
TES-O12783,TES-C5861,2025-01-06,Model X,1,97325.53,Returned,Lease
TES-O14134,TES-C3599,2023-08-30,Supercharging Credits,1,187.32,Delivered,Cash
TES-O8971,TES-C6527,2023-07-28,Powerwall,1,11948.3,Delivered,Financing
TES-O14951,TES-C7745,2023-05-24,Solar Panel Kit,1,21358.94,Cancelled,Cash
TES-O10743,TES-C1152,2024-06-08,Model S,1,81449.03,Returned,Credit Card
TES-O5696,TES-C9568,2023-09-28,Model 3,1,41188.52,Shipped,Cash
TES-O13530,TES-C2793,2024-03-20,Model 3,1,43912.22,Delivered,Financing
TES-O7904,TES-C6640,2024-11-21,Model X,1,85294.72,Delivered,Credit Card
TES-O5266,TES-C8095,2023-09-08,Merchandise,1,28.01,Cancelled,Lease
TES-O13201,TES-C2908,2025-07-23,Powerwall,1,9334.13,Shipped,Cash
TES-O9766,TES-C5738,2024-01-10,Model X,1,87191.45,Cancelled,Financing
TES-O6015,TES-C5800,2024-01-07,Powerwall,1,9707.25,Delivered,Financing
TES-O12428,TES-C7053,2023-05-27,Merchandise,5,210.12,Cancelled,Financing
TES-O7874,TES-C9686,2024-12-23,Merchandise,4,250.8,Delivered,Lease
TES-O7787,TES-C3362,2024-08-09,Merchandise,5,181.98,Returned,Lease
TES-O13064,TES-C6074,2024-11-04,Model X,1,99974.9,Pending,Credit Card
TES-O13935,TES-C8357,2023-08-28,Powerwall,1,9397.52,Shipped,Cash
TES-O12374,TES-C7447,2023-12-18,Model X,1,91745.74,Shipped,Financing
TES-O6645,TES-C3856,2023-04-20,Powerwall,1,9811.71,Delivered,Financing
TES-O10872,TES-C4632,2024-02-26,Solar Panel Kit,1,21225.14,Delivered,Credit Card
TES-O9536,TES-C9290,2023-11-30,Model X,1,90223.76,Delivered,Financing
TES-O14058,TES-C1649,2024-03-20,Model 3,1,38531.19,Delivered,Credit Card
TES-O11265,TES-C2589,2025-07-23,Model S,1,90030.81,Returned,Financing
TES-O13954,TES-C9236,2023-11-12,Supercharging Credits,4,18.18,Shipped,Financing
TES-O7597,TES-C9677,2024-06-12,Supercharging Credits,3,174.55,Delivered,Cash
TES-O6173,TES-C1012,2024-08-25,Merchandise,2,96.2,Unknown,Credit Card
TES-O7699,TES-C1709,2023-05-18,Supercharging Credits,1,116.32,Returned,Financing
TES-O10633,TES-C4124,2024-01-30,Model Y,1,46234.18,Cancelled,Lease
TES-O14051,TES-C5232,2024-12-20,Model 3,1,40161.47,Returned,Lease
TES-O14021,TES-C1168,2024-06-18,Merchandise,2,281.24,Delivered,Financing
TES-O6320,TES-C7077,2023-10-27,Model 3,1,42206.45,Returned,Financing
TES-O7409,TES-C4445,2024-01-05,Supercharging Credits,4,190.45,Cancelled,Credit Card
TES-O11864,TES-C8075,2024-12-27,Merchandise,4,246.41,Delivered,Credit Card
TES-O10364,TES-C8501,2025-11-24,Model S,1,90485.16,Cancelled,Cash
TES-O7783,TES-C7440,2023-09-16,Supercharging Credits,1,74.94,Cancelled,Lease
TES-O12957,TES-C1552,2023-03-29,Model X,1,86288.1,Delivered,Cash
TES-O10221,TES-C3450,2025-04-26,Model S,1,92025.71,Delivered,Lease
TES-O8073,TES-C8220,2024-08-09,Model Y,1,52452.68,Shipped,Financing
TES-O6203,TES-C5236,2024-03-30,Merchandise,1,227.91,Cancelled,Cash
TES-O7502,TES-C9820,2025-04-19,Model 3,1,44380.53,Delivered,Cash
TES-O6624,TES-C9303,2023-05-22,Model S,1,76356.02,Returned,Lease
TES-O9130,TES-C10924,2024-08-01,Solar Panel Kit,1,15666.5,Cancelled,Cash
TES-O10423,TES-C1088,2023-08-09,Model 3,1,41651.03,Pending,Financing
TES-O14812,TES-C7713,2025-01-17,Supercharging Credits,3,114.82,Shipped,Cash
TES-O10674,TES-C7423,2023-06-17,Powerwall,1,11934.6,Delivered,Lease
TES-O14996,TES-C4902,2023-02-08,Solar Panel Kit,1,19989.58,Delivered,Credit Card
TES-O9295,TES-C5029,2024-05-16,Model X,1,95010.29,Delivered,Financing
TES-O14543,TES-C2467,2024-03-27,Merchandise,5,128.62,Pending,Credit Card
TES-O7281,TES-C8063,2025-10-23,Solar Panel Kit,1,20543.93,Cancelled,Cash
TES-O6633,TES-C8179,2024-12-26,Powerwall,1,10622.98,Delivered,Cash
TES-O7946,TES-C10124,2024-09-20,Powerwall,1,10354.27,Delivered,Cash
TES-O11903,TES-C5282,2025-07-07,Model Y,1,46355.72,Delivered,Financing
TES-O14635,TES-C8241,2023-02-10,Model 3,1,38966.41,Pending,Lease
TES-O13428,TES-C5779,2024-10-20,Model 3,1,41736.93,Returned,Lease
TES-O11035,TES-C2215,2024-08-01,Supercharging Credits,5,106.13,Returned,Cash
TES-O13730,TES-C3074,2023-05-27,Powerwall,1,11316.31,Cancelled,Credit Card
TES-O10105,TES-C7841,2023-02-24,Supercharging Credits,3,17.31,Delivered,Credit Card
TES-O7379,TES-C9521,2023-08-01,Powerwall,1,11504.08,Pending,Lease
TES-O8018,TES-C4305,2025-08-09,Model S,1,77839.43,Delivered,Financing
TES-O6843,TES-C10340,2024-09-30,Supercharging Credits,4,165.94,Returned,Lease
TES-O10732,TES-C4176,2025-12-31,Model 3,1,39232.46,Shipped,Financing
TES-O10063,TES-C3543,2024-09-03,Model S,1,87260.69,Pending,Credit Card
TES-O14911,TES-C2344,2025-04-07,Solar Panel Kit,1,20606.27,Cancelled,Financing
TES-O6261,TES-C9105,2025-01-25,Model Y,1,42643.95,Returned,Financing
TES-O12920,TES-C1230,2023-12-31,Model Y,1,44261.5,Shipped,Cash
TES-O14217,TES-C8968,2025-10-29,Solar Panel Kit,1,21843.48,Delivered,Cash
TES-O13808,TES-C7653,2024-02-22,Powerwall,1,10115.98,Returned,Lease
TES-O8072,TES-C8733,2025-09-15,Model Y,1,46616.46,Delivered,Financing
TES-O11660,TES-C7162,2024-04-16,Model X,1,95806.17,Cancelled,Credit Card
TES-O5181,TES-C2401,2023-09-07,Model 3,1,44948.2,Delivered,Financing
TES-O6813,TES-C7258,2024-11-02,Solar Panel Kit,1,23472.16,Pending,Credit Card
TES-O5418,TES-C7447,2024-02-21,Solar Panel Kit,1,22260.62,Pending,Credit Card
TES-O11901,TES-C3136,2023-04-28,Solar Panel Kit,1,23515.23,Cancelled,Credit Card
TES-O14429,TES-C2980,2023-07-28,Model Y,1,51891.48,Delivered,Lease
TES-O10727,TES-C10801,2025-10-07,Model Y,1,44747.66,Delivered,Cash
TES-O6155,TES-C4208,2025-05-21,Model Y,1,47789.07,Delivered,Financing
TES-O14730,TES-C2630,2024-02-26,Solar Panel Kit,1,18372.78,Shipped,Financing
TES-O10399,TES-C9404,2024-01-05,Model 3,1,45959.51,Pending,Financing
TES-O6328,TES-C10244,2024-05-10,Solar Panel Kit,1,16677.94,Delivered,Lease
TES-O12645,TES-C5489,2023-08-01,Merchandise,1,20.67,Cancelled,Cash
TES-O14582,TES-C8314,2024-03-15,Model 3,1,40443.71,Delivered,Lease
TES-O7459,TES-C7989,2023-05-10,Model S,1,88755.07,Unknown,Credit Card
TES-O7412,TES-C10359,2025-03-11,Model S,1,86361.18,Pending,Cash
TES-O5092,TES-C1808,2024-12-08,Supercharging Credits,3,87.76,Delivered,Lease
TES-O8841,TES-C8642,2023-04-12,Model S,1,93005.74,Delivered,Cash
TES-O10031,TES-C2291,2024-03-30,Model X,1,97879.31,Delivered,Lease
TES-O11148,TES-C6919,2023-06-06,Merchandise,3,203.62,Delivered,Credit Card
TES-O10556,TES-C2295,2024-06-07,Merchandise,4,165.55,Cancelled,Financing
TES-O5275,TES-C5055,2023-12-05,Merchandise,3,257.28,Delivered,Credit Card
TES-O13107,TES-C8114,2024-08-22,Powerwall,1,9502.21,Delivered,Financing
TES-O7400,TES-C7250,2024-08-18,Model 3,1,39471.77,Delivered,Lease
TES-O10513,TES-C1264,2023-05-29,Solar Panel Kit,1,15386.55,Cancelled,Financing
TES-O8177,TES-C6367,2023-10-09,Supercharging Credits,5,174.03,Returned,Credit Card
TES-O10172,TES-C9546,2025-12-23,Model S,1,92516.94,Pending,Cash
TES-O5321,TES-C4050,2023-05-09,Powerwall,1,11652.8,Shipped,Cash
TES-O11046,TES-C10586,2025-12-13,Model 3,1,45066.24,Cancelled,Financing
TES-O10970,TES-C3468,2024-12-09,Model X,1,95683.24,Cancelled,Cash
TES-O12418,TES-C4216,2023-02-23,Supercharging Credits,2,99.37,Returned,Credit Card
TES-O6647,TES-C6896,2023-06-24,Model X,1,83329.67,Returned,Lease
TES-O12438,TES-C3923,2023-12-15,Model 3,1,39433.22,Delivered,Cash
TES-O5343,TES-C5252,2024-09-17,Model S,1,87287.47,Shipped,Lease
TES-O11795,TES-C6274,2025-09-14,Solar Panel Kit,1,23744.89,Unknown,Financing
TES-O10963,TES-C6980,2024-01-07,Powerwall,1,10607.4,Delivered,Financing
TES-O14416,TES-C3900,2023-07-30,Powerwall,1,10219.49,Shipped,Financing
TES-O11806,TES-C3208,2024-07-13,Model Y,1,45333.67,Cancelled,Lease
TES-O14173,TES-C9864,2024-05-13,Solar Panel Kit,1,20989.45,Cancelled,Lease
TES-O14913,TES-C6866,2023-11-09,Model Y,1,44373.21,Returned,Cash
TES-O11703,TES-C9266,2025-11-20,Model 3,1,46270.42,Delivered,Financing
TES-O8571,TES-C8057,2023-04-18,Model 3,1,46677.44,Delivered,Cash
TES-O6310,TES-C1548,2023-02-16,Model 3,1,43600.09,Cancelled,Cash
TES-O10233,TES-C7562,2024-07-25,Powerwall,1,10881.06,Delivered,Financing
TES-O7223,TES-C5706,2023-07-23,Solar Panel Kit,1,21647.8,Returned,Cash
TES-O12326,TES-C3002,2023-03-29,Merchandise,3,169.42,Shipped,Financing
TES-O10548,TES-C3816,2025-10-27,Model X,1,96410.86,Returned,Cash
TES-O7839,TES-C3795,2023-07-07,Merchandise,5,256.89,Delivered,Cash
TES-O11664,TES-C2478,2024-12-29,Solar Panel Kit,1,16400.64,Unknown,Financing
TES-O14167,TES-C2306,2025-05-02,Model S,1,83159.66,Delivered,Credit Card
TES-O11018,TES-C1723,2025-02-16,Powerwall,1,10362.24,Cancelled,Financing
TES-O6997,TES-C7593,2023-06-06,Merchandise,1,190.96,Cancelled,Credit Card
TES-O11185,TES-C3433,2024-07-13,Powerwall,1,9822.22,Delivered,Credit Card
TES-O6776,TES-C3085,2023-06-28,Model 3,1,42379.79,Returned,Credit Card
TES-O9677,TES-C10139,2025-04-18,Solar Panel Kit,1,22455.19,Delivered,Credit Card
TES-O6070,TES-C4601,2024-04-22,Model 3,1,43595.36,Delivered,Financing
TES-O10242,TES-C8410,2023-12-23,Model S,1,91731.22,Returned,Financing
TES-O10365,TES-C8510,2024-10-29,Powerwall,1,11782.31,Returned,Credit Card
TES-O8319,TES-C2419,2024-02-20,Model 3,1,45345.94,Returned,Credit Card
TES-O10695,TES-C3894,2025-07-14,Solar Panel Kit,1,17737.78,Returned,Cash
TES-O13794,TES-C2544,2024-01-26,Powerwall,1,9783.46,Delivered,Lease
TES-O8472,TES-C10466,2023-03-09,Model S,1,79749.17,Returned,Lease
TES-O10891,TES-C7908,2024-12-08,Powerwall,1,11719.99,Delivered,Cash
TES-O6786,TES-C2646,2024-01-18,Model X,1,80393.3,Unknown,Financing
TES-O10011,TES-C2287,2023-04-02,Model 3,1,46940.99,Cancelled,Lease
TES-O9743,TES-C3250,2023-04-26,Solar Panel Kit,1,15187.11,Delivered,Credit Card
TES-O11215,TES-C9999,2025-07-15,Model 3,1,42864.38,Pending,Credit Card
TES-O14893,TES-C4102,2025-09-01,Model 3,1,39403.28,Delivered,Financing
TES-O6714,TES-C1122,2023-09-08,Powerwall,1,9684.11,Delivered,Lease
TES-O7019,TES-C3858,2023-10-08,Solar Panel Kit,1,16670.8,Returned,Cash
TES-O6298,TES-C9851,2025-11-19,Powerwall,1,9839.66,Delivered,Financing
TES-O9597,TES-C5800,2024-02-29,Model X,1,86637.63,Shipped,Financing
TES-O9639,TES-C6301,2023-04-08,Model Y,1,45791.09,Shipped,Cash
TES-O12888,TES-C4060,2025-02-08,Supercharging Credits,5,122.18,Shipped,Credit Card
TES-O8409,TES-C3085,2025-07-15,Model Y,1,49592.92,Pending,Credit Card
TES-O14550,TES-C10932,2023-06-08,Model S,1,83272.41,Delivered,Financing
TES-O12737,TES-C2365,2024-02-23,Model X,1,85263.68,Returned,Credit Card
TES-O5366,TES-C8954,2024-08-05,Solar Panel Kit,1,22023.83,Delivered,Financing
TES-O8701,TES-C2206,2023-11-12,Model X,1,82149.0,Delivered,Financing
TES-O14546,TES-C1719,2025-12-10,Model X,1,86943.47,Delivered,Credit Card
TES-O14023,TES-C6329,2025-04-10,Merchandise,1,154.1,Delivered,Lease
TES-O13941,TES-C10817,2024-09-30,Model 3,1,38680.96,Pending,Financing
TES-O14407,TES-C4975,2025-11-12,Powerwall,1,9782.8,Unknown,Financing
TES-O7514,TES-C4485,2024-12-28,Powerwall,1,11945.7,Pending,Cash
TES-O13126,TES-C5001,2024-04-06,Model Y,1,53393.0,Returned,Financing
TES-O8521,TES-C5365,2023-03-24,Model S,1,80978.35,Shipped,Lease
TES-O13422,TES-C8831,2023-06-15,Merchandise,5,61.76,Shipped,Financing
TES-O9684,TES-C3145,2024-05-20,Model 3,1,47715.02,Shipped,Financing
TES-O6704,TES-C6875,2025-10-17,Solar Panel Kit,1,17520.76,Delivered,Financing
TES-O6042,TES-C9023,2025-03-08,Model S,1,90578.89,Cancelled,Lease
TES-O12863,TES-C9745,2023-08-15,Model 3,1,45340.03,Returned,Financing
TES-O12744,TES-C5777,2025-04-09,Solar Panel Kit,1,18935.53,Returned,Financing
TES-O7535,TES-C1269,2024-04-29,Model X,1,87878.46,Delivered,Lease
TES-O8929,TES-C8880,2024-12-21,Model Y,1,48630.93,Delivered,Financing
TES-O12118,TES-C7650,2025-01-11,Supercharging Credits,3,78.22,Delivered,Credit Card
TES-O5203,TES-C5932,2025-02-12,Merchandise,4,287.23,Delivered,Cash
TES-O11252,TES-C8216,2025-05-22,Supercharging Credits,1,20.24,Delivered,Cash
TES-O12187,TES-C5533,2024-08-26,Supercharging Credits,3,170.87,Delivered,Credit Card
TES-O7958,TES-C8652,2023-08-30,Model Y,1,48446.54,Delivered,Cash
TES-O5788,TES-C5953,2023-12-30,Model Y,1,47389.08,Cancelled,Cash
TES-O14496,TES-C4437,2023-12-13,Powerwall,1,9330.7,Cancelled,Lease
TES-O7817,TES-C1484,2023-01-08,Model 3,1,45947.56,Returned,Lease
TES-O6378,TES-C8432,2024-08-13,Solar Panel Kit,1,24055.15,Shipped,Financing
TES-O9736,TES-C9835,2025-07-11,Model Y,1,54343.84,Cancelled,Credit Card
TES-O14593,TES-C7664,2025-08-13,Merchandise,1,62.5,Delivered,Financing
TES-O14576,TES-C5443,2023-02-21,Powerwall,1,11361.94,Returned,Financing
TES-O14432,TES-C9347,2023-06-06,Model 3,1,44583.97,Returned,Credit Card
TES-O9361,TES-C3942,2023-05-09,Supercharging Credits,5,163.23,Shipped,Financing
TES-O6396,TES-C2075,2025-09-03,Solar Panel Kit,1,15057.38,Delivered,Credit Card
TES-O10499,TES-C9015,2023-01-04,Merchandise,3,171.09,Delivered,Lease
TES-O11403,TES-C10701,2023-07-14,Model S,1,90733.63,Delivered,Credit Card
TES-O14632,TES-C10640,2024-01-19,Supercharging Credits,2,41.59,Pending,Cash
TES-O8422,TES-C9999,2023-01-20,Model 3,1,39565.69,Unknown,Credit Card
TES-O12035,TES-C2210,2023-04-03,Merchandise,5,163.2,Delivered,Credit Card
TES-O9513,TES-C4768,2024-07-17,Supercharging Credits,4,123.77,Returned,Financing
TES-O7488,TES-C1228,2024-11-14,Solar Panel Kit,1,16362.78,Delivered,Lease
TES-O6300,TES-C2370,2023-03-04,Powerwall,1,11624.05,Delivered,Lease
TES-O8576,TES-C10558,2024-06-08,Model Y,1,53476.54,Returned,Lease
TES-O12862,TES-C2964,2024-03-31,Model 3,1,43981.6,Pending,Financing
TES-O7095,TES-C10382,2023-07-09,Merchandise,4,285.57,Delivered,Lease
TES-O11957,TES-C5330,2023-06-01,Model S,1,93455.67,Shipped,Financing
TES-O14698,TES-C1641,2025-04-01,Supercharging Credits,5,142.74,Cancelled,Credit Card
TES-O14393,TES-C3488,2023-12-28,Model 3,1,46259.1,Delivered,Financing
TES-O5373,TES-C2964,2024-07-15,Model X,1,99407.53,Shipped,Credit Card
TES-O13750,TES-C6129,2025-07-20,Merchandise,1,210.45,Returned,Credit Card
TES-O13689,TES-C5332,2023-02-26,Solar Panel Kit,1,19674.34,Shipped,Lease
TES-O7524,TES-C7840,2024-04-17,Model Y,1,47307.8,Delivered,Credit Card
TES-O14349,TES-C2714,2023-03-13,Model 3,1,45368.36,Pending,Financing
TES-O5207,TES-C4956,2023-05-05,Model Y,1,54271.8,Shipped,Credit Card
TES-O10116,TES-C4339,2023-10-13,Model X,1,85781.4,Delivered,Credit Card
TES-O12601,TES-C10674,2023-05-05,Model X,1,84956.26,Delivered,Lease
TES-O11048,TES-C6012,2024-03-28,Model X,1,94503.54,Returned,Financing
TES-O10953,TES-C7067,2024-04-03,Model X,1,92712.98,Shipped,Credit Card
TES-O12529,TES-C5449,2023-12-09,Solar Panel Kit,1,16589.94,Delivered,Cash
TES-O14910,TES-C3095,2024-11-12,Model S,1,75171.56,Pending,Lease
TES-O12229,TES-C10313,2023-01-10,Merchandise,3,130.01,Delivered,Lease
TES-O5534,TES-C3880,2024-01-05,Solar Panel Kit,1,15590.34,Delivered,Credit Card
TES-O10445,TES-C9129,2025-09-02,Merchandise,4,267.85,Cancelled,Financing
TES-O13732,TES-C4589,2023-01-17,Solar Panel Kit,1,21426.65,Delivered,Credit Card
TES-O13478,TES-C3987,2025-07-27,Solar Panel Kit,1,22623.27,Shipped,Credit Card
TES-O10216,TES-C9035,2023-07-14,Model 3,1,42701.18,Delivered,Lease
TES-O13173,TES-C9719,2023-07-06,Model 3,1,39164.38,Returned,Lease
TES-O13032,TES-C8112,2024-01-08,Solar Panel Kit,1,24637.51,Shipped,Financing
TES-O11715,TES-C3562,2024-11-15,Merchandise,3,280.79,Delivered,Financing
TES-O6675,TES-C4161,2025-02-09,Model 3,1,39939.99,Delivered,Lease
TES-O6559,TES-C10895,2025-06-10,Powerwall,1,11418.47,Returned,Cash
TES-O7498,TES-C8713,2024-03-21,Model 3,1,41301.28,Returned,Financing
TES-O13656,TES-C9075,2023-08-18,Supercharging Credits,5,32.18,Cancelled,Financing
TES-O10054,TES-C9999,2025-07-23,Model 3,1,46092.58,Delivered,Credit Card
TES-O6723,TES-C7749,2024-11-25,Solar Panel Kit,1,18412.45,Unknown,Financing
TES-O5268,TES-C4255,2024-07-27,Solar Panel Kit,1,23516.25,Pending,Lease
TES-O12898,TES-C6361,2023-01-10,Model X,1,95002.79,Delivered,Financing
TES-O10730,TES-C4092,2025-07-01,Merchandise,4,190.79,Returned,Lease
TES-O8877,TES-C5622,2024-03-05,Model Y,1,51178.88,Cancelled,Lease
TES-O8416,TES-C9852,2024-06-20,Model S,1,79461.62,Delivered,Credit Card
TES-O14268,TES-C1904,2023-03-14,Model S,1,89016.25,Cancelled,Credit Card
TES-O11792,TES-C5482,2023-09-12,Powerwall,1,11137.56,Returned,Credit Card
TES-O14760,TES-C9321,2023-09-08,Model Y,1,42244.54,Delivered,Lease
TES-O14776,TES-C5248,2023-07-24,Supercharging Credits,2,172.6,Shipped,Credit Card
TES-O7188,TES-C5498,2023-01-06,Model S,1,76528.67,Shipped,Credit Card
TES-O14882,TES-C10966,2023-11-03,Supercharging Credits,1,97.64,Cancelled,Financing
TES-O12204,TES-C3529,2023-03-07,Supercharging Credits,4,70.09,Cancelled,Cash
TES-O14665,TES-C8665,2025-07-19,Model 3,1,43992.3,Cancelled,Lease
TES-O13249,TES-C4395,2023-01-30,Supercharging Credits,3,41.99,Pending,Lease
TES-O10147,TES-C3059,2023-04-12,Model Y,1,54333.71,Shipped,Cash
TES-O14470,TES-C9242,2023-06-10,Solar Panel Kit,1,22994.56,Returned,Credit Card
TES-O5532,TES-C1604,2025-05-18,Powerwall,1,9346.19,Cancelled,Lease
TES-O11701,TES-C2018,2025-05-03,Solar Panel Kit,1,21125.14,Delivered,Cash
TES-O6129,TES-C2064,2024-06-08,Powerwall,1,9389.02,Pending,Financing
TES-O10102,TES-C10491,2024-10-26,Merchandise,1,235.73,Cancelled,Lease
TES-O13969,TES-C3729,2023-03-17,Merchandise,4,96.19,Pending,Lease
TES-O11735,TES-C6435,2023-09-04,Model 3,1,44311.06,Delivered,Credit Card
TES-O6435,TES-C6931,2023-02-19,Powerwall,1,9710.63,Pending,Lease
TES-O7849,TES-C1131,2024-11-06,Model Y,1,53231.43,Cancelled,Credit Card
TES-O6353,TES-C8238,2025-10-03,Model X,1,93267.39,Cancelled,Cash
TES-O11811,TES-C10896,2024-04-25,Merchandise,5,45.5,Returned,Lease
TES-O7127,TES-C2111,2023-02-15,Solar Panel Kit,1,23907.24,Returned,Financing
TES-O13922,TES-C2858,2024-09-20,Model Y,1,45442.28,Shipped,Lease
TES-O8181,TES-C8806,2024-04-24,Merchandise,1,221.18,Returned,Financing
TES-O6195,TES-C2308,2025-02-23,Merchandise,5,57.22,Returned,Financing
TES-O6965,TES-C2577,2025-01-13,Model Y,1,44912.7,Cancelled,Lease
TES-O12757,TES-C7092,2023-10-20,Solar Panel Kit,1,18647.78,Unknown,Financing
TES-O5477,TES-C3366,2025-09-23,Model X,1,85382.83,Shipped,Financing
TES-O13141,TES-C2947,2024-03-16,Model X,1,96895.93,Delivered,Lease
TES-O10784,TES-C10585,2025-11-06,Model 3,1,45941.66,Delivered,Financing
TES-O13382,TES-C10054,2023-02-15,Powerwall,1,9456.37,Delivered,Financing
TES-O10070,TES-C9999,2024-05-19,Model 3,1,38958.09,Returned,Credit Card
TES-O9247,TES-C3197,2025-11-18,Model Y,1,48445.46,Delivered,Cash
TES-O9646,TES-C3368,2023-08-14,Model S,1,76745.26,Cancelled,Cash
TES-O13207,TES-C5024,2024-06-07,Model 3,1,39156.0,Returned,Financing
TES-O8076,TES-C7635,2025-04-06,Model S,1,93704.3,Cancelled,Financing
TES-O13699,TES-C10623,2024-02-11,Supercharging Credits,4,153.62,Delivered,Financing
TES-O9924,TES-C8550,2025-11-08,Model 3,1,44917.92,Pending,Credit Card
TES-O9553,TES-C4543,2025-01-27,Merchandise,5,215.68,Pending,Cash
TES-O14469,TES-C3278,2024-01-23,Model Y,1,53494.82,Delivered,Lease
TES-O9959,TES-C1938,2024-01-03,Powerwall,1,11017.09,Delivered,Financing
TES-O8925,TES-C4317,2025-04-08,Supercharging Credits,2,194.32,Cancelled,Cash
TES-O13221,TES-C5782,2025-08-20,Model S,1,91226.74,Pending,Financing
TES-O6168,TES-C4533,2024-02-25,Supercharging Credits,3,155.99,Pending,Credit Card
TES-O6922,TES-C6250,2023-09-12,Powerwall,1,10686.71,Returned,Cash
TES-O5291,TES-C2732,2024-03-04,Model X,1,95641.39,Cancelled,Financing
TES-O12509,TES-C10780,2023-11-16,Model 3,1,39298.69,Shipped,Financing
TES-O7922,TES-C10480,2023-04-25,Model X,1,88541.71,Delivered,Cash
TES-O13233,TES-C3645,2024-12-06,Powerwall,1,11914.73,Delivered,Lease
TES-O8613,TES-C6434,2025-08-24,Model X,1,85247.01,Cancelled,Cash
TES-O10316,TES-C5822,2023-10-19,Model X,1,96771.86,Cancelled,Lease
TES-O13885,TES-C4887,2024-06-15,Supercharging Credits,5,144.86,Unknown,Lease
TES-O5911,TES-C1698,2023-05-27,Model X,1,96289.7,Returned,Cash
TES-O14423,TES-C6350,2023-12-22,Model 3,1,42161.96,Cancelled,Lease
TES-O14510,TES-C3721,2024-12-18,Supercharging Credits,5,157.67,Returned,Credit Card
TES-O14634,TES-C1700,2024-09-06,Model 3,1,46736.1,Returned,Credit Card
TES-O11879,TES-C1760,2024-02-12,Model Y,1,42009.83,Delivered,Lease
TES-O6947,TES-C9379,2024-12-05,Powerwall,1,10686.65,Pending,Financing
TES-O6974,TES-C3793,2025-10-06,Model 3,1,41150.21,Shipped,Financing
TES-O8108,TES-C5727,2024-09-07,Powerwall,1,9330.16,Delivered,Financing
TES-O12769,TES-C7374,2025-08-12,Model 3,1,46691.3,Delivered,Cash
TES-O14223,TES-C7209,2024-10-02,Model S,1,75558.62,Delivered,Cash
TES-O9285,TES-C2441,2024-02-29,Merchandise,4,45.83,Pending,Credit Card
TES-O10620,TES-C1217,2023-06-24,Powerwall,1,11138.88,Pending,Financing
TES-O5457,TES-C2730,2025-11-05,Solar Panel Kit,1,19392.21,Delivered,Lease
TES-O6525,TES-C6839,2023-05-11,Model Y,1,47918.22,Pending,Credit Card
TES-O11598,TES-C2630,2023-05-06,Model Y,1,51699.76,Shipped,Financing
TES-O9716,TES-C6595,2024-10-03,Model S,1,90576.14,Delivered,Lease
TES-O6090,TES-C6784,2025-12-11,Model 3,1,45024.98,Shipped,Cash
TES-O14079,TES-C4710,2025-05-09,Supercharging Credits,2,156.64,Delivered,Credit Card
TES-O8243,TES-C2262,2025-01-16,Solar Panel Kit,1,24534.22,Returned,Cash
TES-O13709,TES-C1390,2024-01-14,Model Y,1,54201.2,Returned,Credit Card
TES-O5546,TES-C2100,2024-12-14,Supercharging Credits,3,195.61,Pending,Financing
TES-O7066,TES-C3157,2025-02-02,Model S,1,91051.81,Cancelled,Cash
TES-O9148,TES-C4025,2025-07-11,Supercharging Credits,3,48.73,Pending,Lease
TES-O8637,TES-C3344,2025-09-10,Model Y,1,48643.95,Returned,Lease
TES-O6780,TES-C8385,2023-02-06,Model S,1,82076.98,Shipped,Credit Card
TES-O9101,TES-C7795,2025-06-27,Model S,1,86874.22,Delivered,Lease
TES-O7880,TES-C1440,2025-03-14,Powerwall,1,9976.31,Shipped,Financing
TES-O5691,TES-C5292,2024-11-13,Model S,1,93274.5,Delivered,Credit Card
TES-O9437,TES-C7333,2024-06-24,Powerwall,1,11816.24,Pending,Lease
TES-O9788,TES-C10254,2023-01-09,Supercharging Credits,5,36.58,Shipped,Lease
TES-O6191,TES-C7646,2023-06-14,Model S,1,75617.45,Delivered,Financing
TES-O13724,TES-C9405,2025-04-17,Model Y,1,48121.89,Delivered,Credit Card
TES-O12847,TES-C9999,2024-03-05,Model Y,1,52525.76,Pending,Cash
TES-O7172,TES-C8034,2023-10-03,Supercharging Credits,2,85.42,Delivered,Cash
TES-O6641,TES-C4602,2024-12-27,Model 3,1,44591.98,Returned,Lease
TES-O13746,TES-C8307,2025-09-16,Model Y,1,50709.79,Cancelled,Credit Card
TES-O9600,TES-C3164,2024-05-03,Powerwall,1,9124.94,Pending,Cash
TES-O13305,TES-C7271,2025-11-06,Supercharging Credits,1,53.42,Shipped,Cash
TES-O8875,TES-C7372,2025-11-17,Powerwall,1,11567.62,Delivered,Financing
TES-O9905,TES-C9999,2023-09-17,Model X,1,92357.1,Delivered,Lease
TES-O13187,TES-C3307,2025-03-08,Merchandise,1,20.32,Pending,Financing
TES-O8477,TES-C4268,2024-09-15,Solar Panel Kit,1,20331.36,Unknown,Lease
TES-O10293,TES-C5324,2024-03-22,Supercharging Credits,2,171.46,Cancelled,Cash
TES-O14471,TES-C8706,2024-08-01,Supercharging Credits,1,144.76,Shipped,Financing
TES-O5352,TES-C7783,2025-05-21,Model X,1,82884.76,Delivered,Financing
TES-O5327,TES-C7225,2025-09-29,Model X,1,80178.95,Pending,Cash
TES-O10632,TES-C1071,2025-02-24,Model X,1,90199.86,Delivered,Credit Card
TES-O12516,TES-C3435,2024-02-25,Supercharging Credits,3,185.64,Delivered,Financing
TES-O12611,TES-C1258,2025-11-20,Model S,1,93071.42,Cancelled,Credit Card
TES-O10717,TES-C4215,2025-10-31,Powerwall,1,11236.71,Delivered,Lease
TES-O6758,TES-C8290,2025-12-18,Merchandise,1,195.36,Delivered,Cash
TES-O9625,TES-C6120,2025-10-16,Model S,1,94145.21,Pending,Credit Card
TES-O12983,TES-C6204,2025-01-15,Model X,1,95201.27,Delivered,Lease
TES-O7209,TES-C9799,2025-12-18,Model Y,1,47773.4,Unknown,Financing
TES-O10523,TES-C6489,2023-01-23,Supercharging Credits,2,95.32,Pending,Financing
TES-O6157,TES-C6021,2024-06-25,Supercharging Credits,5,177.85,Shipped,Credit Card
TES-O14101,TES-C5207,2025-02-18,Merchandise,1,138.09,Delivered,Financing
TES-O6252,TES-C3659,2023-08-10,Model 3,1,46756.49,Delivered,Lease
TES-O10068,TES-C2069,2025-12-13,Model Y,1,46880.16,Shipped,Financing
TES-O7541,TES-C10514,2024-08-16,Supercharging Credits,5,172.8,Pending,Financing
TES-O7844,TES-C4584,2024-04-08,Powerwall,1,10530.76,Delivered,Credit Card
TES-O12489,TES-C10378,2024-07-20,Model 3,1,42055.02,Shipped,Financing
TES-O11248,TES-C2286,2025-01-13,Model Y,1,51639.77,Delivered,Cash
TES-O13616,TES-C1118,2025-01-31,Model S,1,81392.43,Delivered,Cash
TES-O14656,TES-C10923,2023-07-08,Powerwall,1,9499.56,Delivered,Credit Card
TES-O6043,TES-C5814,2024-06-22,Merchandise,3,199.01,Delivered,Cash
TES-O6475,TES-C5494,2024-11-08,Model Y,1,50453.57,Pending,Credit Card
TES-O7474,TES-C3949,2023-02-19,Solar Panel Kit,1,18554.3,Returned,Credit Card
TES-O10008,TES-C9706,2023-09-17,Powerwall,1,11962.99,Cancelled,Credit Card
TES-O7456,TES-C6605,2024-08-24,Powerwall,1,9720.3,Cancelled,Cash
TES-O6180,TES-C10865,2024-01-12,Merchandise,4,173.27,Delivered,Cash
TES-O6764,TES-C2924,2024-01-01,Supercharging Credits,2,194.08,Cancelled,Lease
TES-O13781,TES-C9382,2025-04-16,Powerwall,1,9889.95,Returned,Cash
TES-O7320,TES-C7534,2024-08-04,Solar Panel Kit,1,15704.66,Pending,Cash
TES-O12890,TES-C9374,2024-08-23,Model S,1,92697.51,Delivered,Lease
TES-O10140,TES-C7379,2025-09-08,Model X,1,91237.45,Cancelled,Cash
TES-O5346,TES-C10803,2023-02-10,Model 3,1,39869.92,Shipped,Credit Card
TES-O5987,TES-C9517,2023-03-17,Model S,1,77944.77,Shipped,Lease
TES-O14247,TES-C8814,2024-01-21,Model S,1,84604.65,Delivered,Credit Card
TES-O10623,TES-C6396,2025-12-23,Powerwall,1,9052.79,Delivered,Lease
TES-O9065,TES-C4169,2025-06-10,Powerwall,1,9209.12,Delivered,Cash
TES-O13938,TES-C8277,2023-06-20,Model Y,1,44526.23,Cancelled,Credit Card
TES-O14524,TES-C5210,2025-01-19,Solar Panel Kit,1,21755.76,Cancelled,Credit Card
TES-O11170,TES-C7833,2024-01-28,Solar Panel Kit,1,17968.05,Returned,Cash
TES-O14575,TES-C5368,2024-03-04,Solar Panel Kit,1,16016.37,Shipped,Cash
TES-O11008,TES-C5626,2024-10-22,Powerwall,1,10702.28,Shipped,Credit Card
TES-O12243,TES-C3572,2024-08-02,Model X,1,92430.34,Delivered,Credit Card
TES-O8160,TES-C4095,2024-04-03,Model X,1,86128.58,Delivered,Cash
TES-O10669,TES-C9491,2024-01-22,Powerwall,1,10049.83,Delivered,Cash
TES-O14337,TES-C10339,2025-10-11,Model X,1,88558.57,Cancelled,Lease
TES-O13466,TES-C9146,2023-10-07,Merchandise,5,173.43,Pending,Cash
TES-O13815,TES-C3607,2024-06-18,Merchandise,4,215.83,Cancelled,Financing
TES-O12492,TES-C9039,2023-09-24,Model Y,1,43786.51,Delivered,Cash
TES-O5870,TES-C9548,2025-09-24,Model X,1,89974.91,Pending,Credit Card
TES-O12593,TES-C7760,2023-03-27,Solar Panel Kit,1,22860.89,Returned,Cash
TES-O9686,TES-C7606,2024-06-21,Solar Panel Kit,1,15262.72,Cancelled,Credit Card
TES-O14891,TES-C4755,2023-05-22,Supercharging Credits,1,183.66,Returned,Financing
TES-O11114,TES-C1375,2025-01-07,Powerwall,1,11997.32,Delivered,Lease
TES-O11257,TES-C10140,2024-08-09,Merchandise,2,29.61,Returned,Credit Card
TES-O8728,TES-C10100,2024-03-17,Model X,1,93261.28,Shipped,Cash
TES-O13926,TES-C8640,2023-05-30,Model S,1,79521.44,Delivered,Financing
TES-O6391,TES-C5005,2024-04-08,Model 3,1,39066.88,Delivered,Financing
TES-O14919,TES-C5837,2023-05-22,Model Y,1,44662.92,Delivered,Lease
TES-O8340,TES-C9113,2023-09-06,Merchandise,4,201.47,Delivered,Lease
TES-O13637,TES-C8375,2024-12-26,Model 3,1,39055.28,Shipped,Financing
TES-O6120,TES-C4777,2024-07-13,Solar Panel Kit,1,20106.64,Delivered,Lease
TES-O11853,TES-C2068,2025-10-27,Model S,1,77069.44,Delivered,Cash
TES-O8953,TES-C9275,2025-05-26,Model X,1,92082.57,Delivered,Cash
TES-O10835,TES-C9101,2023-01-28,Model 3,1,47121.91,Returned,Credit Card
TES-O6837,TES-C10094,2024-10-20,Model 3,1,43854.08,Delivered,Cash
TES-O10035,TES-C9228,2024-11-29,Model Y,1,51714.49,Shipped,Lease
TES-O6159,TES-C10939,2023-12-26,Supercharging Credits,3,138.91,Delivered,Lease
TES-O10990,TES-C10984,2025-06-24,Model S,1,82341.35,Shipped,Financing
TES-O10211,TES-C6388,2024-07-11,Model X,1,97437.07,Pending,Cash
TES-O14566,TES-C6231,2025-08-10,Model X,1,93908.26,Returned,Lease
TES-O5730,TES-C5787,2023-06-03,Model Y,1,52300.77,Pending,Cash
TES-O14277,TES-C2265,2025-01-10,Supercharging Credits,5,146.02,Pending,Financing
TES-O9969,TES-C8581,2024-07-31,Model Y,1,52728.0,Delivered,Credit Card
TES-O11080,TES-C8645,2025-04-27,Model 3,1,45921.74,Delivered,Cash
TES-O13250,TES-C4462,2024-12-09,Model 3,1,43919.1,Shipped,Financing
TES-O14410,TES-C9999,2023-11-05,Model 3,1,38164.81,Delivered,Lease
TES-O13262,TES-C3696,2025-01-15,Model S,1,88555.51,Pending,Lease
TES-O8909,TES-C6409,2023-03-22,Powerwall,1,11114.31,Delivered,Financing
TES-O5926,TES-C3344,2024-04-17,Solar Panel Kit,1,17018.28,Delivered,Lease
TES-O10380,TES-C10158,2025-01-01,Model 3,1,38006.88,Delivered,Financing
TES-O6554,TES-C8472,2025-08-29,Model X,1,88947.51,Delivered,Credit Card
TES-O10807,TES-C10223,2025-07-06,Supercharging Credits,2,162.9,Shipped,Cash
TES-O10683,TES-C8939,2024-09-27,Model Y,1,52497.5,Returned,Financing
TES-O8992,TES-C5851,2023-09-04,Model Y,1,48678.71,Delivered,Credit Card
TES-O5306,TES-C3794,2025-09-24,Model 3,1,38642.34,Shipped,Lease
TES-O6461,TES-C9152,2024-09-17,Solar Panel Kit,1,15169.3,Shipped,Financing
TES-O10536,TES-C10268,2024-07-21,Model X,1,97449.44,Shipped,Credit Card
TES-O9891,TES-C5817,2023-04-12,Model 3,1,39822.23,Pending,Credit Card
TES-O11214,TES-C7767,2025-04-02,Model X,1,82190.5,Cancelled,Credit Card
TES-O12420,TES-C10892,2023-09-15,Model 3,1,44212.7,Delivered,Credit Card
TES-O9331,TES-C3936,2024-08-24,Supercharging Credits,3,110.18,Pending,Cash
TES-O8658,TES-C3051,2024-07-03,Model S,1,85003.51,Cancelled,Cash
TES-O11491,TES-C8914,2023-04-02,Merchandise,3,241.39,Shipped,Cash
TES-O5964,TES-C8029,2023-02-09,Model X,1,84444.61,Cancelled,Cash
TES-O11752,TES-C9999,2023-07-15,Merchandise,1,229.22,Delivered,Financing
TES-O13089,TES-C9503,2024-06-15,Model X,1,98935.2,Cancelled,Lease
TES-O7633,TES-C4072,2023-05-02,Model S,1,76935.37,Pending,Credit Card
TES-O10196,TES-C1297,2024-01-17,Powerwall,1,10567.21,Shipped,Credit Card
TES-O13352,TES-C8437,2023-02-25,Model S,1,92212.51,Unknown,Lease
TES-O7970,TES-C3059,2025-01-20,Model 3,1,39742.22,Shipped,Financing
TES-O10609,TES-C10942,2025-03-30,Model X,1,86736.15,Delivered,Financing
TES-O8234,TES-C3129,2024-09-22,Supercharging Credits,3,193.35,Delivered,Lease
TES-O12855,TES-C9156,2023-04-18,Model X,1,85066.48,Cancelled,Lease
TES-O11255,TES-C1527,2025-08-24,Model 3,1,45923.53,Pending,Lease
TES-O9923,TES-C3590,2023-07-22,Model 3,1,47976.04,Returned,Credit Card
TES-O11863,TES-C9429,2024-02-07,Supercharging Credits,5,23.13,Delivered,Cash
TES-O5690,TES-C5663,2023-05-21,Powerwall,1,9443.51,Delivered,Financing
TES-O13890,TES-C8287,2025-09-29,Model X,1,88942.8,Delivered,Credit Card
TES-O10887,TES-C4308,2025-08-04,Powerwall,1,11688.3,Shipped,Lease
TES-O7183,TES-C4840,2025-10-01,Model 3,1,39653.31,Cancelled,Cash
TES-O6260,TES-C1082,2023-07-02,Merchandise,5,142.45,Pending,Cash
TES-O9532,TES-C3492,2025-03-20,Model X,1,93691.43,Pending,Lease
TES-O11564,TES-C8209,2023-09-07,Model S,1,80492.48,Delivered,Credit Card
TES-O12487,TES-C4936,2023-03-03,Model S,1,93326.55,Shipped,Lease
TES-O10544,TES-C8577,2025-07-28,Model X,1,84861.57,Delivered,Lease
TES-O10564,TES-C3370,2023-08-12,Model S,1,83633.98,Delivered,Financing
TES-O6881,TES-C2047,2024-06-26,Model S,1,78324.18,Returned,Credit Card
TES-O6622,TES-C3129,2024-09-14,Merchandise,3,280.49,Pending,Cash
TES-O13744,TES-C9650,2024-12-19,Solar Panel Kit,1,24037.68,Delivered,Cash
TES-O11136,TES-C2371,2024-12-20,Model S,1,93660.05,Delivered,Credit Card
TES-O12436,TES-C5474,2023-08-01,Model X,1,90520.75,Delivered,Financing
TES-O11681,TES-C7289,2025-08-20,Model S,1,94143.81,Shipped,Credit Card
TES-O8697,TES-C5772,2023-04-19,Model Y,1,54827.12,Returned,Lease
TES-O8758,TES-C9661,2023-12-23,Model X,1,88404.65,Delivered,Lease
TES-O7517,TES-C3081,2023-08-15,Model X,1,86855.44,Shipped,Financing
TES-O7632,TES-C10726,2024-03-05,Model 3,1,43875.04,Shipped,Credit Card
TES-O5490,TES-C2213,2023-02-20,Powerwall,1,10784.72,Delivered,Credit Card
TES-O12508,TES-C7157,2024-11-02,Powerwall,1,11786.08,Cancelled,Lease
TES-O9977,TES-C9981,2023-12-15,Model 3,1,45150.65,Delivered,Lease
TES-O13696,TES-C6056,2024-10-29,Supercharging Credits,1,197.46,Delivered,Financing
TES-O12701,TES-C7917,2023-08-18,Solar Panel Kit,1,22579.11,Returned,Cash
TES-O7887,TES-C2767,2024-09-29,Model 3,1,40124.13,Delivered,Cash
TES-O10203,TES-C8420,2024-11-08,Model Y,1,42178.44,Delivered,Financing
TES-O6001,TES-C7323,2023-08-26,Merchandise,2,159.79,Delivered,Credit Card
TES-O9452,TES-C9999,2025-05-26,Powerwall,1,10339.67,Returned,Cash
TES-O5796,TES-C8526,2023-01-30,Merchandise,4,255.72,Unknown,Lease
TES-O13685,TES-C10145,2024-10-08,Model S,1,89239.32,Delivered,Lease
TES-O14733,TES-C6383,2023-09-08,Powerwall,1,10481.26,Shipped,Lease
TES-O5322,TES-C10338,2025-01-06,Supercharging Credits,4,40.61,Delivered,Credit Card
TES-O7515,TES-C7119,2025-03-11,Model S,1,83029.55,Delivered,Credit Card
TES-O12140,TES-C8283,2024-04-03,Supercharging Credits,4,137.36,Cancelled,Credit Card
TES-O11139,TES-C10833,2025-09-09,Model X,1,91618.87,Returned,Cash
TES-O14029,TES-C6038,2025-01-24,Merchandise,3,154.91,Delivered,Credit Card
TES-O12337,TES-C10891,2023-04-15,Supercharging Credits,5,179.18,Cancelled,Financing
TES-O14529,TES-C7082,2024-10-19,Solar Panel Kit,1,15209.76,Delivered,Financing
TES-O14518,TES-C9391,2024-10-19,Supercharging Credits,5,35.24,Delivered,Cash
TES-O7191,TES-C6263,2024-01-20,Model Y,1,47694.51,Delivered,Cash
TES-O10989,TES-C4198,2025-04-02,Model X,1,94983.58,Delivered,Cash
TES-O8323,TES-C5898,2025-03-22,Model S,1,89632.05,Returned,Financing
TES-O14290,TES-C3858,2024-07-13,Model 3,1,39075.61,Delivered,Financing
TES-O11374,TES-C3538,2023-01-16,Solar Panel Kit,1,23647.74,Shipped,Lease
TES-O6067,TES-C5418,2024-07-02,Model X,1,91500.99,Pending,Financing
TES-O7550,TES-C1994,2024-11-09,Powerwall,1,9126.77,Returned,Credit Card
TES-O11447,TES-C6443,2023-07-31,Model X,1,83711.38,Shipped,Lease
TES-O14944,TES-C9693,2023-10-02,Powerwall,1,9591.29,Delivered,Credit Card
TES-O6141,TES-C9985,2025-11-13,Solar Panel Kit,1,21752.92,Delivered,Financing
TES-O11238,TES-C8495,2024-03-17,Model X,1,80890.29,Delivered,Financing
TES-O5197,TES-C7709,2025-07-03,Solar Panel Kit,1,23091.52,Delivered,Financing
TES-O13733,TES-C7805,2024-02-27,Powerwall,1,11759.8,Returned,Credit Card
TES-O5667,TES-C3407,2025-01-23,Solar Panel Kit,1,22664.03,Delivered,Credit Card
TES-O14267,TES-C8414,2024-10-06,Solar Panel Kit,1,20142.55,Pending,Financing
TES-O8158,TES-C2324,2025-11-14,Model 3,1,42239.32,Delivered,Credit Card
TES-O10236,TES-C2677,2025-12-28,Solar Panel Kit,1,23983.29,Delivered,Financing
TES-O13133,TES-C5916,2025-11-28,Solar Panel Kit,1,17414.43,Pending,Credit Card
TES-O9353,TES-C3242,2025-02-07,Powerwall,1,11139.58,Delivered,Lease
TES-O9776,TES-C9798,2025-05-09,Solar Panel Kit,1,15500.3,Unknown,Financing
TES-O9941,TES-C6087,2024-11-24,Model S,1,83990.73,Pending,Lease
TES-O10712,TES-C5910,2025-06-30,Model X,1,92751.19,Returned,Lease
TES-O14422,TES-C3094,2023-11-13,Model S,1,90093.56,Shipped,Credit Card
TES-O7238,TES-C9485,2024-03-19,Merchandise,4,98.82,Cancelled,Lease
TES-O11502,TES-C10846,2025-01-14,Merchandise,4,159.76,Delivered,Lease
TES-O7084,TES-C3051,2023-10-05,Powerwall,1,9962.79,Returned,Lease
TES-O5381,TES-C10011,2025-04-09,Model X,1,83930.77,Delivered,Cash
TES-O8911,TES-C1617,2025-11-10,Model 3,1,42670.59,Cancelled,Credit Card
TES-O7164,TES-C5045,2024-12-09,Solar Panel Kit,1,24921.29,Delivered,Credit Card
TES-O9935,TES-C9484,2025-05-02,Powerwall,1,10931.55,Delivered,Financing
TES-O7806,TES-C4844,2024-09-28,Supercharging Credits,4,142.43,Cancelled,Lease
TES-O7222,TES-C2539,2024-10-30,Solar Panel Kit,1,19451.25,Returned,Credit Card
TES-O5094,TES-C5774,2023-01-04,Solar Panel Kit,1,18696.8,Delivered,Financing
TES-O11588,TES-C5654,2023-07-06,Model X,1,98986.24,Shipped,Cash
TES-O12576,TES-C4817,2025-10-18,Supercharging Credits,4,23.19,Delivered,Financing
TES-O11415,TES-C7990,2025-02-08,Solar Panel Kit,1,22597.15,Returned,Cash
TES-O11446,TES-C9409,2023-01-14,Merchandise,4,272.67,Delivered,Lease
TES-O10613,TES-C2059,2023-06-06,Powerwall,1,10162.44,Cancelled,Financing
TES-O7041,TES-C6193,2025-10-06,Merchandise,5,117.71,Unknown,Cash
TES-O7548,TES-C3871,2023-10-27,Model S,1,77081.26,Delivered,Cash
TES-O9439,TES-C9844,2025-11-13,Model Y,1,51153.25,Unknown,Cash
TES-O12563,TES-C4838,2025-01-26,Powerwall,1,9595.77,Returned,Cash
TES-O14015,TES-C7547,2023-09-29,Powerwall,1,11425.41,Delivered,Financing
TES-O6740,TES-C6683,2024-03-30,Model S,1,93096.8,Delivered,Lease
TES-O12283,TES-C3725,2024-07-11,Supercharging Credits,1,179.03,Returned,Financing
TES-O14831,TES-C9604,2024-01-20,Model 3,1,43573.78,Delivered,Lease
TES-O8887,TES-C8529,2025-03-31,Supercharging Credits,3,79.41,Delivered,Financing
TES-O11753,TES-C7439,2023-06-01,Model X,1,93389.4,Delivered,Credit Card
TES-O11076,TES-C10293,2025-04-07,Model S,1,82850.72,Unknown,Cash
TES-O13010,TES-C9999,2024-06-29,Model 3,1,43657.45,Cancelled,Financing
TES-O9221,TES-C4553,2024-12-05,Model X,1,88700.23,Delivered,Lease
TES-O14680,TES-C9002,2024-02-06,Model 3,1,44105.41,Delivered,Cash
TES-O5567,TES-C8025,2023-10-20,Model X,1,88951.39,Shipped,Financing
TES-O13023,TES-C9733,2024-07-25,Powerwall,1,11233.31,Pending,Credit Card
TES-O14450,TES-C10787,2024-09-18,Supercharging Credits,5,43.23,Delivered,Financing
TES-O14995,TES-C2510,2023-07-22,Model X,1,88456.47,Delivered,Lease
TES-O10232,TES-C7709,2025-06-24,Model X,1,83985.1,Cancelled,Cash
TES-O5678,TES-C1566,2025-03-18,Model S,1,85369.41,Shipped,Financing
TES-O13568,TES-C2146,2025-10-12,Model X,1,96144.03,Cancelled,Lease
TES-O11707,TES-C5933,2023-10-13,Solar Panel Kit,1,23404.13,Cancelled,Cash
TES-O12653,TES-C5487,2024-08-21,Supercharging Credits,5,91.82,Delivered,Financing
TES-O9171,TES-C10895,2025-08-30,Supercharging Credits,2,79.11,Cancelled,Cash
TES-O13440,TES-C6057,2024-06-27,Model Y,1,45852.75,Unknown,Credit Card
TES-O13956,TES-C9512,2024-04-25,Powerwall,1,10275.3,Delivered,Credit Card
TES-O13454,TES-C5100,2025-06-18,Model S,1,81900.45,Unknown,Financing
TES-O11760,TES-C6987,2025-11-25,Model Y,1,42807.76,Delivered,Credit Card
TES-O14929,TES-C8250,2023-04-18,Model Y,1,48263.75,Delivered,Financing
TES-O9807,TES-C7840,2024-10-20,Model S,1,87913.95,Shipped,Credit Card
TES-O9430,TES-C9999,2025-11-05,Model S,1,93957.13,Delivered,Lease
TES-O5773,TES-C9285,2023-03-17,Model S,1,87982.1,Cancelled,Credit Card
TES-O14676,TES-C1106,2025-10-17,Model 3,1,45655.62,Delivered,Financing
TES-O11949,TES-C10578,2023-01-24,Merchandise,2,210.34,Delivered,Lease
TES-O5655,TES-C9168,2024-06-22,Model Y,1,49811.13,Delivered,Credit Card
TES-O6738,TES-C10508,2023-11-07,Merchandise,1,246.23,Delivered,Credit Card
TES-O14592,TES-C9095,2025-03-30,Model X,1,85434.08,Pending,Lease
TES-O9147,TES-C3793,2025-06-30,Powerwall,1,10308.73,Delivered,Credit Card
TES-O11302,TES-C5837,2024-05-27,Powerwall,1,11894.27,Pending,Lease
TES-O5126,TES-C4958,2024-06-28,Model X,1,85690.27,Delivered,Financing
TES-O12654,TES-C7851,2024-08-11,Powerwall,1,11061.76,Delivered,Financing
TES-O5861,TES-C9528,2024-11-10,Model X,1,85242.83,Delivered,Cash
TES-O12919,TES-C3078,2023-01-29,Model X,1,89400.59,Shipped,Cash
TES-O9299,TES-C7240,2025-06-06,Model 3,1,45120.71,Pending,Lease
TES-O6799,TES-C4981,2023-09-25,Solar Panel Kit,1,19064.57,Pending,Cash
TES-O9561,TES-C8987,2025-01-02,Model Y,1,48978.33,Cancelled,Lease
TES-O11965,TES-C7777,2023-07-08,Powerwall,1,9895.67,Pending,Financing
TES-O11898,TES-C4587,2025-03-25,Model Y,1,54794.39,Cancelled,Lease
TES-O9016,TES-C8007,2025-04-08,Merchandise,1,103.84,Returned,Cash
TES-O6931,TES-C1579,2023-11-11,Model 3,1,43172.5,Delivered,Credit Card
TES-O6055,TES-C10411,2025-08-04,Model S,1,76945.05,Delivered,Financing
TES-O9976,TES-C9579,2024-04-19,Solar Panel Kit,1,21835.24,Cancelled,Lease
TES-O13587,TES-C7172,2024-03-08,Model Y,1,43403.89,Cancelled,Financing
TES-O10816,TES-C2077,2023-05-27,Model S,1,83684.66,Returned,Lease
TES-O11006,TES-C3725,2024-07-21,Model Y,1,51029.63,Delivered,Credit Card
TES-O12414,TES-C10723,2025-04-29,Powerwall,1,10342.93,Delivered,Financing
TES-O5965,TES-C1730,2025-10-19,Merchandise,5,289.94,Delivered,Lease
TES-O8453,TES-C2714,2025-03-18,Model X,1,98971.03,Delivered,Financing
TES-O8974,TES-C4766,2025-10-11,Supercharging Credits,5,152.2,Delivered,Cash
TES-O11448,TES-C1936,2024-11-05,Merchandise,2,33.69,Delivered,Cash
TES-O7437,TES-C9330,2024-01-08,Supercharging Credits,2,197.77,Delivered,Lease
TES-O11611,TES-C3497,2025-08-19,Supercharging Credits,3,50.93,Cancelled,Cash
TES-O13749,TES-C6934,2023-05-11,Model 3,1,40986.91,Delivered,Financing
TES-O14317,TES-C6549,2024-12-17,Model S,1,83839.92,Delivered,Cash
TES-O5648,TES-C9637,2025-08-29,Model Y,1,43198.57,Returned,Credit Card
TES-O13955,TES-C2994,2023-10-17,Solar Panel Kit,1,18624.11,Delivered,Lease
TES-O5581,TES-C2116,2023-12-25,Merchandise,1,270.91,Delivered,Financing
TES-O8099,TES-C3105,2024-10-13,Model Y,1,48047.36,Returned,Lease
TES-O5539,TES-C6380,2024-05-11,Solar Panel Kit,1,19827.0,Delivered,Cash
TES-O5604,TES-C5928,2024-12-01,Model X,1,98043.3,Pending,Credit Card
TES-O9106,TES-C4917,2025-03-31,Supercharging Credits,3,156.93,Returned,Lease
TES-O5209,TES-C4473,2023-07-08,Supercharging Credits,2,104.35,Cancelled,Credit Card
TES-O9058,TES-C2479,2023-04-08,Model 3,1,47118.12,Shipped,Cash
TES-O5348,TES-C7543,2025-01-16,Solar Panel Kit,1,21870.99,Delivered,Credit Card
TES-O6553,TES-C6716,2024-09-28,Model Y,1,53832.82,Returned,Cash
TES-O6836,TES-C5907,2023-04-06,Merchandise,1,215.28,Shipped,Lease
TES-O13420,TES-C4793,2023-01-06,Supercharging Credits,5,152.97,Pending,Lease
TES-O8902,TES-C4757,2025-09-27,Merchandise,3,111.39,Delivered,Cash
TES-O6206,TES-C7323,2023-03-14,Solar Panel Kit,1,21967.02,Delivered,Cash
TES-O13117,TES-C3058,2025-02-12,Model 3,1,47586.3,Returned,Financing
TES-O8696,TES-C7471,2023-08-17,Model S,1,80931.41,Delivered,Financing
TES-O14775,TES-C1048,2024-06-03,Model X,1,89776.58,Shipped,Lease
TES-O10624,TES-C3652,2025-03-08,Model S,1,87651.91,Delivered,Financing
TES-O5462,TES-C5291,2025-07-18,Supercharging Credits,5,58.7,Delivered,Lease
TES-O11955,TES-C10793,2025-08-02,Solar Panel Kit,1,23626.27,Delivered,Credit Card
TES-O9728,TES-C1035,2024-01-04,Model 3,1,40179.47,Pending,Lease
TES-O5750,TES-C7855,2023-06-01,Supercharging Credits,4,27.13,Delivered,Lease
TES-O14039,TES-C1395,2023-06-18,Model Y,1,49277.5,Delivered,Lease
TES-O13203,TES-C1439,2023-04-08,Model S,1,91433.4,Delivered,Lease
TES-O14122,TES-C4956,2023-07-20,Merchandise,1,213.71,Delivered,Financing
TES-O13813,TES-C5787,2023-01-29,Model X,1,81018.93,Shipped,Cash
TES-O8803,TES-C1353,2023-05-21,Model S,1,91108.39,Pending,Financing
TES-O9753,TES-C8771,2025-08-17,Merchandise,2,43.09,Pending,Cash
TES-O11090,TES-C5709,2024-09-08,Powerwall,1,11610.95,Delivered,Cash
TES-O8740,TES-C9037,2023-04-30,Model X,1,98385.49,Delivered,Cash
TES-O13363,TES-C9294,2023-11-21,Merchandise,4,52.49,Cancelled,Lease
TES-O14565,TES-C6638,2024-09-03,Solar Panel Kit,1,20758.21,Shipped,Lease
TES-O5442,TES-C8029,2024-08-15,Supercharging Credits,3,155.84,Delivered,Cash
TES-O8557,TES-C3344,2023-01-01,Model X,1,91142.95,Delivered,Credit Card
TES-O9533,TES-C6479,2024-05-28,Model Y,1,50298.43,Returned,Financing
TES-O14903,TES-C9275,2023-05-27,Solar Panel Kit,1,16798.76,Delivered,Cash
TES-O11247,TES-C2878,2023-10-07,Model 3,1,40688.31,Returned,Cash
TES-O11458,TES-C7479,2025-05-31,Powerwall,1,9353.43,Pending,Financing
TES-O7890,TES-C3851,2024-10-10,Model S,1,93992.5,Shipped,Financing
TES-O11877,TES-C4731,2025-05-25,Powerwall,1,10304.34,Delivered,Financing
TES-O12869,TES-C10245,2025-06-29,Supercharging Credits,2,97.13,Pending,Credit Card
TES-O7905,TES-C5780,2023-05-20,Model X,1,92134.67,Delivered,Lease
TES-O13004,TES-C2145,2024-05-20,Model S,1,80381.69,Returned,Financing
TES-O8905,TES-C1745,2024-05-22,Model Y,1,47830.57,Delivered,Credit Card
TES-O9332,TES-C4238,2023-09-12,Model X,1,82779.45,Shipped,Financing
TES-O13659,TES-C5630,2025-01-30,Model Y,1,54010.65,Delivered,Credit Card
TES-O13344,TES-C9707,2023-05-24,Model S,1,79491.18,Pending,Cash
TES-O7356,TES-C4600,2024-06-26,Supercharging Credits,3,187.1,Shipped,Financing
TES-O13612,TES-C6220,2025-11-24,Model Y,1,45660.52,Shipped,Cash
TES-O6721,TES-C7399,2024-09-12,Powerwall,1,10900.57,Unknown,Lease
TES-O5073,TES-C9593,2023-12-16,Powerwall,1,9132.4,Cancelled,Credit Card
TES-O11296,TES-C7059,2023-08-13,Powerwall,1,11049.93,Shipped,Credit Card
TES-O6600,TES-C5071,2024-04-09,Model X,1,90891.3,Delivered,Lease
TES-O8205,TES-C5799,2024-04-05,Supercharging Credits,1,25.53,Delivered,Cash
TES-O11828,TES-C7756,2025-02-15,Solar Panel Kit,1,17621.33,Returned,Financing
TES-O10952,TES-C7105,2024-08-25,Model 3,1,38826.23,Pending,Credit Card
TES-O8130,TES-C6787,2025-05-31,Solar Panel Kit,1,16737.38,Returned,Cash
TES-O6777,TES-C9431,2025-05-24,Model S,1,88105.52,Returned,Credit Card
TES-O10175,TES-C4912,2023-09-12,Powerwall,1,10135.97,Delivered,Financing
TES-O10230,TES-C9384,2023-08-07,Model 3,1,46069.99,Cancelled,Lease
TES-O9973,TES-C5069,2025-09-14,Model 3,1,47245.54,Delivered,Credit Card
TES-O5992,TES-C9680,2023-10-29,Powerwall,1,10483.93,Returned,Financing
TES-O12945,TES-C4418,2024-08-21,Model Y,1,52671.73,Delivered,Financing
TES-O13388,TES-C9291,2025-10-24,Model S,1,92048.14,Delivered,Credit Card
TES-O11662,TES-C3249,2025-04-10,Model Y,1,48143.11,Delivered,Cash
TES-O9055,TES-C3935,2023-02-24,Model Y,1,50623.88,Cancelled,Cash
TES-O6156,TES-C8527,2024-10-31,Merchandise,3,181.1,Delivered,Credit Card
TES-O9779,TES-C2823,2023-10-16,Merchandise,3,107.83,Delivered,Cash
TES-O9542,TES-C8889,2024-07-06,Model X,1,93610.26,Returned,Credit Card
TES-O6960,TES-C9530,2024-09-04,Merchandise,5,134.49,Shipped,Financing
TES-O8101,TES-C5117,2025-07-13,Supercharging Credits,3,55.62,Delivered,Lease
TES-O9370,TES-C10888,2025-09-17,Model S,1,92353.17,Shipped,Lease
TES-O9740,TES-C1412,2023-07-03,Solar Panel Kit,1,21353.36,Pending,Financing
TES-O14745,TES-C1487,2024-04-03,Solar Panel Kit,1,23577.4,Cancelled,Cash
TES-O8124,TES-C2714,2023-07-31,Merchandise,4,190.9,Shipped,Lease
TES-O7807,TES-C3294,2024-03-31,Model S,1,93467.12,Delivered,Financing
TES-O7373,TES-C4900,2025-01-15,Model 3,1,39903.42,Delivered,Credit Card
TES-O12584,TES-C10468,2024-07-06,Solar Panel Kit,1,20105.14,Delivered,Lease
TES-O13899,TES-C1606,2024-06-24,Solar Panel Kit,1,19537.18,Pending,Financing
TES-O14971,TES-C9311,2023-03-26,Powerwall,1,11733.53,Shipped,Credit Card
TES-O12911,TES-C8220,2024-01-02,Powerwall,1,11598.95,Returned,Credit Card
TES-O7181,TES-C4062,2023-05-11,Model S,1,91439.23,Cancelled,Financing
TES-O9582,TES-C10019,2025-04-21,Merchandise,5,61.59,Cancelled,Lease
TES-O9444,TES-C4731,2023-02-08,Model 3,1,39201.94,Delivered,Credit Card
TES-O13041,TES-C3671,2024-06-14,Supercharging Credits,4,10.77,Delivered,Cash
TES-O9783,TES-C7236,2025-03-30,Model S,1,85662.08,Cancelled,Lease
TES-O7420,TES-C9713,2025-06-27,Model S,1,91496.5,Pending,Lease
TES-O5807,TES-C10693,2023-03-07,Supercharging Credits,3,85.5,Delivered,Credit Card
TES-O6607,TES-C9829,2025-12-22,Powerwall,1,9208.96,Returned,Credit Card
TES-O14419,TES-C9855,2025-01-10,Model X,1,98914.96,Delivered,Cash
TES-O6412,TES-C6034,2023-06-01,Model Y,1,43889.85,Delivered,Cash
TES-O13472,TES-C5513,2024-05-31,Powerwall,1,10974.72,Shipped,Credit Card
TES-O13121,TES-C7110,2024-08-31,Solar Panel Kit,1,17234.94,Cancelled,Financing
TES-O14615,TES-C1604,2024-11-25,Model S,1,81331.62,Delivered,Financing
TES-O9579,TES-C3164,2024-07-21,Model 3,1,40603.67,Delivered,Lease
TES-O14614,TES-C5266,2025-03-14,Model X,1,94907.07,Delivered,Cash
TES-O6579,TES-C4830,2024-12-21,Model S,1,92537.62,Delivered,Cash
TES-O8079,TES-C10403,2023-11-02,Model 3,1,47595.29,Shipped,Lease
TES-O13649,TES-C3347,2024-02-12,Model S,1,88026.82,Cancelled,Cash
TES-O14671,TES-C8450,2024-07-27,Powerwall,1,9392.31,Cancelled,Lease
TES-O10166,TES-C4467,2025-04-29,Model 3,1,40047.22,Delivered,Credit Card
TES-O9972,TES-C4357,2023-02-06,Solar Panel Kit,1,16421.53,Cancelled,Credit Card
TES-O12067,TES-C3186,2025-03-05,Model X,1,95423.56,Shipped,Cash
TES-O12222,TES-C1989,2024-10-08,Model Y,1,45031.24,Shipped,Cash
TES-O9665,TES-C8154,2025-04-10,Model Y,1,47607.59,Delivered,Lease
TES-O9996,TES-C1273,2025-09-07,Powerwall,1,11533.61,Delivered,Lease
TES-O10127,TES-C4894,2025-08-23,Merchandise,4,173.18,Cancelled,Financing
TES-O13865,TES-C5418,2024-12-24,Powerwall,1,9638.9,Returned,Lease
TES-O13210,TES-C3590,2023-07-09,Powerwall,1,11433.39,Delivered,Credit Card
TES-O9068,TES-C6272,2024-10-15,Model 3,1,46902.48,Delivered,Credit Card
TES-O13998,TES-C8432,2024-09-09,Model S,1,83006.79,Delivered,Credit Card
TES-O12345,TES-C6663,2023-09-28,Model Y,1,43089.31,Delivered,Financing
TES-O13102,TES-C4379,2025-09-01,Model 3,1,46857.27,Cancelled,Cash
TES-O11091,TES-C2142,2023-01-19,Supercharging Credits,5,19.17,Delivered,Credit Card
TES-O11390,TES-C4715,2025-10-13,Model S,1,92176.79,Pending,Cash
TES-O11649,TES-C9053,2024-01-02,Model X,1,80675.87,Pending,Cash
TES-O8281,TES-C4206,2025-01-27,Merchandise,1,264.12,Cancelled,Cash
TES-O13470,TES-C4953,2023-09-18,Powerwall,1,9889.49,Pending,Cash
TES-O8895,TES-C1484,2025-12-26,Model X,1,87227.56,Unknown,Cash
TES-O7968,TES-C9586,2023-08-05,Merchandise,5,145.98,Shipped,Financing
TES-O10258,TES-C2845,2025-08-19,Solar Panel Kit,1,18047.56,Delivered,Lease
TES-O10106,TES-C3099,2025-09-15,Supercharging Credits,5,145.29,Delivered,Financing
TES-O7837,TES-C7617,2025-05-25,Powerwall,1,10796.42,Delivered,Financing
TES-O12042,TES-C2097,2024-11-20,Solar Panel Kit,1,16500.06,Returned,Cash
TES-O7522,TES-C5010,2023-06-13,Powerwall,1,9776.89,Pending,Credit Card
TES-O14572,TES-C9999,2023-07-09,Model Y,1,54578.06,Shipped,Cash
TES-O7671,TES-C4834,2023-11-25,Model 3,1,39509.83,Shipped,Credit Card
TES-O9236,TES-C6996,2025-03-16,Solar Panel Kit,1,17077.47,Delivered,Credit Card
TES-O8961,TES-C4266,2025-10-23,Model 3,1,40627.41,Cancelled,Cash
TES-O14495,TES-C2483,2024-11-25,Solar Panel Kit,1,16683.36,Cancelled,Credit Card
TES-O5628,TES-C6145,2025-07-16,Model 3,1,44676.69,Pending,Credit Card
TES-O11902,TES-C3461,2023-06-07,Model 3,1,44881.62,Delivered,Financing
TES-O14750,TES-C6051,2024-01-27,Powerwall,1,9712.34,Cancelled,Cash
TES-O14519,TES-C5434,2023-05-10,Model S,1,84077.93,Cancelled,Lease
TES-O14396,TES-C5778,2025-04-23,Merchandise,3,110.88,Returned,Financing
TES-O5590,TES-C7374,2023-10-04,Supercharging Credits,1,12.44,Delivered,Cash
TES-O8756,TES-C10275,2024-10-13,Model X,1,90454.6,Returned,Financing
TES-O5841,TES-C4700,2023-08-30,Model S,1,78597.73,Returned,Lease
TES-O5708,TES-C10438,2023-06-18,Model 3,1,41927.22,Delivered,Cash
TES-O11532,TES-C9151,2024-08-03,Supercharging Credits,5,126.89,Delivered,Credit Card
TES-O6017,TES-C9489,2024-12-16,Model X,1,87065.84,Returned,Credit Card
TES-O10802,TES-C3768,2025-08-18,Supercharging Credits,2,59.51,Delivered,Cash
TES-O11944,TES-C6261,2023-03-16,Model 3,1,38422.43,Delivered,Financing
TES-O11073,TES-C5814,2025-07-29,Solar Panel Kit,1,22948.34,Shipped,Lease
TES-O12443,TES-C10953,2025-06-18,Powerwall,1,9361.71,Delivered,Lease
TES-O7195,TES-C3062,2025-01-09,Supercharging Credits,1,90.89,Delivered,Financing
TES-O9354,TES-C5785,2024-01-06,Model 3,1,44922.07,Shipped,Credit Card
TES-O8393,TES-C8291,2023-12-09,Model 3,1,41712.65,Cancelled,Lease
TES-O10323,TES-C7701,2024-10-13,Model 3,1,43929.31,Returned,Lease
TES-O13361,TES-C1162,2025-08-07,Model S,1,85561.82,Cancelled,Lease
TES-O9860,TES-C6390,2023-11-27,Powerwall,1,9972.54,Pending,Cash
TES-O5171,TES-C2264,2024-11-21,Model Y,1,44745.82,Pending,Cash
TES-O9258,TES-C6110,2025-09-27,Model X,1,81759.43,Delivered,Financing
TES-O10354,TES-C2376,2025-04-23,Supercharging Credits,3,195.68,Shipped,Cash
TES-O7136,TES-C5435,2023-09-02,Model 3,1,46931.49,Returned,Lease
TES-O14001,TES-C3833,2024-12-01,Model S,1,89068.82,Shipped,Financing
TES-O14564,TES-C2470,2025-04-02,Model X,1,82538.36,Cancelled,Cash
TES-O12832,TES-C9118,2023-02-18,Model 3,1,47737.6,Cancelled,Cash
TES-O6176,TES-C3764,2024-07-26,Merchandise,1,77.2,Cancelled,Lease
TES-O13786,TES-C7905,2024-04-09,Solar Panel Kit,1,16273.53,Returned,Credit Card
TES-O9346,TES-C9003,2025-01-15,Merchandise,1,210.84,Delivered,Lease
TES-O8007,TES-C4542,2024-07-31,Supercharging Credits,4,76.82,Shipped,Financing
TES-O9108,TES-C8894,2023-05-09,Powerwall,1,10298.64,Returned,Lease
TES-O14137,TES-C1805,2023-12-10,Solar Panel Kit,1,17275.29,Shipped,Cash
TES-O10756,TES-C1160,2025-02-10,Supercharging Credits,1,100.72,Delivered,Financing
TES-O5388,TES-C9951,2024-08-04,Solar Panel Kit,1,17923.77,Pending,Financing
TES-O12048,TES-C7847,2025-04-19,Merchandise,4,152.11,Shipped,Cash
TES-O8244,TES-C1500,2025-12-31,Supercharging Credits,2,92.96,Delivered,Credit Card
TES-O13261,TES-C2256,2023-07-18,Model Y,1,44186.53,Pending,Financing
TES-O7624,TES-C9401,2023-11-12,Model S,1,94820.39,Pending,Lease
TES-O5971,TES-C5966,2024-02-19,Powerwall,1,10859.5,Delivered,Cash
TES-O8401,TES-C4080,2023-11-17,Supercharging Credits,3,118.7,Shipped,Credit Card
TES-O14283,TES-C6701,2025-02-11,Model S,1,78230.34,Cancelled,Credit Card
TES-O13120,TES-C5731,2025-10-31,Solar Panel Kit,1,20934.69,Pending,Lease
TES-O14490,TES-C5526,2023-01-16,Powerwall,1,11974.42,Shipped,Cash
TES-O6752,TES-C6246,2024-04-15,Powerwall,1,9057.62,Shipped,Cash
TES-O14239,TES-C2177,2023-02-16,Model 3,1,42502.2,Pending,Financing
TES-O8788,TES-C2348,2024-05-31,Model 3,1,41963.3,Unknown,Credit Card
TES-O6472,TES-C6648,2025-12-28,Model X,1,84937.13,Delivered,Lease
TES-O14905,TES-C6988,2025-11-13,Powerwall,1,11765.33,Shipped,Lease
TES-O7744,TES-C10412,2025-06-01,Supercharging Credits,5,129.07,Pending,Cash
TES-O14295,TES-C7443,2024-01-21,Merchandise,3,181.62,Pending,Credit Card
TES-O11376,TES-C8478,2025-10-23,Model S,1,94602.94,Delivered,Lease
TES-O13698,TES-C7592,2025-12-15,Solar Panel Kit,1,22210.81,Cancelled,Cash
TES-O6905,TES-C3470,2025-08-16,Model S,1,92165.37,Pending,Credit Card
TES-O6343,TES-C5763,2023-03-05,Model Y,1,50865.66,Delivered,Lease
TES-O8662,TES-C5729,2023-09-08,Merchandise,2,256.46,Shipped,Credit Card
TES-O12192,TES-C4772,2024-06-02,Model X,1,90953.48,Delivered,Financing
TES-O13456,TES-C7855,2024-07-30,Model X,1,99741.72,Pending,Financing
TES-O9426,TES-C9171,2023-04-15,Supercharging Credits,4,139.33,Cancelled,Cash
TES-O5217,TES-C9834,2024-10-03,Model X,1,95052.4,Pending,Credit Card
TES-O11359,TES-C9633,2024-03-04,Merchandise,1,42.52,Shipped,Cash
TES-O9796,TES-C2800,2023-09-18,Merchandise,1,63.65,Shipped,Financing
TES-O14375,TES-C3663,2025-05-11,Solar Panel Kit,1,21525.48,Delivered,Cash
TES-O13819,TES-C7040,2023-01-15,Powerwall,1,11978.88,Shipped,Credit Card
TES-O13800,TES-C10088,2024-03-22,Model Y,1,47490.79,Delivered,Financing
TES-O9751,TES-C10644,2024-02-17,Model X,1,91094.88,Returned,Credit Card
TES-O9456,TES-C9394,2023-12-13,Model Y,1,46754.99,Delivered,Lease
TES-O8866,TES-C5499,2023-08-09,Merchandise,3,154.39,Returned,Financing
TES-O5240,TES-C10670,2025-06-02,Powerwall,1,11567.94,Delivered,Cash
TES-O6150,TES-C8681,2025-10-16,Supercharging Credits,4,184.19,Pending,Lease
TES-O7555,TES-C10716,2024-12-08,Powerwall,1,9058.18,Delivered,Lease
TES-O13482,TES-C4049,2025-09-19,Supercharging Credits,1,36.19,Delivered,Cash
TES-O10671,TES-C6329,2025-12-03,Solar Panel Kit,1,23145.4,Delivered,Credit Card
TES-O14641,TES-C1189,2025-03-27,Powerwall,1,11345.95,Delivered,Financing
TES-O9870,TES-C7388,2023-05-09,Model 3,1,41680.89,Delivered,Credit Card
TES-O14390,TES-C7443,2025-11-24,Model Y,1,53119.7,Delivered,Financing
TES-O11142,TES-C5172,2024-09-26,Merchandise,4,292.58,Pending,Lease
TES-O11063,TES-C8284,2024-11-06,Solar Panel Kit,1,24666.17,Delivered,Lease
TES-O10300,TES-C10308,2025-05-13,Powerwall,1,11573.2,Delivered,Credit Card
TES-O10013,TES-C4943,2024-04-24,Model S,1,91756.38,Delivered,Credit Card
TES-O5896,TES-C4358,2025-07-13,Powerwall,1,10328.74,Cancelled,Lease
TES-O11521,TES-C6523,2023-08-07,Model 3,1,44374.37,Shipped,Financing
TES-O7816,TES-C7063,2025-08-01,Merchandise,1,82.71,Pending,Financing
TES-O6662,TES-C6194,2023-10-27,Supercharging Credits,4,116.26,Delivered,Lease
TES-O14386,TES-C8701,2024-11-04,Model 3,1,45808.4,Delivered,Lease
TES-O8060,TES-C8225,2025-10-30,Merchandise,4,100.56,Delivered,Cash
TES-O11607,TES-C1142,2025-02-26,Model 3,1,40575.32,Pending,Financing
TES-O9671,TES-C9262,2024-05-05,Model Y,1,42997.43,Delivered,Lease
TES-O7931,TES-C1253,2023-07-27,Model 3,1,45979.62,Pending,Cash
TES-O8823,TES-C4822,2024-05-17,Solar Panel Kit,1,24692.77,Returned,Lease
TES-O7002,TES-C9687,2025-03-14,Model 3,1,42952.25,Returned,Cash
TES-O14243,TES-C5359,2023-08-17,Solar Panel Kit,1,20928.23,Delivered,Credit Card
TES-O9359,TES-C5474,2023-05-27,Solar Panel Kit,1,24429.95,Returned,Financing
TES-O11375,TES-C10289,2024-11-06,Solar Panel Kit,1,15833.74,Shipped,Financing
TES-O11336,TES-C7097,2025-12-01,Solar Panel Kit,1,20188.47,Cancelled,Credit Card
TES-O11184,TES-C5084,2023-11-27,Supercharging Credits,1,159.97,Returned,Lease
TES-O9970,TES-C8683,2025-07-10,Powerwall,1,11427.03,Pending,Financing
TES-O14201,TES-C9147,2024-10-04,Supercharging Credits,5,39.99,Delivered,Financing
TES-O14076,TES-C3770,2023-02-18,Model 3,1,39932.15,Delivered,Credit Card
TES-O14758,TES-C6884,2024-09-02,Model X,1,97986.42,Returned,Financing
TES-O8376,TES-C3443,2023-01-09,Model S,1,83903.62,Delivered,Lease
TES-O6635,TES-C2427,2023-12-02,Model X,1,80958.46,Returned,Financing
TES-O11059,TES-C6778,2025-11-08,Model Y,1,52936.54,Shipped,Financing
TES-O5533,TES-C5100,2025-06-16,Model X,1,97965.8,Shipped,Financing
TES-O11978,TES-C9622,2024-05-31,Model S,1,79566.38,Cancelled,Financing
TES-O9551,TES-C10214,2025-10-17,Model S,1,75297.21,Cancelled,Financing
TES-O8091,TES-C3391,2024-05-18,Solar Panel Kit,1,19926.2,Cancelled,Financing
TES-O7610,TES-C5282,2024-12-04,Model S,1,87148.81,Returned,Lease
TES-O13292,TES-C2277,2023-01-01,Solar Panel Kit,1,20383.72,Delivered,Lease
TES-O8573,TES-C1925,2024-10-09,Solar Panel Kit,1,21193.21,Cancelled,Cash
TES-O14265,TES-C2306,2024-03-11,Model Y,1,50108.36,Returned,Lease
TES-O9081,TES-C1648,2025-12-05,Solar Panel Kit,1,23975.81,Delivered,Credit Card
TES-O5029,TES-C4348,2024-01-31,Merchandise,5,265.15,Delivered,Cash
TES-O12121,TES-C1161,2023-03-29,Model Y,1,48630.44,Shipped,Credit Card
TES-O11554,TES-C1131,2025-02-24,Supercharging Credits,3,81.01,Pending,Cash
TES-O13403,TES-C3930,2023-03-18,Model 3,1,46402.71,Cancelled,Cash
TES-O10508,TES-C6133,2023-10-15,Solar Panel Kit,1,23539.0,Cancelled,Cash
TES-O8820,TES-C1669,2025-08-29,Merchandise,2,140.7,Returned,Lease
TES-O13306,TES-C3180,2025-11-29,Merchandise,4,24.58,Shipped,Lease
TES-O10206,TES-C4811,2025-03-21,Model X,1,91075.72,Pending,Financing
TES-O12440,TES-C7783,2025-05-16,Solar Panel Kit,1,21108.76,Delivered,Lease
TES-O9528,TES-C1280,2023-01-10,Model 3,1,45100.41,Pending,Lease
TES-O14759,TES-C8245,2023-01-15,Merchandise,5,43.91,Unknown,Financing
TES-O5278,TES-C1863,2023-09-03,Model S,1,90536.75,Unknown,Lease
TES-O12805,TES-C9880,2023-06-15,Merchandise,5,110.42,Returned,Cash
TES-O6858,TES-C1239,2024-09-21,Merchandise,3,295.28,Delivered,Credit Card
TES-O10441,TES-C8900,2024-02-27,Model X,1,93274.98,Unknown,Credit Card
TES-O6956,TES-C4826,2025-01-23,Model S,1,94397.62,Delivered,Cash
TES-O14142,TES-C7968,2023-08-26,Model S,1,91032.37,Returned,Cash
TES-O9798,TES-C7711,2023-08-09,Solar Panel Kit,1,19457.37,Delivered,Cash
TES-O10829,TES-C5308,2023-02-24,Merchandise,3,292.59,Delivered,Lease
TES-O12880,TES-C5003,2023-05-23,Model X,1,85777.55,Unknown,Credit Card
TES-O6555,TES-C4526,2024-08-31,Model S,1,89268.89,Cancelled,Lease
TES-O5075,TES-C5673,2025-10-10,Powerwall,1,10344.45,Shipped,Cash
TES-O14486,TES-C2992,2023-08-27,Model 3,1,45871.78,Returned,Lease
TES-O6772,TES-C3149,2025-07-10,Model S,1,83351.56,Returned,Financing
TES-O10326,TES-C6401,2025-08-26,Solar Panel Kit,1,24595.22,Returned,Cash
TES-O5323,TES-C9641,2025-09-26,Powerwall,1,10805.51,Delivered,Lease
TES-O8593,TES-C2453,2023-08-18,Model S,1,79153.25,Delivered,Credit Card
TES-O10628,TES-C1330,2025-03-07,Merchandise,2,38.98,Delivered,Financing
TES-O13937,TES-C10969,2025-03-07,Model 3,1,41498.87,Delivered,Cash
TES-O11024,TES-C7277,2024-05-24,Model Y,1,46898.73,Delivered,Credit Card
TES-O12973,TES-C9126,2023-03-04,Supercharging Credits,3,66.34,Returned,Lease
TES-O7039,TES-C3899,2023-07-24,Solar Panel Kit,1,19989.26,Cancelled,Lease
TES-O8918,TES-C2095,2023-05-15,Model S,1,88962.01,Delivered,Cash
TES-O14707,TES-C6483,2024-02-06,Supercharging Credits,2,188.52,Delivered,Cash
TES-O14164,TES-C2913,2025-12-16,Solar Panel Kit,1,15862.66,Shipped,Financing
TES-O13511,TES-C4928,2023-02-13,Model X,1,82003.02,Delivered,Cash
TES-O6913,TES-C1475,2024-12-13,Model X,1,93090.46,Delivered,Lease
TES-O9638,TES-C9646,2023-09-26,Model X,1,94057.04,Returned,Financing
TES-O11418,TES-C6528,2024-10-20,Supercharging Credits,5,158.84,Returned,Credit Card
TES-O11970,TES-C5116,2024-12-23,Model Y,1,42295.65,Returned,Cash
TES-O6131,TES-C10189,2025-04-21,Solar Panel Kit,1,23224.82,Cancelled,Credit Card
TES-O11432,TES-C8548,2023-12-03,Merchandise,3,152.02,Pending,Lease
TES-O10071,TES-C9333,2023-12-26,Model 3,1,39818.25,Delivered,Cash
TES-O8931,TES-C8997,2023-11-24,Model Y,1,52589.22,Delivered,Financing
TES-O11083,TES-C9999,2024-08-09,Model Y,1,47200.29,Delivered,Lease
TES-O12393,TES-C3951,2025-03-17,Supercharging Credits,4,157.46,Delivered,Cash
TES-O13896,TES-C3582,2025-01-09,Supercharging Credits,5,180.61,Delivered,Financing
TES-O12026,TES-C7811,2024-06-28,Model S,1,94159.27,Unknown,Cash
TES-O8062,TES-C2013,2025-04-25,Model S,1,82872.91,Returned,Cash
TES-O6267,TES-C6421,2025-08-23,Model Y,1,45816.95,Cancelled,Cash
TES-O8102,TES-C7142,2025-12-03,Powerwall,1,11939.36,Delivered,Financing
TES-O8041,TES-C6726,2024-07-24,Model X,1,83228.89,Delivered,Lease
TES-O6364,TES-C5333,2023-01-31,Solar Panel Kit,1,23332.13,Delivered,Cash
TES-O12947,TES-C8379,2025-10-17,Supercharging Credits,4,195.76,Cancelled,Lease
TES-O14233,TES-C2847,2025-12-12,Model Y,1,49477.43,Delivered,Credit Card
TES-O7265,TES-C7940,2023-09-14,Model S,1,77080.74,Pending,Lease
TES-O12193,TES-C3381,2025-02-05,Model S,1,79878.1,Shipped,Lease
TES-O7326,TES-C9999,2024-09-29,Merchandise,2,35.29,Delivered,Lease
TES-O5880,TES-C5432,2024-11-24,Solar Panel Kit,1,22821.65,Cancelled,Financing
TES-O13175,TES-C4336,2024-03-30,Solar Panel Kit,1,19617.76,Cancelled,Financing
TES-O9535,TES-C6184,2025-08-01,Model 3,1,41255.86,Delivered,Cash
TES-O13748,TES-C9463,2023-06-21,Powerwall,1,11749.92,Shipped,Credit Card
TES-O9628,TES-C9669,2024-09-29,Model 3,1,38795.37,Pending,Cash
TES-O11370,TES-C4632,2024-03-28,Solar Panel Kit,1,16760.22,Delivered,Lease
TES-O12839,TES-C4760,2025-12-13,Model 3,1,41059.84,Cancelled,Credit Card
TES-O10987,TES-C7117,2023-05-07,Powerwall,1,11124.66,Cancelled,Lease
TES-O14433,TES-C3636,2023-01-05,Solar Panel Kit,1,16792.24,Shipped,Cash
TES-O12666,TES-C2437,2025-07-22,Model 3,1,43017.5,Delivered,Financing
TES-O10210,TES-C2629,2024-02-11,Model 3,1,45296.86,Shipped,Cash
TES-O11964,TES-C6644,2024-01-22,Supercharging Credits,3,187.61,Cancelled,Financing
TES-O11952,TES-C10924,2024-02-24,Model Y,1,47902.17,Returned,Cash
TES-O10346,TES-C5628,2025-09-27,Solar Panel Kit,1,15781.72,Pending,Financing
TES-O14503,TES-C2581,2025-07-28,Model 3,1,42956.64,Pending,Cash
TES-O5871,TES-C10375,2024-03-31,Powerwall,1,10375.5,Unknown,Lease
TES-O8832,TES-C10289,2025-12-06,Model 3,1,46297.39,Cancelled,Cash
TES-O12963,TES-C1148,2024-08-06,Model X,1,93065.29,Delivered,Financing
TES-O14319,TES-C7682,2024-04-30,Merchandise,2,272.46,Delivered,Credit Card
TES-O6708,TES-C8762,2024-02-28,Supercharging Credits,3,64.36,Delivered,Financing
TES-O12362,TES-C9490,2024-07-15,Powerwall,1,11524.19,Shipped,Lease
TES-O10884,TES-C3639,2023-06-08,Model S,1,78807.27,Returned,Financing
TES-O13464,TES-C9240,2024-12-03,Model Y,1,47042.62,Delivered,Credit Card
