revenue_id,order_id,payment_date,amount_paid_usd,payment_status,refund_amount_usd
TES-R17904,TES-O10172,2025-12-23,92516.94,Paid,0.0
TES-R15453,TES-O8040,2023-01-28,9563.37,Refunded,0.0
TES-R16155,TES-O11719,2025-05-06,89649.56,Paid,0.0
TES-R12673,TES-O6194,2024-02-03,226.18,Paid,0.0
TES-R12396,TES-O12080,2025-09-21,99376.81,Paid,0.0
TES-R14970,TES-O13333,2023-09-17,16632.79,Paid,16632.79
TES-R9443,TES-O5287,2025-04-09,89700.87,Pending,0.0
TES-R9457,TES-O12131,2024-09-23,46489.59,Paid,10266.53
TES-R9007,TES-O13515,2023-02-19,11550.62,Paid,1207.91
TES-R11221,TES-O9473,2023-09-05,40792.81,Paid,0.0
TES-R16689,TES-O9813,2025-06-28,468.06,Paid,468.06
TES-R16134,TES-O10747,2024-08-02,51560.79,Paid,0.0
TES-R9175,TES-O12950,2023-04-06,914.15,Pending,0.0
TES-R14916,TES-O13078,2023-08-22,336.0,Paid,0.0
TES-R17929,TES-O11018,2025-02-16,10362.24,Refunded,0.0
TES-R12186,TES-O5014,2023-02-25,575.88,Paid,0.0
TES-R13806,TES-O8949,2025-03-04,95919.27,Paid,0.0
TES-R11304,TES-O13989,2024-07-23,21994.66,Paid,0.0
TES-R13000,TES-O13540,2023-01-21,,Paid,0.0
TES-R10288,TES-O6270,2025-07-06,147.45,Refunded,0.0
TES-R16885,TES-O13630,2023-02-17,85211.07,Paid,85211.07
TES-R17956,TES-O8701,2023-11-12,82149.0,Paid,0.0
TES-R14675,TES-O10561,2024-01-14,89885.99,Paid,0.0
TES-R15296,TES-O9682,2023-11-17,18990.0,Paid,18990.0
TES-R11216,TES-O9379,2024-07-11,42122.56,Paid,0.0
TES-R18170,TES-O14337,2025-10-11,88558.57,Refunded,0.0
TES-R17556,TES-O8005,2025-02-01,88176.49,Refunded,0.0
TES-R16436,TES-O6774,2024-09-08,89174.7,Paid,0.0
TES-R17591,TES-O10895,2025-12-22,86459.26,Paid,0.0
TES-R12405,TES-O7772,2025-05-11,103.23,Paid,0.0
TES-R16358,TES-O8025,2024-12-22,638.68,Pending,0.0
TES-R9297,TES-O8882,2023-08-19,11239.28,Paid,0.0
TES-R10411,TES-O12657,2023-05-10,45428.33,Paid,45428.33
TES-R15913,TES-O9633,2023-03-09,,Paid,0.0
TES-R15376,TES-O11442,2024-04-10,16924.76,Pending,0.0
TES-R10436,TES-O11311,2025-04-28,15730.52,Paid,15730.52
TES-R10672,TES-O6567,2023-04-03,10349.91,Refunded,0.0
TES-R12863,TES-O8260,2025-10-12,46167.86,Paid,0.0
TES-R14177,TES-O10087,2025-11-02,81179.55,Paid,81179.55
TES-R15820,TES-O9744,2023-05-30,45856.21,Refunded,0.0
TES-R13472,TES-O7751,2025-09-02,18195.79,Refunded,0.0
TES-R15214,TES-O6939,2024-09-29,40279.49,Paid,40279.49
TES-R18627,TES-O6555,2024-08-31,89268.89,Refunded,0.0
TES-R11201,TES-O11273,2024-02-07,44726.44,Paid,0.0
TES-R17710,TES-O5406,2025-12-16,9264.2,Paid,0.0
TES-R18600,TES-O8091,2024-05-18,19926.2,Refunded,0.0
TES-R17115,TES-O5945,2023-05-21,98869.85,Paid,0.0
TES-R18139,TES-O7844,2024-04-08,10530.76,Paid,0.0
TES-R17978,TES-O14496,2023-12-13,9330.7,Refunded,0.0
TES-R16156,TES-O12286,2024-01-11,159.2,Refunded,25.89
TES-R18159,TES-O14247,2024-01-21,84604.65,Paid,0.0
TES-R13417,TES-O13624,2023-08-23,194.97,Paid,0.0
TES-R12853,TES-O14584,2023-11-18,1301.7,Paid,0.0
TES-R16008,TES-O14092,2024-06-28,44633.23,Refunded,0.0
TES-R14968,TES-O13964,2024-11-27,114.42,Paid,114.42
TES-R17717,TES-O11549,2023-06-14,79245.79,Paid,0.0
TES-R12347,TES-O12408,2025-03-22,,Refunded,0.0
TES-R11541,TES-O8813,2025-01-25,11655.88,Paid,0.0
TES-R10731,TES-O14626,2023-10-27,86728.68,Paid,0.0
TES-R12053,TES-O7870,2025-07-08,46763.67,Paid,0.0
TES-R16825,TES-O6728,2024-09-24,83652.66,Paid,83652.66
TES-R14853,TES-O5947,2023-10-07,90.24,Paid,90.24
TES-R16652,TES-O14488,2023-10-30,42241.47,Paid,0.0
TES-R10739,TES-O10240,2025-03-02,91726.49,Paid,0.0
TES-R14662,TES-O6031,2023-04-28,91617.85,Paid,0.0
TES-R14049,TES-O8545,2024-07-23,47753.51,Paid,0.0
TES-R14256,TES-O13514,2025-01-03,10610.54,Refunded,0.0
TES-R13160,TES-O9875,2024-12-25,172.06,Paid,0.0
TES-R13383,TES-O6047,2023-12-18,54186.31,Paid,0.0
TES-R12067,TES-O5314,2024-10-25,96352.53,Paid,0.0
TES-R16967,TES-O14028,2023-09-03,22122.27,Paid,0.0
TES-R13177,TES-O10137,2024-10-31,91473.15,Refunded,0.0
TES-R11489,TES-O10945,2024-07-11,78938.07,Refunded,0.0
TES-R15501,TES-O14980,2025-05-25,39711.93,Paid,39711.93
TES-R9383,TES-O12483,2024-02-26,,Pending,0.0
TES-R11499,TES-O9164,2023-11-22,78809.24,Paid,78809.24
TES-R13622,TES-O12893,2023-06-11,18475.64,Paid,18475.64
TES-R10242,TES-O6502,2025-02-16,,Refunded,0.0
TES-R16829,TES-O13231,2024-04-27,674.55,Paid,0.0
TES-R11347,TES-O6054,2025-04-21,,Refunded,11768.61
TES-R18295,TES-O8911,2025-11-10,42670.59,Refunded,0.0
TES-R11657,TES-O6864,2023-06-18,98079.01,Paid,0.0
TES-R12025,TES-O13607,2025-08-28,9061.79,Paid,0.0
TES-R12642,TES-O10136,2023-09-11,83328.42,Paid,0.0
TES-R10402,TES-O7578,2025-11-07,54722.06,Refunded,0.0
TES-R17803,TES-O9759,2024-04-10,43922.11,Paid,0.0
TES-R18523,TES-O12832,2023-02-18,47737.6,Refunded,0.0
TES-R16455,TES-O13715,2025-06-01,9092.47,Paid,9092.47
TES-R10290,TES-O7685,2024-05-06,20456.51,Paid,0.0
TES-R17571,TES-O12165,2023-02-05,10097.79,Paid,0.0
TES-R13345,TES-O12431,2025-10-02,52082.9,Paid,52082.9
TES-R16732,TES-O5844,2024-04-23,91410.75,Refunded,0.0
TES-R17856,TES-O10674,2023-06-17,11934.6,Paid,0.0
TES-R16355,TES-O6181,2023-07-22,17687.21,Paid,0.0
TES-R15074,TES-O7613,2024-08-06,54022.11,Paid,54022.11
TES-R12575,TES-O13533,2025-07-18,43233.03,Refunded,0.0
TES-R15850,TES-O9840,2025-08-02,756.27,Paid,0.0
TES-R9482,TES-O13903,2023-08-20,254.64,Paid,0.0
TES-R13992,TES-O10289,2023-09-18,42621.92,Paid,0.0
TES-R14026,TES-O14865,2024-06-22,42130.0,Paid,0.0
TES-R13953,TES-O13886,2023-03-25,97015.19,Paid,0.0
TES-R12864,TES-O5067,2025-07-27,9426.65,Paid,0.0
TES-R14762,TES-O7324,2023-04-27,85205.96,Paid,85205.96
TES-R14653,TES-O9842,2023-04-10,16154.44,Paid,0.0
TES-R12912,TES-O7718,2025-10-05,37.58,Refunded,0.0
TES-R14854,TES-O5354,2024-12-09,24391.87,Paid,0.0
TES-R14818,TES-O13982,2023-09-26,46165.77,Paid,46165.77
TES-R11022,TES-O10533,2023-03-30,580.76,Refunded,0.0
TES-R17380,TES-O5160,2024-02-22,459.6,Paid,0.0
TES-R9859,TES-O14691,2025-10-08,451.66,Pending,0.0
TES-R18236,TES-O6260,2023-07-02,712.25,Pending,0.0
TES-R13123,TES-O7004,2024-06-05,80765.78,Paid,0.0
TES-R15998,TES-O8054,2023-11-01,338.72,Paid,0.0
TES-R12282,TES-O13762,2024-04-22,88618.27,Paid,0.0
TES-R14612,TES-O5139,2025-03-18,24589.58,Paid,0.0
TES-R15024,TES-O5774,2024-05-26,23959.83,Paid,0.0
TES-R18511,TES-O9354,2024-01-06,44922.07,Paid,0.0
TES-R10212,TES-O7960,2024-06-04,42426.59,Paid,0.0
TES-R12834,TES-O6414,2025-04-16,10015.75,Paid,0.0
TES-R17491,TES-O5408,2024-04-22,19420.77,Refunded,0.0
TES-R17784,TES-O12102,2023-03-26,17362.24,Paid,0.0
TES-R13442,TES-O8564,2025-05-14,199.27,Paid,0.0
TES-R18597,TES-O11059,2025-11-08,,Paid,0.0
TES-R17969,TES-O12744,2025-04-09,18935.53,Paid,18935.53
TES-R11662,TES-O12094,2023-01-25,764.88,Paid,0.0
TES-R10304,TES-O8316,2024-02-09,254.11,Paid,0.0
TES-R14289,TES-O7381,2023-10-13,10949.79,Refunded,0.0
TES-R17576,TES-O13191,2024-06-22,89294.9,Refunded,0.0
TES-R14018,TES-O11626,2024-03-06,254.07,Pending,0.0
TES-R13189,TES-O14581,2024-05-26,90522.94,Paid,0.0
TES-R10410,TES-O5557,2023-06-04,11783.41,Paid,0.0
TES-R13061,TES-O11530,2024-04-05,87813.97,Paid,0.0
TES-R14927,TES-O13787,2023-07-07,87322.63,Paid,0.0
TES-R17331,TES-O13745,2024-10-19,18.84,Paid,0.0
TES-R16560,TES-O13412,2025-09-29,79298.41,Paid,0.0
TES-R13214,TES-O8295,2023-10-14,92359.29,Paid,0.0
TES-R10836,TES-O5004,2025-08-25,46881.11,Paid,0.0
TES-R12505,TES-O10114,2025-03-20,46712.84,Paid,0.0
TES-R11513,TES-O10361,2025-11-08,80219.49,Refunded,0.0
TES-R14223,TES-O7694,2024-02-26,257.42,Paid,0.0
TES-R17611,TES-O14476,2024-11-20,464.55,Paid,0.0
TES-R16080,TES-O14397,2024-07-01,9822.29,Paid,0.0
TES-R18439,TES-O9740,2023-07-03,21353.36,Paid,0.0
TES-R18056,TES-O13141,2024-03-16,96895.93,Paid,0.0
TES-R9877,TES-O12058,2024-08-16,44013.76,Paid,0.0
TES-R14845,TES-O8787,2025-07-03,53773.01,Refunded,0.0
TES-R12244,TES-O8845,2023-09-19,94616.08,Paid,94616.08
TES-R17793,TES-O11912,2025-05-12,86673.71,Paid,0.0
TES-R15357,TES-O14844,2023-08-22,53222.5,Paid,0.0
TES-R10470,TES-O5103,2025-12-03,490.26,Pending,0.0
TES-R11299,TES-O11849,2024-05-20,51115.96,Paid,0.0
TES-R18436,TES-O6960,2024-09-04,672.45,Paid,0.0
TES-R9940,TES-O8156,2025-12-22,291.99,Paid,0.0
TES-R9397,TES-O7649,2024-07-24,92941.08,Paid,0.0
TES-R18433,TES-O6156,2024-10-31,543.3,Paid,0.0
TES-R11162,TES-O5456,2023-03-21,47026.7,Paid,0.0
TES-R11376,TES-O9477,2024-09-09,15220.48,Paid,0.0
TES-R11972,TES-O13432,2024-06-17,77974.85,Paid,0.0
TES-R11859,TES-O11055,2025-01-11,11484.07,Paid,0.0
TES-R16845,TES-O12282,2025-04-10,245.35,Paid,0.0
TES-R13583,TES-O11371,2023-11-09,186.6,Paid,0.0
TES-R10603,TES-O5868,2024-06-29,43540.92,Paid,0.0
TES-R17977,TES-O5788,2023-12-30,47389.08,Refunded,0.0
TES-R18419,TES-O6600,2024-04-09,90891.3,Paid,0.0
TES-R15622,TES-O8908,2024-12-04,,Paid,0.0
TES-R17459,TES-O10968,2023-12-28,22077.95,Paid,0.0
TES-R9778,TES-O9048,2025-01-01,80241.14,Paid,0.0
TES-R13319,TES-O6406,2025-11-26,38610.35,Paid,0.0
TES-R18442,TES-O7807,2024-03-31,93467.12,Paid,0.0
TES-R15216,TES-O8692,2025-04-19,79385.26,Pending,0.0
TES-R14708,TES-O9520,2024-04-10,18833.27,Refunded,0.0
TES-R10574,TES-O7358,2024-11-20,10356.9,Paid,10356.9
TES-R14333,TES-O11896,2023-05-13,48394.39,Paid,0.0
TES-R12261,TES-O12520,2024-11-01,81318.13,Paid,81318.13
TES-R12235,TES-O13960,2025-01-29,52982.57,Paid,0.0
TES-R11238,TES-O6268,2024-08-21,15518.05,Paid,0.0
TES-R17166,TES-O10274,2023-07-22,44913.0,Paid,0.0
TES-R11514,TES-O13341,2023-10-09,50237.86,Paid,0.0
TES-R15389,TES-O9997,2023-07-14,11595.34,Refunded,0.0
TES-R17406,TES-O10886,2023-09-14,46729.99,Paid,0.0
TES-R13932,TES-O5615,2025-06-15,91860.86,Pending,0.0
TES-R13127,TES-O14269,2024-07-31,86040.13,Paid,86040.13
TES-R11545,TES-O7765,2023-04-19,82114.49,Paid,0.0
TES-R10407,TES-O6873,2023-11-28,45994.59,Paid,0.0
TES-R16812,TES-O14655,2025-09-05,20834.4,Paid,0.0
TES-R9629,TES-O6398,2024-07-28,22314.27,Refunded,0.0
TES-R18662,TES-O12947,2025-10-17,783.04,Refunded,0.0
TES-R9143,TES-O5698,2024-06-02,680.56,Paid,0.0
TES-R15526,TES-O14948,2024-05-14,,Paid,0.0
TES-R10616,TES-O11705,2024-07-15,38486.35,Paid,0.0
TES-R13225,TES-O11776,2024-05-30,15872.85,Pending,0.0
TES-R14221,TES-O13818,2023-12-03,41473.84,Paid,0.0
TES-R18000,TES-O14393,2023-12-28,46259.1,Paid,0.0
TES-R18537,TES-O8401,2023-11-17,356.1,Paid,0.0
TES-R16871,TES-O7919,2025-03-31,16516.98,Pending,0.0
TES-R12370,TES-O5392,2023-12-23,22356.18,Paid,3557.66
TES-R9831,TES-O7590,2024-04-16,338.45,Paid,0.0
TES-R15976,TES-O7673,2024-04-22,17275.29,Refunded,0.0
TES-R16172,TES-O9157,2025-05-08,1481.3,Refunded,0.0
TES-R13760,TES-O11194,2025-03-22,81682.04,Paid,0.0
TES-R11413,TES-O8051,2025-07-16,768.35,Paid,768.35
TES-R9719,TES-O12762,2024-07-03,46350.67,Paid,46350.67
TES-R16673,TES-O14069,2024-01-15,47555.46,Paid,0.0
TES-R10663,TES-O7735,2024-03-01,120.16,Paid,0.0
TES-R15207,TES-O9975,2023-07-03,18.86,Paid,18.86
TES-R16115,TES-O14169,2023-12-19,41709.09,Paid,0.0
TES-R18320,TES-O13023,2024-07-25,11233.31,Paid,0.0
TES-R15555,TES-O13727,2024-11-22,10701.03,Pending,0.0
TES-R14222,TES-O9954,2024-07-25,86729.05,Paid,0.0
TES-R15848,TES-O6540,2023-03-21,305.52,Paid,0.0
TES-R12237,TES-O6699,2025-07-02,15335.66,Paid,0.0
TES-R15637,TES-O6789,2023-09-10,89628.45,Refunded,0.0
TES-R16899,TES-O9173,2024-12-22,10471.41,Paid,0.0
TES-R12218,TES-O10634,2023-07-27,90401.33,Paid,0.0
TES-R16977,TES-O7051,2025-10-25,44499.27,Paid,0.0
TES-R17074,TES-O9953,2025-05-18,887.85,Paid,0.0
TES-R13288,TES-O5334,2025-11-24,84413.93,Paid,0.0
TES-R10988,TES-O6501,2023-06-17,,Paid,11774.38
TES-R10809,TES-O9464,2023-02-01,47259.82,Paid,0.0
TES-R17545,TES-O14511,2023-09-04,54098.35,Paid,0.0
TES-R16550,TES-O11145,2023-03-05,89025.98,Pending,0.0
TES-R18164,TES-O11170,2024-01-28,17968.05,Paid,17968.05
TES-R11820,TES-O12971,2025-11-14,83335.99,Paid,83335.99
TES-R11619,TES-O13977,2024-10-03,595.36,Paid,0.0
TES-R17431,TES-O12650,2025-04-19,426.3,Paid,0.0
TES-R15746,TES-O7917,2025-07-02,84503.16,Paid,0.0
TES-R9880,TES-O14080,2024-04-09,79712.09,Paid,79712.09
TES-R12486,TES-O11872,2025-05-21,22532.15,Paid,22532.15
TES-R10606,TES-O14368,2025-12-29,487.4,Paid,0.0
TES-R17292,TES-O13051,2025-01-22,89076.79,Paid,0.0
TES-R17760,TES-O8607,2025-11-05,158.84,Refunded,0.0
TES-R13302,TES-O5986,2024-05-03,54889.47,Paid,54889.47
TES-R11605,TES-O7433,2024-01-17,46693.94,Refunded,0.0
TES-R10613,TES-O12748,2023-12-17,,Refunded,0.0
TES-R13824,TES-O6957,2024-12-15,50511.17,Paid,0.0
TES-R9413,TES-O12400,2024-05-07,9968.44,Paid,9968.44
TES-R16517,TES-O10012,2023-04-25,129.03,Paid,0.0
TES-R13388,TES-O8660,2023-06-22,109.8,Refunded,0.0
TES-R15212,TES-O7284,2025-10-14,89444.98,Paid,0.0
TES-R10085,TES-O14876,2025-08-26,52148.24,Paid,0.0
TES-R14485,TES-O7953,2024-07-14,23885.28,Paid,0.0
TES-R12604,TES-O13402,2024-06-06,81653.41,Paid,0.0
TES-R10722,TES-O8810,2025-09-20,351.93,Paid,0.0
TES-R14885,TES-O10573,2025-05-19,455.52,Paid,0.0
TES-R9001,TES-O8315,2023-05-07,19329.42,Paid,0.0
TES-R9309,TES-O14703,2025-08-13,9773.5,Paid,0.0
TES-R12047,TES-O13014,2024-10-24,10405.87,Refunded,0.0
TES-R15137,TES-O10873,2025-10-05,47331.12,Paid,0.0
TES-R12901,TES-O8512,2025-03-18,23869.01,Paid,0.0
TES-R17071,TES-O9303,2023-11-15,44706.5,Paid,0.0
TES-R15031,TES-O9890,2025-12-07,96171.73,Refunded,0.0
TES-R15325,TES-O7543,2025-04-21,,Paid,0.0
TES-R10513,TES-O9705,2025-03-12,43322.08,Paid,0.0
TES-R12645,TES-O14327,2025-06-30,351.08,Paid,0.0
TES-R11355,TES-O14509,2024-10-12,92510.42,Refunded,0.0
TES-R10338,TES-O6309,2023-05-22,23541.07,Paid,0.0
TES-R9327,TES-O7478,2024-06-25,82736.33,Paid,0.0
TES-R10834,TES-O10431,2023-05-28,45724.86,Paid,0.0
TES-R12362,TES-O14667,2024-08-14,,Paid,0.0
TES-R18171,TES-O13466,2023-10-07,,Pending,0.0
TES-R15517,TES-O7129,2024-11-23,95815.37,Paid,0.0
TES-R12136,TES-O7930,2023-02-14,51248.59,Refunded,0.0
TES-R9639,TES-O6571,2024-07-29,9633.83,Paid,0.0
TES-R12857,TES-O11300,2025-09-05,10600.83,Pending,0.0
TES-R12758,TES-O9326,2023-02-09,21272.68,Refunded,0.0
TES-R13324,TES-O9589,2023-05-22,595.92,Paid,0.0
TES-R12434,TES-O12470,2025-03-08,84085.1,Paid,0.0
TES-R13644,TES-O11954,2023-10-18,284.02,Paid,0.0
TES-R14237,TES-O14123,2025-04-12,313.62,Paid,313.62
TES-R9803,TES-O14532,2024-10-02,47960.32,Pending,0.0
TES-R11257,TES-O7942,2025-03-19,277.75,Paid,0.0
TES-R9783,TES-O13162,2024-05-08,145.28,Paid,0.0
TES-R14719,TES-O13308,2025-10-01,75162.83,Paid,0.0
TES-R15429,TES-O14689,2024-01-04,99814.41,Paid,99814.41
TES-R10798,TES-O5152,2025-03-15,97092.3,Paid,0.0
TES-R18007,TES-O10116,2023-10-13,85781.4,Paid,0.0
TES-R10483,TES-O6767,2023-11-08,54150.05,Paid,0.0
TES-R9656,TES-O11000,2024-05-07,10066.37,Paid,0.0
TES-R10651,TES-O12586,2023-12-03,280.3,Paid,0.0
TES-R18596,TES-O6635,2023-12-02,80958.46,Paid,80958.46
TES-R16051,TES-O5245,2024-10-22,49942.07,Pending,0.0
TES-R12808,TES-O8732,2023-06-26,38.23,Pending,0.0
TES-R12479,TES-O5853,2024-10-30,51818.61,Pending,0.0
TES-R9886,TES-O11131,2024-05-01,54185.74,Paid,0.0
TES-R15234,TES-O13788,2023-10-20,52639.38,Paid,52639.38
TES-R15859,TES-O13990,2025-05-18,10862.89,Paid,0.0
TES-R10197,TES-O11712,2025-07-27,85624.72,Paid,0.0
TES-R16476,TES-O5565,2025-12-14,94580.34,Paid,0.0
TES-R14857,TES-O11280,2024-12-01,49779.83,Paid,0.0
TES-R15232,TES-O12616,2023-11-21,47241.47,Paid,47241.47
TES-R18643,TES-O14164,2025-12-16,15862.66,Paid,0.0
TES-R14417,TES-O11412,2023-03-02,87760.52,Paid,0.0
TES-R9893,TES-O10809,2024-01-29,10762.74,Paid,0.0
TES-R12329,TES-O6244,2025-08-16,21585.99,Paid,0.0
TES-R9849,TES-O12622,2025-01-08,,Paid,91277.31
TES-R11729,TES-O8843,2024-01-11,10730.88,Paid,0.0
TES-R12682,TES-O6784,2023-10-05,45407.46,Paid,0.0
TES-R12376,TES-O5279,2023-07-23,46002.82,Paid,0.0
TES-R16591,TES-O13805,2025-11-26,87.31,Paid,0.0
TES-R10434,TES-O8381,2025-04-17,177.82,Paid,0.0
TES-R9597,TES-O9064,2024-03-24,852.36,Paid,0.0
TES-R13116,TES-O14232,2025-07-20,88812.33,Pending,0.0
TES-R9152,TES-O8351,2025-02-24,,Paid,0.0
TES-R15903,TES-O9442,2025-02-04,47657.23,Paid,0.0
TES-R13343,TES-O10273,2024-05-17,42037.16,Paid,0.0
TES-R16437,TES-O8406,2024-08-26,10379.74,Paid,0.0
TES-R11614,TES-O9461,2024-12-04,45240.24,Paid,0.0
TES-R11584,TES-O8302,2025-03-02,289.41,Paid,0.0
TES-R18552,TES-O6343,2023-03-05,50865.66,Paid,0.0
TES-R12044,TES-O7279,2025-01-05,485.32,Paid,485.32
TES-R16188,TES-O9384,2024-11-18,44683.04,Pending,0.0
TES-R15949,TES-O7346,2024-07-16,355.32,Paid,0.0
TES-R14200,TES-O12646,2024-04-10,19556.4,Paid,19556.4
TES-R14755,TES-O6761,2023-03-21,38972.97,Paid,0.0
TES-R17918,TES-O11703,2025-11-20,46270.42,Paid,0.0
TES-R14114,TES-O8164,2023-09-02,1254.2,Refunded,0.0
TES-R16497,TES-O6759,2023-03-11,461.37,Paid,0.0
TES-R12939,TES-O8297,2024-06-11,97599.83,Paid,0.0
TES-R16274,TES-O9087,2025-02-28,481.8,Refunded,0.0
TES-R11369,TES-O9616,2024-08-15,93880.09,Paid,0.0
TES-R10632,TES-O14340,2024-05-31,653.67,Paid,0.0
TES-R14238,TES-O6826,2025-01-09,,Paid,804.93
TES-R18605,TES-O9081,2025-12-05,23975.81,Paid,0.0
TES-R16649,TES-O5383,2025-08-03,9990.69,Refunded,0.0
TES-R9506,TES-O7841,2024-03-03,49385.07,Paid,0.0
TES-R12501,TES-O9580,2023-06-09,119.36,Paid,0.0
TES-R12540,TES-O6175,2023-03-01,51516.52,Refunded,0.0
TES-R9851,TES-O9866,2025-04-01,44370.6,Refunded,0.0
TES-R12584,TES-O10169,2024-08-30,38973.19,Paid,38973.19
TES-R9513,TES-O14609,2024-05-05,10020.97,Paid,0.0
TES-R10948,TES-O14918,2025-07-26,,Paid,0.0
TES-R18634,TES-O8593,2023-08-18,79153.25,Paid,0.0
TES-R18045,TES-O6435,2023-02-19,9710.63,Paid,0.0
TES-R15780,TES-O9881,2024-03-31,349.26,Paid,0.0
TES-R12166,TES-O14007,2025-01-12,50031.01,Paid,0.0
TES-R10090,TES-O9691,2024-06-18,44732.45,Paid,0.0
TES-R16810,TES-O7354,2024-02-23,18957.3,Paid,0.0
TES-R15465,TES-O8565,2025-07-15,187.8,Paid,0.0
TES-R11778,TES-O11315,2024-10-29,88929.15,Paid,0.0
TES-R9566,TES-O13328,2023-04-25,87975.78,Paid,87975.78
TES-R18254,TES-O13696,2024-10-29,197.46,Paid,0.0
TES-R17967,TES-O12863,2023-08-15,45340.03,Paid,45340.03
TES-R13821,TES-O11718,2023-11-01,87475.9,Paid,0.0
TES-R12735,TES-O6674,2025-10-07,22565.17,Refunded,0.0
TES-R10070,TES-O8847,2023-10-01,,Paid,0.0
TES-R10653,TES-O5449,2023-10-06,42086.18,Paid,42086.18
TES-R12467,TES-O7664,2025-10-18,49103.11,Paid,0.0
TES-R11882,TES-O9028,2023-04-13,44448.59,Paid,0.0
TES-R15902,TES-O8596,2023-02-14,9071.8,Paid,0.0
TES-R12961,TES-O10394,2025-02-07,76909.21,Paid,0.0
TES-R16235,TES-O5132,2024-04-01,,Paid,0.0
TES-R16289,TES-O6917,2025-04-11,49260.68,Paid,0.0
TES-R15419,TES-O7154,2025-05-03,82858.11,Paid,0.0
TES-R15924,TES-O6072,2025-10-28,99821.03,Refunded,0.0
TES-R15057,TES-O12445,2023-01-22,81741.19,Paid,0.0
TES-R11705,TES-O12168,2024-07-07,,Refunded,0.0
TES-R10451,TES-O14181,2024-10-27,82793.77,Paid,82793.77
TES-R9593,TES-O7988,2024-11-26,96131.52,Paid,0.0
TES-R15690,TES-O10800,2025-05-04,39983.45,Paid,0.0
TES-R14558,TES-O7730,2023-07-12,43481.75,Paid,0.0
TES-R11433,TES-O6877,2023-11-28,9042.82,Paid,0.0
TES-R10901,TES-O8954,2025-11-26,47022.54,Paid,0.0
TES-R17532,TES-O8264,2023-09-08,91327.69,Paid,0.0
TES-R14074,TES-O10847,2023-08-22,98530.71,Paid,98530.71
TES-R13742,TES-O10824,2024-06-23,51684.42,Paid,0.0
TES-R18406,TES-O11877,2025-05-25,10304.34,Paid,0.0
TES-R12234,TES-O10862,2025-08-14,22634.79,Paid,0.0
TES-R11995,TES-O11421,2024-03-28,43512.9,Refunded,0.0
TES-R16532,TES-O11117,2025-10-13,50756.01,Paid,0.0
TES-R11259,TES-O14547,2024-07-04,21126.14,Paid,0.0
TES-R16197,TES-O10571,2025-07-03,90223.67,Paid,90223.67
TES-R17408,TES-O10000,2025-01-27,51891.74,Paid,0.0
TES-R15121,TES-O8423,2025-10-01,786.65,Paid,786.65
TES-R11643,TES-O8808,2023-09-04,291.95,Paid,0.0
TES-R18350,TES-O11898,2025-03-25,54794.39,Refunded,0.0
TES-R16234,TES-O9029,2025-01-17,19068.27,Refunded,0.0
TES-R13972,TES-O11733,2025-01-13,38749.43,Paid,38749.43
TES-R12202,TES-O6944,2025-08-04,21253.67,Paid,0.0
TES-R16339,TES-O12619,2025-04-19,46417.0,Paid,46417.0
TES-R13962,TES-O11423,2023-07-03,76916.89,Paid,0.0
TES-R14133,TES-O7825,2024-04-29,20496.38,Paid,0.0
TES-R13868,TES-O5968,2024-02-03,99695.15,Paid,0.0
TES-R10582,TES-O9190,2025-05-26,9128.27,Refunded,0.0
TES-R14156,TES-O7959,2025-03-02,392.94,Paid,0.0
TES-R14596,TES-O12107,2023-05-14,52964.26,Paid,0.0
TES-R13688,TES-O12009,2023-10-09,96043.95,Paid,0.0
TES-R9312,TES-O9082,2024-03-26,18209.36,Paid,0.0
TES-R17832,TES-O9536,2023-11-30,90223.76,Paid,0.0
TES-R15857,TES-O6517,2024-01-17,15961.0,Paid,0.0
TES-R10000,TES-O5147,2023-03-11,10085.11,Paid,0.0
TES-R14456,TES-O8767,2023-04-26,22242.05,Paid,22242.05
TES-R11332,TES-O8046,2025-12-20,53613.87,Paid,0.0
TES-R11827,TES-O6294,2024-04-13,22706.07,Paid,0.0
TES-R14671,TES-O11829,2023-10-08,24379.56,Paid,0.0
TES-R14822,TES-O7654,2023-12-28,46595.77,Paid,0.0
TES-R13822,TES-O12249,2024-01-05,21438.31,Paid,0.0
TES-R16243,TES-O6584,2023-05-06,50454.49,Pending,0.0
TES-R17663,TES-O7038,2025-08-16,76294.63,Refunded,0.0
TES-R11157,TES-O10630,2024-09-22,38390.85,Paid,0.0
TES-R14005,TES-O13521,2023-08-02,52618.01,Paid,0.0
TES-R11990,TES-O8053,2024-04-20,1019.44,Paid,0.0
TES-R13651,TES-O11310,2024-10-31,857.35,Paid,0.0
TES-R17749,TES-O6186,2023-10-04,46042.53,Paid,0.0
TES-R13659,TES-O9375,2024-04-28,90438.64,Paid,0.0
TES-R11501,TES-O8066,2023-08-05,42926.12,Refunded,0.0
TES-R17461,TES-O13979,2024-04-22,47187.37,Paid,0.0
TES-R12727,TES-O9906,2024-09-12,11970.43,Paid,0.0
TES-R11886,TES-O10015,2023-02-28,43966.96,Paid,43966.96
TES-R12762,TES-O14094,2025-12-10,88071.09,Paid,88071.09
TES-R10702,TES-O14517,2025-11-24,23951.35,Paid,0.0
TES-R9673,TES-O10360,2025-10-28,96527.91,Paid,0.0
TES-R9736,TES-O8301,2024-05-02,11692.77,Paid,0.0
TES-R15318,TES-O7763,2024-09-04,18530.45,Paid,18530.45
TES-R9583,TES-O6504,2023-02-23,11.2,Paid,0.0
TES-R14511,TES-O7805,2023-06-13,15954.97,Paid,15954.97
TES-R12701,TES-O5000,2023-04-15,53416.0,Pending,0.0
TES-R10344,TES-O5575,2023-05-07,9282.56,Paid,0.0
TES-R11442,TES-O6372,2024-06-10,40832.04,Paid,0.0
TES-R12802,TES-O6091,2025-08-04,22407.84,Pending,0.0
TES-R11174,TES-O6004,2023-11-01,11692.55,Paid,0.0
TES-R10694,TES-O13590,2025-10-06,46481.42,Paid,0.0
TES-R14957,TES-O14512,2025-07-17,76153.82,Paid,0.0
TES-R9833,TES-O6918,2023-03-05,90276.1,Paid,0.0
TES-R16554,TES-O8012,2025-04-03,298.04,Paid,0.0
TES-R10710,TES-O9812,2024-12-15,887.16,Paid,887.16
TES-R11026,TES-O13910,2024-09-14,24494.32,Pending,0.0
TES-R17249,TES-O14659,2024-12-10,52651.26,Pending,15440.13
TES-R17909,TES-O12438,2023-12-15,39433.22,Paid,0.0
TES-R12029,TES-O8037,2025-11-04,15301.53,Paid,0.0
TES-R16472,TES-O8764,2023-05-26,105.44,Paid,0.0
TES-R11684,TES-O6594,2023-06-27,39942.78,Paid,0.0
TES-R15015,TES-O5668,2025-04-19,16161.43,Paid,0.0
TES-R13537,TES-O12471,2023-10-23,98988.38,Refunded,0.0
TES-R11776,TES-O8163,2024-05-18,47223.02,Paid,0.0
TES-R11726,TES-O11331,2023-06-07,388.6,Paid,388.6
TES-R10705,TES-O14438,2025-06-07,272.94,Refunded,0.0
TES-R17878,TES-O11660,2024-04-16,95806.17,Refunded,0.0
TES-R9770,TES-O7355,2024-01-26,185.94,Refunded,0.0
TES-R12601,TES-O14734,2023-03-30,53348.49,Refunded,0.0
TES-R9657,TES-O9948,2025-01-31,17821.31,Refunded,0.0
TES-R9902,TES-O7130,2025-10-03,323.66,Paid,0.0
TES-R12800,TES-O5502,2023-11-07,80275.12,Paid,80275.12
TES-R13293,TES-O8612,2025-01-07,224.02,Refunded,0.0
TES-R11170,TES-O12032,2025-01-02,40281.49,Paid,40281.49
TES-R13242,TES-O11023,2024-07-21,87586.36,Pending,0.0
TES-R13481,TES-O6895,2023-09-19,,Paid,48112.61
TES-R13687,TES-O6920,2025-01-24,49601.91,Paid,0.0
TES-R15648,TES-O14135,2024-09-01,23229.06,Paid,0.0
TES-R16220,TES-O8440,2023-12-27,,Paid,0.0
TES-R17087,TES-O12320,2025-02-19,88762.15,Refunded,0.0
TES-R15837,TES-O11088,2023-04-04,80395.68,Paid,0.0
TES-R14836,TES-O8614,2025-07-21,32.01,Paid,0.0
TES-R18394,TES-O8803,2023-05-21,91108.39,Pending,0.0
TES-R12665,TES-O12218,2023-12-08,43505.14,Paid,0.0
TES-R13515,TES-O14991,2023-10-25,45404.97,Paid,0.0
TES-R11971,TES-O8503,2024-05-24,939.95,Paid,939.95
TES-R16777,TES-O5595,2024-06-08,10367.85,Paid,0.0
TES-R10638,TES-O12228,2023-09-22,44856.75,Paid,0.0
TES-R13997,TES-O14874,2024-06-15,15858.9,Pending,0.0
TES-R15762,TES-O5699,2025-07-14,,Paid,0.0
TES-R10865,TES-O7199,2024-11-13,10675.98,Paid,0.0
TES-R17851,TES-O7502,2025-04-19,44380.53,Paid,0.0
TES-R11885,TES-O14783,2023-09-28,81289.76,Paid,0.0
TES-R12355,TES-O9316,2023-10-06,89198.41,Refunded,0.0
TES-R17214,TES-O12640,2024-08-06,,Refunded,0.0
TES-R10913,TES-O9044,2025-12-18,89820.07,Pending,0.0
TES-R11121,TES-O10598,2024-11-07,91821.21,Paid,0.0
TES-R17049,TES-O5782,2024-01-17,259.76,Paid,0.0
TES-R17420,TES-O12549,2024-02-07,84213.72,Pending,0.0
TES-R17364,TES-O12979,2025-01-18,43031.28,Paid,0.0
TES-R13118,TES-O5195,2023-04-15,41790.64,Paid,0.0
TES-R9334,TES-O6488,2024-01-12,10492.4,Paid,0.0
TES-R15029,TES-O13237,2024-06-10,46245.1,Paid,0.0
TES-R18400,TES-O5442,2024-08-15,467.52,Paid,0.0
TES-R12255,TES-O9540,2025-08-04,,Paid,0.0
TES-R9545,TES-O13717,2023-07-09,88764.71,Paid,0.0
TES-R14215,TES-O5903,2023-03-26,,Pending,43471.42
TES-R11050,TES-O7174,2025-02-04,527.0,Paid,527.0
TES-R10759,TES-O13316,2023-07-25,46249.32,Paid,0.0
TES-R9365,TES-O5869,2025-10-25,52645.0,Paid,0.0
TES-R9725,TES-O14892,2025-08-30,363.87,Paid,0.0
TES-R12923,TES-O8489,2023-04-29,190.04,Paid,0.0
TES-R12316,TES-O11793,2025-06-20,9168.03,Pending,0.0
TES-R10942,TES-O10929,2023-09-04,17421.09,Paid,0.0
TES-R10594,TES-O6192,2023-04-21,83145.78,Paid,83145.78
TES-R14504,TES-O13700,2024-08-27,82558.42,Paid,0.0
TES-R15870,TES-O12505,2025-02-10,330.52,Refunded,0.0
TES-R17852,TES-O6624,2023-05-22,76356.02,Paid,76356.02
TES-R16986,TES-O14424,2023-02-03,91203.28,Paid,0.0
TES-R13691,TES-O7918,2023-09-16,21090.25,Pending,0.0
TES-R9430,TES-O12905,2025-01-19,10079.5,Paid,0.0
TES-R9456,TES-O9478,2023-08-30,106.15,Paid,0.0
TES-R9707,TES-O12570,2024-11-19,23083.74,Refunded,0.0
TES-R18476,TES-O13998,2024-09-09,,Paid,0.0
TES-R15541,TES-O9451,2023-08-16,1260.1,Paid,0.0
TES-R9651,TES-O7406,2023-07-14,9411.61,Paid,0.0
TES-R16765,TES-O8962,2023-11-04,44018.26,Pending,0.0
TES-R16127,TES-O7867,2023-09-27,90830.16,Paid,0.0
TES-R13316,TES-O10827,2025-03-09,23352.99,Paid,0.0
TES-R10667,TES-O14545,2024-10-31,86522.59,Paid,0.0
TES-R12171,TES-O14299,2025-09-11,44297.22,Paid,0.0
TES-R14145,TES-O13877,2024-08-22,582.06,Paid,0.0
TES-R18081,TES-O13885,2024-06-15,724.3,Paid,0.0
TES-R14632,TES-O7009,2023-10-07,46412.96,Pending,0.0
TES-R17858,TES-O9295,2024-05-16,95010.29,Paid,0.0
TES-R14006,TES-O11452,2025-06-17,18168.61,Pending,0.0
TES-R12804,TES-O12603,2025-01-28,88335.54,Pending,0.0
TES-R11055,TES-O14875,2024-01-27,79691.64,Paid,0.0
TES-R13898,TES-O7973,2025-11-14,47757.87,Paid,0.0
TES-R18574,TES-O10300,2025-05-13,11573.2,Paid,0.0
TES-R15790,TES-O8569,2024-08-16,86524.25,Refunded,0.0
TES-R13326,TES-O7675,2023-04-16,21.94,Refunded,0.0
TES-R11616,TES-O6775,2023-01-05,89289.96,Paid,0.0
TES-R16963,TES-O8309,2025-10-07,11905.73,Paid,5619.15
TES-R13059,TES-O11210,2023-08-31,9493.46,Paid,9493.46
TES-R16779,TES-O6703,2023-01-07,84558.95,Paid,0.0
TES-R14730,TES-O10531,2023-12-24,9799.52,Paid,0.0
TES-R11333,TES-O8937,2024-07-22,10513.37,Paid,0.0
TES-R10832,TES-O11460,2023-03-04,44243.28,Paid,0.0
TES-R10167,TES-O10562,2023-12-21,549.0,Paid,0.0
TES-R18435,TES-O9542,2024-07-06,93610.26,Paid,93610.26
TES-R9589,TES-O7208,2025-11-06,52524.1,Paid,0.0
TES-R10049,TES-O5951,2025-03-20,287.7,Paid,0.0
TES-R15082,TES-O10984,2025-11-08,309.72,Paid,0.0
TES-R12781,TES-O11228,2024-11-20,99811.11,Refunded,0.0
TES-R15804,TES-O8538,2025-05-13,87309.47,Paid,0.0
TES-R9130,TES-O5674,2023-11-26,23346.79,Paid,0.0
TES-R11849,TES-O6578,2023-08-13,77928.53,Paid,0.0
TES-R12472,TES-O14741,2024-11-22,50108.09,Paid,50108.09
TES-R14657,TES-O10921,2024-08-16,402.42,Paid,0.0
TES-R11690,TES-O5989,2024-03-17,80996.63,Paid,80996.63
TES-R12195,TES-O14242,2024-03-26,82917.03,Paid,0.0
TES-R18379,TES-O11991,2025-05-12,50255.26,Paid,0.0
TES-R12125,TES-O11555,2023-08-22,,Paid,0.0
TES-R11402,TES-O11540,2024-08-25,11335.16,Paid,0.0
TES-R13046,TES-O12567,2024-06-06,47653.19,Refunded,0.0
TES-R11018,TES-O6102,2025-04-21,17593.64,Paid,0.0
TES-R11130,TES-O8683,2024-02-10,88144.06,Paid,0.0
TES-R15003,TES-O12578,2023-09-23,44747.57,Refunded,0.0
TES-R9177,TES-O12768,2023-06-20,85234.99,Pending,0.0
TES-R9622,TES-O11847,2025-05-28,148.38,Paid,0.0
TES-R18132,TES-O12983,2025-01-15,95201.27,Paid,0.0
TES-R16312,TES-O13166,2024-12-15,279.92,Paid,0.0
TES-R11941,TES-O7623,2025-02-09,,Paid,40784.06
TES-R14091,TES-O10403,2024-09-23,,Paid,40280.15
TES-R11043,TES-O8979,2024-12-16,45750.31,Paid,0.0
TES-R15576,TES-O6766,2025-06-13,97362.78,Paid,0.0
TES-R15067,TES-O10897,2023-03-03,9977.5,Paid,9977.5
TES-R11233,TES-O12838,2024-08-26,79909.68,Paid,0.0
TES-R18398,TES-O13363,2023-11-21,209.96,Refunded,0.0
TES-R15918,TES-O10885,2023-10-11,11289.67,Paid,0.0
TES-R11927,TES-O13408,2024-10-31,23123.38,Refunded,0.0
TES-R17830,TES-O6645,2023-04-20,9811.71,Paid,0.0
TES-R12394,TES-O11496,2025-10-10,49932.34,Paid,0.0
TES-R13244,TES-O12455,2024-01-01,230.5,Paid,0.0
TES-R16125,TES-O6846,2024-10-24,10871.43,Paid,0.0
TES-R9092,TES-O10541,2024-06-22,,Paid,0.0
TES-R11374,TES-O11081,2024-01-15,,Paid,0.0
TES-R12276,TES-O10471,2024-03-11,221.72,Paid,0.0
TES-R14037,TES-O12207,2025-12-25,24991.03,Paid,0.0
TES-R9655,TES-O5562,2024-06-29,46593.35,Paid,0.0
TES-R11842,TES-O13613,2025-03-26,24983.69,Paid,0.0
TES-R9676,TES-O11975,2024-09-02,235.74,Paid,0.0
TES-R13616,TES-O13172,2024-03-25,45612.67,Paid,0.0
TES-R17757,TES-O7315,2023-07-05,10949.25,Refunded,0.0
TES-R13637,TES-O7050,2024-12-23,45014.09,Paid,0.0
TES-R13827,TES-O8277,2023-06-23,97652.65,Paid,0.0
TES-R14265,TES-O14753,2023-09-08,94625.87,Paid,0.0
TES-R14319,TES-O7122,2024-05-20,251.91,Paid,0.0
TES-R11774,TES-O11402,2024-05-19,23567.82,Paid,0.0
TES-R12139,TES-O8956,2025-03-12,202.8,Paid,0.0
TES-R15649,TES-O13945,2025-04-12,19145.62,Paid,0.0
TES-R15126,TES-O13958,2024-03-19,,Paid,42845.95
TES-R10707,TES-O5189,2024-06-23,98486.19,Paid,0.0
TES-R10980,TES-O12868,2025-11-05,41850.88,Paid,41850.88
TES-R10160,TES-O8172,2023-10-22,89135.84,Paid,0.0
TES-R17417,TES-O12926,2024-01-30,38568.92,Paid,0.0
TES-R12956,TES-O7366,2023-09-01,419.24,Paid,0.0
TES-R16792,TES-O14571,2024-02-15,86862.13,Paid,0.0
TES-R15654,TES-O9493,2023-02-11,11660.45,Refunded,0.0
TES-R17677,TES-O10635,2024-05-01,78168.68,Paid,0.0
TES-R13849,TES-O6426,2024-09-03,10130.93,Paid,10130.93
TES-R9407,TES-O11440,2023-06-03,11971.24,Paid,0.0
TES-R12786,TES-O6988,2024-11-11,60.97,Paid,0.0
TES-R13402,TES-O5048,2024-01-13,42445.16,Paid,0.0
TES-R11475,TES-O13063,2024-05-23,117.88,Paid,0.0
TES-R12791,TES-O5371,2025-05-09,41842.25,Refunded,0.0
TES-R17168,TES-O6205,2023-11-08,19907.5,Paid,0.0
TES-R14292,TES-O5148,2024-10-11,385.08,Pending,0.0
TES-R15403,TES-O12879,2024-10-24,81118.81,Paid,0.0
TES-R13134,TES-O10066,2023-11-02,44969.01,Paid,0.0
TES-R17344,TES-O10292,2025-04-15,113.45,Paid,0.0
TES-R10916,TES-O7658,2025-10-24,51261.85,Refunded,0.0
TES-R10597,TES-O13496,2025-07-15,77407.61,Paid,0.0
TES-R17093,TES-O5176,2024-02-19,1439.5,Paid,0.0
TES-R17834,TES-O11265,2025-07-23,90030.81,Paid,90030.81
TES-R17150,TES-O7214,2024-06-13,82054.57,Paid,0.0
TES-R17476,TES-O6369,2025-04-13,460.2,Paid,0.0
TES-R11755,TES-O11085,2025-03-24,214.36,Paid,0.0
TES-R14517,TES-O5608,2024-01-11,11509.69,Refunded,0.0
TES-R13069,TES-O10858,2025-10-01,77931.42,Paid,0.0
TES-R15740,TES-O12307,2023-04-25,87440.94,Paid,87440.94
TES-R9817,TES-O6468,2024-12-09,44304.37,Refunded,0.0
TES-R17934,TES-O6070,2024-04-22,43595.36,Paid,0.0
TES-R9933,TES-O7150,2025-05-13,36.14,Paid,0.0
TES-R13628,TES-O14447,2023-02-03,43939.55,Paid,0.0
TES-R16606,TES-O10493,2023-08-13,9739.36,Paid,0.0
TES-R9557,TES-O13970,2024-11-28,9500.01,Paid,0.0
TES-R9283,TES-O12088,2023-11-16,51107.5,Paid,51107.5
TES-R12093,TES-O8796,2025-10-07,9114.84,Paid,0.0
TES-R10008,TES-O10080,2023-07-28,49415.3,Paid,0.0
TES-R9261,TES-O6560,2024-09-04,42395.36,Paid,42395.36
TES-R9139,TES-O7682,2025-11-19,10453.51,Paid,0.0
TES-R17580,TES-O11604,2024-02-28,184.55,Paid,0.0
TES-R10940,TES-O7465,2023-10-06,46008.8,Paid,0.0
TES-R16774,TES-O7151,2024-10-15,45478.4,Pending,0.0
TES-R10964,TES-O6410,2025-12-23,81864.64,Paid,0.0
TES-R11769,TES-O5772,2023-07-26,,Paid,0.0
TES-R14684,TES-O14155,2024-06-04,85208.57,Paid,0.0
TES-R9400,TES-O12264,2023-07-22,430.59,Paid,0.0
TES-R15240,TES-O9340,2025-07-03,66.1,Paid,66.1
TES-R15507,TES-O7058,2024-10-29,50858.77,Paid,0.0
TES-R11624,TES-O6569,2024-11-25,211.25,Refunded,0.0
TES-R17095,TES-O10719,2025-09-27,49099.97,Paid,0.0
TES-R11949,TES-O5863,2023-03-26,24544.85,Refunded,0.0
TES-R16292,TES-O8936,2025-05-17,42944.0,Paid,0.0
TES-R14984,TES-O8896,2024-01-10,168.45,Paid,0.0
TES-R13108,TES-O9205,2025-07-28,939.65,Paid,0.0
TES-R18675,TES-O13707,2025-07-05,82444.48,Paid,0.0
TES-R15668,TES-O6658,2023-09-16,89143.23,Paid,0.0
TES-R16811,TES-O6271,2025-03-15,38426.62,Paid,38426.62
TES-R11609,TES-O7600,2023-04-02,41315.12,Refunded,0.0
TES-R12860,TES-O5355,2024-12-17,39119.35,Paid,0.0
TES-R10301,TES-O6442,2025-07-26,313.95,Refunded,0.0
TES-R11903,TES-O6147,2025-04-16,41927.77,Paid,0.0
TES-R13042,TES-O6447,2023-03-08,49552.16,Paid,0.0
TES-R13955,TES-O14687,2025-05-28,11524.48,Paid,0.0
TES-R9762,TES-O8751,2024-01-08,47861.4,Paid,0.0
TES-R14329,TES-O11087,2025-08-31,92376.68,Paid,0.0
TES-R16644,TES-O5076,2025-03-10,11691.72,Paid,0.0
TES-R14519,TES-O9423,2024-09-15,42232.2,Refunded,0.0
TES-R14350,TES-O5588,2024-07-01,51124.87,Paid,0.0
TES-R16022,TES-O7990,2023-09-24,42135.06,Refunded,0.0
TES-R11611,TES-O8014,2024-10-17,921.35,Paid,0.0
TES-R11226,TES-O7596,2024-12-22,42691.46,Paid,0.0
TES-R10696,TES-O13143,2025-10-12,571.12,Paid,571.12
TES-R11984,TES-O6812,2023-03-18,44787.95,Paid,0.0
TES-R10256,TES-O7717,2023-03-14,40830.54,Paid,0.0
TES-R15340,TES-O6395,2024-03-13,88016.17,Paid,0.0
TES-R12995,TES-O12114,2024-09-04,86259.74,Paid,0.0
TES-R10190,TES-O5902,2023-04-13,93488.27,Paid,0.0
TES-R9028,TES-O13057,2024-07-02,915.7,Refunded,0.0
TES-R12561,TES-O5364,2023-01-29,,Paid,19662.56
TES-R10542,TES-O7707,2025-04-25,19938.8,Refunded,0.0
TES-R10810,TES-O7230,2023-08-04,45586.78,Refunded,0.0
TES-R13412,TES-O8043,2024-05-12,10264.05,Paid,0.0
TES-R9596,TES-O9394,2024-03-18,94263.85,Paid,0.0
TES-R11694,TES-O13178,2025-07-29,49340.49,Paid,49340.49
TES-R13718,TES-O7439,2024-07-14,505.83,Paid,0.0
TES-R11600,TES-O12987,2023-02-18,93753.4,Paid,0.0
TES-R11133,TES-O10304,2024-12-13,38089.56,Paid,0.0
TES-R17154,TES-O10349,2024-09-14,11994.8,Paid,0.0
TES-R9021,TES-O6520,2025-08-19,97170.1,Paid,0.0
TES-R9117,TES-O8056,2023-12-10,594.9,Paid,0.0
TES-R16463,TES-O13939,2024-01-31,490.82,Paid,0.0
TES-R10532,TES-O10639,2024-02-07,80560.48,Paid,0.0
TES-R14769,TES-O10444,2024-12-30,901.55,Paid,0.0
TES-R10257,TES-O5145,2024-11-03,250.7,Paid,0.0
TES-R10366,TES-O12480,2025-07-09,21209.27,Paid,21209.27
TES-R13810,TES-O14883,2024-11-15,9167.34,Paid,0.0
TES-R15288,TES-O11434,2025-07-17,42910.33,Paid,0.0
TES-R10835,TES-O5937,2024-11-07,46505.08,Paid,0.0
TES-R16429,TES-O14212,2025-07-28,45970.38,Paid,0.0
TES-R13476,TES-O7118,2024-10-06,9562.67,Paid,9562.67
TES-R15601,TES-O12451,2023-06-15,9786.55,Paid,0.0
TES-R16672,TES-O7496,2024-02-12,24461.1,Paid,0.0
TES-R10742,TES-O6253,2024-04-09,349.2,Paid,349.2
TES-R12634,TES-O8773,2024-11-14,39132.66,Paid,0.0
TES-R15111,TES-O14755,2023-02-27,40126.66,Paid,0.0
TES-R16209,TES-O7382,2023-11-08,83269.65,Paid,0.0
TES-R17084,TES-O5269,2023-07-12,404.0,Paid,0.0
TES-R16879,TES-O9823,2023-05-14,9626.08,Paid,0.0
TES-R18321,TES-O14450,2024-09-18,216.15,Paid,0.0
TES-R16287,TES-O10851,2023-07-19,99.98,Paid,0.0
TES-R13582,TES-O14930,2025-06-09,504.9,Pending,0.0
TES-R11228,TES-O8176,2024-10-16,93919.79,Paid,0.0
TES-R15504,TES-O13190,2023-08-25,255.14,Paid,81.71
TES-R11721,TES-O14837,2025-10-22,,Paid,0.0
TES-R10232,TES-O9073,2024-05-12,85139.67,Paid,0.0
TES-R13793,TES-O9000,2025-09-30,19607.87,Paid,0.0
TES-R17415,TES-O10413,2024-10-10,9016.93,Refunded,0.0
TES-R18253,TES-O9977,2023-12-15,45150.65,Paid,0.0
TES-R17504,TES-O8833,2023-02-12,24611.34,Paid,0.0
TES-R11192,TES-O14430,2023-11-10,83379.77,Paid,0.0
TES-R15590,TES-O11667,2025-01-23,48273.84,Pending,0.0
TES-R12537,TES-O12441,2025-12-16,9193.82,Paid,9193.82
TES-R9163,TES-O6550,2025-07-29,50677.6,Paid,50677.6
TES-R18059,TES-O11417,2023-09-16,75306.71,Paid,75306.71
TES-R13744,TES-O7677,2024-07-14,89796.68,Paid,0.0
TES-R14889,TES-O5641,2023-04-22,95010.01,Paid,0.0
TES-R13722,TES-O8647,2023-09-15,21432.77,Paid,0.0
TES-R13785,TES-O12504,2025-04-13,10884.23,Paid,0.0
TES-R15845,TES-O10760,2025-03-26,46926.2,Paid,0.0
TES-R10228,TES-O5153,2024-07-18,,Paid,0.0
TES-R10859,TES-O10808,2025-04-10,20835.44,Paid,0.0
TES-R14658,TES-O7316,2024-04-21,11835.15,Paid,0.0
TES-R14354,TES-O10999,2024-02-02,,Paid,0.0
TES-R17783,TES-O7080,2025-01-13,10012.18,Paid,0.0
TES-R15382,TES-O5262,2025-12-23,133.29,Paid,133.29
TES-R9747,TES-O11071,2025-07-24,83329.6,Paid,0.0
TES-R14368,TES-O9125,2023-04-21,9436.31,Paid,0.0
TES-R15298,TES-O13513,2023-01-03,83598.9,Refunded,0.0
TES-R11671,TES-O8715,2025-06-20,704.76,Paid,704.76
TES-R10389,TES-O12974,2025-11-29,22290.78,Refunded,0.0
TES-R12058,TES-O13224,2023-07-15,22288.56,Paid,0.0
TES-R9173,TES-O5972,2024-01-13,562.24,Paid,0.0
TES-R17565,TES-O6696,2025-12-14,46437.81,Paid,0.0
TES-R11406,TES-O7895,2024-04-26,43348.91,Paid,0.0
TES-R9239,TES-O11066,2023-02-10,692.5,Paid,0.0
TES-R16813,TES-O7956,2023-10-07,43186.84,Refunded,0.0
TES-R16696,TES-O12050,2024-10-04,45588.9,Paid,0.0
TES-R16555,TES-O5258,2024-01-25,83428.49,Paid,83428.49
TES-R18448,TES-O7181,2023-05-11,91439.23,Refunded,0.0
TES-R9090,TES-O9059,2025-10-19,21715.09,Paid,0.0
TES-R14361,TES-O5876,2025-06-16,90221.85,Paid,0.0
TES-R11492,TES-O13992,2024-06-16,85176.68,Paid,0.0
TES-R14828,TES-O5746,2023-05-12,100.94,Paid,0.0
TES-R11213,TES-O10487,2024-10-02,352.95,Paid,0.0
TES-R12698,TES-O11237,2025-04-20,46974.07,Pending,0.0
TES-R9637,TES-O6333,2023-10-21,89736.98,Paid,0.0
TES-R10475,TES-O5303,2023-09-18,24456.42,Paid,0.0
TES-R18488,TES-O7837,2025-05-25,10796.42,Paid,0.0
TES-R10843,TES-O7526,2023-04-29,39822.29,Paid,0.0
TES-R9317,TES-O13077,2024-06-13,20878.45,Refunded,0.0
TES-R13009,TES-O13326,2025-05-15,78678.24,Paid,0.0
TES-R10566,TES-O6715,2023-10-14,10405.0,Paid,0.0
TES-R15953,TES-O10916,2025-03-06,1054.2,Paid,0.0
TES-R18623,TES-O14142,2023-08-26,91032.37,Paid,91032.37
TES-R17167,TES-O12533,2025-01-11,52533.66,Paid,0.0
TES-R14564,TES-O7196,2025-08-23,169.2,Paid,0.0
TES-R13678,TES-O6804,2023-05-14,81493.07,Paid,0.0
TES-R9106,TES-O11051,2024-04-14,83944.24,Paid,0.0
TES-R12880,TES-O5836,2025-02-27,,Paid,0.0
TES-R10311,TES-O14477,2023-01-19,41506.47,Paid,0.0
TES-R18545,TES-O6472,2025-12-28,84937.13,Paid,0.0
TES-R12527,TES-O6382,2023-10-26,11621.28,Paid,0.0
TES-R13158,TES-O9300,2025-09-09,92701.29,Paid,0.0
TES-R17892,TES-O7412,2025-03-11,86361.18,Pending,0.0
TES-R17823,TES-O9766,2024-01-10,87191.45,Refunded,0.0
TES-R11092,TES-O11244,2024-09-03,17932.13,Refunded,0.0
TES-R15908,TES-O5679,2023-03-25,81139.12,Refunded,0.0
TES-R9839,TES-O7994,2023-03-16,40306.28,Paid,0.0
TES-R17037,TES-O14501,2023-11-13,76435.16,Paid,0.0
TES-R12012,TES-O12038,2024-02-03,263.01,Pending,0.0
TES-R9772,TES-O12498,2023-04-17,428.45,Paid,0.0
TES-R15407,TES-O6303,2025-05-24,90532.74,Paid,0.0
TES-R17088,TES-O5391,2025-12-06,87882.18,Refunded,0.0
TES-R16500,TES-O14603,2023-05-28,93377.89,Paid,93377.89
TES-R15915,TES-O8383,2023-02-09,9220.11,Paid,9220.11
TES-R13665,TES-O6479,2025-11-06,19843.92,Paid,0.0
TES-R9044,TES-O5593,2023-04-12,81992.99,Paid,0.0
TES-R14539,TES-O12860,2025-08-30,45335.02,Paid,0.0
TES-R12662,TES-O12089,2023-08-23,85.53,Paid,0.0
TES-R13071,TES-O7391,2024-10-28,270.9,Pending,0.0
TES-R12837,TES-O11167,2024-01-05,9396.46,Refunded,0.0
TES-R10785,TES-O11916,2025-01-19,86528.68,Paid,86528.68
TES-R16795,TES-O8762,2023-09-24,9958.17,Paid,0.0
TES-R17594,TES-O5280,2023-12-13,,Refunded,0.0
TES-R16883,TES-O13775,2024-06-18,44592.96,Paid,0.0
TES-R17407,TES-O6651,2025-04-04,92280.58,Paid,92280.58
TES-R10509,TES-O7898,2025-12-01,52475.7,Paid,0.0
TES-R18384,TES-O8696,2023-08-17,80931.41,Paid,0.0
TES-R13425,TES-O6782,2024-06-27,47603.8,Paid,47603.8
TES-R14871,TES-O6828,2024-10-08,18154.89,Paid,18154.89
TES-R14404,TES-O7512,2024-04-12,52361.48,Paid,0.0
TES-R11189,TES-O5003,2023-12-18,16313.49,Paid,0.0
TES-R15981,TES-O6683,2023-04-25,21999.81,Paid,0.0
TES-R13269,TES-O5283,2025-06-13,744.28,Pending,0.0
TES-R14666,TES-O11268,2025-06-18,23244.56,Refunded,0.0
TES-R14696,TES-O11344,2025-08-05,16698.65,Refunded,0.0
TES-R14782,TES-O5623,2024-01-23,898.9,Refunded,0.0
TES-R14887,TES-O7045,2025-07-28,86091.6,Paid,0.0
TES-R17962,TES-O13126,2024-04-06,53393.0,Paid,53393.0
TES-R11779,TES-O5402,2025-04-29,773.85,Refunded,0.0
TES-R9571,TES-O8360,2023-02-28,85194.78,Paid,0.0
TES-R10806,TES-O12515,2025-07-13,442.04,Paid,0.0
TES-R10599,TES-O8519,2023-12-06,23841.26,Paid,0.0
TES-R12635,TES-O9928,2024-12-05,20043.42,Paid,20043.42
TES-R15557,TES-O9092,2025-07-09,11018.9,Paid,0.0
TES-R16135,TES-O13572,2025-07-22,777.32,Paid,777.32
TES-R14076,TES-O12310,2023-03-12,81249.66,Paid,28597.08
TES-R14214,TES-O10470,2025-09-07,184.54,Paid,0.0
TES-R16666,TES-O8737,2024-12-20,90997.94,Paid,0.0
TES-R15141,TES-O8703,2023-05-02,44.76,Paid,0.0
TES-R18492,TES-O7671,2023-11-25,39509.83,Paid,0.0
TES-R13219,TES-O12008,2024-05-23,93129.58,Paid,0.0
TES-R10922,TES-O9311,2025-10-08,95378.76,Paid,0.0
TES-R13828,TES-O7740,2025-11-10,28.98,Paid,0.0
TES-R12414,TES-O7992,2025-03-04,10.8,Pending,0.0
TES-R17332,TES-O11966,2024-11-04,,Paid,0.0
TES-R14373,TES-O10188,2024-04-23,20571.43,Paid,0.0
TES-R15556,TES-O6825,2023-11-02,466.44,Refunded,0.0
TES-R13278,TES-O10759,2025-07-26,17541.09,Paid,0.0
TES-R16491,TES-O14973,2024-10-25,47945.81,Paid,0.0
TES-R17518,TES-O9143,2024-02-24,45830.5,Refunded,0.0
TES-R16337,TES-O14768,2023-05-16,49248.23,Paid,0.0
TES-R9950,TES-O9022,2024-01-22,247.86,Paid,0.0
TES-R9153,TES-O5955,2024-11-16,120.64,Paid,0.0
TES-R12224,TES-O8327,2023-04-04,45792.16,Paid,0.0
TES-R12302,TES-O5361,2024-04-27,16806.8,Paid,0.0
TES-R12369,TES-O10642,2023-11-28,49639.71,Paid,0.0
TES-R15056,TES-O11840,2025-02-25,42043.87,Paid,0.0
TES-R13752,TES-O5727,2024-09-06,721.4,Paid,0.0
TES-R16597,TES-O13006,2023-03-19,9559.15,Paid,0.0
TES-R16609,TES-O9075,2023-03-11,11803.09,Paid,0.0
TES-R13668,TES-O7207,2023-10-18,84917.01,Paid,0.0
TES-R17680,TES-O13868,2024-05-16,94231.61,Paid,0.0
TES-R11982,TES-O5172,2023-03-27,92053.34,Paid,0.0
TES-R14789,TES-O9259,2025-11-21,1098.9,Paid,0.0
TES-R15569,TES-O10227,2023-09-14,325.29,Paid,0.0
TES-R13819,TES-O9145,2024-02-24,88921.81,Paid,0.0
TES-R16838,TES-O9884,2025-12-02,86254.44,Refunded,0.0
TES-R11343,TES-O11619,2024-06-24,51082.13,Paid,0.0
TES-R9372,TES-O9718,2024-04-27,,Paid,0.0
TES-R14275,TES-O13027,2024-01-15,49120.93,Pending,0.0
TES-R17414,TES-O9929,2024-10-27,41845.3,Paid,0.0
TES-R11800,TES-O11103,2023-07-12,98994.74,Paid,98994.74
TES-R17271,TES-O6231,2023-10-29,24737.62,Paid,0.0
TES-R11147,TES-O5839,2023-05-20,41291.68,Refunded,0.0
TES-R14756,TES-O13436,2024-08-08,18338.07,Paid,0.0
TES-R14097,TES-O11616,2024-10-26,42915.89,Refunded,0.0
TES-R12112,TES-O11094,2024-12-06,92192.62,Paid,0.0
TES-R9237,TES-O6992,2025-02-07,1118.52,Paid,0.0
TES-R11127,TES-O6021,2024-12-27,50519.14,Paid,0.0
TES-R12629,TES-O5554,2025-09-04,77128.24,Paid,0.0
TES-R9891,TES-O5580,2024-10-02,16069.32,Paid,0.0
TES-R13904,TES-O12904,2023-01-06,20596.7,Paid,0.0
TES-R18640,TES-O7039,2023-07-24,19989.26,Refunded,0.0
TES-R14454,TES-O12813,2024-01-01,44718.03,Paid,0.0
TES-R12757,TES-O7162,2023-08-19,,Paid,22.43
TES-R11795,TES-O13087,2025-05-12,22503.55,Paid,0.0
TES-R10951,TES-O10129,2023-01-19,80010.95,Paid,80010.95
TES-R9109,TES-O6449,2024-07-12,113.04,Paid,113.04
TES-R17217,TES-O11817,2023-11-16,975.35,Paid,0.0
TES-R16149,TES-O7516,2025-05-21,20391.39,Paid,0.0
TES-R10558,TES-O9651,2025-12-11,47263.9,Paid,0.0
TES-R12542,TES-O13055,2023-08-24,87602.89,Paid,0.0
TES-R11039,TES-O7518,2023-11-24,54.57,Paid,0.0
TES-R15106,TES-O7631,2024-10-05,48776.72,Paid,0.0
TES-R12763,TES-O5317,2025-05-19,83200.66,Paid,0.0
TES-R14428,TES-O13462,2025-11-20,44591.0,Refunded,0.0
TES-R17822,TES-O13201,2025-07-23,9334.13,Paid,0.0
TES-R10477,TES-O5962,2024-12-19,191.1,Paid,0.0
TES-R9942,TES-O5535,2024-07-10,473.85,Paid,0.0
TES-R11126,TES-O5009,2024-09-21,96.96,Paid,0.0
TES-R18577,TES-O11521,2023-08-07,,Paid,0.0
TES-R17958,TES-O14023,2025-04-10,154.1,Paid,0.0
TES-R17201,TES-O9280,2023-04-01,23034.39,Paid,0.0
TES-R17807,TES-O11765,2025-08-23,11236.03,Pending,0.0
TES-R10016,TES-O5136,2023-11-18,99559.06,Paid,0.0
TES-R13771,TES-O8505,2023-06-12,,Paid,9124.53
TES-R17009,TES-O6597,2023-12-10,18391.47,Paid,0.0
TES-R18221,TES-O7633,2023-05-02,76935.37,Paid,0.0
TES-R10380,TES-O6751,2025-08-12,,Paid,0.0
TES-R11646,TES-O7027,2025-01-14,45492.29,Paid,0.0
TES-R14585,TES-O14157,2024-07-25,82145.0,Paid,0.0
TES-R9347,TES-O12608,2023-09-28,96904.23,Paid,0.0
TES-R17307,TES-O6606,2024-11-15,51447.53,Paid,0.0
TES-R15105,TES-O5910,2025-01-02,79679.76,Paid,0.0
TES-R15052,TES-O7577,2024-02-26,51584.8,Paid,0.0
TES-R14064,TES-O14462,2024-07-04,10879.29,Paid,0.0
TES-R17848,TES-O10221,2025-04-26,92025.71,Paid,0.0
TES-R12843,TES-O10592,2025-04-15,152.95,Paid,152.95
TES-R12756,TES-O7119,2023-08-16,40227.03,Paid,0.0
TES-R13282,TES-O12835,2024-03-19,90249.21,Paid,0.0
TES-R13120,TES-O6697,2024-10-02,85130.57,Paid,0.0
TES-R10804,TES-O13358,2024-07-27,46283.06,Paid,0.0
TES-R13420,TES-O6896,2023-11-07,184.42,Paid,0.0
TES-R11320,TES-O6927,2025-05-06,46667.75,Paid,0.0
TES-R12925,TES-O6491,2023-03-06,87636.93,Refunded,0.0
TES-R14190,TES-O9781,2023-01-06,280.05,Paid,0.0
TES-R13586,TES-O8681,2024-09-07,92492.76,Paid,0.0
TES-R15166,TES-O11641,2024-09-01,52820.19,Paid,0.0
TES-R13729,TES-O13525,2025-02-14,82656.96,Paid,82656.96
TES-R17081,TES-O13776,2025-01-15,,Pending,0.0
TES-R13253,TES-O5765,2025-07-06,11232.48,Paid,0.0
TES-R11629,TES-O9931,2023-09-26,45192.68,Paid,0.0
TES-R12677,TES-O9076,2023-05-01,95947.57,Paid,0.0
TES-R9757,TES-O14114,2023-10-19,264.68,Paid,264.68
TES-R18588,TES-O9359,2023-05-27,24429.95,Paid,24429.95
TES-R17570,TES-O6961,2023-09-16,46632.26,Paid,0.0
TES-R14136,TES-O5927,2023-12-22,119.6,Pending,0.0
TES-R17824,TES-O6015,2024-01-07,9707.25,Paid,0.0
TES-R14031,TES-O8385,2024-10-31,,Paid,0.0
TES-R12124,TES-O13667,2023-07-11,86654.12,Paid,86654.12
TES-R10584,TES-O9701,2025-12-01,92387.21,Paid,0.0
TES-R12119,TES-O10876,2025-06-25,11505.61,Paid,0.0
TES-R11912,TES-O11118,2024-09-08,177.9,Paid,0.0
TES-R12507,TES-O14412,2023-06-03,17559.99,Paid,17559.99
TES-R11467,TES-O7295,2025-11-28,98589.55,Paid,0.0
TES-R17039,TES-O11308,2023-01-01,11197.36,Paid,11197.36
TES-R16775,TES-O12938,2023-01-26,96097.53,Pending,0.0
TES-R13947,TES-O11899,2024-05-26,10171.71,Paid,0.0
TES-R17086,TES-O8638,2025-12-22,80627.74,Pending,0.0
TES-R15021,TES-O10505,2024-08-07,86412.46,Pending,0.0
TES-R17184,TES-O7846,2023-05-24,41844.12,Paid,41844.12
TES-R13431,TES-O9319,2025-11-04,80674.02,Paid,0.0
TES-R11999,TES-O10131,2023-12-26,89861.09,Paid,0.0
TES-R13925,TES-O13580,2023-03-14,973.9,Paid,0.0
TES-R14295,TES-O5525,2024-12-09,16124.03,Paid,0.0
TES-R9286,TES-O13076,2024-03-19,10292.57,Paid,0.0
TES-R15043,TES-O14398,2023-04-30,93605.17,Pending,0.0
TES-R11950,TES-O12755,2025-09-09,87680.28,Paid,0.0
TES-R13169,TES-O14182,2025-01-16,45153.32,Pending,0.0
TES-R16483,TES-O11227,2025-05-23,91378.61,Paid,0.0
TES-R17764,TES-O14725,2025-08-16,18242.69,Paid,0.0
TES-R18284,TES-O8158,2025-11-14,42239.32,Paid,0.0
TES-R12056,TES-O6351,2024-04-24,238.38,Refunded,35.53
TES-R15482,TES-O6783,2023-05-24,76041.23,Refunded,0.0
TES-R15675,TES-O5518,2025-04-20,352.71,Paid,0.0
TES-R12192,TES-O14261,2023-09-12,92640.33,Paid,0.0
TES-R16023,TES-O11606,2025-06-09,297.65,Refunded,0.0
TES-R9520,TES-O10781,2023-10-13,9375.83,Paid,9375.83
TES-R18297,TES-O9935,2025-05-02,10931.55,Paid,0.0
TES-R18033,TES-O11792,2023-09-12,11137.56,Paid,11137.56
TES-R12855,TES-O6839,2025-11-22,37.13,Paid,0.0
TES-R12074,TES-O14507,2024-03-31,44771.76,Paid,0.0
TES-R13956,TES-O9117,2025-05-08,572.1,Paid,0.0
TES-R9743,TES-O6235,2024-05-17,526.4,Paid,0.0
TES-R9935,TES-O12998,2023-09-19,225.28,Paid,0.0
TES-R17658,TES-O8900,2024-02-26,786.15,Paid,0.0
TES-R13088,TES-O10889,2025-08-30,95622.96,Paid,0.0
TES-R9517,TES-O14388,2025-05-14,67.64,Paid,0.0
TES-R16748,TES-O14994,2023-02-11,11456.93,Pending,0.0
TES-R11379,TES-O14054,2025-08-10,54070.73,Paid,0.0
TES-R14494,TES-O9835,2023-09-01,47285.57,Paid,47285.57
TES-R15220,TES-O7974,2023-09-23,92060.39,Paid,17524.68
TES-R16505,TES-O10224,2023-09-25,23640.06,Paid,0.0
TES-R16315,TES-O14997,2024-11-20,45469.67,Paid,0.0
TES-R17371,TES-O7933,2024-06-30,41571.67,Paid,41571.67
TES-R12933,TES-O12572,2023-05-28,628.2,Paid,628.2
TES-R17423,TES-O7396,2024-10-03,38120.06,Paid,0.0
TES-R9162,TES-O6408,2023-03-07,836.15,Paid,0.0
TES-R9974,TES-O10905,2025-04-30,9180.64,Paid,9180.64
TES-R13192,TES-O7588,2025-02-01,340.68,Paid,0.0
TES-R9204,TES-O10788,2025-03-13,45845.37,Paid,0.0
TES-R10765,TES-O7800,2023-12-17,40688.84,Paid,0.0
TES-R16994,TES-O6669,2024-05-10,451.59,Paid,0.0
TES-R13451,TES-O14718,2023-01-03,298.71,Refunded,0.0
TES-R17439,TES-O7539,2023-06-22,846.3,Refunded,0.0
TES-R12162,TES-O8249,2023-08-17,9072.5,Paid,0.0
TES-R16818,TES-O13677,2024-06-18,342.8,Refunded,0.0
TES-R14070,TES-O13270,2024-01-26,11097.08,Pending,0.0
TES-R10995,TES-O7976,2024-05-17,424.8,Refunded,0.0
TES-R16152,TES-O11958,2023-02-26,75778.47,Paid,0.0
TES-R16473,TES-O9479,2025-08-14,86191.15,Paid,86191.15
TES-R9363,TES-O12538,2025-10-23,16511.61,Paid,0.0
TES-R10330,TES-O5369,2025-03-24,263.3,Paid,0.0
TES-R10091,TES-O9315,2023-11-17,87.51,Paid,0.0
TES-R14451,TES-O14673,2025-12-13,93850.14,Paid,93850.14
TES-R11965,TES-O8263,2023-07-18,87728.95,Paid,0.0
TES-R11468,TES-O14757,2024-09-21,24640.35,Paid,24640.35
TES-R18058,TES-O13382,2023-02-15,9456.37,Paid,0.0
TES-R12270,TES-O6868,2023-11-29,101.36,Refunded,0.0
TES-R13574,TES-O6616,2025-06-06,11836.89,Paid,0.0
TES-R13133,TES-O6892,2023-04-21,44.01,Paid,0.0
TES-R16630,TES-O7454,2023-10-31,11500.13,Paid,0.0
TES-R9267,TES-O5184,2025-06-07,44215.42,Paid,0.0
TES-R11269,TES-O7675,2023-04-16,21.94,Refunded,0.0
TES-R11752,TES-O10358,2025-06-19,48726.54,Paid,0.0
TES-R10821,TES-O14520,2025-08-11,44766.56,Paid,0.0
TES-R15116,TES-O8075,2025-12-21,94052.6,Paid,0.0
TES-R12006,TES-O6034,2024-05-09,77715.05,Paid,0.0
TES-R13674,TES-O6844,2025-09-13,240.24,Paid,240.24
TES-R17723,TES-O6025,2023-11-10,95847.69,Paid,0.0
TES-R17056,TES-O12721,2024-11-08,98293.52,Refunded,0.0
TES-R18568,TES-O13482,2025-09-19,36.19,Paid,0.0
TES-R18080,TES-O10316,2023-10-19,96771.86,Refunded,0.0
TES-R11679,TES-O10309,2023-10-09,49599.93,Paid,0.0
TES-R9274,TES-O6889,2024-03-08,785.82,Paid,0.0
TES-R10182,TES-O6680,2025-11-18,23971.48,Refunded,0.0
TES-R9202,TES-O7980,2024-03-05,40641.38,Paid,0.0
TES-R15263,TES-O13357,2025-10-07,94905.12,Paid,15911.39
TES-R14217,TES-O10004,2025-10-24,22784.63,Paid,0.0
TES-R17521,TES-O11540,2024-08-25,11335.16,Paid,0.0
TES-R11096,TES-O10824,2024-06-23,51684.42,Paid,0.0
TES-R11682,TES-O7397,2024-06-30,45398.92,Paid,0.0
TES-R12265,TES-O13348,2025-06-07,479.73,Refunded,0.0
TES-R9796,TES-O6538,2024-01-29,53506.31,Paid,0.0
TES-R10437,TES-O13583,2025-02-13,53660.94,Paid,0.0
TES-R9705,TES-O11219,2023-07-27,92915.84,Paid,0.0
TES-R18190,TES-O6837,2024-10-20,43854.08,Paid,0.0
TES-R14094,TES-O5795,2023-03-10,95305.03,Paid,0.0
TES-R18632,TES-O10326,2025-08-26,24595.22,Paid,24595.22
TES-R15248,TES-O9324,2025-04-16,44437.2,Paid,0.0
TES-R17624,TES-O7068,2023-08-10,820.8,Paid,154.79
TES-R14442,TES-O5625,2023-12-24,158.16,Pending,0.0
TES-R14549,TES-O8947,2025-09-03,45223.07,Paid,0.0
TES-R13652,TES-O6610,2025-08-02,43190.05,Paid,0.0
TES-R12690,TES-O5051,2025-01-11,572.88,Paid,572.88
TES-R17289,TES-O9515,2024-03-30,77336.14,Paid,77336.14
TES-R17976,TES-O7958,2023-08-30,,Paid,0.0
TES-R9205,TES-O9465,2023-05-09,10406.43,Paid,10406.43
TES-R12007,TES-O14111,2023-07-20,43839.28,Paid,0.0
TES-R18629,TES-O14486,2023-08-27,45871.78,Paid,45871.78
TES-R12545,TES-O5846,2023-09-04,98342.35,Paid,0.0
TES-R14571,TES-O9309,2024-11-08,11718.58,Paid,11718.58
TES-R13393,TES-O6678,2024-04-18,47405.09,Paid,47405.09
TES-R13751,TES-O13834,2023-03-03,402.4,Paid,402.4
TES-R10776,TES-O5715,2025-09-13,94619.16,Paid,0.0
TES-R9314,TES-O6464,2023-08-01,40315.45,Paid,0.0
TES-R14621,TES-O11380,2023-04-02,90196.39,Paid,0.0
TES-R17686,TES-O10516,2023-09-01,39745.19,Paid,39745.19
TES-R12694,TES-O7401,2023-03-24,39009.88,Refunded,0.0
TES-R17840,TES-O14021,2024-06-18,562.48,Paid,0.0
TES-R16566,TES-O6884,2024-01-25,159.98,Pending,0.0
TES-R11450,TES-O7713,2024-06-18,42627.08,Paid,0.0
TES-R18506,TES-O10802,2025-08-18,119.02,Paid,0.0
TES-R14533,TES-O8589,2024-02-21,48792.6,Paid,0.0
TES-R17564,TES-O13198,2024-05-14,98140.88,Pending,0.0
TES-R14790,TES-O13586,2023-03-13,19853.76,Paid,0.0
TES-R12630,TES-O11078,2025-04-30,10271.84,Paid,0.0
TES-R15536,TES-O13241,2025-01-29,90284.86,Paid,0.0
TES-R13800,TES-O7650,2025-11-19,755.68,Paid,0.0
TES-R15490,TES-O8428,2024-04-16,11633.07,Paid,0.0
TES-R10089,TES-O5122,2024-05-07,102.07,Paid,0.0
TES-R13501,TES-O6142,2023-11-08,1398.65,Paid,1398.65
TES-R16981,TES-O11959,2023-05-22,20192.45,Paid,0.0
TES-R13576,TES-O9552,2025-11-29,,Pending,0.0
TES-R16451,TES-O12848,2024-12-21,22009.54,Paid,0.0
TES-R16224,TES-O8687,2023-12-20,18074.63,Paid,0.0
TES-R10888,TES-O11771,2024-11-09,80392.53,Paid,0.0
TES-R9680,TES-O9264,2025-01-22,42374.19,Refunded,0.0
TES-R12199,TES-O11395,2023-06-24,90279.96,Paid,0.0
TES-R13147,TES-O7296,2023-07-19,85956.09,Paid,0.0
TES-R14310,TES-O11559,2025-05-25,87941.15,Paid,0.0
TES-R11148,TES-O6509,2023-12-01,39518.57,Paid,0.0
TES-R13928,TES-O7679,2023-09-12,39745.68,Paid,0.0
TES-R12666,TES-O9248,2023-08-09,18323.8,Paid,0.0
TES-R9805,TES-O7202,2023-09-04,41981.41,Paid,0.0
TES-R14500,TES-O5718,2024-06-28,,Pending,0.0
TES-R9784,TES-O12463,2023-04-13,9629.0,Paid,0.0
TES-R13872,TES-O5850,2025-01-11,9364.41,Paid,0.0
TES-R10515,TES-O5013,2023-01-27,18249.17,Refunded,0.0
TES-R17205,TES-O7644,2025-10-19,10457.5,Refunded,0.0
TES-R10446,TES-O11821,2023-09-20,88244.6,Paid,0.0
TES-R11000,TES-O7591,2024-03-22,10474.98,Paid,10474.98
TES-R10984,TES-O9501,2024-12-02,11519.83,Paid,0.0
TES-R16294,TES-O14177,2025-11-02,290.35,Paid,0.0
TES-R15342,TES-O12829,2023-08-01,90494.25,Paid,0.0
TES-R14868,TES-O14595,2024-07-08,,Paid,123.47
TES-R18216,TES-O9331,2024-08-24,330.54,Paid,151.12
TES-R14864,TES-O8825,2025-05-16,501.45,Pending,0.0
TES-R17283,TES-O14778,2024-07-07,47091.2,Paid,47091.2
TES-R12204,TES-O9565,2023-09-29,48659.48,Paid,0.0
TES-R17548,TES-O8093,2023-08-22,87779.24,Pending,0.0
TES-R11252,TES-O8287,2023-12-23,50045.19,Paid,0.0
TES-R12154,TES-O12620,2025-01-23,11989.74,Paid,0.0
TES-R13199,TES-O9678,2024-12-17,77829.96,Paid,0.0
TES-R13008,TES-O12111,2025-02-02,11865.11,Paid,11865.11
TES-R9519,TES-O14884,2024-09-21,38499.18,Refunded,0.0
TES-R9438,TES-O10462,2025-10-12,81988.81,Paid,0.0
TES-R10839,TES-O8458,2023-01-29,377.94,Paid,175.3
TES-R15559,TES-O5061,2024-01-07,85876.97,Paid,0.0
TES-R16742,TES-O14784,2025-12-05,,Paid,0.0
TES-R18659,TES-O8102,2025-12-03,11939.36,Paid,0.0
TES-R10580,TES-O14799,2025-01-06,91643.18,Paid,0.0
TES-R14473,TES-O5298,2024-07-21,546.58,Paid,546.58
TES-R11246,TES-O11266,2024-12-11,22601.89,Paid,22601.89
TES-R11651,TES-O10783,2024-04-10,57.46,Refunded,0.0
TES-R16586,TES-O13355,2023-04-26,,Refunded,0.0
TES-R12211,TES-O10803,2024-07-10,44502.03,Paid,44502.03
TES-R9016,TES-O11782,2024-07-19,39413.51,Paid,0.0
TES-R17141,TES-O11534,2025-03-21,42628.28,Paid,0.0
TES-R18214,TES-O11214,2025-04-02,82190.5,Refunded,0.0
TES-R12242,TES-O8006,2025-12-24,43442.01,Pending,0.0
TES-R12017,TES-O10392,2024-05-25,44816.35,Paid,0.0
TES-R11587,TES-O7519,2024-01-21,42845.3,Paid,0.0
TES-R13001,TES-O10915,2023-01-03,125.54,Refunded,0.0
TES-R11138,TES-O9083,2024-01-29,45781.19,Paid,0.0
TES-R16248,TES-O7913,2023-08-04,43652.3,Pending,0.0
TES-R14707,TES-O9373,2024-04-17,11517.62,Pending,0.0
TES-R17786,TES-O6779,2025-11-04,95671.92,Pending,0.0
TES-R14725,TES-O12083,2025-03-04,122.1,Paid,122.1
TES-R16305,TES-O7278,2024-04-23,10088.92,Paid,0.0
TES-R11534,TES-O8431,2024-12-19,531.8,Paid,0.0
TES-R9281,TES-O12363,2025-07-14,88030.96,Paid,0.0
TES-R15151,TES-O8944,2023-07-08,43886.01,Refunded,0.0
TES-R11874,TES-O13856,2024-12-21,84783.0,Paid,0.0
TES-R11578,TES-O13364,2023-03-19,90794.25,Paid,0.0
TES-R10359,TES-O7793,2025-06-06,92954.94,Paid,0.0
TES-R14041,TES-O10913,2023-08-13,38077.26,Paid,0.0
TES-R17445,TES-O11327,2024-09-18,762.92,Paid,0.0
TES-R15257,TES-O14772,2024-09-14,11226.13,Paid,0.0
TES-R13597,TES-O6349,2025-03-09,49158.18,Paid,0.0
TES-R16654,TES-O6163,2025-10-27,23745.36,Paid,0.0
TES-R18405,TES-O7890,2024-10-10,93992.5,Paid,0.0
TES-R10294,TES-O14391,2025-10-02,99067.07,Paid,0.0
TES-R15983,TES-O11825,2023-10-17,1449.15,Refunded,0.0
TES-R15963,TES-O13952,2023-04-27,9843.9,Refunded,0.0
TES-R16179,TES-O5416,2025-10-22,10497.64,Paid,0.0
TES-R11496,TES-O11985,2024-06-19,91533.99,Paid,0.0
TES-R10920,TES-O8806,2023-11-23,1236.05,Paid,0.0
TES-R14403,TES-O7274,2024-10-12,,Paid,0.0
TES-R10394,TES-O5407,2025-02-02,48482.42,Paid,48482.42
TES-R9444,TES-O5882,2025-05-10,248.45,Paid,0.0
TES-R12322,TES-O13528,2023-09-24,50126.13,Paid,50126.13
TES-R15359,TES-O8759,2023-09-03,11492.38,Paid,0.0
TES-R11071,TES-O6193,2023-07-27,10050.82,Paid,0.0
TES-R13755,TES-O9747,2025-07-07,11938.05,Paid,0.0
TES-R9178,TES-O8708,2025-10-19,471.54,Refunded,0.0
TES-R9879,TES-O10350,2023-10-08,39373.66,Paid,0.0
TES-R11544,TES-O5023,2025-10-04,274.77,Paid,274.77
TES-R12048,TES-O7247,2024-07-16,10510.82,Paid,10510.82
TES-R18195,TES-O14566,2025-08-10,93908.26,Paid,93908.26
TES-R16369,TES-O7173,2024-11-14,235.39,Pending,0.0
TES-R15090,TES-O9918,2025-07-26,,Paid,80761.33
TES-R16889,TES-O11313,2024-09-09,88472.91,Paid,0.0
TES-R12726,TES-O7757,2023-04-26,82612.38,Paid,0.0
TES-R14437,TES-O14761,2025-01-20,,Paid,0.0
TES-R16729,TES-O9138,2025-01-03,740.97,Paid,0.0
TES-R16490,TES-O9879,2024-11-29,38604.86,Refunded,0.0
TES-R16014,TES-O12916,2025-12-18,16177.11,Paid,0.0
TES-R13385,TES-O8487,2023-01-17,40896.24,Pending,0.0
TES-R13613,TES-O13018,2023-11-09,17286.04,Paid,0.0
TES-R14807,TES-O14431,2025-05-12,22955.48,Paid,0.0
TES-R9650,TES-O11213,2023-05-29,,Paid,0.0
TES-R12465,TES-O12311,2023-03-11,44622.67,Paid,0.0
TES-R14266,TES-O13764,2025-09-13,17339.97,Paid,0.0
TES-R15416,TES-O7287,2024-04-25,803.24,Paid,0.0
TES-R14029,TES-O7559,2023-01-01,19549.02,Paid,19549.02
TES-R15114,TES-O10437,2023-12-30,,Paid,0.0
TES-R18478,TES-O13102,2025-09-01,46857.27,Refunded,0.0
TES-R11251,TES-O7414,2025-07-28,86585.24,Paid,0.0
TES-R13686,TES-O6217,2025-06-26,897.65,Refunded,0.0
TES-R13477,TES-O14068,2024-05-06,19461.71,Refunded,0.0
TES-R17546,TES-O7131,2025-11-09,86464.04,Paid,86464.04
TES-R11151,TES-O12759,2024-03-31,39364.27,Paid,0.0
TES-R10245,TES-O8142,2023-06-23,77974.12,Paid,0.0
TES-R9010,TES-O10325,2024-12-28,9948.7,Paid,0.0
TES-R16782,TES-O10976,2024-04-03,18782.51,Paid,0.0
TES-R12433,TES-O14415,2025-04-05,450.95,Paid,0.0
TES-R16546,TES-O13601,2024-11-03,21787.91,Paid,0.0
TES-R11780,TES-O7262,2024-06-04,359.16,Paid,0.0
TES-R10196,TES-O13634,2025-11-05,9959.46,Refunded,0.0
TES-R18544,TES-O8788,2024-05-31,41963.3,Paid,0.0
TES-R10229,TES-O7253,2024-05-15,41758.44,Paid,41758.44
TES-R14602,TES-O14950,2023-03-02,22700.71,Paid,0.0
TES-R12997,TES-O9735,2024-03-29,23599.87,Paid,0.0
TES-R15386,TES-O10464,2024-02-25,44371.53,Paid,44371.53
TES-R10949,TES-O8702,2024-09-27,89717.51,Paid,0.0
TES-R11615,TES-O9981,2025-11-15,99040.98,Paid,0.0
TES-R12920,TES-O11945,2025-07-31,43017.92,Paid,43017.92
TES-R14183,TES-O6609,2025-12-19,,Paid,0.0
TES-R13573,TES-O14153,2023-11-07,,Pending,0.0
TES-R15113,TES-O5664,2023-10-03,87680.71,Paid,0.0
TES-R18557,TES-O11359,2024-03-04,42.52,Paid,0.0
TES-R10267,TES-O7833,2023-12-10,512.61,Paid,0.0
TES-R14166,TES-O14129,2025-10-12,90007.04,Paid,0.0
TES-R16039,TES-O5016,2025-08-30,11262.32,Paid,11262.32
TES-R11038,TES-O8485,2023-11-17,23148.04,Paid,0.0
TES-R13598,TES-O13507,2024-12-15,96275.09,Paid,0.0
TES-R13129,TES-O11605,2023-06-03,9537.84,Paid,0.0
TES-R13470,TES-O14770,2025-10-15,37.59,Paid,0.0
TES-R12979,TES-O7952,2025-06-09,84114.72,Paid,0.0
TES-R15878,TES-O5110,2023-08-13,10594.11,Refunded,0.0
TES-R11958,TES-O10831,2023-04-21,,Refunded,0.0
TES-R13746,TES-O10992,2025-04-11,190.62,Paid,0.0
TES-R16640,TES-O8958,2023-06-19,520.35,Refunded,0.0
TES-R18091,TES-O9285,2024-02-29,183.32,Paid,0.0
TES-R9454,TES-O12146,2025-08-18,98230.52,Paid,0.0
TES-R14192,TES-O9608,2025-07-03,48939.89,Paid,0.0
TES-R10867,TES-O9590,2024-12-22,96323.79,Pending,0.0
TES-R12460,TES-O7813,2023-05-28,844.3,Paid,0.0
TES-R11851,TES-O14978,2024-10-20,15294.49,Paid,0.0
TES-R11738,TES-O7220,2024-03-25,395.38,Paid,0.0
TES-R18002,TES-O13750,2025-07-20,210.45,Paid,210.45
TES-R12747,TES-O11450,2025-02-18,91842.5,Paid,0.0
TES-R15862,TES-O5400,2024-03-19,90649.04,Paid,0.0
TES-R14547,TES-O7897,2024-09-18,172.26,Paid,0.0
TES-R9733,TES-O11657,2023-07-05,87019.06,Pending,0.0
TES-R11992,TES-O13487,2023-07-15,10273.97,Paid,0.0
TES-R9549,TES-O7637,2023-07-16,83122.82,Paid,83122.82
TES-R14747,TES-O11354,2024-09-18,87168.74,Paid,87168.74
TES-R16915,TES-O8574,2023-02-04,11010.63,Paid,0.0
TES-R10021,TES-O10005,2023-11-14,10629.02,Paid,10629.02
TES-R17635,TES-O5037,2024-02-22,50801.9,Paid,0.0
TES-R16512,TES-O10570,2023-08-16,87192.33,Pending,0.0
TES-R9867,TES-O7362,2025-10-24,34.17,Paid,0.0
TES-R12797,TES-O14378,2025-09-17,566.72,Paid,0.0
TES-R12543,TES-O13921,2024-10-20,93.21,Paid,20.48
TES-R17736,TES-O6446,2025-06-05,97151.47,Paid,97151.47
TES-R13083,TES-O13111,2023-07-27,48734.34,Refunded,0.0
TES-R10112,TES-O6592,2025-04-11,88817.77,Paid,0.0
TES-R14285,TES-O13973,2023-04-04,98175.04,Paid,0.0
TES-R14806,TES-O14027,2024-07-19,125.55,Paid,0.0
TES-R10320,TES-O10389,2024-03-08,860.1,Paid,860.1
TES-R15768,TES-O13933,2023-02-12,126.88,Paid,0.0
TES-R15803,TES-O6106,2023-07-01,463.3,Paid,463.3
TES-R16394,TES-O10177,2024-04-11,467.3,Paid,0.0
TES-R14283,TES-O5120,2023-09-01,320.0,Paid,0.0
TES-R15698,TES-O8354,2025-03-07,45673.13,Paid,0.0
TES-R11612,TES-O6284,2024-11-15,11.18,Paid,0.0
TES-R10971,TES-O12582,2024-12-13,43803.18,Paid,0.0
TES-R13544,TES-O13851,2025-04-28,9904.46,Paid,9904.46
TES-R14359,TES-O10272,2025-09-09,46342.31,Refunded,0.0
TES-R18118,TES-O8875,2025-11-17,,Paid,0.0
TES-R11388,TES-O14195,2023-06-04,87855.57,Paid,0.0
TES-R9738,TES-O14700,2023-07-17,45003.94,Paid,0.0
TES-R17836,TES-O7597,2024-06-12,523.65,Paid,0.0
TES-R17285,TES-O6254,2025-03-06,650.3,Paid,0.0
TES-R13332,TES-O7325,2024-03-01,855.45,Paid,0.0
TES-R18317,TES-O13010,2024-06-29,43657.45,Refunded,0.0
TES-R13357,TES-O9949,2025-11-02,18803.51,Paid,0.0
TES-R9220,TES-O14127,2024-10-19,94683.3,Paid,0.0
TES-R11875,TES-O8100,2023-07-16,89272.87,Paid,89272.87
TES-R9431,TES-O13752,2023-01-09,124.94,Paid,0.0
TES-R12905,TES-O9505,2025-11-11,99430.81,Paid,0.0
TES-R11185,TES-O10794,2023-03-17,163.52,Refunded,0.0
TES-R16641,TES-O11235,2024-09-26,85244.0,Paid,0.0
TES-R14455,TES-O6315,2023-12-23,10835.34,Paid,10835.34
TES-R10728,TES-O10479,2024-08-13,86477.45,Paid,0.0
TES-R11988,TES-O8057,2024-07-01,10954.53,Pending,0.0
TES-R15547,TES-O12267,2024-03-10,254.24,Paid,0.0
TES-R17014,TES-O10426,2023-08-27,156.75,Paid,0.0
TES-R17767,TES-O13122,2025-02-25,,Paid,0.0
TES-R12770,TES-O6851,2023-04-02,88586.05,Paid,0.0
TES-R10779,TES-O11527,2025-07-04,17153.89,Paid,0.0
TES-R9791,TES-O13869,2024-03-14,41663.32,Paid,0.0
TES-R17079,TES-O8084,2023-04-10,43688.06,Paid,0.0
TES-R18331,TES-O13454,2025-06-18,81900.45,Paid,0.0
TES-R9358,TES-O8334,2024-05-19,10976.09,Refunded,0.0
TES-R9291,TES-O6259,2023-07-29,42956.65,Paid,0.0
TES-R17496,TES-O6119,2024-07-07,291.76,Paid,0.0
TES-R17067,TES-O5960,2023-12-05,88571.44,Paid,0.0
TES-R13426,TES-O12066,2025-01-10,18402.71,Paid,0.0
TES-R15994,TES-O7064,2023-03-22,580.64,Refunded,0.0
TES-R14851,TES-O9399,2024-04-02,9133.53,Paid,0.0
TES-R14545,TES-O12197,2024-01-03,144.3,Paid,0.0
TES-R16625,TES-O11910,2023-03-30,17386.49,Paid,0.0
TES-R16107,TES-O5663,2024-06-29,91.73,Refunded,0.0
TES-R11621,TES-O9911,2024-10-22,19824.62,Paid,19824.62
TES-R12772,TES-O7063,2025-01-06,20994.1,Paid,0.0
TES-R12846,TES-O13615,2023-10-17,90579.26,Paid,0.0
TES-R11077,TES-O6148,2024-08-02,80977.67,Pending,0.0
TES-R17685,TES-O14984,2024-10-11,18259.66,Paid,0.0
TES-R13155,TES-O6433,2023-10-09,1285.3,Paid,0.0
TES-R15157,TES-O6737,2025-06-13,18203.45,Paid,0.0
TES-R11123,TES-O11401,2025-10-22,22656.39,Paid,0.0
TES-R17505,TES-O9183,2024-03-11,546.33,Paid,0.0
TES-R11834,TES-O7866,2025-08-21,81572.26,Paid,0.0
TES-R17554,TES-O12902,2025-07-10,38131.17,Paid,0.0
TES-R14614,TES-O14454,2024-03-31,23545.33,Paid,0.0
TES-R12959,TES-O14828,2025-03-26,84756.13,Paid,84756.13
TES-R17055,TES-O9834,2024-02-24,82633.21,Paid,0.0
TES-R11035,TES-O6275,2025-11-05,321.4,Paid,0.0
TES-R14407,TES-O5420,2023-08-05,15437.59,Paid,0.0
TES-R17899,TES-O13107,2024-08-22,9502.21,Paid,0.0
TES-R10127,TES-O12101,2024-11-25,92088.59,Paid,92088.59
TES-R16028,TES-O14972,2023-08-15,43891.99,Paid,0.0
TES-R14620,TES-O8583,2024-12-31,82732.71,Paid,82732.71
TES-R17248,TES-O5624,2023-05-17,48232.11,Paid,0.0
TES-R16447,TES-O6644,2025-12-20,24064.42,Pending,0.0
TES-R14953,TES-O9927,2023-02-08,47990.42,Paid,0.0
TES-R11358,TES-O10538,2024-03-25,1030.12,Paid,0.0
TES-R13716,TES-O14608,2025-05-30,91450.36,Paid,0.0
TES-R17774,TES-O13796,2024-05-07,51339.7,Paid,0.0
TES-R16351,TES-O11999,2025-03-29,21383.98,Paid,0.0
TES-R12798,TES-O14420,2023-09-25,104.16,Paid,0.0
TES-R11352,TES-O11943,2023-08-02,39176.52,Paid,0.0
TES-R13279,TES-O6536,2024-09-03,92045.62,Paid,0.0
TES-R12131,TES-O13323,2025-09-01,9858.95,Paid,9858.95
TES-R16422,TES-O13913,2023-08-13,522.6,Refunded,0.0
TES-R11458,TES-O10298,2024-08-19,807.4,Paid,0.0
TES-R12947,TES-O8333,2025-01-17,196.77,Paid,0.0
TES-R12220,TES-O11231,2025-05-18,9023.34,Paid,9023.34
TES-R11601,TES-O9230,2024-10-09,,Pending,0.0
TES-R14948,TES-O7850,2024-06-02,87150.14,Paid,0.0
TES-R14284,TES-O11627,2023-02-05,584.05,Paid,0.0
TES-R9532,TES-O5640,2024-01-24,20720.53,Refunded,0.0
TES-R15655,TES-O14521,2025-11-23,50006.4,Paid,0.0
TES-R9699,TES-O14964,2024-04-24,9737.5,Paid,0.0
TES-R12899,TES-O13222,2025-08-09,978.1,Paid,0.0
TES-R11533,TES-O6818,2024-05-24,18797.2,Refunded,0.0
TES-R14713,TES-O10148,2024-04-14,299.52,Paid,0.0
TES-R13567,TES-O10796,2025-11-27,45094.83,Refunded,0.0
TES-R13929,TES-O8135,2025-06-15,51011.06,Pending,0.0
TES-R16842,TES-O12137,2025-11-21,83909.27,Refunded,0.0
TES-R15801,TES-O7945,2025-12-15,24491.2,Paid,0.0
TES-R13350,TES-O11477,2023-11-27,24482.06,Paid,0.0
TES-R13809,TES-O14148,2024-06-08,135.61,Paid,135.61
TES-R11367,TES-O14333,2023-05-05,95.35,Refunded,0.0
TES-R13020,TES-O11572,2023-03-14,9983.94,Pending,0.0
TES-R14408,TES-O14749,2024-06-11,45857.83,Refunded,0.0
TES-R12550,TES-O6325,2025-08-19,89823.67,Paid,0.0
TES-R13528,TES-O12225,2024-02-03,877.95,Paid,0.0
TES-R16132,TES-O9645,2025-08-22,79495.73,Paid,0.0
TES-R17334,TES-O6840,2024-09-25,23264.99,Paid,0.0
TES-R13991,TES-O13763,2024-03-20,94841.83,Paid,0.0
TES-R10740,TES-O11533,2024-07-26,53227.66,Paid,0.0
TES-R18572,TES-O11142,2024-09-26,1170.32,Paid,0.0
TES-R13135,TES-O8051,2025-07-16,768.35,Paid,768.35
TES-R9417,TES-O9433,2025-09-01,43179.5,Paid,0.0
TES-R9040,TES-O8892,2023-02-06,54.56,Paid,0.0
TES-R11577,TES-O9694,2024-04-20,75424.32,Refunded,0.0
TES-R18125,TES-O5327,2025-09-29,80178.95,Pending,0.0
TES-R14886,TES-O12696,2025-05-10,43309.74,Pending,0.0
TES-R11119,TES-O8460,2024-12-09,90215.93,Paid,0.0
TES-R14267,TES-O10303,2024-03-12,20328.23,Paid,0.0
TES-R13300,TES-O5723,2025-04-02,1209.5,Paid,0.0
TES-R14474,TES-O11070,2024-04-16,376.65,Refunded,0.0
TES-R9504,TES-O11850,2024-03-29,19385.68,Paid,0.0
TES-R17791,TES-O14618,2025-08-15,11989.51,Paid,0.0
TES-R11120,TES-O9355,2025-06-21,,Paid,260.66
TES-R10310,TES-O9318,2023-01-29,10781.36,Paid,0.0
TES-R16245,TES-O8575,2025-01-27,,Paid,0.0
TES-R9095,TES-O9555,2024-06-27,271.55,Paid,0.0
TES-R11302,TES-O14061,2025-03-24,43863.76,Paid,0.0
TES-R9344,TES-O13048,2025-02-01,137.79,Paid,30.1
TES-R12966,TES-O6577,2025-03-24,84726.44,Paid,0.0
TES-R9627,TES-O7017,2023-08-19,16158.07,Paid,0.0
TES-R13798,TES-O14102,2023-05-15,,Paid,0.0
TES-R17940,TES-O13794,2024-01-26,9783.46,Paid,0.0
TES-R16161,TES-O7998,2023-01-05,54682.55,Paid,0.0
TES-R11495,TES-O14258,2023-12-09,42881.8,Refunded,0.0
TES-R18185,TES-O13637,2024-12-26,39055.28,Paid,0.0
TES-R14016,TES-O11758,2023-01-12,93654.66,Paid,0.0
TES-R9986,TES-O6183,2023-07-10,10676.65,Paid,0.0
TES-R15222,TES-O14822,2024-05-06,44711.96,Paid,44711.96
TES-R9020,TES-O11289,2025-09-08,90435.5,Refunded,0.0
TES-R17954,TES-O14550,2023-06-08,83272.41,Paid,0.0
TES-R18156,TES-O9619,2024-01-31,96485.4,Refunded,0.0
TES-R10601,TES-O11036,2025-05-20,10328.84,Paid,0.0
TES-R12903,TES-O9278,2025-03-27,11687.82,Paid,0.0
TES-R14013,TES-O12791,2025-08-13,10404.57,Paid,0.0
TES-R12221,TES-O8473,2025-10-20,629.1,Paid,0.0
TES-R10027,TES-O7628,2023-05-09,10696.34,Paid,0.0
TES-R17100,TES-O14696,2025-04-27,51551.58,Paid,0.0
TES-R17215,TES-O11172,2023-04-12,24126.43,Refunded,0.0
TES-R13427,TES-O14792,2023-05-29,10486.76,Paid,0.0
TES-R16295,TES-O14870,2023-04-27,17957.16,Refunded,0.0
TES-R16263,TES-O14651,2024-09-26,116.04,Refunded,0.0
TES-R9981,TES-O11623,2024-06-27,361.92,Paid,361.92
TES-R18694,TES-O9999,2024-04-19,318.97,Paid,0.0
TES-R16907,TES-O9167,2025-12-23,80203.5,Paid,0.0
TES-R14810,TES-O9802,2023-05-20,89301.53,Paid,0.0
TES-R10545,TES-O13524,2023-04-06,45446.72,Refunded,0.0
TES-R18240,TES-O10544,2025-07-28,84861.57,Paid,0.0
TES-R16094,TES-O12965,2024-08-07,9354.18,Paid,0.0
TES-R18564,TES-O8866,2023-08-09,463.17,Paid,463.17
TES-R11525,TES-O12450,2025-09-29,48206.05,Refunded,0.0
TES-R13867,TES-O11787,2023-04-28,91384.79,Paid,0.0
TES-R11292,TES-O7660,2024-12-09,99359.34,Paid,0.0
TES-R10464,TES-O14235,2024-01-17,11863.04,Paid,11863.04
TES-R16637,TES-O8871,2024-03-27,95175.66,Paid,0.0
TES-R13272,TES-O13171,2025-11-25,147.24,Paid,0.0
TES-R10362,TES-O13392,2024-03-12,11306.24,Paid,0.0
TES-R12506,TES-O10026,2023-09-14,17479.36,Refunded,0.0
TES-R9808,TES-O6995,2025-12-22,445.98,Paid,0.0
TES-R16366,TES-O7734,2025-05-15,47539.08,Paid,0.0
TES-R11667,TES-O5573,2024-12-08,90012.79,Paid,90012.79
TES-R12245,TES-O5118,2023-09-09,21720.42,Paid,0.0
TES-R9641,TES-O10191,2024-01-25,76180.76,Paid,0.0
TES-R14579,TES-O7891,2023-10-21,126.63,Paid,126.63
TES-R14775,TES-O12086,2024-11-16,16192.57,Paid,0.0
TES-R9436,TES-O6471,2024-07-19,53429.06,Refunded,0.0
TES-R16860,TES-O12034,2024-12-23,92750.1,Paid,0.0
TES-R13903,TES-O6612,2023-10-25,50861.1,Paid,0.0
TES-R10510,TES-O7034,2025-12-25,10882.31,Pending,0.0
TES-R13603,TES-O5157,2023-06-14,40771.54,Refunded,0.0
TES-R13229,TES-O5963,2025-12-22,21449.9,Paid,0.0
TES-R16068,TES-O13850,2025-10-08,,Paid,0.0
TES-R18222,TES-O10196,2024-01-17,10567.21,Paid,0.0
TES-R10457,TES-O9017,2023-10-11,11428.82,Paid,11428.82
TES-R13769,TES-O12794,2023-01-25,460.8,Paid,0.0
TES-R11723,TES-O8038,2024-03-24,92463.36,Paid,0.0
TES-R16833,TES-O10369,2024-08-09,1188.85,Paid,0.0
TES-R16466,TES-O12112,2024-12-21,18249.37,Paid,0.0
TES-R12209,TES-O14842,2024-12-15,,Paid,0.0
TES-R18554,TES-O13456,2024-07-30,99741.72,Pending,0.0
TES-R18277,TES-O11447,2023-07-31,83711.38,Paid,0.0
TES-R9116,TES-O6878,2024-04-10,47399.95,Paid,0.0
TES-R14673,TES-O13757,2024-08-25,,Paid,0.0
TES-R12717,TES-O6929,2023-03-18,47992.15,Paid,0.0
TES-R11796,TES-O10118,2024-05-22,38061.94,Paid,38061.94
TES-R14235,TES-O13702,2024-03-07,46350.34,Paid,0.0
TES-R15149,TES-O5376,2025-01-10,562.02,Paid,0.0
TES-R13682,TES-O8509,2023-08-15,50187.96,Paid,0.0
TES-R9631,TES-O5694,2025-01-27,10315.87,Paid,0.0
TES-R18403,TES-O14903,2023-05-27,16798.76,Paid,0.0
TES-R17590,TES-O14413,2023-12-02,76624.28,Paid,0.0
TES-R13068,TES-O9038,2025-07-15,128.2,Paid,0.0
TES-R11315,TES-O10910,2024-08-05,18422.88,Paid,18422.88
TES-R18642,TES-O14707,2024-02-06,377.04,Paid,0.0
TES-R10284,TES-O11610,2025-10-09,52551.25,Paid,52551.25
TES-R17975,TES-O12187,2024-08-26,,Paid,0.0
TES-R14019,TES-O5879,2023-01-01,683.65,Paid,683.65
TES-R18407,TES-O12869,2025-06-29,194.26,Paid,0.0
TES-R11674,TES-O14348,2023-06-25,162.22,Paid,162.22
TES-R18344,TES-O5861,2024-11-10,85242.83,Paid,0.0
TES-R15561,TES-O9149,2024-10-18,88077.98,Paid,0.0
TES-R9758,TES-O8003,2023-10-28,85666.28,Paid,0.0
TES-R10898,TES-O7608,2025-06-30,488.04,Refunded,0.0
TES-R11028,TES-O9484,2025-05-29,45192.92,Paid,0.0
TES-R16608,TES-O7008,2024-04-20,43863.7,Paid,0.0
TES-R14162,TES-O14109,2023-05-05,9257.8,Paid,0.0
TES-R14935,TES-O10448,2024-02-24,606.15,Paid,0.0
TES-R15640,TES-O5399,2024-02-09,89117.1,Paid,30126.79
TES-R13364,TES-O5594,2023-11-02,21032.19,Paid,0.0
TES-R9184,TES-O8036,2024-11-01,77788.89,Paid,77788.89
TES-R9507,TES-O8539,2025-10-15,50591.54,Paid,0.0
TES-R10059,TES-O5978,2024-10-29,337.34,Paid,0.0
TES-R13670,TES-O9584,2023-10-25,215.51,Paid,0.0
TES-R17092,TES-O7883,2023-06-23,19815.62,Paid,0.0
TES-R10448,TES-O9127,2023-09-15,461.55,Paid,0.0
TES-R17541,TES-O13116,2023-07-20,88699.28,Paid,0.0
TES-R12607,TES-O11141,2024-01-07,86228.3,Paid,0.0
TES-R12155,TES-O12074,2024-12-19,81617.55,Refunded,0.0
TES-R10188,TES-O11183,2024-01-18,98660.58,Paid,0.0
TES-R13440,TES-O6569,2024-11-25,211.25,Refunded,0.0
TES-R9581,TES-O11205,2025-10-22,47310.67,Paid,0.0
TES-R13471,TES-O7768,2024-06-09,936.84,Refunded,0.0
TES-R16684,TES-O8907,2023-04-17,160.22,Paid,0.0
TES-R15410,TES-O13752,2023-01-09,124.94,Paid,42.38
TES-R12475,TES-O13984,2025-11-12,36.79,Paid,7.8
TES-R11178,TES-O13991,2024-01-29,96105.67,Pending,0.0
TES-R14843,TES-O5116,2025-11-29,81826.39,Paid,0.0
TES-R14821,TES-O9708,2024-04-14,45491.76,Paid,0.0
TES-R18595,TES-O8376,2023-01-09,83903.62,Paid,0.0
TES-R18319,TES-O5567,2023-10-20,88951.39,Paid,0.0
TES-R13304,TES-O13512,2024-06-24,41.2,Paid,41.2
TES-R16046,TES-O7985,2023-06-07,44230.78,Paid,0.0
TES-R17776,TES-O9810,2025-03-03,495.2,Paid,0.0
TES-R13609,TES-O13650,2025-12-26,52566.52,Refunded,0.0
TES-R11783,TES-O11661,2025-05-24,18221.66,Paid,0.0
TES-R14515,TES-O8899,2023-06-22,54776.98,Paid,0.0
TES-R9764,TES-O8058,2025-10-22,97290.22,Refunded,0.0
TES-R9273,TES-O5579,2025-09-15,44510.4,Refunded,0.0
TES-R16336,TES-O11915,2025-06-14,546.6,Paid,0.0
TES-R14135,TES-O5074,2023-04-20,9903.58,Pending,0.0
TES-R16754,TES-O9010,2024-02-21,91707.68,Paid,0.0
TES-R14375,TES-O13324,2024-07-23,96781.27,Paid,0.0
TES-R10737,TES-O7410,2024-03-27,44281.36,Paid,0.0
TES-R18101,TES-O5546,2024-12-14,586.83,Pending,0.0
TES-R10970,TES-O11348,2023-07-18,41082.09,Paid,41082.09
TES-R15256,TES-O9504,2025-01-23,,Paid,0.0
TES-R13631,TES-O9155,2024-06-15,93584.47,Refunded,0.0
TES-R9819,TES-O14044,2024-11-25,16719.25,Paid,0.0
TES-R9511,TES-O5362,2024-02-10,86719.45,Pending,0.0
TES-R15955,TES-O9197,2025-09-30,44483.19,Paid,44483.19
TES-R9415,TES-O14138,2023-11-11,40074.37,Paid,0.0
TES-R14663,TES-O5022,2024-07-02,76320.41,Paid,0.0
TES-R15408,TES-O12484,2024-03-06,,Paid,0.0
TES-R12728,TES-O9001,2024-08-10,47781.36,Paid,0.0
TES-R17613,TES-O8435,2025-12-25,719.56,Paid,0.0
TES-R13080,TES-O6668,2023-02-03,124.8,Paid,0.0
TES-R11244,TES-O12148,2024-07-12,183.37,Pending,0.0
TES-R14646,TES-O11600,2025-01-27,47397.84,Paid,0.0
TES-R13542,TES-O9348,2025-09-13,11025.15,Paid,0.0
TES-R15099,TES-O13297,2023-10-10,10744.91,Paid,0.0
TES-R16682,TES-O7303,2023-04-10,286.04,Paid,0.0
TES-R12771,TES-O12668,2025-05-07,72.84,Refunded,0.0
TES-R9009,TES-O9790,2025-07-09,79923.96,Paid,0.0
TES-R12667,TES-O11597,2024-09-01,,Paid,84674.1
TES-R14032,TES-O6576,2024-10-20,9628.05,Paid,0.0
TES-R17040,TES-O7593,2023-03-13,10607.87,Refunded,0.0
TES-R12496,TES-O14236,2024-08-02,17855.86,Refunded,0.0
TES-R15608,TES-O14752,2023-02-24,22206.48,Paid,0.0
TES-R17498,TES-O11138,2024-08-26,75218.2,Paid,0.0
TES-R11896,TES-O9899,2025-06-02,80674.37,Paid,0.0
TES-R10735,TES-O14097,2025-02-11,91327.92,Paid,0.0
TES-R13390,TES-O10225,2023-05-03,43762.62,Paid,0.0
TES-R11549,TES-O11025,2024-06-14,9560.49,Pending,0.0
TES-R12009,TES-O13081,2024-07-12,42945.66,Paid,0.0
TES-R9584,TES-O14071,2023-07-15,51393.26,Paid,0.0
TES-R18569,TES-O10671,2025-12-03,23145.4,Paid,0.0
TES-R14877,TES-O5894,2024-09-11,10765.65,Paid,0.0
TES-R15733,TES-O13376,2023-02-01,91253.0,Refunded,0.0
TES-R15572,TES-O10714,2025-01-18,531.63,Refunded,0.0
TES-R12927,TES-O5700,2023-12-24,81491.75,Paid,0.0
TES-R13630,TES-O9233,2024-04-26,,Pending,0.0
TES-R10625,TES-O12688,2024-01-26,343.4,Paid,0.0
TES-R18043,TES-O6129,2024-06-08,9389.02,Paid,0.0
TES-R15584,TES-O7534,2024-01-08,11445.55,Pending,0.0
TES-R16219,TES-O8792,2025-12-08,45765.78,Paid,0.0
TES-R11154,TES-O14899,2024-07-21,86280.0,Paid,0.0
TES-R14187,TES-O9897,2025-02-08,80153.09,Refunded,0.0
TES-R9076,TES-O13438,2023-03-16,54694.03,Refunded,0.0
TES-R13362,TES-O8408,2024-11-19,23518.13,Refunded,0.0
TES-R16698,TES-O13066,2025-03-13,75920.12,Paid,75920.12
TES-R16750,TES-O8436,2025-01-09,396.34,Paid,0.0
TES-R9247,TES-O9496,2025-05-25,94772.9,Refunded,0.0
TES-R13249,TES-O5855,2023-07-19,92539.28,Paid,92539.28
TES-R18098,TES-O14079,2025-05-09,313.28,Paid,0.0
TES-R15718,TES-O10819,2025-03-31,93989.56,Paid,93989.56
TES-R15887,TES-O9719,2023-02-14,43733.63,Paid,43733.63
TES-R13494,TES-O5293,2025-02-19,51114.57,Paid,0.0
TES-R14695,TES-O6420,2023-09-28,46354.89,Paid,0.0
TES-R13202,TES-O5658,2024-10-29,81249.46,Paid,0.0
TES-R16960,TES-O5057,2024-08-24,15493.02,Pending,0.0
TES-R16058,TES-O9784,2025-01-31,10524.64,Refunded,0.0
TES-R9185,TES-O10645,2025-06-19,45588.3,Paid,0.0
TES-R17500,TES-O8268,2025-03-21,84871.74,Paid,0.0
TES-R11112,TES-O7413,2024-01-31,562.52,Refunded,0.0
TES-R17165,TES-O5450,2023-10-07,42226.1,Paid,0.0
TES-R9965,TES-O10113,2025-10-27,42335.94,Paid,0.0
TES-R10747,TES-O11314,2024-11-07,43546.67,Refunded,0.0
TES-R15610,TES-O9863,2025-12-01,21218.26,Paid,21218.26
TES-R11707,TES-O12808,2023-10-27,269.32,Paid,0.0
TES-R16201,TES-O7399,2025-01-02,276.6,Paid,0.0
TES-R10573,TES-O12747,2025-10-29,86190.86,Paid,0.0
TES-R17731,TES-O6165,2025-09-06,97957.13,Paid,0.0
TES-R12383,TES-O13127,2025-05-03,93171.56,Refunded,0.0
TES-R13964,TES-O13112,2025-06-28,207.16,Paid,207.16
TES-R16126,TES-O8196,2024-06-10,9777.93,Paid,0.0
TES-R17905,TES-O11046,2025-12-13,45066.24,Refunded,0.0
TES-R9367,TES-O12091,2025-10-01,974.12,Paid,0.0
TES-R13624,TES-O7146,2024-02-24,87743.88,Paid,0.0
TES-R15512,TES-O5467,2025-11-28,10344.66,Paid,0.0
TES-R17921,TES-O10233,2024-07-25,10881.06,Paid,0.0
TES-R9889,TES-O8136,2024-01-08,83490.17,Paid,0.0
TES-R11890,TES-O9980,2024-07-03,,Paid,11487.18
TES-R13993,TES-O12179,2024-12-31,98221.88,Paid,0.0
TES-R16128,TES-O5465,2025-07-20,576.4,Paid,576.4
TES-R9165,TES-O12364,2025-09-21,249.8,Paid,249.8
TES-R15686,TES-O10348,2024-05-17,43548.66,Pending,0.0
TES-R15577,TES-O13037,2025-06-30,46729.9,Paid,0.0
TES-R17173,TES-O7796,2024-09-02,44729.67,Paid,0.0
TES-R9097,TES-O10672,2025-12-30,10782.07,Paid,0.0
TES-R11670,TES-O5946,2023-12-05,23526.68,Paid,0.0
TES-R15620,TES-O11567,2025-05-24,87036.59,Paid,0.0
TES-R14606,TES-O12419,2023-06-16,22554.69,Paid,0.0
TES-R13590,TES-O13832,2024-12-16,92731.81,Paid,0.0
TES-R13175,TES-O13761,2024-10-13,90103.86,Paid,0.0
TES-R15445,TES-O6902,2023-05-21,47429.41,Paid,47429.41
TES-R14060,TES-O8220,2023-02-13,39998.5,Paid,0.0
TES-R16391,TES-O9679,2023-06-07,42064.63,Paid,0.0
TES-R16278,TES-O8966,2025-12-26,93890.1,Pending,0.0
TES-R14505,TES-O8772,2024-09-11,82253.33,Paid,0.0
TES-R14197,TES-O9644,2025-01-24,46993.13,Paid,0.0
TES-R13532,TES-O8709,2025-09-02,75651.09,Pending,0.0
TES-R10252,TES-O5671,2025-08-31,91494.99,Paid,0.0
TES-R10174,TES-O12664,2024-12-05,413.0,Pending,0.0
TES-R13804,TES-O9192,2023-05-02,54777.56,Paid,0.0
TES-R16875,TES-O8630,2023-10-16,799.08,Pending,0.0
TES-R17139,TES-O8965,2024-04-23,512.46,Paid,0.0
TES-R11940,TES-O8052,2025-04-09,94973.49,Paid,0.0
TES-R9362,TES-O12161,2025-10-28,11866.94,Paid,0.0
TES-R14155,TES-O14163,2024-04-01,49737.16,Refunded,0.0
TES-R17146,TES-O10924,2024-04-10,710.94,Refunded,0.0
TES-R13248,TES-O6519,2025-12-16,1235.8,Paid,318.22
TES-R18393,TES-O13813,2023-01-29,81018.93,Paid,0.0
TES-R11430,TES-O6513,2025-04-06,41728.09,Paid,0.0
TES-R13074,TES-O8821,2025-09-23,24696.68,Paid,0.0
TES-R13368,TES-O9837,2025-04-21,44164.21,Paid,0.0
TES-R13503,TES-O13046,2024-10-13,87110.5,Paid,0.0
TES-R11034,TES-O13653,2025-03-17,205.98,Paid,0.0
TES-R16632,TES-O5294,2023-06-11,84579.72,Paid,84579.72
TES-R12565,TES-O6573,2025-11-16,9884.96,Paid,0.0
TES-R11991,TES-O14723,2024-08-14,93479.31,Paid,29841.44
TES-R18009,TES-O10953,2024-04-03,92712.98,Paid,18575.72
TES-R12372,TES-O12626,2025-05-07,587.92,Paid,0.0
TES-R15800,TES-O10422,2024-03-12,50661.95,Paid,50661.95
TES-R13018,TES-O13584,2023-03-09,9063.76,Paid,0.0
TES-R16031,TES-O12324,2023-05-09,18810.78,Refunded,0.0
TES-R17883,TES-O14429,2023-07-28,51891.48,Paid,0.0
TES-R18152,TES-O13781,2025-04-16,9889.95,Paid,9889.95
TES-R9484,TES-O9393,2025-03-11,9972.58,Paid,9972.58
TES-R14813,TES-O9234,2025-07-24,93176.05,Pending,0.0
TES-R9496,TES-O11489,2024-10-15,44105.31,Paid,0.0
TES-R12958,TES-O7492,2024-05-16,301.41,Paid,0.0
TES-R18249,TES-O7517,2023-08-15,86855.44,Paid,42399.41
TES-R17330,TES-O9868,2024-02-22,47727.42,Refunded,0.0
TES-R11094,TES-O5779,2024-09-08,9289.82,Refunded,0.0
TES-R11647,TES-O7327,2024-04-28,39008.61,Paid,0.0
TES-R17908,TES-O6647,2023-06-24,83329.67,Paid,83329.67
TES-R12142,TES-O11495,2024-08-04,90854.31,Paid,0.0
TES-R17473,TES-O9228,2025-08-22,93785.6,Paid,0.0
TES-R15425,TES-O7872,2024-01-29,44703.19,Paid,0.0
TES-R12681,TES-O8450,2024-12-09,19502.1,Paid,0.0
TES-R11977,TES-O5256,2023-06-22,87.84,Paid,0.0
TES-R10586,TES-O13435,2024-04-11,81315.25,Refunded,0.0
TES-R18576,TES-O5896,2025-07-13,10328.74,Refunded,0.0
TES-R12676,TES-O8799,2025-08-18,582.3,Paid,0.0
TES-R14689,TES-O9161,2025-06-14,11910.69,Refunded,0.0
TES-R16557,TES-O8791,2023-12-12,199.08,Refunded,0.0
TES-R16251,TES-O14639,2023-10-19,46534.33,Refunded,0.0
TES-R13811,TES-O12565,2025-08-06,93108.66,Paid,0.0
TES-R16338,TES-O11542,2023-05-25,1452.15,Paid,602.09
TES-R13877,TES-O7145,2023-07-25,53932.29,Paid,0.0
TES-R9071,TES-O6801,2025-06-08,39031.54,Paid,0.0
TES-R18369,TES-O5581,2023-12-25,270.91,Paid,0.0
TES-R9862,TES-O10123,2023-12-28,10125.1,Paid,0.0
TES-R14423,TES-O9848,2024-04-04,9966.41,Paid,9966.41
TES-R16575,TES-O11459,2025-03-19,47356.34,Refunded,0.0
TES-R11497,TES-O10497,2025-02-14,20718.89,Pending,0.0
TES-R16702,TES-O6197,2024-12-07,43182.27,Refunded,0.0
TES-R16163,TES-O10382,2024-11-21,22492.93,Paid,0.0
TES-R12341,TES-O12175,2025-12-17,42634.89,Refunded,0.0
TES-R11161,TES-O14090,2023-05-07,81581.35,Paid,0.0
TES-R11135,TES-O6313,2023-03-09,16724.45,Paid,16724.45
TES-R13186,TES-O6450,2023-05-08,218.04,Paid,0.0
TES-R12342,TES-O13726,2025-11-25,9794.37,Paid,0.0
TES-R12172,TES-O6689,2025-07-22,96524.15,Paid,0.0
TES-R9782,TES-O6730,2024-08-23,11216.93,Paid,0.0
TES-R18070,TES-O14469,2024-01-23,53494.82,Paid,0.0
TES-R15539,TES-O8981,2024-08-08,84372.74,Refunded,0.0
TES-R18504,TES-O11532,2024-08-03,634.45,Paid,0.0
TES-R11900,TES-O5507,2023-02-11,749.6,Paid,749.6
TES-R11190,TES-O8502,2025-12-03,10203.4,Paid,0.0
TES-R9632,TES-O13916,2025-06-17,94495.63,Paid,0.0
TES-R14401,TES-O5229,2025-09-06,76602.15,Paid,0.0
TES-R16486,TES-O5238,2024-11-28,50372.88,Paid,0.0
TES-R16390,TES-O11844,2025-01-08,450.75,Paid,0.0
TES-R15370,TES-O11361,2025-09-28,,Paid,0.0
TES-R12325,TES-O11757,2023-01-16,255.5,Refunded,0.0
TES-R14867,TES-O7350,2024-08-13,525.28,Paid,0.0
TES-R13601,TES-O10390,2024-01-18,249.92,Paid,249.92
TES-R17023,TES-O8863,2024-08-31,10713.73,Paid,0.0
TES-R12448,TES-O6340,2024-02-15,40773.81,Refunded,0.0
TES-R17696,TES-O5151,2025-09-14,18611.36,Paid,0.0
TES-R9643,TES-O6720,2025-01-19,,Paid,17373.27
TES-R12085,TES-O13706,2023-06-19,,Pending,0.0
TES-R10644,TES-O5087,2025-02-27,9697.08,Paid,0.0
TES-R10634,TES-O8350,2023-10-14,51731.64,Paid,0.0
TES-R13728,TES-O7760,2024-10-11,94205.49,Paid,0.0
TES-R9174,TES-O14141,2024-10-04,20330.29,Pending,0.0
TES-R9004,TES-O13071,2025-04-12,1450.15,Paid,1450.15
TES-R17945,TES-O9743,2023-04-26,15187.11,Paid,0.0
TES-R15613,TES-O14909,2023-06-15,21657.0,Paid,0.0
TES-R11115,TES-O13053,2025-09-06,21787.15,Paid,0.0
TES-R17144,TES-O5587,2024-12-16,79038.71,Paid,0.0
TES-R13855,TES-O13676,2023-05-20,293.61,Refunded,0.0
TES-R9067,TES-O12233,2023-09-13,45641.89,Pending,0.0
TES-R17333,TES-O7323,2024-08-21,38104.36,Refunded,0.0
TES-R16769,TES-O9795,2023-12-29,76.72,Paid,0.0
TES-R16480,TES-O10119,2023-08-20,,Paid,0.0
TES-R17346,TES-O12814,2024-01-26,75167.74,Paid,0.0
TES-R14618,TES-O9292,2023-11-28,22337.42,Paid,0.0
TES-R17311,TES-O7007,2025-10-04,42135.06,Paid,0.0
TES-R11515,TES-O5654,2025-10-24,53067.57,Paid,0.0
TES-R16343,TES-O6952,2025-07-21,324.1,Paid,0.0
TES-R15349,TES-O10307,2025-12-23,10980.79,Paid,0.0
TES-R12515,TES-O10111,2024-07-20,53113.24,Paid,0.0
TES-R15663,TES-O6429,2023-07-25,85442.51,Paid,0.0
TES-R15638,TES-O14464,2025-11-25,46596.96,Paid,0.0
TES-R12570,TES-O11894,2023-06-07,47697.68,Paid,0.0
TES-R10429,TES-O8221,2024-08-05,81167.67,Paid,0.0
TES-R10864,TES-O9306,2025-07-25,83902.67,Refunded,0.0
TES-R10071,TES-O6110,2024-12-21,24721.54,Paid,0.0
TES-R16427,TES-O10454,2024-02-26,44259.04,Paid,0.0
TES-R17522,TES-O14259,2024-02-12,219.52,Paid,0.0
TES-R14576,TES-O7071,2024-07-06,80384.3,Paid,80384.3
TES-R11845,TES-O13244,2024-04-21,386.55,Paid,0.0
TES-R9615,TES-O14363,2023-12-16,82064.57,Pending,0.0
TES-R17781,TES-O7185,2025-06-16,24392.36,Paid,0.0
TES-R15703,TES-O9892,2024-03-13,52185.81,Paid,0.0
TES-R10818,TES-O13751,2025-10-08,92791.07,Paid,92791.07
TES-R14240,TES-O14473,2025-01-13,11861.55,Paid,0.0
TES-R14152,TES-O14113,2023-10-10,80052.11,Paid,0.0
TES-R13535,TES-O5041,2024-08-20,502.8,Paid,0.0
TES-R10370,TES-O6056,2024-10-28,39.56,Paid,0.0
TES-R13924,TES-O7546,2025-07-21,17119.11,Refunded,0.0
TES-R18412,TES-O13659,2025-01-30,54010.65,Paid,0.0
TES-R16700,TES-O14611,2024-07-26,1083.95,Paid,0.0
TES-R13864,TES-O9560,2024-01-28,11385.36,Paid,0.0
TES-R10217,TES-O6548,2025-10-29,,Paid,0.0
TES-R9460,TES-O9269,2025-06-28,84399.6,Paid,0.0
TES-R10154,TES-O7044,2025-03-31,93023.86,Paid,0.0
TES-R10884,TES-O7544,2025-03-08,100.0,Paid,0.0
TES-R13529,TES-O11569,2025-01-10,94741.47,Refunded,0.0
TES-R15371,TES-O13760,2024-09-12,39513.41,Paid,0.0
TES-R10842,TES-O14685,2024-10-29,132.8,Paid,23.9
TES-R9999,TES-O9395,2025-08-01,24584.18,Paid,0.0
TES-R9630,TES-O9185,2024-08-09,19590.64,Paid,0.0
TES-R14961,TES-O8927,2024-09-16,44389.15,Paid,0.0
TES-R15424,TES-O8479,2025-02-26,85813.77,Paid,0.0
TES-R12557,TES-O6278,2023-10-16,96950.32,Pending,0.0
TES-R9843,TES-O12033,2023-04-22,75015.66,Paid,24930.44
TES-R13626,TES-O6387,2025-09-30,1311.7,Paid,0.0
TES-R14852,TES-O10773,2023-08-31,11628.12,Paid,0.0
TES-R12591,TES-O6038,2025-04-08,85408.03,Refunded,0.0
TES-R11040,TES-O7464,2024-02-20,42.44,Refunded,0.0
TES-R10962,TES-O14117,2025-05-06,20.66,Refunded,0.0
TES-R9250,TES-O12491,2025-01-06,26.08,Refunded,0.0
TES-R10347,TES-O6742,2023-08-18,85839.89,Paid,0.0
TES-R15156,TES-O6732,2025-05-20,328.98,Paid,0.0
TES-R12031,TES-O11520,2023-07-16,209.1,Paid,0.0
TES-R16723,TES-O11548,2023-12-25,412.8,Refunded,0.0
TES-R17259,TES-O14351,2024-03-01,285.87,Paid,0.0
TES-R10204,TES-O13007,2024-09-18,77178.76,Paid,0.0
TES-R9927,TES-O14637,2024-01-16,91648.13,Paid,0.0
TES-R9729,TES-O10535,2024-01-01,9886.73,Paid,0.0
TES-R14757,TES-O10165,2025-12-13,481.14,Pending,0.0
TES-R11083,TES-O6418,2025-07-31,54.08,Paid,0.0
TES-R9919,TES-O11728,2023-11-22,18709.0,Pending,0.0
TES-R16087,TES-O7403,2025-07-08,1061.6,Paid,1061.6
TES-R11631,TES-O13212,2024-10-29,16055.2,Paid,0.0
TES-R12054,TES-O7483,2023-05-31,92403.83,Paid,0.0
TES-R16012,TES-O5872,2024-07-16,50397.6,Refunded,0.0
TES-R18663,TES-O14233,2025-12-12,49477.43,Paid,0.0
TES-R15818,TES-O8247,2024-08-10,38051.9,Paid,38051.9
TES-R14623,TES-O14176,2023-04-24,,Refunded,0.0
TES-R11822,TES-O7851,2025-11-07,11070.04,Paid,0.0
TES-R9043,TES-O13021,2024-04-13,92699.09,Paid,0.0
TES-R17515,TES-O6224,2023-11-10,277.12,Paid,0.0
TES-R11001,TES-O14478,2023-12-15,92848.67,Paid,27115.05
TES-R15894,TES-O11867,2023-12-27,18357.79,Paid,0.0
TES-R16205,TES-O6401,2023-11-13,91632.39,Paid,0.0
TES-R14555,TES-O14226,2023-03-24,16736.39,Paid,0.0
TES-R11735,TES-O5095,2023-12-22,179.81,Paid,0.0
TES-R11064,TES-O10804,2025-01-07,9790.07,Paid,0.0
TES-R13721,TES-O7999,2025-10-27,320.8,Refunded,0.0
TES-R12892,TES-O12587,2024-01-25,50968.71,Paid,0.0
TES-R13874,TES-O9653,2024-08-07,46778.25,Paid,0.0
TES-R17157,TES-O10691,2025-11-08,9928.23,Paid,0.0
TES-R17209,TES-O8366,2025-02-16,17491.7,Paid,17491.7
TES-R12611,TES-O9224,2024-12-31,,Refunded,0.0
TES-R14869,TES-O5286,2024-05-08,,Refunded,0.0
TES-R15565,TES-O5719,2023-10-16,559.68,Paid,0.0
TES-R12960,TES-O8721,2025-03-30,19307.94,Refunded,0.0
TES-R10700,TES-O9265,2023-11-19,20367.15,Paid,0.0
TES-R13984,TES-O12093,2025-02-04,98806.38,Paid,98806.38
TES-R15276,TES-O13972,2024-07-13,54130.65,Paid,0.0
TES-R9539,TES-O14086,2024-10-11,85225.91,Refunded,0.0
TES-R9523,TES-O8425,2025-04-17,253.38,Paid,0.0
TES-R17557,TES-O6122,2025-10-29,,Paid,0.0
TES-R15825,TES-O5940,2023-09-30,9911.11,Paid,0.0
TES-R16699,TES-O12712,2024-11-22,322.06,Paid,0.0
TES-R11366,TES-O13415,2023-06-05,10682.07,Paid,0.0
TES-R15117,TES-O9839,2024-11-24,272.04,Refunded,0.0
TES-R9195,TES-O6210,2025-12-01,77588.23,Paid,0.0
TES-R15328,TES-O14872,2023-01-29,9342.33,Refunded,0.0
TES-R18446,TES-O14971,2023-03-26,11733.53,Paid,0.0
TES-R13892,TES-O9898,2024-11-26,87185.05,Refunded,0.0
TES-R13240,TES-O7201,2025-03-04,84382.78,Paid,84382.78
TES-R14250,TES-O13140,2023-09-11,38244.17,Refunded,0.0
TES-R10945,TES-O6991,2024-01-05,9407.8,Paid,0.0
TES-R13029,TES-O11420,2024-04-19,46265.68,Paid,0.0
TES-R14199,TES-O8213,2024-03-29,19690.16,Paid,0.0
TES-R14514,TES-O12944,2023-12-18,99901.79,Paid,0.0
TES-R12266,TES-O5748,2024-05-19,,Paid,593.13
TES-R16354,TES-O9657,2023-11-08,80126.8,Paid,0.0
TES-R15904,TES-O5884,2025-07-16,331.94,Paid,0.0
TES-R17455,TES-O7234,2024-10-01,23116.52,Paid,0.0
TES-R16620,TES-O6604,2023-07-07,46235.16,Paid,0.0
TES-R10030,TES-O11284,2024-03-04,94892.78,Paid,0.0
TES-R15592,TES-O13683,2025-05-20,88744.17,Paid,88744.17
TES-R14791,TES-O11485,2023-07-25,47795.49,Paid,0.0
TES-R10279,TES-O8407,2025-01-20,16909.2,Paid,0.0
TES-R16503,TES-O8988,2025-12-15,41619.64,Refunded,0.0
TES-R16288,TES-O11044,2023-07-30,11573.36,Paid,0.0
TES-R9217,TES-O13044,2024-04-14,629.08,Paid,0.0
TES-R15071,TES-O12537,2025-02-19,79639.34,Paid,0.0
TES-R14207,TES-O14489,2025-06-17,42539.59,Paid,0.0
TES-R14383,TES-O12293,2025-03-27,671.2,Paid,671.2
TES-R16716,TES-O11134,2024-09-25,40342.57,Paid,0.0
TES-R10078,TES-O14605,2024-11-20,96268.32,Paid,0.0
TES-R9710,TES-O12822,2025-05-27,715.29,Paid,0.0
TES-R14909,TES-O12941,2023-07-04,52096.63,Paid,0.0
TES-R10270,TES-O9601,2023-06-28,80250.4,Paid,0.0
TES-R10247,TES-O8665,2023-05-07,94895.25,Paid,0.0
TES-R16548,TES-O6530,2024-04-22,9338.56,Paid,0.0
TES-R12703,TES-O9568,2023-05-28,284.44,Paid,0.0
TES-R13693,TES-O14845,2023-10-14,85423.58,Refunded,0.0
TES-R9574,TES-O7335,2024-05-27,1180.04,Paid,0.0
TES-R11598,TES-O7416,2025-05-18,10565.03,Pending,0.0
TES-R10162,TES-O7290,2025-07-05,142.01,Refunded,0.0
TES-R11322,TES-O14310,2024-04-16,1062.8,Paid,0.0
TES-R9219,TES-O12797,2024-12-11,80348.53,Refunded,0.0
TES-R10930,TES-O11928,2024-03-24,88445.17,Paid,0.0
TES-R11551,TES-O6434,2023-10-09,20559.69,Paid,0.0
TES-R17339,TES-O7438,2024-10-01,38293.31,Paid,0.0
TES-R13178,TES-O10285,2025-02-16,92398.15,Paid,0.0
TES-R13313,TES-O10551,2025-08-25,24125.18,Paid,0.0
TES-R11276,TES-O10209,2025-05-23,327.6,Paid,0.0
TES-R17605,TES-O12426,2025-08-27,39965.01,Refunded,0.0
TES-R10981,TES-O11349,2025-10-22,46675.82,Paid,0.0
TES-R13139,TES-O10734,2024-02-08,9620.21,Paid,0.0
TES-R17231,TES-O11249,2025-10-01,99638.68,Paid,0.0
TES-R11658,TES-O8977,2023-05-04,187.2,Refunded,0.0
TES-R14749,TES-O10198,2025-10-02,42343.49,Paid,0.0
TES-R11437,TES-O5459,2025-04-19,51625.06,Refunded,0.0
TES-R18389,TES-O9728,2024-01-04,40179.47,Pending,0.0
TES-R15945,TES-O14649,2025-07-18,90184.37,Paid,0.0
TES-R13679,TES-O13595,2025-11-14,89343.52,Paid,0.0
TES-R14293,TES-O8856,2023-09-09,44323.54,Paid,0.0
TES-R10738,TES-O13842,2025-05-28,466.08,Paid,0.0
TES-R14863,TES-O9670,2025-02-15,,Paid,0.0
TES-R16377,TES-O11057,2024-09-18,362.49,Paid,0.0
TES-R12230,TES-O8757,2025-06-29,233.48,Paid,0.0
TES-R16884,TES-O6845,2023-09-15,53425.25,Paid,0.0
TES-R12819,TES-O5647,2023-12-17,17850.33,Paid,0.0
TES-R12753,TES-O7351,2024-09-14,9199.44,Paid,0.0
TES-R11205,TES-O8686,2023-03-27,551.55,Pending,0.0
TES-R18468,TES-O12067,2025-03-05,95423.56,Paid,0.0
TES-R14260,TES-O12057,2023-07-29,39947.72,Paid,0.0
TES-R17012,TES-O7949,2025-05-29,85934.57,Paid,85934.57
TES-R17041,TES-O12837,2023-04-06,9978.22,Paid,0.0
TES-R13234,TES-O11888,2024-09-13,54848.88,Refunded,0.0
TES-R9395,TES-O10185,2025-09-27,45078.91,Paid,0.0
TES-R10718,TES-O6533,2023-02-12,84406.59,Refunded,0.0
TES-R12073,TES-O11914,2024-01-03,48186.64,Paid,0.0
TES-R16957,TES-O14038,2025-03-16,111.26,Paid,0.0
TES-R16282,TES-O12683,2023-05-06,11009.41,Paid,0.0
TES-R16735,TES-O5213,2023-02-24,205.38,Paid,205.38
TES-R14311,TES-O14372,2023-10-15,40652.15,Refunded,0.0
TES-R16931,TES-O12314,2023-10-23,44244.44,Paid,44244.44
TES-R17860,TES-O7281,2025-10-23,20543.93,Refunded,0.0
TES-R16196,TES-O5688,2025-07-19,47871.47,Paid,0.0
TES-R17472,TES-O10770,2025-02-08,59.0,Paid,0.0
TES-R11264,TES-O11583,2023-02-06,24124.94,Paid,0.0
TES-R11929,TES-O14382,2023-07-27,86780.74,Paid,86780.74
TES-R13773,TES-O9585,2024-01-08,17784.75,Paid,0.0
TES-R15189,TES-O9435,2023-02-21,,Paid,0.0
TES-R16411,TES-O14166,2024-11-25,42162.82,Paid,0.0
TES-R9390,TES-O13240,2024-01-11,47824.86,Paid,0.0
TES-R12082,TES-O7466,2023-11-25,10793.55,Paid,0.0
TES-R18551,TES-O13698,2025-12-15,22210.81,Refunded,0.0
TES-R10721,TES-O14823,2025-11-25,39030.84,Paid,0.0
TES-R16388,TES-O13294,2023-11-12,,Paid,0.0
TES-R12918,TES-O6028,2024-08-17,38713.53,Paid,0.0
TES-R11914,TES-O14765,2024-07-14,91366.38,Paid,0.0
TES-R10716,TES-O13108,2025-11-07,1167.7,Paid,0.0
TES-R17874,TES-O6261,2025-01-25,42643.95,Paid,42643.95
TES-R16887,TES-O14040,2025-11-01,23584.83,Paid,0.0
TES-R18485,TES-O7968,2023-08-05,729.9,Paid,0.0
TES-R12511,TES-O13995,2024-04-30,15969.8,Paid,15969.8
TES-R12773,TES-O7384,2023-04-06,24936.66,Paid,0.0
TES-R17492,TES-O7759,2025-07-20,44180.73,Paid,44180.73
TES-R10223,TES-O5755,2025-08-12,18846.4,Paid,18846.4
TES-R14703,TES-O11250,2023-06-24,9276.16,Refunded,0.0
TES-R16140,TES-O13854,2025-11-23,185.46,Paid,0.0
TES-R14758,TES-O7469,2024-03-16,44619.71,Paid,0.0
TES-R10518,TES-O9772,2023-12-31,17555.22,Paid,0.0
TES-R11308,TES-O5466,2023-12-13,288.84,Paid,0.0
TES-R17888,TES-O6328,2024-05-10,16677.94,Paid,0.0
TES-R13077,TES-O8594,2024-02-02,41668.24,Refunded,0.0
TES-R16655,TES-O8202,2025-12-22,16770.88,Paid,0.0
TES-R15108,TES-O9964,2024-03-21,47425.68,Refunded,10205.78
TES-R15243,TES-O10810,2023-11-17,54642.62,Paid,0.0
TES-R10319,TES-O13461,2024-06-19,94234.89,Paid,0.0
TES-R17296,TES-O6741,2023-03-23,50926.89,Paid,0.0
TES-R15911,TES-O7747,2025-07-24,45272.98,Paid,0.0
TES-R10714,TES-O5028,2024-12-25,39964.46,Refunded,0.0
TES-R10399,TES-O9526,2023-03-04,17353.73,Paid,0.0
TES-R9412,TES-O10018,2025-05-27,40802.89,Paid,0.0
TES-R17763,TES-O8780,2025-05-08,41711.15,Paid,0.0
TES-R10037,TES-O9559,2023-03-13,23946.11,Paid,23946.11
TES-R12509,TES-O7480,2025-10-13,,Paid,0.0
TES-R11603,TES-O12031,2025-08-23,19778.14,Pending,0.0
TES-R17237,TES-O8525,2023-06-29,463.23,Paid,0.0
TES-R13634,TES-O14607,2025-02-13,43979.0,Paid,0.0
TES-R16927,TES-O9336,2024-05-27,88875.56,Paid,0.0
TES-R11957,TES-O8628,2025-11-28,39578.02,Paid,0.0
TES-R9642,TES-O12787,2023-06-04,767.2,Paid,0.0
TES-R9700,TES-O14112,2024-07-08,95542.95,Paid,95542.95
TES-R11235,TES-O5252,2023-12-20,94155.47,Pending,0.0
TES-R15727,TES-O8622,2024-06-19,48282.56,Pending,0.0
TES-R15909,TES-O13383,2024-03-15,93055.48,Paid,93055.48
TES-R17269,TES-O13230,2023-10-11,43344.98,Paid,0.0
TES-R14316,TES-O11650,2023-02-04,22142.71,Paid,0.0
TES-R17295,TES-O8071,2025-12-31,140.36,Refunded,0.0
TES-R13990,TES-O9562,2024-10-22,88055.87,Refunded,0.0
TES-R11410,TES-O9725,2024-12-24,246.8,Paid,246.8
TES-R13834,TES-O11845,2025-11-16,10126.9,Paid,10126.9
TES-R11550,TES-O11497,2025-06-26,19628.44,Paid,0.0
TES-R14180,TES-O8119,2024-03-15,45666.43,Paid,0.0
TES-R11732,TES-O14719,2024-09-07,87316.97,Paid,0.0
TES-R13246,TES-O12980,2023-02-18,10530.56,Paid,0.0
TES-R12937,TES-O14821,2023-04-12,41678.44,Paid,0.0
TES-R10837,TES-O8609,2024-02-08,106.13,Paid,0.0
TES-R14072,TES-O5652,2023-10-31,,Paid,0.0
TES-R16321,TES-O10906,2025-03-20,157.83,Paid,0.0
TES-R9882,TES-O6534,2024-09-10,10339.13,Paid,0.0
TES-R18395,TES-O9753,2025-08-17,86.18,Pending,0.0
TES-R11446,TES-O7828,2024-04-07,9101.74,Paid,9101.74
TES-R16259,TES-O8924,2025-10-19,51752.15,Paid,0.0
TES-R13294,TES-O7820,2025-01-09,87775.09,Pending,0.0
TES-R15673,TES-O11060,2023-11-18,91477.85,Paid,0.0
TES-R14508,TES-O13641,2023-01-20,24761.2,Paid,0.0
TES-R13143,TES-O7448,2023-07-29,19490.62,Paid,0.0
TES-R12984,TES-O8807,2025-04-26,48501.72,Refunded,0.0
TES-R17524,TES-O8140,2024-07-25,21072.28,Refunded,0.0
TES-R17179,TES-O10834,2023-01-23,834.03,Refunded,0.0
TES-R10331,TES-O8463,2024-03-28,9460.02,Pending,0.0
TES-R13341,TES-O9077,2023-03-09,58.56,Paid,0.0
TES-R17621,TES-O9286,2025-12-05,52390.51,Paid,0.0
TES-R15007,TES-O8935,2024-10-24,564.4,Refunded,0.0
TES-R16453,TES-O10689,2023-09-16,98213.02,Paid,0.0
TES-R9373,TES-O9861,2025-03-23,44895.72,Paid,0.0
TES-R11081,TES-O8597,2024-03-18,45095.14,Paid,0.0
TES-R9674,TES-O5081,2023-09-12,45905.32,Refunded,0.0
TES-R13757,TES-O7589,2024-09-24,99121.14,Refunded,0.0
TES-R16412,TES-O14771,2024-09-29,,Refunded,0.0
TES-R16635,TES-O14817,2024-12-11,17980.01,Refunded,0.0
TES-R16341,TES-O10690,2025-09-10,734.6,Refunded,0.0
TES-R18128,TES-O12611,2025-11-20,93071.42,Refunded,0.0
TES-R15514,TES-O12241,2025-01-17,10678.28,Pending,0.0
TES-R10816,TES-O14346,2025-09-19,51281.07,Paid,0.0
TES-R12982,TES-O9993,2023-09-20,10148.61,Paid,10148.61
TES-R9154,TES-O13985,2023-09-22,50649.19,Refunded,0.0
TES-R17319,TES-O10881,2023-12-02,9370.83,Pending,0.0
TES-R17384,TES-O7328,2024-06-28,45436.64,Paid,0.0
TES-R16675,TES-O10290,2025-07-10,452.82,Paid,452.82
TES-R15658,TES-O13577,2025-03-08,44116.22,Paid,0.0
TES-R16228,TES-O10449,2023-01-28,,Pending,0.0
TES-R14134,TES-O10934,2023-06-23,45282.45,Paid,45282.45
TES-R10548,TES-O12681,2024-03-26,47974.32,Paid,0.0
TES-R14115,TES-O10406,2025-04-09,90528.96,Paid,0.0
TES-R17326,TES-O13367,2025-10-07,40779.04,Paid,0.0
TES-R12356,TES-O8816,2024-01-31,72.32,Refunded,0.0
TES-R13308,TES-O7353,2024-04-16,93002.59,Paid,0.0
TES-R13381,TES-O11151,2023-02-10,11188.42,Refunded,0.0
TES-R17174,TES-O5082,2023-03-02,49748.64,Paid,0.0
TES-R9346,TES-O10944,2025-06-02,15098.78,Refunded,0.0
TES-R11869,TES-O12158,2024-02-10,11720.97,Paid,0.0
TES-R18671,TES-O11370,2024-03-28,16760.22,Paid,0.0
TES-R13053,TES-O10977,2024-01-13,45221.16,Paid,0.0
TES-R9990,TES-O8419,2024-12-25,49171.05,Paid,0.0
TES-R11485,TES-O12001,2025-12-27,11261.47,Paid,0.0
TES-R11852,TES-O14604,2024-07-30,54484.73,Paid,54484.73
TES-R16124,TES-O13983,2025-12-19,10589.13,Paid,0.0
TES-R11241,TES-O6781,2023-04-11,84250.23,Paid,0.0
TES-R14631,TES-O12106,2023-01-10,48932.96,Refunded,0.0
TES-R9962,TES-O8271,2025-06-08,11585.14,Paid,0.0
TES-R13457,TES-O9711,2025-08-31,50855.02,Paid,0.0
TES-R13923,TES-O7861,2025-09-03,96583.61,Paid,0.0
TES-R16973,TES-O13576,2025-11-11,52535.1,Paid,0.0
TES-R17758,TES-O13423,2025-10-29,47950.26,Paid,0.0
TES-R17361,TES-O9469,2024-04-22,54952.16,Refunded,0.0
TES-R16677,TES-O12506,2024-08-01,94261.72,Paid,0.0
TES-R18459,TES-O13472,2024-05-31,10974.72,Paid,0.0
TES-R11666,TES-O10959,2025-08-24,18724.19,Pending,0.0
TES-R17673,TES-O7311,2023-07-22,21074.29,Paid,21074.29
TES-R17121,TES-O14012,2025-07-02,559.56,Paid,0.0
TES-R11567,TES-O8335,2023-11-02,86760.46,Paid,0.0
TES-R13389,TES-O13167,2024-10-04,11671.7,Paid,0.0
TES-R15567,TES-O7032,2024-11-28,92541.67,Paid,0.0
TES-R18268,TES-O14529,2024-10-19,15209.76,Paid,0.0
TES-R18345,TES-O12919,2023-01-29,89400.59,Paid,0.0
TES-R16626,TES-O10870,2024-11-15,92509.15,Paid,0.0
TES-R10168,TES-O10014,2024-01-17,91867.53,Paid,0.0
TES-R16624,TES-O12643,2025-07-22,,Paid,10703.44
TES-R17733,TES-O5243,2023-06-16,89836.42,Paid,0.0
TES-R12096,TES-O6583,2025-06-23,11496.32,Paid,0.0
TES-R18176,TES-O12593,2023-03-27,22860.89,Paid,22860.89
TES-R13998,TES-O13672,2025-03-05,9489.44,Paid,0.0
TES-R16208,TES-O5499,2025-01-20,200.66,Refunded,0.0
TES-R18633,TES-O5323,2025-09-26,10805.51,Paid,0.0
TES-R13546,TES-O7147,2023-04-16,53067.9,Paid,0.0
TES-R12453,TES-O7090,2023-09-29,44113.0,Paid,0.0
TES-R12564,TES-O9140,2024-06-26,93210.7,Paid,93210.7
TES-R9266,TES-O9381,2024-07-23,93170.28,Paid,0.0
TES-R12444,TES-O12220,2023-12-10,396.27,Pending,0.0
TES-R17279,TES-O6033,2024-12-01,250.35,Paid,0.0
TES-R15356,TES-O6855,2024-01-04,937.7,Paid,0.0
TES-R12524,TES-O13658,2025-10-03,84820.72,Paid,0.0
TES-R10525,TES-O5893,2024-08-20,21282.74,Paid,7620.74
TES-R12417,TES-O10911,2023-03-09,86920.21,Paid,0.0
TES-R18515,TES-O9860,2023-11-27,9972.54,Paid,0.0
TES-R17963,TES-O8521,2023-03-24,80978.35,Paid,0.0
TES-R17468,TES-O5739,2024-01-14,53709.45,Refunded,0.0
TES-R9480,TES-O11004,2023-01-30,170.48,Paid,0.0
TES-R11960,TES-O13806,2025-04-05,214.44,Paid,0.0
TES-R13517,TES-O9571,2023-07-14,11934.83,Paid,0.0
TES-R14721,TES-O5102,2025-03-24,387.94,Refunded,0.0
TES-R14242,TES-O11763,2023-03-02,572.35,Paid,0.0
TES-R9437,TES-O8648,2023-09-29,40465.88,Paid,0.0
TES-R11575,TES-O8093,2023-08-22,87779.24,Paid,0.0
TES-R14365,TES-O14030,2024-10-22,38627.49,Paid,0.0
TES-R17612,TES-O11494,2024-11-18,84433.6,Paid,0.0
TES-R15261,TES-O13273,2023-06-03,52685.77,Paid,0.0
TES-R10535,TES-O9811,2025-12-03,88383.77,Paid,88383.77
TES-R14179,TES-O11591,2023-08-11,93684.18,Paid,0.0
TES-R9086,TES-O6523,2024-11-29,9891.82,Refunded,0.0
TES-R14977,TES-O10739,2023-07-06,,Paid,0.0
TES-R12115,TES-O5475,2023-09-20,40690.95,Paid,0.0
TES-R17567,TES-O11243,2025-02-18,83061.19,Paid,0.0
TES-R16328,TES-O10652,2023-10-22,801.25,Pending,0.0
TES-R9608,TES-O13670,2025-03-27,519.6,Paid,0.0
TES-R12249,TES-O8948,2025-12-17,81480.81,Refunded,0.0
TES-R16247,TES-O11634,2024-06-09,293.17,Paid,293.17
TES-R12147,TES-O8153,2025-03-29,21273.44,Paid,0.0
TES-R15528,TES-O6954,2023-11-02,86273.04,Refunded,0.0
TES-R15443,TES-O9227,2023-08-04,45371.98,Paid,0.0
TES-R16612,TES-O10458,2024-06-17,39898.81,Paid,0.0
TES-R18181,TES-O13926,2023-05-30,79521.44,Paid,0.0
TES-R14765,TES-O10618,2024-05-10,85466.29,Paid,0.0
TES-R12380,TES-O9079,2025-08-24,44783.26,Paid,0.0
TES-R10979,TES-O11697,2024-08-09,44927.47,Refunded,0.0
TES-R15511,TES-O14437,2024-01-24,10853.56,Refunded,0.0
TES-R15524,TES-O13570,2025-06-29,41151.09,Paid,0.0
TES-R14610,TES-O9844,2023-03-20,44511.35,Paid,0.0
TES-R17543,TES-O12836,2025-01-30,97113.42,Paid,0.0
TES-R18094,TES-O6525,2023-05-11,47918.22,Pending,0.0
TES-R18548,TES-O14295,2024-01-21,544.86,Pending,0.0
TES-R9030,TES-O11504,2024-06-19,98842.72,Paid,0.0
TES-R9728,TES-O13741,2024-12-06,44575.97,Paid,0.0
TES-R16722,TES-O9690,2024-04-18,50112.15,Paid,0.0
TES-R11502,TES-O7266,2023-07-18,45949.69,Refunded,0.0
TES-R11339,TES-O9114,2023-08-23,9330.69,Pending,0.0
TES-R18346,TES-O9299,2025-06-06,45120.71,Pending,0.0
TES-R18278,TES-O14944,2023-10-02,9591.29,Paid,0.0
TES-R12297,TES-O9245,2025-06-01,41102.72,Paid,0.0
TES-R18034,TES-O14760,2023-09-08,42244.54,Paid,0.0
TES-R15282,TES-O5191,2025-07-01,78670.83,Refunded,0.0
TES-R9665,TES-O13052,2025-07-18,90436.22,Paid,0.0
TES-R12876,TES-O13925,2023-07-29,93731.27,Paid,0.0
TES-R16850,TES-O12849,2025-06-11,46869.78,Paid,46869.78
TES-R10592,TES-O10795,2024-12-14,11697.31,Paid,0.0
TES-R10520,TES-O11743,2024-12-28,96687.71,Paid,0.0
TES-R16846,TES-O8193,2024-04-24,54131.22,Paid,0.0
TES-R15856,TES-O5684,2025-06-04,40412.33,Paid,0.0
TES-R15652,TES-O11900,2025-08-07,79015.4,Paid,0.0
TES-R10408,TES-O7378,2023-02-20,79472.39,Paid,0.0
TES-R12638,TES-O7010,2023-03-21,84437.55,Paid,0.0
TES-R12296,TES-O6862,2025-02-10,664.25,Paid,0.0
TES-R12335,TES-O12630,2025-12-02,52831.58,Paid,52831.58
TES-R12588,TES-O8818,2023-03-13,9081.33,Paid,0.0
TES-R18654,TES-O12393,2025-03-17,629.84,Paid,0.0
TES-R17789,TES-O6897,2023-10-18,132.56,Paid,132.56
TES-R12258,TES-O12205,2025-01-06,878.52,Paid,878.52
TES-R13401,TES-O7712,2024-05-03,117.89,Paid,0.0
TES-R12440,TES-O9129,2024-08-16,43439.71,Paid,43439.71
TES-R13233,TES-O9722,2024-04-05,10744.76,Paid,0.0
TES-R9740,TES-O5919,2023-06-03,44266.71,Refunded,0.0
TES-R13873,TES-O8562,2023-05-29,80443.38,Paid,0.0
TES-R16270,TES-O12613,2023-10-10,586.2,Paid,586.2
TES-R17785,TES-O14620,2023-07-24,42.67,Paid,0.0
TES-R12146,TES-O13479,2025-02-18,11211.1,Paid,0.0
TES-R12391,TES-O12203,2023-11-02,39440.6,Paid,39440.6
TES-R14396,TES-O8586,2025-07-09,47890.97,Paid,0.0
TES-R12187,TES-O11180,2025-01-26,562.53,Paid,0.0
TES-R18179,TES-O11114,2025-01-07,11997.32,Paid,0.0
TES-R9145,TES-O8444,2024-02-28,733.4,Paid,0.0
TES-R17745,TES-O11870,2025-07-12,76968.08,Paid,30123.14
TES-R16877,TES-O11673,2024-07-01,10802.76,Pending,0.0
TES-R17306,TES-O14151,2023-09-12,84.65,Refunded,0.0
TES-R18586,TES-O7002,2025-03-14,42952.25,Paid,42952.25
TES-R14059,TES-O11779,2024-04-01,16849.35,Paid,16849.35
TES-R18695,TES-O9999,2023-12-11,15.01,Paid,0.0
TES-R18494,TES-O8961,2025-10-23,40627.41,Refunded,0.0
TES-R10087,TES-O8339,2023-03-19,42837.28,Paid,42837.28
TES-R16504,TES-O11832,2024-02-19,380.6,Paid,169.34
TES-R11655,TES-O9739,2024-06-09,,Pending,0.0
TES-R13021,TES-O11590,2025-11-22,178.92,Paid,0.0
TES-R14161,TES-O13611,2025-08-25,9284.96,Paid,9284.96
TES-R10047,TES-O5163,2025-06-06,491.36,Paid,0.0
TES-R18463,TES-O14614,2025-03-14,94907.07,Paid,0.0
TES-R17232,TES-O10621,2025-05-18,10114.52,Paid,0.0
TES-R11305,TES-O6283,2023-05-09,81606.3,Paid,81606.3
TES-R13869,TES-O11794,2025-07-22,51425.66,Paid,51425.66
TES-R11091,TES-O8932,2025-01-07,47710.35,Paid,0.0
TES-R16492,TES-O10610,2023-08-23,97622.27,Paid,97622.27
TES-R15262,TES-O5315,2024-11-25,45244.05,Pending,0.0
TES-R9081,TES-O5675,2023-07-01,80183.8,Refunded,0.0
TES-R14701,TES-O13580,2023-03-14,973.9,Paid,0.0
TES-R14129,TES-O13314,2025-01-20,545.1,Paid,545.1
TES-R14195,TES-O5086,2023-03-29,44750.21,Paid,0.0
TES-R13801,TES-O12276,2024-03-05,9672.08,Paid,0.0
TES-R12724,TES-O8506,2024-03-17,971.52,Paid,0.0
TES-R15777,TES-O6788,2025-03-14,24986.44,Paid,0.0
TES-R16091,TES-O14712,2024-07-10,17647.71,Paid,0.0
TES-R10378,TES-O5451,2025-02-21,23157.83,Paid,0.0
TES-R17887,TES-O10399,2024-01-05,45959.51,Pending,0.0
TES-R10762,TES-O10955,2023-02-04,81872.33,Refunded,0.0
TES-R9382,TES-O5313,2024-09-14,644.76,Pending,0.0
TES-R10115,TES-O7680,2025-12-05,15514.9,Paid,15514.9
TES-R12865,TES-O7348,2025-05-15,336.75,Paid,0.0
TES-R14491,TES-O14005,2025-08-31,156.56,Paid,0.0
TES-R11234,TES-O7886,2023-08-09,23019.1,Paid,0.0
TES-R12360,TES-O11861,2025-10-28,80103.88,Paid,0.0
TES-R10744,TES-O6421,2023-03-04,559.48,Pending,0.0
TES-R11218,TES-O12099,2023-10-20,87486.3,Paid,0.0
TES-R13499,TES-O12497,2023-06-08,91785.12,Paid,91785.12
TES-R16595,TES-O5883,2024-09-30,629.9,Paid,0.0
TES-R11045,TES-O12784,2025-12-14,88228.4,Paid,0.0
TES-R16042,TES-O10964,2024-01-23,80897.01,Paid,0.0
TES-R14230,TES-O5569,2023-04-05,54114.28,Paid,0.0
TES-R16501,TES-O14009,2025-11-15,11158.65,Paid,0.0
TES-R15799,TES-O14832,2024-08-23,86043.29,Paid,0.0
TES-R14944,TES-O7533,2024-06-29,41618.91,Refunded,0.0
TES-R15597,TES-O13895,2023-08-25,42492.8,Paid,0.0
TES-R9252,TES-O13961,2023-05-08,81265.66,Paid,0.0
TES-R14841,TES-O5247,2025-06-28,9150.15,Paid,0.0
TES-R9272,TES-O14456,2024-10-18,144.3,Refunded,0.0
TES-R12536,TES-O11918,2025-08-20,89658.71,Paid,89658.71
TES-R17511,TES-O7771,2024-02-09,198.52,Paid,0.0
TES-R16227,TES-O7830,2024-11-26,17536.35,Paid,17536.35
TES-R17227,TES-O12641,2023-09-14,85521.89,Paid,0.0
TES-R11901,TES-O8723,2024-07-03,11676.83,Paid,0.0
TES-R18422,TES-O10952,2024-08-25,38826.23,Pending,0.0
TES-R10591,TES-O10159,2025-09-22,93268.02,Paid,0.0
TES-R10787,TES-O7386,2023-03-25,47114.13,Pending,0.0
TES-R10143,TES-O14060,2025-05-01,11914.7,Paid,0.0
TES-R13037,TES-O14606,2025-02-12,16226.53,Refunded,0.0
TES-R10690,TES-O7941,2025-04-06,557.4,Paid,0.0
TES-R13356,TES-O11053,2023-07-09,48675.18,Paid,0.0
TES-R18444,TES-O12584,2024-07-06,20105.14,Paid,0.0
TES-R14226,TES-O12200,2024-04-06,524.25,Paid,0.0
TES-R17335,TES-O7005,2023-10-17,10163.78,Refunded,0.0
TES-R12232,TES-O5740,2023-01-22,86796.6,Refunded,0.0
TES-R15701,TES-O12704,2024-11-20,90284.14,Pending,0.0
TES-R13353,TES-O12411,2023-08-31,460.14,Paid,0.0
TES-R9748,TES-O12151,2025-01-18,91869.33,Refunded,0.0
TES-R12627,TES-O7330,2023-08-30,11914.84,Paid,11914.84
TES-R14562,TES-O11334,2025-12-17,16119.57,Paid,16119.57
TES-R14362,TES-O13588,2024-09-13,43065.58,Refunded,0.0
TES-R14991,TES-O13174,2024-07-12,106.9,Paid,0.0
TES-R11117,TES-O12573,2023-11-24,130.65,Refunded,0.0
TES-R18355,TES-O13587,2024-03-08,43403.89,Refunded,0.0
TES-R14565,TES-O7156,2023-04-08,45746.24,Paid,0.0
TES-R10413,TES-O14345,2023-04-28,50379.58,Paid,0.0
TES-R11262,TES-O13130,2024-04-15,363.76,Paid,0.0
TES-R15532,TES-O13083,2024-02-22,18434.02,Paid,0.0
TES-R10175,TES-O8663,2024-01-27,50301.25,Paid,17546.17
TES-R15338,TES-O8608,2023-05-20,1252.95,Refunded,0.0
TES-R10575,TES-O14880,2024-08-09,89712.77,Paid,0.0
TES-R13091,TES-O14483,2025-04-20,11967.91,Refunded,0.0
TES-R9951,TES-O13965,2025-07-26,24117.56,Refunded,0.0
TES-R10907,TES-O14692,2024-05-08,44098.89,Refunded,0.0
TES-R9151,TES-O6123,2025-07-03,10785.46,Paid,0.0
TES-R18644,TES-O13511,2023-02-13,82003.02,Paid,0.0
TES-R12416,TES-O6233,2023-10-29,9990.27,Paid,0.0
TES-R17865,TES-O13428,2024-10-20,41736.93,Paid,41736.93
TES-R9168,TES-O10183,2024-03-23,384.66,Paid,0.0
TES-R18648,TES-O11970,2024-12-23,42295.65,Paid,42295.65
TES-R9901,TES-O12417,2024-12-17,11570.98,Paid,0.0
TES-R17911,TES-O11795,2025-09-14,23744.89,Paid,0.0
TES-R12456,TES-O12325,2025-05-17,45444.94,Paid,0.0
TES-R18542,TES-O8015,2023-01-08,11847.1,Paid,0.0
TES-R14605,TES-O6778,2023-02-04,545.55,Paid,0.0
TES-R11701,TES-O9103,2024-05-30,43175.12,Pending,0.0
TES-R17691,TES-O9842,2023-04-10,16154.44,Paid,0.0
TES-R15190,TES-O11511,2024-08-29,43414.43,Paid,0.0
TES-R17032,TES-O12366,2023-05-22,485.8,Paid,0.0
TES-R15791,TES-O8147,2024-07-20,91947.06,Paid,0.0
TES-R16516,TES-O14253,2024-03-30,46094.4,Paid,0.0
TES-R12875,TES-O12617,2024-09-28,91716.37,Paid,0.0
TES-R16530,TES-O5780,2024-02-07,20357.71,Paid,20357.71
TES-R14335,TES-O12605,2023-09-07,24708.28,Paid,0.0
TES-R18177,TES-O9686,2024-06-21,15262.72,Refunded,0.0
TES-R10524,TES-O5091,2023-01-28,51339.54,Paid,0.0
TES-R16836,TES-O10569,2025-10-02,53377.01,Paid,0.0
TES-R15982,TES-O14208,2024-03-30,379.25,Pending,0.0
TES-R15326,TES-O8035,2024-06-20,38168.38,Refunded,0.0
TES-R9903,TES-O8183,2024-04-14,184.31,Paid,0.0
TES-R16423,TES-O9652,2024-11-11,40.14,Paid,0.0
TES-R11324,TES-O14043,2023-04-21,48751.36,Refunded,0.0
TES-R14421,TES-O7347,2023-05-28,298.08,Paid,0.0
TES-R9107,TES-O12632,2023-10-12,50948.47,Paid,0.0
TES-R18415,TES-O13612,2025-11-24,45660.52,Paid,0.0
TES-R15406,TES-O14887,2023-04-08,38971.79,Pending,0.0
TES-R14228,TES-O10603,2025-10-24,91.2,Paid,0.0
TES-R17281,TES-O12885,2025-09-07,41667.75,Paid,0.0
TES-R16872,TES-O14143,2024-02-03,,Paid,0.0
TES-R17207,TES-O12242,2025-06-07,50730.04,Paid,0.0
TES-R14949,TES-O11601,2024-04-16,41316.44,Paid,0.0
TES-R10158,TES-O5703,2025-10-10,15886.3,Paid,0.0
TES-R12386,TES-O5771,2024-08-15,51846.28,Refunded,0.0
TES-R17230,TES-O6160,2024-12-24,895.53,Paid,895.53
TES-R16892,TES-O10073,2024-10-04,80323.94,Paid,0.0
TES-R10547,TES-O7023,2024-09-14,19818.82,Paid,0.0
TES-R10107,TES-O11050,2025-07-03,539.42,Paid,0.0
TES-R11461,TES-O7640,2023-09-20,98280.13,Paid,0.0
TES-R13852,TES-O9325,2024-09-30,,Paid,0.0
TES-R13428,TES-O7176,2024-09-08,44615.77,Paid,0.0
TES-R9455,TES-O12354,2023-07-18,599.72,Refunded,0.0
TES-R10906,TES-O12990,2023-09-20,82228.32,Paid,0.0
TES-R13063,TES-O11476,2023-05-18,23892.36,Paid,0.0
TES-R14987,TES-O5221,2025-09-13,20774.63,Paid,20774.63
TES-R12759,TES-O7678,2025-07-11,49870.62,Paid,0.0
TES-R16734,TES-O11732,2023-08-07,90628.95,Paid,0.0
TES-R15898,TES-O9912,2024-04-20,232.16,Refunded,0.0
TES-R16714,TES-O6529,2024-06-14,15718.35,Paid,0.0
TES-R10161,TES-O5551,2024-01-08,11483.13,Paid,0.0
TES-R18510,TES-O7195,2025-01-09,90.89,Paid,0.0
TES-R11330,TES-O13704,2023-12-15,9248.26,Paid,0.0
TES-R16832,TES-O12468,2024-05-27,177.14,Paid,177.14
TES-R15932,TES-O11111,2023-12-30,9545.06,Paid,0.0
TES-R17914,TES-O11806,2024-07-13,45333.67,Refunded,0.0
TES-R16434,TES-O13429,2023-03-17,38787.86,Refunded,0.0
TES-R10297,TES-O9100,2025-06-01,9022.52,Paid,9022.52
TES-R10376,TES-O11317,2024-09-30,83961.79,Paid,0.0
TES-R10736,TES-O5907,2023-07-31,20152.69,Paid,0.0
TES-R14527,TES-O8802,2023-03-03,18652.3,Paid,0.0
TES-R15935,TES-O12070,2025-12-03,,Paid,0.0
TES-R16310,TES-O12966,2025-07-24,11228.52,Pending,0.0
TES-R9234,TES-O6280,2023-06-27,51294.09,Paid,0.0
TES-R15020,TES-O13153,2023-01-19,83638.84,Paid,83638.84
TES-R13847,TES-O9365,2025-08-14,23057.67,Paid,0.0
TES-R17728,TES-O6508,2025-03-20,38100.75,Paid,0.0
TES-R15574,TES-O9154,2023-05-11,42296.95,Paid,0.0
TES-R13436,TES-O11541,2024-07-01,47094.97,Paid,0.0
TES-R13378,TES-O14197,2025-03-30,45904.59,Paid,0.0
TES-R12820,TES-O12359,2023-10-21,,Paid,0.0
TES-R11206,TES-O7033,2024-03-26,19214.85,Paid,0.0
TES-R13915,TES-O6117,2023-02-11,61.2,Paid,10.11
TES-R9872,TES-O6765,2025-10-01,714.99,Paid,0.0
TES-R13055,TES-O10817,2024-05-31,87186.87,Paid,87186.87
TES-R12298,TES-O10874,2024-08-13,42948.27,Paid,0.0
TES-R16905,TES-O14925,2023-04-21,9060.8,Paid,9060.8
TES-R11695,TES-O10893,2023-09-03,44223.25,Paid,0.0
TES-R12520,TES-O13038,2023-03-12,44433.17,Paid,0.0
TES-R10159,TES-O11017,2024-02-11,97794.82,Paid,0.0
TES-R10463,TES-O7082,2025-04-27,440.1,Paid,0.0
TES-R12874,TES-O14099,2023-08-22,24761.2,Paid,0.0
TES-R14518,TES-O11648,2025-10-27,18799.29,Paid,18799.29
TES-R13522,TES-O6498,2025-08-28,950.55,Paid,0.0
TES-R11559,TES-O5429,2023-08-01,22505.36,Paid,0.0
TES-R9530,TES-O7275,2024-04-29,94394.79,Refunded,0.0
TES-R12182,TES-O11096,2024-06-02,83988.97,Paid,0.0
TES-R15919,TES-O13765,2023-12-23,9007.99,Paid,0.0
TES-R9780,TES-O6796,2025-03-07,138.68,Paid,0.0
TES-R13856,TES-O5012,2024-07-31,9643.47,Refunded,0.0
TES-R10879,TES-O10965,2025-04-26,40210.57,Refunded,0.0
TES-R9073,TES-O8809,2023-03-23,10988.09,Paid,0.0
TES-R11668,TES-O10253,2023-10-16,88169.65,Paid,0.0
TES-R17633,TES-O7359,2024-09-21,53716.65,Paid,0.0
TES-R9660,TES-O13858,2023-09-02,44360.78,Paid,0.0
TES-R10723,TES-O6448,2025-12-28,93080.59,Paid,0.0
TES-R11449,TES-O5614,2023-03-23,10920.48,Paid,0.0
TES-R15996,TES-O13343,2024-09-20,242.6,Paid,0.0
TES-R16113,TES-O9763,2025-02-15,94149.31,Paid,0.0
TES-R9759,TES-O9543,2025-12-12,53758.07,Paid,0.0
TES-R9486,TES-O12247,2024-12-08,42933.15,Pending,0.0
TES-R11005,TES-O6202,2025-11-18,95031.56,Paid,0.0
TES-R18514,TES-O13361,2025-08-07,85561.82,Refunded,0.0
TES-R17047,TES-O8499,2024-01-08,22295.98,Paid,0.0
TES-R17894,TES-O8841,2023-04-12,,Paid,0.0
TES-R12608,TES-O13589,2023-06-12,93.87,Pending,0.0
TES-R14483,TES-O14907,2023-12-14,11218.98,Paid,0.0
TES-R16840,TES-O11394,2024-05-24,97459.89,Paid,0.0
TES-R12972,TES-O6620,2025-05-07,,Paid,39472.97
TES-R18303,TES-O12576,2025-10-18,92.76,Paid,0.0
TES-R9788,TES-O11397,2023-03-30,10998.33,Paid,0.0
TES-R18432,TES-O9055,2023-02-24,50623.88,Refunded,5579.97
TES-R16308,TES-O7089,2025-07-28,84254.21,Paid,0.0
TES-R12831,TES-O13686,2023-08-13,,Paid,50555.22
TES-R14169,TES-O6445,2025-12-16,11952.55,Paid,0.0
TES-R13015,TES-O11908,2025-11-06,97124.96,Paid,0.0
TES-R9144,TES-O9341,2024-01-30,23637.0,Paid,0.0
TES-R13468,TES-O9229,2023-02-04,21539.33,Pending,0.0
TES-R10277,TES-O6526,2023-10-12,87122.5,Paid,0.0
TES-R17516,TES-O8544,2023-11-06,22394.98,Paid,22394.98
TES-R11760,TES-O10324,2025-07-09,82897.95,Paid,0.0
TES-R9855,TES-O6821,2025-03-04,123.42,Refunded,0.0
TES-R15900,TES-O7674,2023-08-31,40947.41,Refunded,0.0
TES-R11209,TES-O14445,2025-06-25,10207.73,Paid,0.0
TES-R18372,TES-O5604,2024-12-01,98043.3,Paid,0.0
TES-R11004,TES-O7453,2025-08-29,88783.03,Paid,0.0
TES-R9813,TES-O8667,2024-01-13,80484.02,Paid,80484.02
TES-R18521,TES-O14001,2024-12-01,89068.82,Paid,0.0
TES-R15483,TES-O12475,2023-04-21,44592.03,Paid,0.0
TES-R14431,TES-O11762,2023-01-30,43746.36,Paid,0.0
TES-R17808,TES-O10463,2023-10-21,140.95,Paid,0.0
TES-R17200,TES-O5242,2023-12-14,93986.75,Paid,0.0
TES-R11013,TES-O8215,2024-07-25,85514.94,Paid,0.0
TES-R11167,TES-O7758,2025-11-06,11382.45,Paid,0.0
TES-R16579,TES-O8654,2024-12-31,,Paid,0.0
TES-R16233,TES-O13766,2025-09-10,21103.01,Paid,0.0
TES-R9212,TES-O12095,2023-04-07,88528.78,Paid,0.0
TES-R16364,TES-O13026,2025-09-04,47229.17,Paid,0.0
TES-R14490,TES-O12052,2023-07-30,860.1,Paid,0.0
TES-R12263,TES-O7086,2025-06-01,54484.4,Paid,0.0
TES-R18327,TES-O12653,2024-08-21,459.1,Paid,0.0
TES-R16577,TES-O8936,2025-05-17,42944.0,Paid,0.0
TES-R15101,TES-O12383,2024-07-18,19242.39,Paid,19242.39
TES-R14264,TES-O6295,2023-07-27,43590.57,Pending,0.0
TES-R16329,TES-O6747,2025-06-17,213.96,Paid,0.0
TES-R12934,TES-O12465,2025-03-22,11883.63,Paid,0.0
TES-R17122,TES-O14706,2024-10-08,90502.2,Paid,0.0
TES-R12845,TES-O12240,2025-01-12,45569.68,Paid,0.0
TES-R15968,TES-O7120,2025-11-10,92896.96,Paid,0.0
TES-R11195,TES-O6753,2024-05-06,10458.88,Paid,0.0
TES-R14688,TES-O7955,2025-01-17,46523.54,Paid,0.0
TES-R10452,TES-O13826,2025-04-19,1226.25,Paid,0.0
TES-R13013,TES-O11405,2024-08-16,78.15,Pending,0.0
TES-R12253,TES-O11818,2023-03-30,42778.84,Refunded,0.0
TES-R15877,TES-O7105,2023-08-16,80672.51,Paid,0.0
TES-R12157,TES-O12997,2023-02-15,44623.03,Refunded,0.0
TES-R18055,TES-O5477,2025-09-23,85382.83,Paid,0.0
TES-R17932,TES-O6776,2023-06-28,42379.79,Paid,42379.79
TES-R13358,TES-O8120,2025-12-11,76635.64,Paid,0.0
TES-R13697,TES-O6989,2023-11-19,11287.13,Paid,0.0
TES-R13305,TES-O13957,2025-05-13,49458.03,Paid,0.0
TES-R9582,TES-O7769,2025-06-22,225.39,Paid,0.0
TES-R14232,TES-O7878,2024-01-24,1035.8,Refunded,0.0
TES-R17558,TES-O8225,2024-06-27,47061.86,Pending,0.0
TES-R17872,TES-O10063,2024-09-03,87260.69,Paid,0.0
TES-R11837,TES-O11102,2025-08-16,86528.07,Paid,0.0
TES-R12964,TES-O11785,2023-09-12,46092.08,Paid,0.0
TES-R17996,TES-O8576,2024-06-08,53476.54,Paid,53476.54
TES-R16478,TES-O12427,2025-06-09,314.64,Pending,0.0
TES-R14920,TES-O12903,2025-03-19,19567.11,Paid,0.0
TES-R17850,TES-O6203,2024-03-30,,Refunded,0.0
TES-R15925,TES-O5253,2025-01-25,829.26,Paid,0.0
TES-R12552,TES-O5885,2023-10-04,501.48,Paid,0.0
TES-R16100,TES-O14714,2023-12-24,45811.13,Paid,0.0
TES-R17885,TES-O6155,2025-05-21,47789.07,Paid,0.0
TES-R18325,TES-O13568,2025-10-12,96144.03,Refunded,0.0
TES-R17880,TES-O6813,2024-11-02,23472.16,Pending,0.0
TES-R12334,TES-O11628,2024-10-03,63.75,Paid,0.0
TES-R9335,TES-O12671,2023-05-27,87230.74,Refunded,0.0
TES-R15269,TES-O7261,2024-06-07,144.07,Paid,0.0
TES-R10726,TES-O8885,2024-04-21,47.54,Paid,0.0
TES-R9308,TES-O10526,2024-07-17,18917.65,Refunded,0.0
TES-R17925,TES-O10548,2025-10-27,96410.86,Paid,96410.86
TES-R15896,TES-O8044,2023-04-28,47249.37,Paid,0.0
TES-R16815,TES-O9995,2025-10-18,41771.29,Paid,0.0
TES-R9022,TES-O14596,2023-04-15,526.04,Paid,0.0
TES-R13713,TES-O6700,2023-07-23,52664.44,Refunded,0.0
TES-R12719,TES-O14993,2023-01-03,82982.19,Paid,0.0
TES-R11223,TES-O11846,2024-02-03,82979.49,Paid,82979.49
TES-R9349,TES-O7333,2023-10-28,38716.98,Pending,0.0
TES-R16598,TES-O10133,2023-02-11,218.28,Paid,218.28
TES-R11994,TES-O7217,2025-08-26,109.82,Paid,0.0
TES-R15936,TES-O11099,2025-11-17,726.65,Paid,0.0
TES-R17116,TES-O10101,2025-08-26,83685.73,Paid,0.0
TES-R16191,TES-O7523,2025-02-24,,Paid,0.0
TES-R11198,TES-O5104,2024-05-15,11395.45,Paid,11395.45
TES-R13149,TES-O12742,2024-06-07,99841.92,Paid,99841.92
TES-R9564,TES-O9063,2024-04-14,11714.74,Refunded,0.0
TES-R14553,TES-O14193,2024-03-01,53726.31,Pending,0.0
TES-R9552,TES-O6899,2025-11-30,9266.78,Paid,0.0
TES-R9694,TES-O14525,2023-05-12,47953.87,Paid,0.0
TES-R12647,TES-O7566,2023-02-22,565.2,Paid,0.0
TES-R12980,TES-O7692,2025-06-18,85.95,Paid,85.95
TES-R16788,TES-O7070,2025-01-19,81294.96,Paid,81294.96
TES-R15741,TES-O8688,2024-03-11,23442.09,Paid,0.0
TES-R10966,TES-O11303,2024-01-02,119.81,Refunded,0.0
TES-R18666,TES-O5880,2024-11-24,22821.65,Refunded,0.0
TES-R12823,TES-O11271,2025-04-10,22891.1,Paid,0.0
TES-R18123,TES-O14471,2024-08-01,144.76,Paid,0.0
TES-R11463,TES-O14694,2025-02-07,110.25,Pending,0.0
TES-R14142,TES-O9871,2024-01-23,200.9,Paid,0.0
TES-R13560,TES-O11218,2024-01-09,16010.88,Refunded,5330.94
TES-R17939,TES-O10695,2025-07-14,17737.78,Paid,17737.78
TES-R11295,TES-O8588,2023-04-07,91820.96,Paid,91820.96
TES-R14702,TES-O8104,2023-07-21,48074.99,Paid,0.0
TES-R13676,TES-O11992,2023-01-19,11975.6,Paid,0.0
TES-R18457,TES-O14419,2025-01-10,98914.96,Paid,0.0
TES-R15155,TES-O12171,2023-11-01,61.4,Pending,0.0
TES-R9716,TES-O9288,2025-08-21,250.66,Pending,0.0
TES-R9988,TES-O10234,2023-10-09,11380.68,Paid,11380.68
TES-R11457,TES-O6684,2025-03-28,293.43,Paid,0.0
TES-R9182,TES-O11528,2025-05-29,42973.79,Paid,0.0
TES-R17837,TES-O6173,2024-08-25,192.4,Paid,0.0
TES-R11408,TES-O14260,2023-05-30,95869.74,Paid,0.0
TES-R14842,TES-O13718,2024-07-27,352.38,Paid,0.0
TES-R13854,TES-O8837,2025-03-02,,Paid,10884.23
TES-R14727,TES-O12736,2025-04-08,46742.97,Paid,0.0
TES-R13090,TES-O10472,2025-02-07,49059.79,Refunded,0.0
TES-R12558,TES-O7289,2025-11-16,591.5,Refunded,0.0
TES-R9006,TES-O14985,2023-03-26,44921.32,Paid,44921.32
TES-R16615,TES-O9586,2025-08-17,81587.28,Pending,0.0
TES-R18443,TES-O7373,2025-01-15,39903.42,Paid,0.0
TES-R10266,TES-O12479,2024-01-05,44241.89,Refunded,0.0
TES-R17308,TES-O9922,2025-06-01,89081.19,Paid,89081.19
TES-R12657,TES-O12807,2025-09-09,149.9,Paid,0.0
TES-R13977,TES-O5039,2023-10-01,19233.51,Pending,0.0
TES-R16584,TES-O9822,2024-12-26,99181.62,Paid,0.0
TES-R16660,TES-O7310,2023-12-07,9491.05,Pending,0.0
TES-R13775,TES-O5007,2023-01-26,43554.54,Paid,0.0
TES-R16559,TES-O11406,2024-12-28,89817.77,Pending,0.0
TES-R11214,TES-O14819,2023-08-03,82170.44,Paid,0.0
TES-R9193,TES-O14516,2023-10-11,11068.63,Refunded,0.0
TES-R9690,TES-O11551,2025-09-27,23119.3,Refunded,0.0
TES-R17221,TES-O10640,2025-07-25,19158.37,Paid,0.0
TES-R17628,TES-O8555,2025-02-10,93527.77,Paid,0.0
TES-R14472,TES-O9593,2025-12-31,83432.34,Refunded,0.0
TES-R10334,TES-O6344,2024-04-24,91806.53,Paid,0.0
TES-R16077,TES-O11729,2023-08-27,10246.66,Paid,0.0
TES-R12754,TES-O12490,2023-09-26,9240.41,Paid,0.0
TES-R10309,TES-O14366,2025-01-18,24788.76,Paid,0.0
TES-R14090,TES-O9320,2025-02-01,42188.1,Paid,0.0
TES-R13933,TES-O6820,2024-04-11,284.61,Paid,0.0
TES-R17405,TES-O11652,2023-03-20,17072.45,Refunded,0.0
TES-R14493,TES-O9052,2025-08-20,91046.62,Paid,91046.62
TES-R12411,TES-O6481,2025-02-09,43892.87,Paid,0.0
TES-R13347,TES-O12610,2025-03-04,21210.43,Paid,21210.43
TES-R12464,TES-O6639,2024-06-08,144.03,Paid,0.0
TES-R9355,TES-O9009,2025-05-23,16737.59,Paid,0.0
TES-R14147,TES-O10515,2025-10-22,43412.08,Paid,0.0
TES-R16710,TES-O13253,2025-06-03,85883.9,Paid,0.0
TES-R10538,TES-O7884,2025-06-10,38571.08,Paid,0.0
TES-R11385,TES-O14688,2025-09-30,167.35,Paid,167.35
TES-R9284,TES-O10594,2023-06-27,9837.43,Pending,0.0
TES-R13054,TES-O7545,2024-02-14,38576.77,Paid,0.0
TES-R17191,TES-O9877,2024-03-06,821.76,Paid,0.0
TES-R9706,TES-O12496,2025-06-27,20498.55,Paid,0.0
TES-R17941,TES-O8472,2023-03-09,79749.17,Paid,79749.17
TES-R13818,TES-O11122,2024-04-07,89256.08,Refunded,0.0
TES-R14543,TES-O12044,2023-05-21,,Paid,0.0
TES-R11879,TES-O14222,2023-01-28,93949.21,Pending,0.0
TES-R17054,TES-O11826,2024-11-09,90491.68,Paid,0.0
TES-R16040,TES-O9434,2023-03-28,883.88,Paid,0.0
TES-R11546,TES-O6440,2024-06-20,89705.94,Paid,89705.94
TES-R14568,TES-O10741,2024-06-25,227.18,Pending,0.0
TES-R16685,TES-O12087,2023-07-16,514.52,Paid,0.0
TES-R14452,TES-O12439,2023-06-25,24358.33,Paid,0.0
TES-R13222,TES-O6755,2023-06-27,10887.98,Paid,10887.98
TES-R14910,TES-O9298,2025-06-27,1111.75,Paid,0.0
TES-R17974,TES-O11252,2025-05-22,20.24,Paid,0.0
TES-R18466,TES-O14671,2024-07-27,9392.31,Refunded,0.0
TES-R9210,TES-O7432,2024-02-17,78411.4,Paid,0.0
TES-R12856,TES-O14399,2025-12-20,22296.73,Paid,0.0
TES-R17010,TES-O13322,2024-01-01,49337.99,Paid,0.0
TES-R9146,TES-O14417,2023-01-21,9579.56,Paid,0.0
TES-R12883,TES-O10522,2025-05-24,45214.81,Paid,0.0
TES-R18262,TES-O5322,2025-01-06,162.44,Paid,0.0
TES-R11263,TES-O9034,2025-04-26,52900.76,Refunded,0.0
TES-R11224,TES-O5857,2023-12-14,256.48,Paid,60.65
TES-R9753,TES-O9869,2023-01-22,395.73,Paid,395.73
TES-R16920,TES-O12670,2024-12-13,397.08,Paid,0.0
TES-R18027,TES-O5268,2024-07-27,23516.25,Pending,0.0
TES-R15784,TES-O6581,2025-11-20,20993.64,Refunded,0.0
TES-R10514,TES-O9659,2023-09-10,11452.92,Paid,11452.92
TES-R14894,TES-O10034,2023-12-14,10616.3,Paid,0.0
TES-R14140,TES-O6044,2024-01-07,9008.35,Paid,9008.35
TES-R17286,TES-O14246,2023-11-20,10311.32,Paid,0.0
TES-R13885,TES-O8529,2025-07-18,99561.49,Refunded,0.0
TES-R16631,TES-O10517,2024-07-14,42600.5,Refunded,0.0
TES-R12510,TES-O5143,2023-12-30,625.44,Paid,0.0
TES-R11249,TES-O7345,2024-12-10,98159.25,Paid,0.0
TES-R17273,TES-O11917,2024-09-11,20302.27,Paid,0.0
TES-R14773,TES-O8447,2025-01-25,17829.14,Paid,17829.14
TES-R16385,TES-O6911,2025-10-04,,Paid,0.0
TES-R11323,TES-O13160,2023-08-02,11396.48,Refunded,0.0
TES-R15420,TES-O7168,2025-03-20,989.3,Refunded,0.0
TES-R13490,TES-O14650,2025-11-12,46049.34,Paid,0.0
TES-R9254,TES-O14355,2024-01-12,38901.02,Paid,0.0
TES-R12487,TES-O12143,2023-01-21,258.64,Paid,0.0
TES-R13816,TES-O11734,2024-06-09,81.66,Refunded,0.0
TES-R15585,TES-O14449,2025-08-18,151.09,Paid,151.09
TES-R11371,TES-O9468,2023-04-26,11037.81,Refunded,0.0
TES-R13072,TES-O11988,2023-11-25,84221.32,Paid,0.0
TES-R17222,TES-O12290,2023-06-22,217.68,Paid,0.0
TES-R12965,TES-O13566,2024-03-27,269.28,Paid,0.0
TES-R17469,TES-O10774,2025-05-30,,Paid,0.0
TES-R16027,TES-O5563,2023-04-05,11309.87,Paid,0.0
TES-R14448,TES-O11290,2023-03-06,,Paid,0.0
TES-R18259,TES-O5796,2023-01-30,1022.88,Paid,0.0
TES-R18676,TES-O12666,2025-07-22,43017.5,Paid,0.0
TES-R10928,TES-O11665,2024-02-23,22047.92,Paid,0.0
TES-R14601,TES-O8673,2024-06-19,82434.81,Paid,0.0
TES-R12775,TES-O5254,2023-03-07,47533.97,Paid,0.0
TES-R13220,TES-O10271,2025-03-04,87556.25,Refunded,0.0
TES-R18226,TES-O8234,2024-09-22,580.05,Paid,0.0
TES-R15311,TES-O9752,2025-11-26,41015.32,Paid,41015.32
TES-R16982,TES-O11143,2024-03-14,89684.91,Paid,0.0
TES-R12060,TES-O14916,2024-01-07,40591.17,Refunded,0.0
TES-R14896,TES-O8441,2024-08-22,82246.48,Paid,0.0
TES-R10439,TES-O5756,2024-11-22,956.0,Paid,956.0
TES-R9973,TES-O8493,2023-04-23,83236.65,Paid,0.0
TES-R16998,TES-O14751,2023-08-16,85271.95,Paid,0.0
TES-R11346,TES-O10896,2024-01-10,40274.63,Paid,40274.63
TES-R13486,TES-O8618,2023-11-19,,Paid,2630.74
TES-R14083,TES-O13807,2023-01-02,54841.65,Paid,0.0
TES-R17483,TES-O13427,2025-12-09,87778.75,Paid,0.0
TES-R16371,TES-O7221,2023-01-03,87720.21,Paid,0.0
TES-R12850,TES-O8624,2023-02-23,428.64,Paid,428.64
TES-R10109,TES-O14175,2025-08-23,43452.96,Paid,0.0
TES-R10156,TES-O5447,2024-06-02,551.78,Paid,0.0
TES-R15373,TES-O12323,2024-04-30,11927.96,Pending,0.0
TES-R10118,TES-O10436,2023-02-28,54981.55,Paid,0.0
TES-R18650,TES-O11432,2023-12-03,456.06,Paid,0.0
TES-R9489,TES-O9946,2024-11-22,89079.31,Paid,0.0
TES-R13908,TES-O7212,2023-11-06,48490.24,Paid,48490.24
TES-R14738,TES-O12028,2023-02-02,87207.61,Paid,0.0
TES-R16448,TES-O10782,2024-05-18,606.48,Refunded,0.0
TES-R10246,TES-O12946,2023-10-23,38642.26,Paid,0.0
TES-R9594,TES-O13804,2023-06-08,555.96,Pending,0.0
TES-R12720,TES-O9004,2023-07-23,360.64,Paid,0.0
TES-R16217,TES-O7235,2025-07-22,11428.14,Paid,0.0
TES-R14943,TES-O5768,2023-05-04,254.11,Paid,0.0
TES-R10770,TES-O6363,2024-02-17,50534.33,Paid,0.0
TES-R15489,TES-O14851,2023-08-14,87.18,Refunded,0.0
TES-R15525,TES-O10654,2024-06-21,98873.4,Paid,0.0
TES-R9333,TES-O10215,2025-09-26,11031.98,Paid,11031.98
TES-R11290,TES-O5570,2023-05-20,219.15,Refunded,0.0
TES-R15817,TES-O8457,2023-01-13,9595.48,Paid,0.0
TES-R12046,TES-O13239,2023-10-05,260.14,Paid,260.14
TES-R18392,TES-O14122,2023-07-20,213.71,Paid,0.0
TES-R17708,TES-O10179,2024-05-14,43767.07,Paid,0.0
TES-R9378,TES-O7048,2025-03-20,44222.59,Paid,44222.59
TES-R17519,TES-O10313,2025-03-07,42569.16,Pending,0.0
TES-R9433,TES-O5948,2025-02-27,54497.41,Paid,0.0
TES-R17068,TES-O13275,2023-04-12,45093.72,Refunded,0.0
TES-R13172,TES-O14408,2023-03-15,,Paid,0.0
TES-R9462,TES-O13287,2023-09-05,11834.68,Refunded,0.0
TES-R9503,TES-O12713,2023-06-02,11003.56,Refunded,0.0
TES-R13241,TES-O12985,2025-04-30,42359.76,Paid,20012.63
TES-R14286,TES-O13968,2025-04-24,84813.21,Paid,0.0
TES-R14724,TES-O14814,2024-08-08,83255.78,Paid,0.0
TES-R15966,TES-O14152,2023-05-07,213.82,Paid,213.82
TES-R9218,TES-O10744,2023-01-17,79.1,Paid,0.0
TES-R17539,TES-O13971,2025-07-05,92258.92,Paid,0.0
TES-R12151,TES-O6402,2023-03-22,39463.97,Paid,0.0
TES-R15700,TES-O6121,2023-06-06,251.12,Refunded,0.0
TES-R15352,TES-O12238,2025-08-24,127.22,Paid,0.0
TES-R15016,TES-O11691,2025-11-20,1144.9,Paid,0.0
TES-R11733,TES-O8641,2023-02-27,20187.96,Refunded,0.0
TES-R15726,TES-O10582,2025-04-18,47278.14,Paid,0.0
TES-R10255,TES-O6815,2023-05-07,54207.14,Paid,54207.14
TES-R14294,TES-O13109,2024-05-15,87801.51,Paid,0.0
TES-R10440,TES-O12059,2025-08-14,,Paid,0.0
TES-R14578,TES-O11993,2025-08-06,91465.66,Refunded,0.0
TES-R9698,TES-O8209,2024-10-02,19346.2,Paid,0.0
TES-R11728,TES-O6196,2023-06-25,9933.81,Refunded,0.0
TES-R18243,TES-O6622,2024-09-14,841.47,Paid,0.0
TES-R17525,TES-O11784,2023-04-02,170.97,Paid,0.0
TES-R15751,TES-O10912,2025-01-31,20569.89,Paid,0.0
TES-R18450,TES-O9444,2023-02-08,39201.94,Paid,0.0
TES-R14833,TES-O9764,2023-10-11,87851.2,Paid,0.0
TES-R12978,TES-O5424,2025-03-11,44234.41,Paid,0.0
TES-R10222,TES-O12861,2024-03-05,11244.47,Paid,0.0
TES-R14464,TES-O10724,2025-07-05,93147.19,Paid,0.0
TES-R16657,TES-O10161,2024-11-01,42683.61,Paid,0.0
TES-R10009,TES-O7611,2025-03-15,40036.52,Paid,0.0
TES-R10830,TES-O8206,2023-03-24,76623.82,Paid,0.0
TES-R11923,TES-O13179,2023-05-13,,Paid,77748.02
TES-R18489,TES-O12042,2024-11-20,16500.06,Paid,16500.06
TES-R17452,TES-O9071,2023-10-23,324.03,Paid,0.0
TES-R17920,TES-O6310,2023-02-16,43600.09,Refunded,0.0
TES-R16487,TES-O11341,2025-03-25,225.5,Paid,0.0
TES-R16680,TES-O10386,2025-09-19,81110.43,Paid,0.0
TES-R14974,TES-O14952,2024-04-23,21174.87,Paid,0.0
TES-R14342,TES-O8139,2025-08-20,1376.1,Pending,0.0
TES-R16167,TES-O6695,2023-10-17,85524.03,Paid,0.0
TES-R12785,TES-O9607,2024-08-19,297.76,Paid,0.0
TES-R12870,TES-O8346,2024-08-08,711.78,Refunded,0.0
TES-R16120,TES-O7137,2023-09-27,142.92,Paid,0.0
TES-R17278,TES-O7206,2024-03-11,21359.11,Paid,0.0
TES-R9207,TES-O7114,2024-02-23,90443.02,Paid,0.0
TES-R17226,TES-O6051,2023-04-24,667.16,Refunded,0.0
TES-R11921,TES-O6702,2023-11-03,442.25,Paid,442.25
TES-R13749,TES-O8778,2023-06-06,45221.34,Pending,0.0
TES-R17063,TES-O14484,2024-05-04,9250.4,Paid,0.0
TES-R14617,TES-O7899,2024-12-08,45031.55,Paid,45031.55
TES-R17395,TES-O12693,2023-07-05,10179.29,Refunded,0.0
TES-R14219,TES-O10434,2025-02-06,10482.83,Paid,0.0
TES-R16435,TES-O7688,2025-11-01,52983.07,Refunded,0.0
TES-R13878,TES-O13837,2024-06-12,46127.0,Paid,0.0
TES-R17069,TES-O7790,2023-05-03,92168.57,Paid,92168.57
TES-R15901,TES-O10991,2024-09-23,44473.69,Pending,0.0
TES-R15195,TES-O5642,2025-03-13,987.05,Paid,0.0
TES-R16110,TES-O8850,2025-08-14,137.86,Paid,137.86
TES-R10276,TES-O11026,2023-10-06,80589.23,Pending,0.0
TES-R14025,TES-O12700,2024-03-30,92553.52,Paid,0.0
TES-R12531,TES-O9806,2023-08-07,91504.66,Refunded,0.0
TES-R9970,TES-O6400,2025-07-27,220.08,Pending,0.0
TES-R14640,TES-O9952,2023-07-23,9085.61,Paid,0.0
TES-R13205,TES-O14816,2023-10-07,94409.79,Paid,0.0
TES-R11377,TES-O14954,2024-12-07,10367.0,Paid,10367.0
TES-R9208,TES-O9626,2025-09-30,45739.33,Paid,0.0
TES-R16969,TES-O6940,2024-08-25,45824.95,Paid,45824.95
TES-R9832,TES-O14794,2023-07-27,188.44,Refunded,0.0
TES-R13236,TES-O6983,2025-01-01,10174.75,Paid,0.0
TES-R14139,TES-O8999,2025-02-20,78978.85,Paid,35138.3
TES-R17369,TES-O13617,2023-11-29,99936.13,Paid,0.0
TES-R15679,TES-O6172,2025-04-28,16937.59,Paid,0.0
TES-R15957,TES-O5966,2025-11-09,469.45,Paid,469.45
TES-R14798,TES-O9832,2025-07-07,81237.3,Paid,0.0
TES-R17930,TES-O6997,2023-06-06,190.96,Refunded,0.0
TES-R14021,TES-O13100,2024-10-02,9082.03,Paid,0.0
TES-R15198,TES-O9406,2024-11-03,50017.01,Refunded,0.0
TES-R17937,TES-O10365,2024-10-29,11782.31,Paid,11782.31
TES-R11688,TES-O10214,2023-04-14,18399.45,Paid,0.0
TES-R17551,TES-O9195,2024-05-14,81022.01,Paid,0.0
TES-R11964,TES-O12590,2024-07-12,20772.36,Paid,0.0
TES-R10045,TES-O13575,2023-10-02,851.67,Paid,0.0
TES-R12156,TES-O7754,2023-10-16,286.44,Paid,0.0
TES-R10621,TES-O13405,2024-11-18,240.72,Paid,240.72
TES-R9276,TES-O12684,2025-04-26,78093.53,Pending,0.0
TES-R12670,TES-O12424,2023-12-31,781.2,Paid,0.0
TES-R15184,TES-O12756,2025-10-11,9953.74,Pending,0.0
TES-R11107,TES-O13269,2024-01-25,39158.42,Paid,0.0
TES-R13986,TES-O13334,2024-12-29,265.3,Paid,265.3
TES-R16951,TES-O13654,2024-11-24,90431.36,Paid,0.0
TES-R11976,TES-O12147,2024-11-26,15127.86,Paid,0.0
TES-R16419,TES-O6490,2023-10-07,169.0,Paid,169.0
TES-R10151,TES-O6029,2023-07-28,93574.43,Pending,0.0
TES-R11580,TES-O14093,2025-01-04,75975.85,Pending,0.0
TES-R18549,TES-O11376,2025-10-23,94602.94,Paid,0.0
TES-R13782,TES-O12236,2025-03-30,,Paid,0.0
TES-R16971,TES-O8940,2023-06-27,47205.28,Paid,0.0
TES-R16791,TES-O13332,2023-12-14,44525.7,Paid,0.0
TES-R10041,TES-O6564,2023-08-10,45887.83,Paid,0.0
TES-R11037,TES-O11350,2023-01-09,183.12,Paid,0.0
TES-R15933,TES-O11461,2025-10-02,10997.35,Paid,0.0
TES-R17482,TES-O5404,2024-05-17,981.75,Paid,981.75
TES-R15553,TES-O13391,2024-09-25,45124.82,Paid,0.0
TES-R17490,TES-O6059,2023-01-24,11511.05,Refunded,0.0
TES-R12528,TES-O7334,2023-05-09,210.24,Paid,0.0
TES-R16859,TES-O7842,2025-07-27,87393.86,Paid,0.0
TES-R13041,TES-O7868,2023-01-25,,Paid,0.0
TES-R9002,TES-O9239,2025-11-21,,Paid,0.0
TES-R17475,TES-O14294,2024-03-09,90046.96,Paid,0.0
TES-R14654,TES-O11200,2025-07-09,313.76,Paid,0.0
TES-R16581,TES-O6307,2025-05-01,46881.82,Paid,0.0
TES-R12062,TES-O6792,2024-07-17,,Paid,0.0
TES-R14465,TES-O5141,2023-02-27,16450.54,Paid,0.0
TES-R10713,TES-O10182,2023-03-02,52286.43,Paid,0.0
TES-R14269,TES-O8184,2023-11-06,23209.42,Refunded,0.0
TES-R14503,TES-O12430,2023-06-28,47754.14,Refunded,0.0
TES-R12300,TES-O13386,2023-10-18,1194.1,Paid,0.0
TES-R16130,TES-O6115,2023-01-23,85521.81,Paid,0.0
TES-R11400,TES-O7926,2024-05-18,11629.56,Paid,0.0
TES-R11258,TES-O12298,2023-09-13,580.95,Paid,0.0
TES-R11968,TES-O14162,2025-05-20,,Paid,41025.66
TES-R16449,TES-O8015,2023-01-08,11847.1,Paid,0.0
TES-R17965,TES-O9684,2024-05-20,47715.02,Paid,0.0
TES-R13629,TES-O5068,2024-06-18,41673.07,Pending,0.0
TES-R10248,TES-O13506,2024-04-15,1176.35,Paid,0.0
TES-R13006,TES-O14077,2024-08-18,77442.85,Paid,0.0
TES-R17480,TES-O11079,2023-11-13,45858.95,Paid,0.0
TES-R13662,TES-O9032,2025-11-01,98079.71,Paid,98079.71
TES-R10137,TES-O8554,2024-06-25,83301.5,Refunded,0.0
TES-R14952,TES-O5333,2023-10-20,19952.82,Paid,0.0
TES-R15630,TES-O12202,2025-03-01,76161.81,Paid,0.0
TES-R17298,TES-O11885,2023-12-09,10515.21,Paid,0.0
TES-R13263,TES-O6010,2025-08-05,304.14,Paid,0.0
TES-R13307,TES-O8373,2025-06-18,90619.85,Paid,90619.85
TES-R9605,TES-O5741,2024-09-10,383.88,Paid,0.0
TES-R9060,TES-O5128,2024-04-27,400.6,Paid,0.0
TES-R13142,TES-O9538,2024-12-23,59.95,Refunded,0.0
TES-R12675,TES-O10931,2025-09-15,22120.3,Paid,22120.3
TES-R12794,TES-O9794,2025-08-30,43370.08,Paid,8252.38
TES-R14482,TES-O6551,2025-09-16,92083.56,Paid,0.0
TES-R15308,TES-O12510,2025-02-02,38088.95,Paid,0.0
TES-R9618,TES-O10703,2025-07-11,45913.19,Paid,0.0
TES-R17432,TES-O7655,2025-09-08,126.46,Paid,0.0
TES-R10129,TES-O6670,2024-06-18,162.9,Refunded,0.0
TES-R12354,TES-O5523,2023-07-01,,Paid,875.7
TES-R14040,TES-O10746,2024-02-21,42255.16,Paid,0.0
TES-R15534,TES-O11133,2025-11-21,83.94,Paid,0.0
TES-R11024,TES-O8121,2023-05-05,24208.42,Paid,0.0
TES-R18602,TES-O13292,2023-01-01,20383.72,Paid,0.0
TES-R14990,TES-O6139,2024-05-20,47087.31,Refunded,0.0
TES-R11334,TES-O10546,2024-03-17,33.28,Paid,0.0
TES-R16066,TES-O10162,2024-07-09,93085.26,Paid,0.0
TES-R11785,TES-O12281,2025-05-29,104.35,Paid,0.0
TES-R10763,TES-O11258,2023-11-03,112.07,Pending,0.0
TES-R9779,TES-O8212,2025-01-11,41391.81,Paid,0.0
TES-R12553,TES-O10331,2025-10-26,18268.72,Paid,0.0
TES-R10507,TES-O6086,2025-09-04,82405.32,Paid,0.0
TES-R18207,TES-O10807,2025-07-06,325.8,Paid,0.0
TES-R11076,TES-O7620,2023-10-03,84402.25,Paid,0.0
TES-R9285,TES-O11615,2023-02-20,48964.12,Paid,0.0
TES-R14203,TES-O6263,2023-11-02,52945.64,Paid,0.0
TES-R15682,TES-O9721,2023-09-13,24041.48,Paid,0.0
TES-R15118,TES-O6830,2025-04-12,49671.06,Paid,0.0
TES-R15575,TES-O7422,2024-12-31,94475.93,Paid,0.0
TES-R10404,TES-O10418,2024-05-05,44716.34,Pending,0.0
TES-R17987,TES-O10499,2023-01-04,513.27,Paid,0.0
TES-R10536,TES-O5520,2023-10-30,52787.61,Paid,0.0
TES-R13784,TES-O11529,2024-02-07,162.92,Paid,0.0
TES-R11317,TES-O8753,2025-02-27,18604.02,Paid,0.0
TES-R17396,TES-O8563,2024-11-27,46.55,Paid,0.0
TES-R14674,TES-O5938,2024-05-02,,Pending,0.0
TES-R12660,TES-O8088,2024-08-16,46861.74,Paid,0.0
TES-R15625,TES-O10841,2024-09-06,45725.84,Paid,0.0
TES-R9538,TES-O5225,2025-03-01,9014.08,Paid,0.0
TES-R9840,TES-O10126,2023-11-07,44439.94,Paid,0.0
TES-R15124,TES-O12003,2023-09-15,1021.04,Paid,0.0
TES-R11839,TES-O12910,2024-03-17,87558.93,Paid,0.0
TES-R18274,TES-O11374,2023-01-16,23647.74,Paid,0.0
TES-R18518,TES-O10354,2025-04-23,587.04,Paid,0.0
TES-R14296,TES-O7161,2025-01-01,92575.98,Paid,0.0
TES-R15615,TES-O11921,2025-04-15,455.25,Refunded,0.0
TES-R13525,TES-O7240,2024-02-05,94205.74,Paid,0.0
TES-R13545,TES-O9519,2024-02-18,,Paid,19194.68
TES-R9026,TES-O10857,2023-10-29,53791.3,Pending,0.0
TES-R13968,TES-O8548,2023-06-19,10458.88,Paid,0.0
TES-R14220,TES-O14311,2025-07-10,889.2,Refunded,0.0
TES-R9860,TES-O7493,2025-08-28,277.99,Pending,0.0
TES-R11742,TES-O9567,2024-01-06,50791.49,Paid,50791.49
TES-R14249,TES-O11338,2024-03-23,256.52,Refunded,0.0
TES-R18374,TES-O5209,2023-07-08,208.7,Refunded,0.0
TES-R15073,TES-O11473,2024-06-19,11948.37,Paid,11948.37
TES-R14470,TES-O8674,2025-02-23,21316.17,Paid,0.0
TES-R10385,TES-O8129,2024-02-15,151.23,Paid,0.0
TES-R12715,TES-O11472,2023-03-13,91136.33,Refunded,0.0
TES-R18555,TES-O9426,2023-04-15,557.32,Refunded,0.0
TES-R17350,TES-O8377,2025-06-16,10972.32,Paid,0.0
TES-R18689,TES-O10884,2023-06-08,78807.27,Paid,78807.27
TES-R13952,TES-O6249,2023-07-10,22652.02,Paid,0.0
TES-R12672,TES-O8852,2024-03-14,267.55,Paid,0.0
TES-R13813,TES-O5060,2025-03-29,44363.08,Paid,44363.08
TES-R9357,TES-O6806,2025-05-01,653.04,Paid,0.0
TES-R9525,TES-O11884,2024-11-17,87190.33,Paid,0.0
TES-R15274,TES-O12994,2024-10-18,24.42,Paid,0.0
TES-R13124,TES-O13520,2024-10-11,15677.87,Paid,15677.87
TES-R12150,TES-O11484,2025-12-08,340.48,Paid,340.48
TES-R13448,TES-O8067,2024-11-19,11631.25,Paid,11631.25
TES-R10164,TES-O13725,2025-10-28,43207.15,Paid,43207.15
TES-R17471,TES-O7741,2023-05-17,19189.03,Paid,0.0
TES-R13148,TES-O14857,2024-04-27,,Paid,0.0
TES-R11803,TES-O12022,2025-07-01,17589.16,Paid,3794.18
TES-R14593,TES-O8123,2025-01-04,11064.9,Paid,0.0
TES-R10812,TES-O5757,2023-04-23,94503.49,Paid,0.0
TES-R18449,TES-O9582,2025-04-21,307.95,Refunded,0.0
TES-R13065,TES-O5437,2023-08-31,541.74,Paid,0.0
TES-R15685,TES-O12864,2023-09-17,112.32,Pending,0.0
TES-R9353,TES-O12230,2023-05-08,10777.78,Paid,0.0
TES-R18571,TES-O14390,2025-11-24,53119.7,Paid,0.0
TES-R13704,TES-O7855,2025-11-11,9734.78,Paid,0.0
TES-R14122,TES-O13605,2024-09-25,92553.6,Paid,0.0
TES-R15206,TES-O8668,2023-10-12,,Paid,0.0
TES-R13146,TES-O6266,2023-03-15,918.1,Paid,0.0
TES-R14781,TES-O13931,2025-07-29,11906.74,Paid,0.0
TES-R9570,TES-O9133,2024-05-24,19337.82,Paid,19337.82
TES-R13618,TES-O7975,2023-12-13,93622.69,Refunded,0.0
TES-R13256,TES-O7756,2024-04-10,10968.05,Pending,0.0
TES-R17451,TES-O8125,2024-09-08,,Paid,0.0
TES-R17802,TES-O5146,2025-01-10,49388.57,Paid,0.0
TES-R14022,TES-O11045,2025-03-23,788.05,Paid,0.0
TES-R15696,TES-O5576,2023-06-28,90126.51,Paid,0.0
TES-R18147,TES-O10008,2023-09-17,11962.99,Refunded,0.0
TES-R10003,TES-O10902,2025-12-30,44050.03,Paid,0.0
TES-R11917,TES-O7665,2024-05-16,81304.52,Paid,0.0
TES-R14106,TES-O5743,2025-06-10,38282.38,Paid,0.0
TES-R17376,TES-O11745,2025-03-27,85826.7,Paid,0.0
TES-R14855,TES-O6510,2024-08-23,84749.92,Refunded,0.0
TES-R17566,TES-O6273,2025-11-07,95296.88,Refunded,0.0
TES-R10361,TES-O9588,2023-04-08,15403.97,Paid,0.0
TES-R11542,TES-O5797,2025-03-12,552.1,Paid,0.0
TES-R17394,TES-O9667,2025-07-16,89930.07,Refunded,44613.13
TES-R12392,TES-O6198,2024-06-20,20827.1,Paid,0.0
TES-R15265,TES-O6829,2024-08-12,95395.22,Paid,0.0
TES-R16678,TES-O9084,2025-06-15,42049.38,Paid,42049.38
TES-R12400,TES-O7490,2023-04-16,216.33,Paid,0.0
TES-R15330,TES-O11594,2024-06-07,53833.24,Paid,23182.53
TES-R17329,TES-O11498,2025-03-12,472.35,Refunded,0.0
TES-R14986,TES-O12545,2024-04-17,510.48,Paid,0.0
TES-R13570,TES-O11352,2023-04-05,24108.75,Paid,0.0
TES-R16856,TES-O14132,2023-08-30,98.56,Paid,98.56
TES-R9612,TES-O13145,2025-09-17,208.67,Paid,208.67
TES-R16370,TES-O10486,2023-08-04,11953.39,Paid,2429.49
TES-R11318,TES-O6593,2025-12-14,88808.9,Paid,0.0
TES-R14699,TES-O5464,2024-02-12,21973.36,Paid,0.0
TES-R13703,TES-O9274,2025-05-04,10689.09,Paid,0.0
TES-R18507,TES-O11944,2023-03-16,38422.43,Paid,0.0
TES-R16515,TES-O14992,2024-05-24,16291.86,Paid,16291.86
TES-R18579,TES-O6662,2023-10-27,465.04,Paid,0.0
TES-R12213,TES-O9791,2024-11-24,19720.18,Paid,0.0
TES-R16373,TES-O8245,2023-09-07,20225.82,Paid,0.0
TES-R15013,TES-O13186,2024-12-05,54933.69,Refunded,0.0
TES-R14861,TES-O11930,2024-07-07,,Paid,0.0
TES-R14753,TES-O12130,2024-01-15,,Paid,0.0
TES-R14660,TES-O5441,2024-08-09,85484.36,Paid,0.0
TES-R17693,TES-O11983,2023-12-01,22536.77,Paid,0.0
TES-R11715,TES-O7982,2025-09-16,184.45,Pending,0.0
TES-R10841,TES-O10612,2025-08-03,270.3,Paid,94.57
TES-R13267,TES-O14421,2025-02-10,9605.2,Paid,9605.2
TES-R11702,TES-O10842,2024-11-19,22773.67,Paid,0.0
TES-R9453,TES-O12090,2025-10-15,79093.42,Paid,0.0
TES-R16344,TES-O9168,2025-08-13,711.64,Paid,0.0
TES-R18153,TES-O7320,2024-08-04,15704.66,Paid,0.0
TES-R18203,TES-O8909,2023-03-22,11114.31,Paid,0.0
TES-R16895,TES-O9187,2025-12-30,24499.16,Paid,5690.82
TES-R15221,TES-O6516,2024-05-17,44041.97,Refunded,0.0
TES-R9083,TES-O7179,2024-01-07,206.35,Pending,0.0
TES-R18280,TES-O11238,2024-03-17,80890.29,Paid,0.0
TES-R12746,TES-O8372,2023-09-29,48617.84,Paid,48617.84
TES-R11731,TES-O11974,2025-06-17,88215.21,Paid,0.0
TES-R15743,TES-O14824,2023-08-08,93750.27,Paid,0.0
TES-R9790,TES-O10395,2025-09-27,39615.71,Paid,0.0
TES-R16212,TES-O12753,2023-05-25,46760.67,Paid,0.0
TES-R10002,TES-O10104,2023-12-03,84651.55,Paid,0.0
TES-R16551,TES-O11297,2024-11-03,42286.23,Paid,0.0
TES-R9767,TES-O8127,2023-03-25,10270.19,Paid,0.0
TES-R15989,TES-O9194,2025-06-09,15425.1,Refunded,0.0
TES-R16182,TES-O9880,2024-08-01,45306.47,Paid,0.0
TES-R10474,TES-O9254,2023-01-28,486.28,Refunded,0.0
TES-R16400,TES-O10755,2023-08-04,20977.77,Paid,20977.77
TES-R15239,TES-O10025,2024-01-04,208.2,Paid,0.0
TES-R13666,TES-O11725,2025-04-23,22505.15,Pending,0.0
TES-R11254,TES-O14190,2025-04-18,1058.4,Paid,0.0
TES-R11293,TES-O6649,2025-12-11,52300.2,Paid,0.0
TES-R15002,TES-O13379,2025-04-01,54022.03,Paid,54022.03
TES-R17425,TES-O8167,2024-10-17,85845.9,Paid,0.0
TES-R15358,TES-O5787,2023-12-10,55.29,Paid,0.0
TES-R15435,TES-O11104,2023-08-02,44471.78,Paid,0.0
TES-R16034,TES-O10979,2023-07-20,,Paid,0.0
TES-R15432,TES-O6938,2025-12-05,10552.65,Paid,0.0
TES-R12879,TES-O6000,2025-04-19,,Refunded,0.0
TES-R13939,TES-O12223,2023-03-18,9921.76,Paid,0.0
TES-R10681,TES-O8742,2023-02-28,84229.59,Paid,0.0
TES-R9257,TES-O11229,2024-07-07,567.0,Pending,0.0
TES-R15351,TES-O6065,2023-08-25,77518.4,Paid,77518.4
TES-R9565,TES-O10547,2023-12-26,9959.32,Paid,0.0
TES-R17972,TES-O12118,2025-01-11,,Paid,0.0
TES-R10431,TES-O13947,2023-11-20,41605.84,Paid,41605.84
TES-R15635,TES-O11941,2025-02-08,730.9,Paid,730.9
TES-R16561,TES-O9641,2024-01-22,483.4,Paid,0.0
TES-R9625,TES-O5096,2024-08-24,49314.3,Paid,0.0
TES-R17477,TES-O13065,2025-10-10,44737.79,Paid,0.0
TES-R18665,TES-O7326,2024-09-29,70.58,Paid,0.0
TES-R18598,TES-O5533,2025-06-16,97965.8,Paid,0.0
TES-R13762,TES-O5522,2025-03-31,94633.8,Paid,0.0
TES-R18475,TES-O9068,2024-10-15,46902.48,Paid,0.0
TES-R13776,TES-O6794,2023-12-04,81849.95,Paid,0.0
TES-R15456,TES-O8494,2024-12-05,43531.49,Paid,0.0
TES-R18624,TES-O9798,2023-08-09,,Paid,0.0
TES-R17223,TES-O9279,2025-03-12,94567.11,Paid,94567.11
TES-R10921,TES-O5793,2025-06-30,24324.33,Paid,0.0
TES-R16866,TES-O9934,2023-07-30,134.1,Pending,0.0
TES-R15947,TES-O9675,2025-11-21,52679.12,Paid,52679.12
TES-R16065,TES-O5528,2024-07-18,45866.57,Paid,0.0
TES-R12337,TES-O10852,2024-10-25,754.9,Paid,0.0
TES-R15732,TES-O14658,2025-02-12,117.88,Paid,0.0
TES-R12144,TES-O5527,2024-08-02,60.37,Paid,0.0
TES-R16348,TES-O6380,2025-11-09,44996.97,Paid,0.0
TES-R17966,TES-O6042,2025-03-08,90578.89,Refunded,0.0
TES-R12723,TES-O11500,2023-08-07,11089.19,Pending,0.0
TES-R11070,TES-O5541,2024-04-05,11499.38,Paid,0.0
TES-R17964,TES-O13422,2023-06-15,308.8,Paid,0.0
TES-R12751,TES-O13814,2024-01-24,87745.0,Paid,0.0
TES-R10005,TES-O14957,2023-08-26,129.59,Paid,129.59
TES-R15355,TES-O8713,2025-01-25,11329.01,Paid,0.0
TES-R12314,TES-O5660,2025-12-12,54991.4,Paid,0.0
TES-R16109,TES-O10490,2024-06-09,38110.01,Paid,0.0
TES-R17514,TES-O6717,2023-07-22,54070.77,Paid,54070.77
TES-R10782,TES-O11956,2023-04-24,410.0,Refunded,0.0
TES-R16383,TES-O14567,2025-08-06,104.2,Paid,0.0
TES-R12749,TES-O9204,2023-09-19,45850.04,Paid,0.0
TES-R14356,TES-O5862,2024-04-20,62.29,Paid,0.0
TES-R16789,TES-O9782,2025-08-16,11155.74,Refunded,0.0
TES-R11281,TES-O7331,2025-07-22,82701.97,Paid,82701.97
TES-R18206,TES-O6554,2025-08-29,88947.51,Paid,0.0
TES-R14258,TES-O10766,2023-11-19,43019.29,Paid,0.0
TES-R10631,TES-O5822,2025-02-06,9058.42,Paid,0.0
TES-R13028,TES-O6245,2023-08-05,22727.08,Paid,0.0
TES-R10929,TES-O6432,2024-07-06,17173.27,Pending,0.0
TES-R10687,TES-O5295,2024-02-08,97025.25,Paid,0.0
TES-R17778,TES-O5496,2023-10-22,16841.82,Paid,0.0
TES-R10674,TES-O11522,2025-09-26,45246.95,Paid,0.0
TES-R15920,TES-O11933,2025-10-09,831.5,Paid,0.0
TES-R10177,TES-O6171,2025-02-12,512.88,Pending,0.0
TES-R14831,TES-O8286,2024-10-28,9744.53,Paid,0.0
TES-R15474,TES-O7808,2023-07-10,92340.92,Paid,0.0
TES-R9931,TES-O10815,2025-08-13,370.56,Paid,370.56
TES-R12181,TES-O10329,2023-01-16,468.96,Paid,0.0
TES-R18129,TES-O10717,2025-10-31,11236.71,Paid,0.0
TES-R11746,TES-O13301,2025-06-05,46999.39,Paid,0.0
TES-R13348,TES-O9407,2024-07-04,94258.95,Pending,0.0
TES-R14196,TES-O9039,2024-04-01,11718.47,Paid,0.0
TES-R11047,TES-O9015,2025-02-04,85365.07,Paid,0.0
TES-R9134,TES-O9033,2025-12-12,53803.61,Paid,0.0
TES-R13838,TES-O11291,2025-03-22,98902.43,Refunded,0.0
TES-R11052,TES-O12437,2024-11-02,50325.59,Refunded,0.0
TES-R13144,TES-O10591,2025-11-02,42394.29,Pending,19775.23
TES-R10743,TES-O11005,2024-02-14,93467.03,Paid,93467.03
TES-R17315,TES-O14228,2024-08-18,245.55,Paid,0.0
TES-R12403,TES-O7900,2025-08-26,90023.03,Pending,0.0
TES-R18481,TES-O11649,2024-01-02,80675.87,Pending,0.0
TES-R11807,TES-O11191,2025-09-04,40774.48,Paid,0.0
TES-R9449,TES-O10846,2023-11-06,323.46,Paid,0.0
TES-R18227,TES-O12855,2023-04-18,85066.48,Refunded,0.0
TES-R14358,TES-O11675,2023-06-12,11788.96,Paid,0.0
TES-R13150,TES-O14405,2024-09-18,82223.37,Paid,0.0
TES-R16405,TES-O8636,2025-07-09,21081.72,Paid,0.0
TES-R12914,TES-O6478,2025-10-01,861.88,Paid,0.0
TES-R14801,TES-O5101,2023-01-15,224.3,Paid,0.0
TES-R15107,TES-O7255,2024-11-03,64.08,Refunded,0.0
TES-R13914,TES-O5899,2024-05-15,249.84,Refunded,0.0
TES-R17859,TES-O14543,2024-03-27,643.1,Paid,0.0
TES-R17120,TES-O12821,2024-09-17,118.08,Paid,0.0
TES-R15951,TES-O12435,2023-02-28,47142.31,Paid,16485.09
TES-R13754,TES-O5591,2025-05-16,54358.27,Pending,0.0
TES-R18205,TES-O10380,2025-01-01,38006.88,Paid,0.0
TES-R12737,TES-O9244,2025-03-05,15615.35,Paid,0.0
TES-R13823,TES-O7306,2023-02-01,9049.24,Paid,0.0
TES-R16601,TES-O10461,2023-07-05,95759.17,Refunded,0.0
TES-R15680,TES-O14356,2025-06-18,18789.11,Paid,18789.11
TES-R11810,TES-O11535,2024-06-30,43061.75,Refunded,0.0
TES-R13017,TES-O11658,2025-04-16,47689.05,Refunded,0.0
TES-R14560,TES-O8491,2025-01-19,48481.02,Paid,48481.02
TES-R15165,TES-O5458,2025-10-22,103.0,Refunded,0.0
TES-R14406,TES-O11807,2023-05-21,46500.2,Refunded,0.0
TES-R12554,TES-O12961,2024-03-02,82345.39,Paid,0.0
TES-R10947,TES-O6008,2023-04-16,83287.78,Refunded,0.0
TES-R11553,TES-O8496,2023-06-13,440.46,Paid,0.0
TES-R14651,TES-O8784,2023-11-16,,Pending,0.0
TES-R17893,TES-O5092,2024-12-08,263.28,Paid,0.0
TES-R12577,TES-O13722,2025-06-17,10836.35,Pending,0.0
TES-R18530,TES-O14137,2023-12-10,17275.29,Paid,0.0
TES-R10712,TES-O5735,2025-08-31,239.7,Paid,0.0
TES-R11424,TES-O11086,2024-12-08,17834.91,Paid,17834.91
TES-R15260,TES-O10742,2024-05-04,75893.1,Paid,24844.41
TES-R14685,TES-O12397,2025-08-22,42403.52,Paid,0.0
TES-R10138,TES-O6465,2024-11-30,9622.01,Paid,9622.01
TES-R11564,TES-O10158,2024-05-15,92886.85,Paid,0.0
TES-R14400,TES-O11455,2024-11-05,96309.53,Paid,0.0
TES-R17622,TES-O10576,2024-08-14,81961.08,Paid,0.0
TES-R17719,TES-O8240,2025-01-23,9629.74,Paid,0.0
TES-R10915,TES-O6386,2023-11-28,,Refunded,0.0
TES-R12618,TES-O5010,2025-09-28,22328.86,Paid,0.0
TES-R14737,TES-O5550,2024-12-02,19132.43,Paid,0.0
TES-R13753,TES-O8288,2024-01-11,19790.22,Paid,0.0
TES-R10987,TES-O11932,2023-05-18,92928.88,Paid,0.0
TES-R9547,TES-O10180,2025-04-11,89442.07,Paid,0.0
TES-R16743,TES-O8878,2023-10-23,77652.9,Paid,0.0
TES-R15363,TES-O6100,2023-11-25,419.25,Paid,419.25
TES-R15180,TES-O5501,2023-01-13,9536.2,Paid,0.0
TES-R11061,TES-O5350,2025-04-20,42927.18,Paid,0.0
TES-R18357,TES-O11006,2024-07-21,51029.63,Paid,0.0
TES-R10386,TES-O10947,2025-07-11,45638.37,Paid,0.0
TES-R9167,TES-O5276,2023-04-23,118.38,Paid,0.0
TES-R15202,TES-O11570,2024-09-01,38.85,Paid,0.0
TES-R14174,TES-O12680,2024-03-26,19524.55,Paid,0.0
TES-R14607,TES-O6903,2024-08-28,23630.89,Paid,0.0
TES-R17170,TES-O14628,2024-11-01,389.74,Paid,389.74
TES-R11089,TES-O11576,2023-07-30,44545.12,Paid,11356.46
TES-R12248,TES-O7786,2023-09-10,11896.45,Paid,0.0
TES-R14321,TES-O6167,2025-10-23,163.2,Paid,163.2
TES-R10847,TES-O10988,2024-09-08,10751.55,Refunded,0.0
TES-R9985,TES-O10878,2024-07-07,182.6,Paid,46.36
TES-R12051,TES-O5874,2024-07-05,11705.12,Paid,0.0
TES-R18047,TES-O6353,2025-10-03,93267.39,Refunded,0.0
TES-R10824,TES-O6318,2024-10-18,50732.16,Paid,0.0
TES-R12908,TES-O7116,2025-07-12,15651.69,Paid,0.0
TES-R17811,TES-O13871,2025-11-27,86452.89,Paid,0.0
TES-R14960,TES-O7043,2025-01-08,10757.67,Refunded,0.0
TES-R17143,TES-O14662,2025-08-08,93047.19,Paid,0.0
TES-R11623,TES-O9179,2025-12-06,40678.16,Paid,40678.16
TES-R12539,TES-O7739,2023-09-07,188.36,Paid,188.36
TES-R15303,TES-O13554,2025-12-01,47748.15,Paid,0.0
TES-R18607,TES-O5175,2023-09-09,44188.33,Refunded,14240.52
TES-R16819,TES-O7046,2025-04-10,9188.72,Paid,0.0
TES-R18217,TES-O8658,2024-07-03,85003.51,Refunded,0.0
TES-R17389,TES-O9512,2023-08-13,47262.23,Paid,47262.23
TES-R12490,TES-O6057,2025-06-25,53188.48,Paid,0.0
TES-R13051,TES-O5469,2025-12-08,49.36,Paid,0.0
TES-R12393,TES-O7921,2024-01-15,11223.23,Paid,11223.23
TES-R9231,TES-O10065,2024-01-14,49895.71,Paid,0.0
TES-R13520,TES-O14897,2024-03-28,81576.08,Refunded,0.0
TES-R10479,TES-O7804,2023-08-25,11579.13,Paid,0.0
TES-R11215,TES-O10869,2023-11-05,86407.11,Paid,0.0
TES-R14216,TES-O14826,2025-08-11,84062.01,Paid,0.0
TES-R17103,TES-O5584,2024-01-08,52716.68,Paid,0.0
TES-R14124,TES-O13246,2024-06-22,755.28,Pending,0.0
TES-R17991,TES-O12035,2023-04-03,816.0,Paid,0.0
TES-R11517,TES-O10062,2023-08-15,276.28,Paid,276.28
TES-R13162,TES-O14674,2025-04-21,11511.66,Paid,0.0
TES-R18566,TES-O6150,2025-10-16,736.76,Paid,0.0
TES-R18020,TES-O11715,2024-11-15,842.37,Paid,0.0
TES-R10401,TES-O11364,2023-01-10,82916.63,Paid,0.0
TES-R17561,TES-O12834,2023-12-20,55.26,Paid,0.0
TES-R15962,TES-O14535,2024-06-04,81504.63,Pending,0.0
TES-R9544,TES-O14019,2024-10-30,89413.72,Paid,0.0
TES-R9050,TES-O12613,2023-10-10,586.2,Paid,586.2
TES-R16286,TES-O6166,2025-02-23,17315.29,Paid,17315.29
TES-R16154,TES-O12846,2023-09-16,51613.31,Paid,0.0
TES-R10133,TES-O5244,2025-06-16,45939.82,Paid,0.0
TES-R9541,TES-O13047,2024-03-22,47926.29,Paid,0.0
TES-R13050,TES-O14504,2025-05-10,39650.41,Paid,39650.41
TES-R17579,TES-O9957,2024-09-20,82431.98,Refunded,0.0
TES-R17225,TES-O8299,2023-09-07,234.06,Paid,0.0
TES-R9098,TES-O6946,2024-05-24,847.8,Paid,0.0
TES-R16869,TES-O8077,2024-12-10,97.44,Paid,0.0
TES-R9288,TES-O10882,2025-08-31,96478.56,Paid,0.0
TES-R14808,TES-O8064,2024-06-17,44760.9,Paid,0.0
TES-R9735,TES-O7144,2024-01-07,83856.25,Refunded,0.0
TES-R9836,TES-O10243,2024-08-29,94007.54,Paid,94007.54
TES-R10349,TES-O14590,2025-10-03,80102.41,Paid,0.0
TES-R16299,TES-O6824,2025-11-04,89416.54,Paid,89416.54
TES-R11560,TES-O14362,2024-03-28,111.82,Paid,0.0
TES-R18615,TES-O10206,2025-03-21,91075.72,Pending,0.0
TES-R9062,TES-O5943,2024-07-02,94.56,Paid,0.0
TES-R17653,TES-O13128,2025-01-16,24965.08,Paid,0.0
TES-R16393,TES-O13266,2024-05-13,208.17,Paid,0.0
TES-R9320,TES-O10563,2023-03-01,45809.0,Paid,0.0
TES-R15587,TES-O10095,2024-09-30,9078.16,Paid,0.0
TES-R14770,TES-O9166,2025-12-31,9155.86,Paid,9155.86
TES-R14430,TES-O8517,2024-04-10,80449.32,Paid,0.0
TES-R18683,TES-O8832,2025-12-06,46297.39,Refunded,0.0
TES-R15892,TES-O13518,2025-08-18,132.02,Pending,0.0
TES-R14670,TES-O5448,2023-02-08,45469.34,Refunded,0.0
TES-R17341,TES-O13444,2023-09-29,94817.18,Paid,0.0
TES-R14908,TES-O14455,2023-07-25,52628.27,Refunded,0.0
TES-R17787,TES-O6890,2024-12-28,88526.33,Paid,0.0
TES-R12412,TES-O8353,2025-07-29,88844.33,Paid,0.0
TES-R18505,TES-O6017,2024-12-16,87065.84,Paid,87065.84
TES-R11642,TES-O6291,2024-01-21,47477.54,Paid,47477.54
TES-R12384,TES-O8579,2025-01-22,85022.86,Paid,0.0
TES-R12030,TES-O11062,2024-05-05,11472.51,Paid,0.0
TES-R15280,TES-O6221,2023-08-01,75682.68,Paid,0.0
TES-R15960,TES-O5905,2024-06-28,99712.8,Paid,0.0
TES-R13709,TES-O5635,2024-06-07,788.67,Paid,0.0
TES-R12336,TES-O8405,2023-02-08,76355.1,Paid,0.0
TES-R11316,TES-O7277,2023-09-06,10610.73,Paid,0.0
TES-R9899,TES-O7585,2023-03-18,45867.35,Paid,0.0
TES-R12309,TES-O6301,2024-05-01,51582.16,Paid,51582.16
TES-R16670,TES-O5487,2023-05-05,45.25,Paid,45.25
TES-R18136,TES-O14101,2025-02-18,138.09,Paid,0.0
TES-R14630,TES-O7810,2024-09-07,51768.44,Paid,0.0
TES-R11893,TES-O6342,2023-01-16,22787.06,Paid,0.0
TES-R15765,TES-O8982,2025-08-06,47986.86,Paid,0.0
TES-R9186,TES-O7529,2025-05-22,183.08,Refunded,0.0
TES-R18383,TES-O13117,2025-02-12,47586.3,Paid,47586.3
TES-R18477,TES-O12345,2023-09-28,43089.31,Paid,0.0
TES-R14387,TES-O8314,2025-10-29,53606.69,Paid,0.0
TES-R13231,TES-O7537,2025-04-05,91986.15,Paid,91986.15
TES-R10317,TES-O13015,2025-11-24,98426.5,Refunded,0.0
TES-R17555,TES-O6518,2024-06-05,11931.29,Pending,0.0
TES-R14934,TES-O5991,2024-03-20,44235.47,Paid,0.0
TES-R9348,TES-O10811,2024-11-09,888.42,Paid,888.42
TES-R15984,TES-O7408,2023-07-08,99064.82,Paid,0.0
TES-R17418,TES-O9732,2024-03-20,15369.64,Paid,15369.64
TES-R10986,TES-O5194,2024-07-17,545.0,Refunded,0.0
TES-R13807,TES-O6327,2023-10-15,50800.41,Refunded,0.0
TES-R13299,TES-O9573,2023-05-23,42164.09,Paid,0.0
TES-R14746,TES-O12196,2025-11-02,40870.42,Paid,0.0
TES-R16724,TES-O7211,2024-10-03,18302.9,Paid,0.0
TES-R18273,TES-O14290,2024-07-13,39075.61,Paid,0.0
TES-R14050,TES-O12707,2024-02-04,88211.66,Refunded,0.0
TES-R18289,TES-O10712,2025-06-30,92751.19,Paid,92751.19
TES-R11029,TES-O8570,2025-05-15,90814.63,Paid,90814.63
TES-R9169,TES-O9509,2023-06-02,9721.93,Paid,0.0
TES-R10259,TES-O13767,2025-04-09,53931.23,Refunded,0.0
TES-R12174,TES-O7616,2023-03-01,79175.97,Paid,37266.66
TES-R11409,TES-O9440,2023-03-04,9464.46,Paid,9464.46
TES-R18329,TES-O13440,2024-06-27,45852.75,Paid,0.0
TES-R12616,TES-O14168,2023-03-11,23104.68,Paid,0.0
TES-R16266,TES-O5721,2025-05-09,10951.88,Paid,5191.52
TES-R16999,TES-O13031,2024-06-05,24050.58,Paid,0.0
TES-R13089,TES-O9131,2025-02-18,80315.88,Paid,0.0
TES-R9422,TES-O10320,2025-12-15,11765.72,Paid,0.0
TES-R17506,TES-O9563,2025-06-13,9861.86,Paid,0.0
TES-R11111,TES-O9198,2024-06-24,22838.39,Paid,0.0
TES-R13642,TES-O13205,2025-09-03,46969.99,Paid,0.0
TES-R10426,TES-O13745,2024-10-19,18.84,Paid,0.0
TES-R13039,TES-O9510,2025-01-04,51395.84,Paid,51395.84
TES-R17453,TES-O5705,2023-12-25,21267.5,Paid,0.0
TES-R18474,TES-O13210,2023-07-09,11433.39,Paid,0.0
TES-R9350,TES-O7133,2023-11-06,786.36,Paid,0.0
TES-R9515,TES-O10086,2023-09-07,282.57,Refunded,0.0
TES-R16318,TES-O5080,2025-06-03,48811.11,Paid,0.0
TES-R15995,TES-O6127,2025-11-02,10790.28,Refunded,0.0
TES-R13930,TES-O12139,2023-01-30,42434.16,Paid,0.0
TES-R14742,TES-O10287,2025-08-28,9091.79,Paid,0.0
TES-R18126,TES-O10632,2025-02-24,90199.86,Paid,0.0
TES-R18054,TES-O12757,2023-10-20,18647.78,Paid,0.0
TES-R15236,TES-O11948,2023-06-28,18884.95,Paid,0.0
TES-R18044,TES-O10102,2024-10-26,,Refunded,0.0
TES-R10088,TES-O12018,2024-09-06,43630.02,Paid,43630.02
TES-R12788,TES-O9805,2023-10-27,46340.51,Paid,46340.51
TES-R9666,TES-O9627,2024-07-21,205.34,Paid,0.0
TES-R13322,TES-O5611,2024-07-15,92646.57,Pending,0.0
TES-R18250,TES-O7632,2024-03-05,43875.04,Paid,0.0
TES-R9225,TES-O9424,2023-02-27,11650.58,Paid,11650.58
TES-R18071,TES-O9959,2024-01-03,11017.09,Paid,0.0
TES-R13151,TES-O13753,2024-08-28,82702.08,Paid,82702.08
TES-R10007,TES-O11643,2024-06-24,88002.98,Paid,0.0
TES-R18133,TES-O7209,2025-12-18,,Paid,0.0
TES-R12090,TES-O6265,2024-12-24,46332.81,Paid,0.0
TES-R9939,TES-O5515,2024-11-02,91254.86,Paid,0.0
TES-R17048,TES-O9615,2025-07-26,88596.92,Paid,0.0
TES-R17901,TES-O7400,2024-08-18,39471.77,Paid,0.0
TES-R9396,TES-O10560,2025-02-01,85093.47,Paid,85093.47
TES-R9294,TES-O14914,2023-11-03,,Paid,0.0
TES-R11080,TES-O10077,2025-07-08,17801.79,Paid,6054.08
TES-R10206,TES-O10670,2024-04-29,39985.93,Paid,0.0
TES-R14548,TES-O8223,2025-03-21,99629.97,Paid,99629.97
TES-R15487,TES-O8903,2024-07-29,98461.13,Paid,0.0
TES-R10017,TES-O11814,2024-08-05,50150.84,Paid,0.0
TES-R11474,TES-O6863,2025-07-18,15512.48,Paid,0.0
TES-R18539,TES-O13120,2025-10-31,20934.69,Paid,0.0
TES-R9331,TES-O8341,2023-12-17,128.26,Paid,0.0
TES-R17060,TES-O7621,2023-09-07,132.2,Paid,0.0
TES-R17530,TES-O5881,2025-03-13,552.9,Paid,0.0
TES-R10827,TES-O12036,2024-06-23,85824.53,Paid,0.0
TES-R15451,TES-O13614,2023-09-06,240.5,Paid,0.0
TES-R15714,TES-O7134,2023-04-29,640.25,Paid,640.25
TES-R10800,TES-O7111,2024-05-06,38410.88,Paid,0.0
TES-R10517,TES-O7560,2024-06-11,45232.04,Paid,45232.04
TES-R10708,TES-O8919,2025-02-26,83257.17,Paid,0.0
TES-R18060,TES-O10070,2024-05-19,38958.09,Paid,38958.09
TES-R12495,TES-O7795,2025-12-03,292.98,Paid,0.0
TES-R16121,TES-O7525,2025-08-20,97.51,Refunded,20.24
TES-R13014,TES-O12720,2024-11-15,51727.74,Paid,51727.74
TES-R13045,TES-O13303,2024-12-11,,Paid,0.0
TES-R11833,TES-O14779,2023-07-25,81387.31,Paid,0.0
TES-R12120,TES-O12252,2025-02-12,79847.33,Paid,79847.33
TES-R15199,TES-O6207,2025-09-25,10745.49,Paid,0.0
TES-R17303,TES-O14670,2024-03-10,87612.45,Paid,0.0
TES-R11571,TES-O12734,2025-10-15,92811.16,Refunded,35552.36
TES-R13733,TES-O8522,2025-11-15,10771.22,Paid,10771.22
TES-R12134,TES-O10706,2024-02-16,80864.0,Refunded,0.0
TES-R15742,TES-O14967,2025-09-20,80768.4,Pending,0.0
TES-R9850,TES-O11208,2023-05-27,9775.77,Paid,0.0
TES-R10886,TES-O9915,2025-09-06,87397.02,Paid,0.0
TES-R14967,TES-O9458,2024-09-10,428.28,Paid,0.0
TES-R11530,TES-O5956,2023-04-27,22212.96,Paid,0.0
TES-R11197,TES-O11002,2025-07-20,87146.45,Refunded,0.0
TES-R17819,TES-O13530,2024-03-20,43912.22,Paid,0.0
TES-R14989,TES-O11866,2023-05-08,47594.1,Paid,0.0
TES-R10999,TES-O5215,2025-12-31,83595.0,Paid,83595.0
TES-R9229,TES-O10092,2023-06-19,40076.7,Paid,0.0
TES-R14650,TES-O5488,2023-01-17,81920.77,Paid,0.0
TES-R11288,TES-O11453,2024-10-19,90614.51,Paid,0.0
TES-R13500,TES-O7766,2023-12-02,1154.44,Paid,0.0
TES-R10076,TES-O9025,2024-02-23,39969.98,Paid,0.0
TES-R11240,TES-O7627,2023-05-14,18550.01,Paid,0.0
TES-R10892,TES-O14146,2023-10-16,291.46,Paid,0.0
TES-R12498,TES-O14774,2023-11-12,49818.28,Paid,0.0
TES-R16414,TES-O11911,2025-02-25,84523.86,Refunded,0.0
TES-R12368,TES-O12257,2024-08-16,46272.07,Paid,0.0
TES-R16457,TES-O7778,2024-04-07,10582.64,Paid,0.0
TES-R17291,TES-O12384,2025-09-08,178.64,Paid,0.0
TES-R11816,TES-O7743,2024-03-12,44069.92,Paid,0.0
TES-R9005,TES-O9612,2024-09-20,41467.2,Paid,0.0
TES-R17266,TES-O6795,2024-05-07,51776.08,Paid,0.0
TES-R14559,TES-O5144,2024-07-03,81955.14,Refunded,0.0
TES-R15411,TES-O12378,2024-07-13,21699.39,Paid,21699.39
TES-R13826,TES-O12673,2025-01-13,176.36,Paid,0.0
TES-R12257,TES-O14935,2023-01-22,116.36,Paid,0.0
TES-R14048,TES-O12962,2025-02-01,97520.02,Refunded,0.0
TES-R12805,TES-O5341,2024-10-12,43922.75,Paid,0.0
TES-R14921,TES-O12716,2023-02-02,48149.79,Paid,0.0
TES-R16990,TES-O11836,2024-02-17,52726.82,Refunded,0.0
TES-R15885,TES-O7075,2023-10-01,173.35,Paid,173.35
TES-R15987,TES-O9382,2024-07-05,841.25,Paid,0.0
TES-R10131,TES-O6690,2023-11-06,81462.88,Paid,0.0
TES-R11523,TES-O8945,2023-04-04,313.36,Paid,313.36
TES-R9533,TES-O10411,2025-11-06,18939.34,Paid,0.0
TES-R10952,TES-O9252,2025-09-29,407.76,Paid,0.0
TES-R17526,TES-O11642,2023-01-17,77168.38,Refunded,0.0
TES-R15702,TES-O12350,2024-01-15,44339.93,Paid,0.0
TES-R11970,TES-O8389,2025-02-12,16561.28,Refunded,0.0
TES-R17203,TES-O11316,2025-02-10,47384.75,Paid,0.0
TES-R18527,TES-O8007,2024-07-31,307.28,Paid,0.0
TES-R14397,TES-O7352,2023-09-12,91399.74,Paid,0.0
TES-R11784,TES-O13235,2025-06-02,242.05,Paid,0.0
TES-R10939,TES-O7112,2025-03-26,86.18,Paid,0.0
TES-R18656,TES-O12026,2024-06-28,94159.27,Paid,0.0
TES-R15343,TES-O14804,2024-06-11,40004.48,Paid,40004.48
TES-R16681,TES-O8434,2024-06-27,43263.32,Refunded,0.0
TES-R18340,TES-O9147,2025-06-30,10308.73,Paid,0.0
TES-R15215,TES-O12085,2025-07-29,538.64,Paid,205.37
TES-R9135,TES-O14708,2023-03-13,17098.86,Paid,0.0
TES-R17744,TES-O13635,2024-06-05,51848.25,Paid,7409.2
TES-R9497,TES-O6430,2023-11-21,11454.68,Paid,0.0
TES-R10122,TES-O8854,2023-04-12,405.99,Paid,0.0
TES-R9200,TES-O7204,2025-12-07,587.46,Paid,0.0
TES-R12929,TES-O12996,2024-05-25,40665.49,Paid,0.0
TES-R18219,TES-O5964,2023-02-09,84444.61,Refunded,0.0
TES-R10717,TES-O12787,2023-06-04,767.2,Paid,0.0
TES-R17057,TES-O12464,2023-07-26,11394.81,Refunded,0.0
TES-R11163,TES-O10584,2025-02-12,10190.16,Paid,10190.16
TES-R11635,TES-O6424,2025-11-26,44930.45,Paid,0.0
TES-R14241,TES-O6136,2024-01-10,10541.01,Paid,0.0
TES-R9332,TES-O13084,2024-05-30,49596.86,Pending,0.0
TES-R9774,TES-O11003,2024-05-04,92129.78,Paid,92129.78
TES-R14101,TES-O9329,2023-10-09,477.7,Refunded,0.0
TES-R16459,TES-O6924,2023-06-28,97998.51,Paid,0.0
TES-R18244,TES-O13744,2024-12-19,24037.68,Paid,0.0
TES-R17466,TES-O9223,2023-01-02,11364.32,Refunded,0.0
TES-R18592,TES-O9970,2025-07-10,11427.03,Paid,0.0
TES-R9052,TES-O13495,2025-08-06,,Paid,0.0
TES-R13611,TES-O11027,2023-10-02,89167.96,Refunded,0.0
TES-R11510,TES-O12523,2024-06-25,50120.19,Paid,50120.19
TES-R11654,TES-O10023,2023-08-22,53963.15,Paid,0.0
TES-R11536,TES-O10420,2024-08-27,,Paid,0.0
TES-R11486,TES-O5930,2023-01-18,337.58,Paid,0.0
TES-R11922,TES-O13866,2023-10-26,332.88,Paid,0.0
TES-R9216,TES-O13629,2025-06-23,24771.49,Paid,0.0
TES-R15974,TES-O10220,2024-08-24,38591.07,Paid,0.0
TES-R18281,TES-O5197,2025-07-03,23091.52,Paid,0.0
TES-R12170,TES-O7799,2024-11-18,91625.14,Paid,0.0
TES-R14577,TES-O10163,2023-11-23,96.22,Paid,0.0
TES-R17952,TES-O12888,2025-02-08,610.9,Paid,0.0
TES-R18416,TES-O6721,2024-09-12,10900.57,Paid,0.0
TES-R16037,TES-O13498,2024-07-27,708.88,Paid,0.0
TES-R12586,TES-O5108,2024-04-19,413.12,Paid,0.0
TES-R14866,TES-O11909,2025-10-16,10359.91,Pending,0.0
TES-R11452,TES-O13378,2025-12-18,10740.23,Paid,0.0
TES-R11086,TES-O11332,2023-12-09,102.58,Paid,0.0
TES-R17508,TES-O6230,2023-10-18,168.56,Paid,0.0
TES-R13159,TES-O7257,2023-06-01,384.34,Paid,0.0
TES-R15154,TES-O11582,2023-11-23,293.46,Refunded,0.0
TES-R13825,TES-O9115,2025-09-22,84614.92,Paid,0.0
TES-R10589,TES-O9418,2023-11-28,22.36,Paid,0.0
TES-R16495,TES-O13779,2025-04-30,11204.68,Paid,0.0
TES-R14229,TES-O12316,2025-08-04,210.8,Paid,0.0
TES-R10460,TES-O10673,2023-03-09,88908.74,Paid,0.0
TES-R11196,TES-O6603,2023-08-10,126.12,Paid,0.0
TES-R11483,TES-O11749,2024-12-13,111.68,Paid,0.0
TES-R12304,TES-O7689,2024-02-15,82457.78,Paid,82457.78
TES-R14628,TES-O10055,2025-10-11,91728.2,Paid,0.0
TES-R16488,TES-O6151,2023-02-28,,Paid,0.0
TES-R9452,TES-O10599,2025-10-23,50280.41,Paid,0.0
TES-R16744,TES-O6831,2025-01-13,19641.25,Paid,19641.25
TES-R13078,TES-O5316,2024-12-21,48035.66,Refunded,0.0
TES-R17608,TES-O14000,2025-09-09,631.85,Paid,0.0
TES-R12878,TES-O8030,2025-06-18,444.62,Paid,0.0
TES-R14786,TES-O13639,2024-06-30,15377.42,Paid,3734.89
TES-R14125,TES-O9631,2023-01-10,42818.56,Paid,42818.56
TES-R15671,TES-O5230,2024-02-08,88907.22,Paid,88907.22
TES-R11291,TES-O11052,2023-04-22,24282.47,Paid,0.0
TES-R13602,TES-O8219,2023-03-10,15863.21,Paid,0.0
TES-R16502,TES-O10890,2025-02-07,18.2,Paid,0.0
TES-R17982,TES-O14593,2025-08-13,62.5,Paid,0.0
TES-R12320,TES-O11411,2024-06-17,17747.27,Refunded,0.0
TES-R16535,TES-O9851,2025-11-25,48095.12,Paid,48095.12
TES-R18100,TES-O13709,2024-01-14,54201.2,Paid,54201.2
TES-R17627,TES-O7455,2025-06-30,94225.54,Paid,0.0
TES-R16768,TES-O5759,2024-06-08,92399.16,Pending,0.0
TES-R9754,TES-O7695,2024-06-27,22493.26,Paid,0.0
TES-R14873,TES-O12215,2023-06-13,52634.0,Paid,0.0
TES-R12089,TES-O10966,2024-01-05,82543.42,Refunded,0.0
TES-R10774,TES-O5934,2023-02-27,96992.39,Refunded,0.0
TES-R16316,TES-O14555,2025-04-14,76520.87,Paid,76520.87
TES-R17949,TES-O6298,2025-11-19,9839.66,Paid,0.0
TES-R15600,TES-O9867,2023-04-27,95166.11,Paid,0.0
TES-R15642,TES-O11330,2024-08-06,393.75,Paid,393.75
TES-R17606,TES-O11384,2024-01-13,886.4,Pending,0.0
TES-R15295,TES-O10132,2023-12-06,42074.35,Paid,42074.35
TES-R17129,TES-O6132,2024-11-14,47533.55,Paid,47533.55
TES-R14044,TES-O9971,2025-12-05,92630.05,Paid,0.0
TES-R17156,TES-O8195,2023-04-02,10530.93,Paid,0.0
TES-R14023,TES-O8873,2023-06-27,241.7,Refunded,0.0
TES-R18652,TES-O8931,2023-11-24,52589.22,Paid,0.0
TES-R16418,TES-O14825,2024-02-27,,Pending,0.0
TES-R16079,TES-O9967,2023-11-18,45543.4,Refunded,0.0
TES-R16402,TES-O10636,2025-01-22,444.25,Paid,0.0
TES-R10250,TES-O5414,2025-12-25,47645.35,Paid,0.0
TES-R11384,TES-O10451,2024-03-13,490.2,Paid,0.0
TES-R13291,TES-O14444,2025-05-24,51650.85,Paid,0.0
TES-R17629,TES-O10125,2024-12-01,108.86,Paid,0.0
TES-R13568,TES-O11721,2025-07-02,40870.2,Pending,0.0
TES-R11938,TES-O10865,2023-08-08,11554.39,Paid,11554.39
TES-R12579,TES-O9400,2023-12-27,94.29,Paid,0.0
TES-R15651,TES-O7942,2025-03-19,277.75,Paid,0.0
TES-R12419,TES-O12335,2025-07-31,10474.23,Pending,0.0
TES-R18614,TES-O13306,2025-11-29,,Paid,27.62
TES-R10753,TES-O8325,2025-05-08,,Paid,0.0
TES-R17197,TES-O12988,2024-01-18,,Refunded,0.0
TES-R11734,TES-O7286,2023-10-13,96824.57,Paid,96824.57
TES-R15591,TES-O11809,2025-11-21,77646.28,Paid,0.0
TES-R9943,TES-O12717,2025-01-03,47921.37,Paid,0.0
TES-R11176,TES-O10305,2024-07-01,46786.92,Paid,0.0
TES-R16249,TES-O6009,2024-05-24,642.16,Paid,215.04
TES-R9387,TES-O7722,2025-07-11,86337.03,Paid,86337.03
TES-R15094,TES-O8412,2025-04-20,48.52,Paid,0.0
TES-R18560,TES-O13819,2023-01-15,11978.88,Paid,0.0
TES-R16180,TES-O8476,2025-02-05,10080.37,Paid,10080.37
TES-R17123,TES-O14633,2025-02-03,20.72,Paid,0.0
TES-R17260,TES-O9178,2024-11-29,47637.14,Paid,0.0
TES-R13276,TES-O14766,2023-05-16,10718.07,Paid,0.0
TES-R14767,TES-O12217,2025-10-24,18501.84,Refunded,0.0
TES-R15000,TES-O14968,2025-04-10,587.31,Refunded,0.0
TES-R9866,TES-O12527,2023-04-28,90430.49,Paid,0.0
TES-R13496,TES-O5556,2025-10-16,49319.24,Paid,0.0
TES-R9093,TES-O6745,2023-08-20,97.8,Paid,0.0
TES-R16060,TES-O12790,2025-06-14,10992.57,Paid,0.0
TES-R9576,TES-O12273,2024-03-11,40246.43,Paid,0.0
TES-R10360,TES-O6932,2025-01-17,805.7,Paid,0.0
TES-R15823,TES-O6188,2024-09-19,93705.43,Paid,0.0
TES-R10786,TES-O13930,2023-04-03,16487.32,Paid,0.0
TES-R11573,TES-O12594,2024-01-12,23617.93,Paid,0.0
TES-R11979,TES-O6707,2023-08-18,,Paid,0.0
TES-R9807,TES-O5619,2023-10-16,41029.03,Paid,0.0
TES-R16496,TES-O13484,2025-07-12,96352.9,Paid,0.0
TES-R11831,TES-O13736,2025-07-06,,Paid,0.0
TES-R9826,TES-O7013,2025-01-03,43398.02,Paid,0.0
TES-R15923,TES-O7711,2023-10-06,193.18,Refunded,0.0
TES-R13369,TES-O14280,2023-03-22,42888.09,Paid,42888.09
TES-R15059,TES-O10046,2025-05-06,1125.48,Paid,0.0
TES-R15773,TES-O7969,2024-06-19,10577.71,Refunded,0.0
TES-R11855,TES-O6966,2023-10-02,17646.84,Paid,0.0
TES-R13743,TES-O9156,2024-12-04,166.68,Paid,166.68
TES-R11843,TES-O5845,2024-09-20,,Paid,0.0
TES-R15038,TES-O9419,2023-11-04,22945.72,Refunded,0.0
TES-R11106,TES-O10006,2023-05-15,74.38,Paid,0.0
TES-R18088,TES-O8108,2024-09-07,9330.16,Paid,0.0
TES-R13641,TES-O11203,2023-10-25,94771.19,Paid,0.0
TES-R10274,TES-O6634,2025-02-26,54215.88,Paid,0.0
TES-R10967,TES-O5050,2025-07-22,39861.01,Pending,0.0
TES-R9775,TES-O8669,2025-02-07,827.85,Paid,0.0
TES-R15218,TES-O12585,2024-05-23,40951.63,Paid,0.0
TES-R11813,TES-O9544,2023-08-14,10832.1,Paid,10832.1
TES-R16933,TES-O7988,2024-11-26,96131.52,Paid,0.0
TES-R17458,TES-O5818,2024-12-05,218.46,Paid,218.46
TES-R14340,TES-O11608,2025-11-21,21858.93,Paid,21858.93
TES-R14655,TES-O14678,2023-01-12,299.0,Paid,0.0
TES-R16041,TES-O14251,2023-03-15,11010.69,Paid,0.0
TES-R18121,TES-O8477,2024-09-15,20331.36,Paid,0.0
TES-R16004,TES-O9342,2025-12-25,91876.7,Paid,0.0
TES-R14625,TES-O5792,2025-03-16,53730.61,Paid,0.0
TES-R15530,TES-O7894,2024-04-06,,Paid,0.0
TES-R14595,TES-O12422,2025-02-15,93110.74,Refunded,0.0
TES-R11132,TES-O8115,2025-12-19,50511.78,Refunded,0.0
TES-R16952,TES-O12764,2024-03-06,215.12,Paid,0.0
TES-R12594,TES-O10998,2024-07-07,85783.98,Paid,0.0
TES-R12173,TES-O10521,2025-06-04,1135.0,Paid,0.0
TES-R18664,TES-O12193,2025-02-05,79878.1,Paid,0.0
TES-R12481,TES-O14848,2025-07-22,10312.44,Refunded,0.0
TES-R17798,TES-O5188,2023-05-16,217.68,Paid,217.68
TES-R17615,TES-O7100,2024-05-03,44.85,Refunded,0.0
TES-R10433,TES-O12466,2025-08-09,82039.34,Refunded,0.0
TES-R12810,TES-O6762,2023-11-07,10856.43,Paid,0.0
TES-R14096,TES-O14074,2024-07-30,24157.89,Paid,0.0
TES-R16199,TES-O13419,2024-03-18,209.91,Refunded,0.0
TES-R16937,TES-O9521,2023-08-11,94516.28,Paid,0.0
TES-R10022,TES-O6981,2025-01-23,449.64,Paid,0.0
TES-R18188,TES-O8953,2025-05-26,92082.57,Paid,0.0
TES-R16752,TES-O6921,2023-04-25,45260.73,Refunded,0.0
TES-R14268,TES-O5257,2024-09-26,45174.62,Paid,0.0
TES-R18381,TES-O8902,2025-09-27,334.17,Paid,0.0
TES-R14611,TES-O5135,2025-03-18,613.05,Paid,0.0
TES-R12402,TES-O9958,2025-01-03,43499.33,Paid,0.0
TES-R10050,TES-O12317,2025-11-03,734.56,Paid,0.0
TES-R15392,TES-O8159,2023-09-24,44317.31,Refunded,0.0
TES-R9164,TES-O6477,2025-07-01,66.69,Paid,0.0
TES-R17866,TES-O11035,2024-08-01,530.65,Paid,530.65
TES-R13011,TES-O12817,2024-05-30,,Paid,0.0
TES-R16841,TES-O7163,2025-04-29,15312.23,Paid,0.0
TES-R11626,TES-O9371,2024-02-26,389.55,Refunded,0.0
TES-R12289,TES-O7096,2023-02-18,50909.15,Pending,0.0
TES-R14119,TES-O6075,2025-11-20,87334.26,Refunded,0.0
TES-R15881,TES-O14104,2023-05-17,63.25,Paid,0.0
TES-R13865,TES-O9990,2025-04-11,188.2,Paid,188.2
TES-R11044,TES-O13690,2023-10-11,89409.29,Refunded,0.0
TES-R18613,TES-O8820,2025-08-29,281.4,Paid,281.4
TES-R13888,TES-O7458,2024-03-30,380.88,Paid,0.0
TES-R15667,TES-O13069,2023-09-10,471.56,Refunded,0.0
TES-R16291,TES-O12970,2024-07-26,11635.88,Paid,0.0
TES-R12576,TES-O11706,2024-08-06,584.96,Pending,0.0
TES-R10120,TES-O14244,2025-03-30,75623.35,Refunded,0.0
TES-R16264,TES-O14266,2023-10-23,,Paid,47109.7
TES-R13941,TES-O13039,2025-11-17,179.12,Refunded,0.0
TES-R17426,TES-O13074,2024-05-29,10580.62,Paid,0.0
TES-R15724,TES-O7135,2025-10-27,1271.9,Paid,0.0
TES-R12844,TES-O9756,2025-03-04,42957.94,Paid,15891.39
TES-R15287,TES-O13594,2024-03-30,53.14,Paid,0.0
TES-R11156,TES-O12279,2023-02-17,21996.45,Paid,0.0
TES-R13312,TES-O5100,2025-09-24,85170.88,Paid,0.0
TES-R14619,TES-O14625,2025-10-18,496.96,Paid,0.0
TES-R15629,TES-O12127,2024-06-14,38538.87,Paid,0.0
TES-R16964,TES-O6425,2023-07-31,10193.98,Pending,0.0
TES-R10686,TES-O13768,2024-04-23,75433.98,Paid,0.0
TES-R14780,TES-O13728,2025-07-12,42273.16,Paid,0.0
TES-R15758,TES-O14788,2023-10-18,126.24,Paid,0.0
TES-R15162,TES-O5665,2023-09-05,,Paid,0.0
TES-R12176,TES-O7215,2025-01-07,744.24,Paid,0.0
TES-R13507,TES-O7210,2024-01-26,22004.56,Paid,0.0
TES-R16092,TES-O7602,2024-04-16,83066.59,Paid,0.0
TES-R14777,TES-O11028,2023-07-13,723.76,Paid,723.76
TES-R17797,TES-O12105,2023-11-08,226.53,Paid,0.0
TES-R17130,TES-O9864,2025-03-07,96865.68,Paid,26142.1
TES-R9972,TES-O5722,2024-12-22,10420.59,Pending,0.0
TES-R18561,TES-O13800,2024-03-22,,Paid,0.0
TES-R17683,TES-O10503,2024-01-08,39779.25,Paid,0.0
TES-R18653,TES-O11083,2024-08-09,47200.29,Paid,0.0
TES-R11531,TES-O11925,2024-07-25,570.86,Refunded,0.0
TES-R11691,TES-O11041,2023-05-28,23823.1,Paid,0.0
TES-R16855,TES-O6411,2023-10-13,859.1,Paid,0.0
TES-R13994,TES-O11764,2025-12-17,115.11,Paid,0.0
TES-R12632,TES-O5517,2025-09-05,75757.29,Refunded,0.0
TES-R11675,TES-O13313,2024-10-31,87707.34,Paid,0.0
TES-R17917,TES-O14335,2023-12-28,17579.11,Refunded,0.0
TES-R16395,TES-O13202,2023-10-21,15949.18,Paid,15949.18
TES-R9336,TES-O14116,2023-03-06,83018.98,Paid,83018.98
TES-R14405,TES-O13397,2023-03-14,99445.76,Paid,0.0
TES-R16688,TES-O13161,2025-08-19,20392.81,Paid,0.0
TES-R13387,TES-O10898,2024-05-21,340.46,Pending,0.0
TES-R18341,TES-O11302,2024-05-27,11894.27,Paid,0.0
TES-R12443,TES-O13050,2023-06-04,82054.58,Refunded,0.0
TES-R12862,TES-O6802,2023-04-30,152.4,Paid,0.0
TES-R18469,TES-O12222,2024-10-08,,Paid,0.0
TES-R16731,TES-O14836,2025-12-14,,Refunded,0.0
TES-R16636,TES-O14621,2024-01-16,47637.72,Paid,0.0
TES-R14683,TES-O7124,2024-08-12,11568.73,Paid,0.0
TES-R10659,TES-O13500,2023-09-23,202.48,Paid,0.0
TES-R16741,TES-O13279,2024-12-31,9920.97,Paid,0.0
TES-R9572,TES-O10502,2023-08-24,47803.03,Paid,0.0
TES-R9946,TES-O14262,2023-02-14,98734.9,Paid,0.0
TES-R15809,TES-O11972,2025-11-27,41330.01,Paid,0.0
TES-R11027,TES-O11325,2024-04-06,79360.32,Paid,0.0
TES-R17101,TES-O14677,2024-05-08,39551.04,Paid,0.0
TES-R14772,TES-O11201,2024-06-16,1202.0,Refunded,0.0
TES-R18670,TES-O9628,2024-09-29,38795.37,Pending,0.0
TES-R15882,TES-O12184,2024-10-03,9401.71,Paid,9401.71
TES-R14979,TES-O5840,2023-02-13,23653.68,Paid,0.0
TES-R12605,TES-O6657,2024-01-11,46889.13,Paid,46889.13
TES-R9864,TES-O10643,2025-10-21,83339.55,Paid,0.0
TES-R16656,TES-O5251,2025-07-06,91332.05,Paid,91332.05
TES-R14748,TES-O7584,2025-06-22,552.18,Paid,0.0
TES-R15735,TES-O14213,2024-11-19,185.44,Pending,0.0
TES-R14206,TES-O13849,2024-03-31,185.6,Refunded,0.0
TES-R11880,TES-O11365,2025-12-27,,Paid,0.0
TES-R11465,TES-O5922,2023-05-30,981.25,Paid,0.0
TES-R16499,TES-O13036,2025-04-19,42546.82,Refunded,0.0
TES-R17351,TES-O5639,2024-07-13,23149.69,Paid,23149.69
TES-R17042,TES-O9742,2025-12-28,54693.21,Paid,0.0
TES-R16679,TES-O10084,2023-02-05,50207.7,Paid,0.0
TES-R16910,TES-O8952,2025-04-27,10448.75,Paid,0.0
TES-R17560,TES-O11775,2025-06-07,364.36,Paid,0.0
TES-R16527,TES-O13469,2025-09-17,9575.42,Paid,0.0
TES-R18263,TES-O7515,2025-03-11,83029.55,Paid,0.0
TES-R14600,TES-O11553,2023-07-31,16815.04,Paid,0.0
TES-R11928,TES-O13390,2025-05-21,20157.1,Refunded,0.0
TES-R18276,TES-O7550,2024-11-09,9126.77,Paid,9126.77
TES-R15122,TES-O5812,2024-11-04,77018.58,Paid,0.0
TES-R16363,TES-O12801,2023-06-12,87805.13,Refunded,0.0
TES-R12287,TES-O12391,2025-01-09,839.2,Paid,0.0
TES-R13540,TES-O10184,2025-08-27,47871.04,Paid,0.0
TES-R10211,TES-O14207,2023-03-28,77039.92,Paid,0.0
TES-R10815,TES-O14523,2024-01-17,,Paid,0.0
TES-R14982,TES-O13135,2023-12-08,10445.2,Refunded,0.0
TES-R18690,TES-O13464,2024-12-03,47042.62,Paid,0.0
TES-R18336,TES-O14676,2025-10-17,45655.62,Paid,0.0
TES-R16511,TES-O8028,2023-07-13,424.0,Paid,0.0
TES-R13113,TES-O11430,2023-02-21,93211.04,Paid,0.0
TES-R9555,TES-O12275,2023-11-01,449.2,Paid,0.0
TES-R18192,TES-O6159,2023-12-26,416.73,Paid,0.0
TES-R18445,TES-O13899,2024-06-24,19537.18,Paid,0.0
TES-R10635,TES-O8235,2024-10-23,50251.63,Refunded,0.0
TES-R10757,TES-O9849,2025-03-07,99310.7,Paid,0.0
TES-R15755,TES-O13571,2024-12-28,9204.82,Refunded,0.0
TES-R18646,TES-O9638,2023-09-26,94057.04,Paid,94057.04
TES-R15589,TES-O6867,2023-08-11,362.66,Paid,0.0
TES-R9997,TES-O13552,2023-09-02,170.49,Paid,0.0
TES-R16055,TES-O12115,2024-08-26,22716.86,Paid,0.0
TES-R18065,TES-O8618,2023-11-19,11312.64,Paid,0.0
TES-R9755,TES-O13621,2023-07-05,286.57,Paid,0.0
TES-R13917,TES-O13688,2024-11-20,10503.02,Paid,0.0
TES-R10117,TES-O6097,2024-10-31,85127.74,Paid,0.0
TES-R13064,TES-O5504,2025-01-02,16117.34,Paid,16117.34
TES-R14123,TES-O12976,2023-10-29,23199.71,Pending,0.0
TES-R12042,TES-O9253,2023-06-03,40440.32,Paid,0.0
TES-R13575,TES-O11805,2024-08-14,87012.64,Paid,0.0
TES-R11253,TES-O8844,2025-09-15,91516.62,Paid,0.0
TES-R10128,TES-O6638,2024-10-17,49118.85,Pending,0.0
TES-R18491,TES-O14572,2023-07-09,54578.06,Paid,0.0
TES-R13635,TES-O8693,2024-06-15,87773.29,Paid,0.0
TES-R15626,TES-O8387,2023-05-19,11564.99,Paid,0.0
TES-R16787,TES-O14940,2024-05-04,47921.23,Pending,0.0
TES-R17433,TES-O11480,2023-02-12,45952.66,Paid,0.0
TES-R13557,TES-O6262,2023-02-07,11285.4,Paid,0.0
TES-R10692,TES-O14813,2025-08-29,81238.25,Paid,0.0
TES-R10950,TES-O10404,2023-03-07,77040.78,Refunded,0.0
TES-R12454,TES-O8783,2024-04-20,83724.15,Paid,0.0
TES-R9077,TES-O13501,2024-10-28,584.67,Paid,0.0
TES-R9900,TES-O11602,2023-12-27,10424.67,Paid,0.0
TES-R11383,TES-O8699,2024-08-09,305.4,Paid,0.0
TES-R10565,TES-O7706,2025-07-28,51029.28,Paid,0.0
TES-R17973,TES-O5203,2025-02-12,1148.92,Paid,0.0
TES-R18114,TES-O6641,2024-12-27,44591.98,Paid,44591.98
TES-R16643,TES-O14833,2024-06-30,44452.9,Paid,44452.9
TES-R17772,TES-O6069,2024-03-31,10388.94,Paid,10388.94
TES-R12693,TES-O10439,2023-05-25,24569.84,Paid,0.0
TES-R17912,TES-O10963,2024-01-07,10607.4,Paid,0.0
TES-R15400,TES-O12023,2024-04-12,23604.49,Paid,0.0
TES-R15427,TES-O11897,2024-10-25,117.12,Pending,0.0
TES-R11144,TES-O5636,2025-06-05,42855.6,Paid,0.0
TES-R12585,TES-O11119,2024-04-22,17707.88,Paid,0.0
TES-R16746,TES-O11913,2023-12-15,154.02,Paid,154.02
TES-R16185,TES-O14607,2025-02-13,,Paid,0.0
TES-R10883,TES-O8133,2025-01-23,75965.3,Paid,75965.3
TES-R9910,TES-O10641,2025-04-10,477.55,Paid,0.0
TES-R13419,TES-O5351,2023-05-10,80221.78,Refunded,0.0
TES-R16828,TES-O10097,2024-10-28,76929.47,Paid,76929.47
TES-R16381,TES-O12126,2024-08-09,113.7,Paid,0.0
TES-R10932,TES-O14394,2024-01-13,81708.19,Refunded,0.0
TES-R14510,TES-O12694,2025-09-04,85223.94,Paid,85223.94
TES-R13706,TES-O12210,2025-06-17,82156.74,Paid,0.0
TES-R13458,TES-O12916,2025-12-18,16177.11,Paid,0.0
TES-R15063,TES-O13243,2023-09-22,9125.77,Paid,0.0
TES-R10791,TES-O7021,2024-08-30,10826.56,Paid,0.0
TES-R12326,TES-O10201,2025-05-24,15001.36,Paid,0.0
TES-R13600,TES-O12029,2024-05-25,18024.98,Paid,2636.1
TES-R14093,TES-O7276,2024-08-18,79730.14,Refunded,0.0
TES-R9368,TES-O5753,2025-01-28,94273.04,Paid,0.0
TES-R12128,TES-O7779,2024-11-09,21737.87,Paid,0.0
TES-R16720,TES-O11426,2023-05-21,46214.51,Paid,0.0
TES-R14590,TES-O10830,2025-04-10,,Paid,0.0
TES-R13033,TES-O9067,2025-07-23,151.24,Paid,0.0
TES-R10377,TES-O14554,2024-08-27,85044.25,Paid,85044.25
TES-R16211,TES-O13421,2023-03-27,149.8,Paid,0.0
TES-R16903,TES-O10512,2025-06-04,9386.3,Paid,0.0
TES-R9025,TES-O8705,2024-04-08,11510.25,Paid,0.0
TES-R12957,TES-O7864,2023-12-13,340.0,Paid,340.0
TES-R13944,TES-O9598,2025-05-23,488.15,Paid,0.0
TES-R12745,TES-O9142,2025-03-13,17030.48,Paid,17030.48
TES-R16350,TES-O13870,2024-07-03,,Paid,0.0
TES-R9714,TES-O13853,2023-05-08,241.95,Paid,0.0
TES-R9269,TES-O6063,2025-10-25,10019.34,Paid,0.0
TES-R11427,TES-O12867,2023-10-07,42924.78,Paid,0.0
TES-R12145,TES-O6030,2024-07-05,78414.25,Paid,0.0
TES-R11484,TES-O10275,2025-01-12,10101.08,Refunded,0.0
TES-R17813,TES-O6672,2023-04-26,17181.62,Paid,0.0
TES-R12894,TES-O11309,2023-09-14,43390.32,Pending,0.0
TES-R18197,TES-O14277,2025-01-10,730.1,Pending,0.0
TES-R14389,TES-O8996,2024-11-25,43537.51,Paid,0.0
TES-R10998,TES-O11518,2023-11-29,97744.31,Paid,0.0
TES-R13237,TES-O10918,2024-02-25,9369.35,Pending,0.0
TES-R13318,TES-O9942,2024-04-08,39830.98,Paid,0.0
TES-R12375,TES-O9508,2024-01-05,1088.4,Paid,0.0
TES-R14615,TES-O14653,2023-07-28,42635.35,Refunded,0.0
TES-R11181,TES-O10791,2023-05-01,,Paid,0.0
TES-R14052,TES-O9238,2024-03-04,45331.81,Paid,0.0
TES-R10983,TES-O8794,2024-12-09,18632.25,Refunded,0.0
TES-R9818,TES-O9985,2025-11-29,88589.12,Paid,0.0
TES-R15644,TES-O10091,2023-05-04,46624.72,Paid,46624.72
TES-R16565,TES-O12289,2025-03-16,,Paid,22071.96
TES-R9096,TES-O13694,2023-04-23,96791.41,Paid,0.0
TES-R12563,TES-O13040,2024-02-03,11497.2,Pending,0.0
TES-R16556,TES-O14999,2023-04-30,86376.73,Paid,86376.73
TES-R15529,TES-O14011,2024-01-30,79979.44,Paid,0.0
TES-R16599,TES-O11678,2023-07-17,,Paid,10216.45
TES-R12373,TES-O6763,2025-03-21,80857.33,Paid,80857.33
TES-R9388,TES-O8560,2023-11-15,78343.48,Paid,78343.48
TES-R13840,TES-O9886,2025-02-17,49315.22,Paid,0.0
TES-R13173,TES-O8671,2024-02-09,20777.39,Paid,0.0
TES-R13338,TES-O8983,2023-05-24,10174.17,Paid,0.0
TES-R17108,TES-O8122,2025-08-12,76136.37,Refunded,0.0
TES-R10946,TES-O9836,2024-09-03,552.1,Paid,0.0
TES-R15499,TES-O7753,2025-03-09,38676.35,Refunded,0.0
TES-R18495,TES-O14495,2024-11-25,16683.36,Refunded,0.0
TES-R17583,TES-O8198,2024-10-25,45214.26,Paid,0.0
TES-R18092,TES-O10620,2023-06-24,11138.88,Paid,0.0
TES-R18067,TES-O13699,2024-02-11,614.48,Paid,0.0
TES-R10202,TES-O8789,2024-06-30,43.8,Paid,0.0
TES-R9703,TES-O12828,2024-09-04,20874.06,Pending,0.0
TES-R11871,TES-O7107,2025-06-22,92.96,Paid,0.0
TES-R9949,TES-O8819,2025-01-25,11533.56,Paid,11533.56
TES-R15409,TES-O13068,2023-09-30,41292.28,Paid,0.0
TES-R17288,TES-O11727,2023-02-04,880.05,Paid,0.0
TES-R13894,TES-O14558,2024-09-06,22520.76,Paid,0.0
TES-R11828,TES-O11539,2023-05-21,,Paid,0.0
TES-R9884,TES-O7716,2025-06-29,93842.04,Paid,93842.04
TES-R16868,TES-O12924,2025-11-23,95717.44,Paid,0.0
TES-R18686,TES-O6708,2024-02-28,193.08,Paid,0.0
TES-R11455,TES-O14191,2024-03-26,217.36,Paid,62.41
TES-R12952,TES-O12269,2024-01-29,43758.83,Paid,0.0
TES-R14028,TES-O13022,2025-04-01,89555.52,Paid,0.0
TES-R17250,TES-O10836,2023-06-23,11955.49,Paid,0.0
TES-R12955,TES-O9386,2023-09-06,49265.68,Paid,0.0
TES-R15917,TES-O14835,2023-02-02,82252.55,Refunded,0.0
TES-R12906,TES-O9951,2025-03-07,48744.94,Paid,0.0
TES-R14035,TES-O11032,2024-01-19,42256.76,Paid,0.0
TES-R16944,TES-O11644,2025-07-17,1319.45,Paid,0.0
TES-R14288,TES-O9457,2023-02-21,88858.09,Paid,0.0
TES-R13526,TES-O11736,2024-05-03,47729.89,Paid,0.0
TES-R14353,TES-O10020,2024-07-11,52135.22,Paid,0.0
TES-R14262,TES-O8592,2024-11-11,45414.18,Paid,0.0
TES-R9906,TES-O8527,2023-06-22,53460.59,Paid,0.0
TES-R16137,TES-O11523,2024-11-28,10837.95,Paid,0.0
TES-R18223,TES-O13352,2023-02-25,92212.51,Paid,0.0
TES-R18308,TES-O7548,2023-10-27,77081.26,Paid,0.0
TES-R17616,TES-O14149,2025-02-17,148.37,Paid,0.0
TES-R15434,TES-O14579,2025-06-22,9758.31,Paid,0.0
TES-R18532,TES-O5388,2024-08-04,17923.77,Pending,0.0
TES-R11451,TES-O13146,2025-12-13,10393.62,Refunded,0.0
TES-R17931,TES-O11185,2024-07-13,9822.22,Paid,4470.62
TES-R17842,TES-O7409,2024-01-05,761.8,Refunded,0.0
TES-R15486,TES-O13281,2023-03-03,54524.61,Paid,0.0
TES-R10772,TES-O12458,2024-09-02,15793.8,Paid,0.0
TES-R12538,TES-O13999,2025-06-30,381.99,Paid,0.0
TES-R9121,TES-O11769,2023-12-23,9812.02,Paid,0.0
TES-R11243,TES-O11262,2025-01-24,97185.35,Pending,0.0
TES-R13646,TES-O13248,2025-06-15,46214.2,Paid,46214.2
TES-R16360,TES-O12780,2024-05-06,97240.65,Paid,0.0
TES-R13543,TES-O14561,2024-09-07,605.88,Paid,0.0
TES-R17181,TES-O12709,2023-09-27,45644.49,Paid,0.0
TES-R9569,TES-O14513,2023-12-13,80400.67,Paid,0.0
TES-R9854,TES-O7374,2024-04-30,10993.52,Paid,0.0
TES-R13433,TES-O6915,2025-07-10,47758.13,Refunded,0.0
TES-R16057,TES-O8085,2023-11-14,93094.8,Paid,0.0
TES-R14613,TES-O7606,2025-01-05,98295.89,Pending,0.0
TES-R14740,TES-O7260,2025-01-29,46896.34,Paid,0.0
TES-R17359,TES-O10914,2023-07-01,46039.44,Paid,46039.44
TES-R17019,TES-O11040,2024-03-18,91641.73,Paid,0.0
TES-R12198,TES-O5356,2023-10-13,10184.6,Paid,0.0
TES-R11661,TES-O11592,2025-11-19,45198.17,Paid,0.0
TES-R12977,TES-O11347,2023-08-29,10183.18,Paid,0.0
TES-R12852,TES-O14742,2024-03-10,80449.84,Paid,0.0
TES-R16450,TES-O8269,2025-06-17,92853.57,Refunded,0.0
TES-R12447,TES-O11129,2024-11-16,43338.42,Paid,0.0
TES-R16009,TES-O14764,2024-02-14,40.51,Paid,16.33
TES-R13971,TES-O10663,2023-10-11,162.68,Paid,0.0
TES-R9865,TES-O13058,2023-12-12,46151.95,Paid,0.0
TES-R12013,TES-O12800,2024-01-02,20702.79,Paid,0.0
TES-R12061,TES-O14740,2023-08-03,82251.46,Paid,82251.46
TES-R17747,TES-O14933,2025-02-26,20756.17,Paid,0.0
TES-R18107,TES-O7880,2025-03-14,9976.31,Paid,0.0
TES-R13790,TES-O9328,2024-12-12,94771.39,Paid,0.0
TES-R10012,TES-O10720,2025-03-31,42033.04,Paid,42033.04
TES-R15798,TES-O9427,2024-02-21,85.62,Paid,0.0
TES-R9411,TES-O7229,2024-03-16,42667.82,Paid,0.0
TES-R11579,TES-O11097,2023-03-21,92660.91,Paid,0.0
TES-R14171,TES-O7054,2024-10-25,18479.37,Paid,0.0
TES-R9012,TES-O13953,2023-09-03,10464.88,Paid,0.0
TES-R16016,TES-O7659,2023-07-05,51835.45,Paid,0.0
TES-R11242,TES-O12803,2023-10-18,45370.68,Paid,0.0
TES-R16252,TES-O5385,2024-04-09,595.06,Paid,0.0
TES-R18649,TES-O6131,2025-04-21,23224.82,Refunded,0.0
TES-R12999,TES-O6485,2023-10-15,43756.75,Paid,0.0
TES-R9760,TES-O8336,2024-06-30,39724.84,Paid,0.0
TES-R9477,TES-O6866,2025-02-01,49457.32,Paid,0.0
TES-R13808,TES-O10315,2023-06-11,11357.39,Paid,0.0
TES-R10381,TES-O6543,2023-06-17,94722.7,Pending,0.0
TES-R17007,TES-O7227,2025-08-17,18833.17,Paid,18833.17
TES-R15759,TES-O12609,2023-11-29,18835.32,Paid,0.0
TES-R15196,TES-O6727,2023-06-09,234.57,Paid,0.0
TES-R13653,TES-O12599,2025-01-05,91012.67,Paid,0.0
TES-R12648,TES-O10980,2024-12-16,11378.16,Paid,0.0
TES-R17614,TES-O6036,2024-01-12,249.1,Paid,118.71
TES-R18265,TES-O11139,2025-09-09,91618.87,Paid,91618.87
TES-R18068,TES-O9924,2025-11-08,44917.92,Pending,0.0
TES-R12988,TES-O12550,2023-05-18,38593.88,Paid,0.0
TES-R11818,TES-O14537,2025-04-16,85560.12,Paid,85560.12
TES-R16962,TES-O7349,2024-06-18,51105.08,Paid,0.0
TES-R16651,TES-O12462,2023-10-22,85421.4,Pending,0.0
TES-R17428,TES-O12442,2023-12-02,83600.09,Paid,0.0
TES-R16477,TES-O8446,2025-02-06,47004.41,Paid,47004.41
TES-R9773,TES-O12369,2024-04-16,,Paid,554.66
TES-R13081,TES-O10208,2023-09-27,10512.93,Refunded,0.0
TES-R17282,TES-O9408,2024-03-01,253.64,Paid,0.0
TES-R11068,TES-O11694,2023-08-30,49608.11,Paid,0.0
TES-R18625,TES-O10829,2023-02-24,877.77,Paid,0.0
TES-R14317,TES-O6297,2024-07-03,53605.33,Paid,0.0
TES-R16404,TES-O11393,2025-12-28,88263.17,Paid,88263.17
TES-R10890,TES-O8617,2025-08-25,792.45,Paid,0.0
TES-R16000,TES-O12782,2025-09-04,51798.13,Paid,0.0
TES-R15294,TES-O10540,2025-10-05,,Paid,0.0
TES-R15391,TES-O10767,2025-06-06,47691.23,Paid,0.0
TES-R17322,TES-O6013,2023-05-03,41740.24,Refunded,0.0
TES-R18169,TES-O10669,2024-01-22,10049.83,Paid,0.0
TES-R16319,TES-O6436,2024-04-22,80250.61,Paid,0.0
TES-R13671,TES-O9409,2023-07-31,11785.76,Paid,0.0
TES-R12859,TES-O10844,2025-12-01,9288.45,Paid,0.0
TES-R16918,TES-O10270,2023-10-23,18704.4,Paid,0.0
TES-R16571,TES-O6299,2024-09-16,16858.83,Paid,0.0
TES-R18145,TES-O6475,2024-11-08,50453.57,Paid,0.0
TES-R14211,TES-O11633,2023-03-25,44478.84,Paid,0.0
TES-R13153,TES-O11599,2023-10-27,38393.36,Paid,38393.36
TES-R10351,TES-O14067,2024-08-16,49977.0,Paid,0.0
TES-R18618,TES-O5278,2023-09-03,90536.75,Paid,0.0
TES-R11404,TES-O7062,2023-11-07,16997.57,Refunded,0.0
TES-R9132,TES-O13260,2025-08-21,45451.45,Paid,0.0
TES-R18390,TES-O5750,2023-06-01,108.52,Paid,0.0
TES-R16902,TES-O7226,2023-07-02,41619.5,Paid,0.0
TES-R9895,TES-O14428,2025-08-10,39489.62,Paid,0.0
TES-R10862,TES-O10204,2024-01-26,813.15,Paid,0.0
TES-R17702,TES-O10229,2023-01-29,44096.03,Paid,0.0
TES-R16704,TES-O9687,2024-03-04,9022.41,Pending,0.0
TES-R17632,TES-O13996,2025-01-24,427.06,Paid,0.0
TES-R12948,TES-O9613,2024-07-17,45419.24,Paid,0.0
TES-R17988,TES-O11403,2023-07-14,,Paid,0.0
TES-R12267,TES-O14210,2023-09-29,44531.02,Paid,7343.5
TES-R16544,TES-O12703,2024-02-17,42698.47,Paid,0.0
TES-R9063,TES-O5079,2023-04-18,18172.67,Paid,0.0
TES-R10579,TES-O11512,2023-06-09,,Refunded,0.0
TES-R18531,TES-O10756,2025-02-10,100.72,Paid,0.0
TES-R13799,TES-O13792,2023-04-02,711.35,Paid,711.35
TES-R16044,TES-O9446,2025-04-14,50857.21,Paid,0.0
TES-R15310,TES-O8000,2025-01-06,41427.23,Paid,0.0
TES-R15252,TES-O14885,2023-11-10,43110.41,Paid,43110.41
TES-R18323,TES-O10232,2025-06-24,,Refunded,0.0
TES-R13831,TES-O8361,2024-02-27,46073.17,Paid,0.0
TES-R16771,TES-O13272,2023-06-03,20473.1,Refunded,0.0
TES-R13164,TES-O12132,2025-01-14,86334.21,Paid,0.0
TES-R16823,TES-O5281,2024-09-28,19891.88,Paid,0.0
TES-R15046,TES-O11346,2024-10-05,90401.36,Paid,90401.36
TES-R14015,TES-O11777,2025-06-10,11388.4,Refunded,4946.09
TES-R15478,TES-O7972,2024-09-10,50232.92,Paid,11771.78
TES-R17651,TES-O12676,2025-03-04,9037.8,Pending,0.0
TES-R16706,TES-O6962,2025-12-10,51083.81,Refunded,0.0
TES-R11012,TES-O8901,2025-08-05,11823.98,Paid,0.0
TES-R13879,TES-O11161,2024-04-09,88574.3,Paid,0.0
TES-R11356,TES-O12804,2025-03-16,94.24,Paid,0.0
TES-R18239,TES-O12375,2023-03-01,90019.56,Paid,90019.56
TES-R11283,TES-O5015,2023-05-27,18218.54,Paid,0.0
TES-R9553,TES-O11797,2025-05-26,22883.03,Paid,0.0
TES-R13698,TES-O6928,2024-12-07,21098.97,Paid,0.0
TES-R18330,TES-O13956,2024-04-25,10275.3,Paid,0.0
TES-R14733,TES-O6158,2023-12-30,11528.32,Paid,0.0
TES-R16177,TES-O12277,2023-12-26,92924.24,Paid,0.0
TES-R14309,TES-O12628,2025-08-31,94564.83,Paid,0.0
TES-R10543,TES-O11292,2024-10-30,44671.63,Paid,44671.63
TES-R14846,TES-O7015,2025-05-28,185.8,Paid,0.0
TES-R10268,TES-O10793,2023-12-10,485.0,Refunded,0.0
TES-R9980,TES-O11869,2023-04-29,46414.91,Paid,0.0
TES-R9201,TES-O7836,2024-01-18,52509.07,Paid,0.0
TES-R12866,TES-O11329,2023-02-27,,Paid,0.0
TES-R16979,TES-O5895,2023-08-03,87811.8,Paid,0.0
TES-R10171,TES-O7444,2025-02-28,9025.18,Refunded,0.0
TES-R12164,TES-O12760,2025-07-16,222.87,Paid,0.0
TES-R9765,TES-O13712,2024-08-10,544.35,Refunded,0.0
TES-R13238,TES-O13317,2024-02-17,39098.56,Paid,0.0
TES-R12483,TES-O13644,2025-09-17,576.22,Paid,0.0
TES-R12205,TES-O5112,2025-04-02,95128.75,Paid,0.0
TES-R17400,TES-O9587,2025-05-30,46122.03,Paid,0.0
TES-R16880,TES-O11399,2023-07-27,950.2,Paid,0.0
TES-R9053,TES-O9153,2023-07-12,56.37,Paid,0.0
TES-R16052,TES-O6457,2025-12-08,75164.23,Paid,0.0
TES-R15689,TES-O5545,2023-07-07,51296.48,Paid,0.0
TES-R17871,TES-O10732,2025-12-31,39232.46,Paid,0.0
TES-R9591,TES-O7742,2024-04-06,41377.98,Paid,0.0
TES-R13764,TES-O12953,2023-01-09,82870.12,Paid,0.0
TES-R11280,TES-O8290,2024-05-01,40449.82,Paid,40449.82
TES-R13725,TES-O14832,2024-08-23,86043.29,Paid,0.0
TES-R10497,TES-O14131,2024-10-19,22208.58,Paid,0.0
TES-R9745,TES-O14357,2025-02-19,45402.72,Refunded,0.0
TES-R17857,TES-O14996,2023-02-08,19989.58,Paid,2601.2
TES-R9550,TES-O14601,2023-10-07,20874.42,Pending,0.0
TES-R9768,TES-O14374,2023-06-29,137.92,Paid,0.0
TES-R14537,TES-O12456,2023-11-23,10743.95,Paid,0.0
TES-R11608,TES-O9824,2024-10-18,93487.87,Refunded,0.0
TES-R16440,TES-O5769,2025-09-09,80175.83,Refunded,0.0
TES-R15650,TES-O8230,2025-12-07,44637.86,Paid,0.0
TES-R17280,TES-O10685,2025-12-03,50640.38,Paid,14831.49
TES-R14665,TES-O5547,2023-08-20,351.52,Paid,351.52
TES-R13969,TES-O6152,2024-09-17,22.77,Paid,22.77
TES-R10615,TES-O14539,2024-09-22,45246.54,Refunded,0.0
TES-R11431,TES-O6041,2025-12-01,381.65,Paid,56.53
TES-R10996,TES-O10482,2024-08-14,11945.78,Paid,0.0
TES-R14788,TES-O10128,2023-06-28,96623.51,Paid,0.0
TES-R11872,TES-O13820,2023-12-15,16907.21,Paid,0.0
TES-R13978,TES-O6089,2024-03-11,41900.09,Paid,0.0
TES-R14154,TES-O13059,2024-01-20,16641.31,Paid,16641.31
TES-R10918,TES-O9961,2025-06-14,19260.94,Paid,19260.94
TES-R16917,TES-O9575,2023-01-20,41496.53,Paid,0.0
TES-R13905,TES-O14746,2025-08-16,38124.97,Paid,0.0
TES-R14053,TES-O14866,2024-04-22,76740.51,Refunded,0.0
TES-R17501,TES-O7643,2023-12-16,38907.21,Paid,0.0
TES-R12374,TES-O13636,2023-03-15,67.98,Refunded,0.0
TES-R17943,TES-O6786,2024-01-18,80393.3,Paid,0.0
TES-R13534,TES-O6943,2025-07-06,53949.1,Paid,53949.1
TES-R16588,TES-O14747,2025-05-03,94657.43,Paid,0.0
TES-R10219,TES-O8749,2025-05-30,53431.98,Refunded,0.0
TES-R15605,TES-O9340,2025-07-03,66.1,Paid,66.1
TES-R12228,TES-O7755,2023-05-16,20245.8,Refunded,0.0
TES-R17927,TES-O11664,2024-12-29,16400.64,Paid,0.0
TES-R18163,TES-O14524,2025-01-19,,Refunded,0.0
TES-R10453,TES-O11685,2025-10-20,42522.15,Paid,0.0
TES-R10244,TES-O5913,2023-09-10,,Paid,0.0
TES-R17862,TES-O7946,2024-09-20,10354.27,Paid,0.0
TES-R16347,TES-O6628,2024-11-12,11387.35,Pending,0.0
TES-R17652,TES-O10574,2024-02-15,769.25,Paid,0.0
TES-R16619,TES-O5423,2024-05-15,79104.57,Paid,0.0
TES-R18292,TES-O11502,2025-01-14,639.04,Paid,0.0
TES-R17268,TES-O14059,2024-07-08,82394.98,Paid,0.0
TES-R10602,TES-O5687,2023-04-18,88477.56,Paid,0.0
TES-R17896,TES-O11148,2023-06-06,610.86,Paid,0.0
TES-R18467,TES-O9972,2023-02-06,16421.53,Refunded,0.0
TES-R14589,TES-O12922,2024-11-23,468.75,Paid,0.0
TES-R14146,TES-O14451,2025-01-14,42086.22,Paid,0.0
TES-R15005,TES-O6888,2023-05-26,90212.42,Pending,0.0
TES-R14112,TES-O7583,2025-12-18,91080.05,Paid,0.0
TES-R16232,TES-O14587,2024-03-31,81547.75,Paid,0.0
TES-R15201,TES-O8616,2025-02-23,43905.53,Paid,0.0
TES-R17373,TES-O8967,2023-08-22,93019.9,Paid,0.0
TES-R10933,TES-O6170,2023-08-27,477.45,Paid,477.45
TES-R16131,TES-O7405,2024-04-05,96.2,Paid,0.0
TES-R11191,TES-O6572,2023-11-14,93913.43,Paid,0.0
TES-R15320,TES-O9152,2024-03-15,144.03,Paid,0.0
TES-R11165,TES-O11132,2025-06-18,10232.43,Pending,0.0
TES-R16602,TES-O5524,2024-12-18,10.63,Pending,0.0
TES-R11188,TES-O5380,2023-04-17,84887.76,Paid,0.0
TES-R14046,TES-O7978,2025-02-13,16725.38,Paid,0.0
TES-R15227,TES-O12110,2024-07-10,46695.18,Paid,0.0
TES-R16955,TES-O8739,2023-02-28,90696.46,Paid,0.0
TES-R13034,TES-O13437,2025-09-25,80087.98,Paid,0.0
TES-R16587,TES-O8684,2025-11-21,51937.69,Refunded,0.0
TES-R13432,TES-O7153,2023-07-01,9036.05,Paid,0.0
TES-R16622,TES-O7462,2024-02-22,49.41,Refunded,0.0
TES-R11844,TES-O13707,2025-07-05,82444.48,Paid,0.0
TES-R14492,TES-O12554,2025-08-06,20941.27,Paid,0.0
TES-R11015,TES-O11699,2024-12-23,81598.55,Paid,81598.55
TES-R13591,TES-O12011,2023-12-19,82836.02,Pending,0.0
TES-R13182,TES-O5259,2025-07-30,51393.91,Paid,0.0
TES-R14574,TES-O12503,2025-08-01,753.6,Paid,0.0
TES-R11568,TES-O10995,2023-05-09,59.88,Paid,59.88
TES-R12700,TES-O13887,2024-06-04,436.82,Paid,0.0
TES-R16280,TES-O5131,2023-04-03,50470.63,Paid,50470.63
TES-R11472,TES-O9545,2023-10-18,42209.76,Paid,0.0
TES-R12293,TES-O7672,2023-03-25,181.41,Paid,0.0
TES-R17729,TES-O7393,2023-12-25,96410.73,Paid,0.0
TES-R17034,TES-O5856,2024-01-26,83.31,Paid,0.0
TES-R9275,TES-O11175,2025-01-15,21208.75,Pending,0.0
TES-R16594,TES-O8536,2023-02-11,43725.65,Paid,0.0
TES-R10794,TES-O12661,2024-11-26,11854.48,Paid,0.0
TES-R12806,TES-O10615,2025-01-09,22717.08,Paid,0.0
TES-R14234,TES-O9105,2023-09-24,44426.79,Paid,0.0
TES-R16401,TES-O12312,2025-03-06,90428.39,Pending,0.0
TES-R16533,TES-O12189,2023-07-06,88327.68,Refunded,35339.91
TES-R16273,TES-O8262,2024-01-03,43830.94,Pending,0.0
TES-R15022,TES-O7733,2024-03-21,42411.22,Paid,0.0
TES-R10833,TES-O13668,2025-08-13,95041.07,Refunded,0.0
TES-R17738,TES-O8567,2024-05-27,37.24,Paid,0.0
TES-R12829,TES-O13219,2023-12-17,80172.67,Paid,0.0
TES-R12628,TES-O11552,2023-01-17,83974.65,Paid,0.0
TES-R9435,TES-O7431,2023-06-07,89285.17,Paid,0.0
TES-R17467,TES-O6580,2024-02-10,,Paid,0.0
TES-R16047,TES-O10291,2023-03-22,94669.34,Paid,0.0
TES-R11907,TES-O9160,2024-02-27,16717.41,Paid,0.0
TES-R12765,TES-O8087,2023-02-23,303.68,Paid,303.68
TES-R12477,TES-O6355,2023-12-17,18720.81,Refunded,0.0
TES-R11348,TES-O8890,2025-10-19,176.3,Paid,0.0
TES-R9868,TES-O5726,2024-11-15,34.92,Paid,0.0
TES-R11289,TES-O6330,2023-03-21,17770.3,Paid,0.0
TES-R13414,TES-O10260,2025-08-27,45577.61,Paid,0.0
TES-R13895,TES-O6178,2023-01-09,100.7,Refunded,0.0
TES-R17382,TES-O8384,2023-04-06,17413.84,Paid,17413.84
TES-R16506,TES-O5958,2023-03-28,87786.51,Paid,0.0
TES-R13656,TES-O9989,2024-11-06,93206.78,Paid,0.0
TES-R9603,TES-O7935,2023-02-14,94764.36,Paid,0.0
TES-R12303,TES-O10949,2024-09-09,45587.58,Refunded,0.0
TES-R18165,TES-O14575,2024-03-04,16016.37,Paid,0.0
TES-R12514,TES-O11704,2025-08-29,87458.89,Paid,0.0
TES-R15110,TES-O10939,2024-03-16,93215.12,Paid,0.0
TES-R9658,TES-O9514,2025-06-16,43149.17,Paid,0.0
TES-R16764,TES-O12299,2025-09-09,40737.54,Paid,0.0
TES-R11791,TES-O10318,2024-09-27,45024.77,Refunded,0.0
TES-R18338,TES-O5655,2024-06-22,49811.13,Paid,0.0
TES-R16580,TES-O10985,2024-05-21,457.23,Paid,457.23
TES-R10530,TES-O7647,2024-03-20,42922.88,Paid,42922.88
TES-R11526,TES-O5828,2023-03-05,91807.19,Paid,0.0
TES-R14413,TES-O8599,2023-05-17,20052.39,Paid,0.0
TES-R15954,TES-O13678,2023-12-12,96.29,Pending,0.0
TES-R15834,TES-O5368,2024-10-20,77373.99,Paid,0.0
TES-R10581,TES-O11363,2023-08-03,89046.63,Refunded,0.0
TES-R18342,TES-O5126,2024-06-28,85690.27,Paid,0.0
TES-R13394,TES-O5767,2024-01-01,634.4,Paid,100.6
TES-R11906,TES-O8105,2025-11-14,318.9,Paid,0.0
TES-R15341,TES-O11272,2024-04-18,925.35,Refunded,0.0
TES-R10292,TES-O5617,2025-12-08,42148.57,Paid,0.0
TES-R12830,TES-O8445,2025-12-06,45586.2,Paid,0.0
TES-R17494,TES-O11887,2025-06-09,9046.74,Paid,0.0
TES-R14743,TES-O8590,2025-11-27,98004.87,Paid,0.0
TES-R17196,TES-O11304,2024-03-29,85893.52,Paid,85893.52
TES-R13850,TES-O9337,2025-02-25,10088.21,Paid,0.0
TES-R11757,TES-O11165,2024-09-21,81339.27,Paid,0.0
TES-R15084,TES-O12969,2025-03-31,80775.32,Paid,0.0
TES-R14062,TES-O14353,2024-04-05,1182.48,Refunded,0.0
TES-R18500,TES-O5590,2023-10-04,12.44,Paid,0.0
TES-R16456,TES-O12993,2025-05-12,335.98,Paid,0.0
TES-R14849,TES-O6588,2023-10-02,,Paid,0.0
TES-R18142,TES-O13616,2025-01-31,81392.43,Paid,0.0
TES-R17186,TES-O12409,2024-06-10,86744.87,Paid,0.0
TES-R14051,TES-O8483,2023-04-25,157.51,Pending,0.0
TES-R14716,TES-O10496,2025-09-13,127.92,Refunded,0.0
TES-R12459,TES-O8083,2025-05-12,94871.97,Paid,0.0
TES-R15676,TES-O7319,2024-11-26,75499.69,Paid,0.0
TES-R10373,TES-O11636,2023-06-23,10324.39,Paid,0.0
TES-R11019,TES-O11377,2024-10-08,,Paid,0.0
TES-R15730,TES-O10692,2025-10-26,45565.73,Paid,0.0
TES-R18309,TES-O12563,2025-01-26,9595.77,Paid,9595.77
TES-R11062,TES-O8994,2024-05-18,39339.73,Refunded,0.0
TES-R9947,TES-O14057,2023-01-15,90442.35,Paid,0.0
TES-R12493,TES-O6397,2023-03-04,,Paid,0.0
TES-R12951,TES-O6552,2023-02-25,254.73,Paid,0.0
TES-R9265,TES-O11189,2025-10-28,80032.4,Refunded,0.0
TES-R16352,TES-O5616,2023-05-11,9001.49,Paid,0.0
TES-R14774,TES-O8972,2025-12-06,54868.35,Paid,54868.35
TES-R18583,TES-O9671,2024-05-05,42997.43,Paid,0.0
TES-R10679,TES-O6467,2025-07-14,80659.16,Paid,0.0
TES-R15509,TES-O14577,2023-01-13,42.04,Paid,42.04
TES-R16708,TES-O13643,2025-09-10,,Paid,0.0
TES-R13960,TES-O6474,2023-08-01,822.9,Paid,0.0
TES-R16627,TES-O9188,2024-04-28,88616.26,Paid,0.0
TES-R10650,TES-O8691,2025-09-09,49903.82,Paid,0.0
TES-R13961,TES-O13025,2023-02-15,52118.1,Paid,52118.1
TES-R16189,TES-O6039,2024-10-05,76726.87,Paid,0.0
TES-R15375,TES-O13024,2025-04-19,95452.53,Refunded,0.0
TES-R16543,TES-O7442,2024-02-12,99310.39,Paid,0.0
TES-R14530,TES-O12940,2025-12-07,92398.38,Paid,0.0
TES-R15249,TES-O13546,2025-08-18,9079.44,Paid,0.0
TES-R12043,TES-O13797,2023-05-19,88531.6,Paid,0.0
TES-R14341,TES-O10469,2023-03-20,742.56,Refunded,0.0
TES-R12401,TES-O9491,2023-03-08,45168.23,Paid,0.0
TES-R14761,TES-O14859,2024-11-11,22315.75,Refunded,0.0
TES-R9260,TES-O6722,2025-03-31,144.42,Paid,144.42
TES-R18087,TES-O6974,2025-10-06,41150.21,Paid,0.0
TES-R9750,TES-O12672,2023-10-03,39619.7,Refunded,0.0
TES-R14017,TES-O7056,2023-01-09,11040.56,Paid,0.0
TES-R11863,TES-O6507,2025-01-03,52216.95,Paid,0.0
TES-R12946,TES-O12172,2023-05-08,9545.11,Refunded,0.0
TES-R17868,TES-O10105,2023-02-24,51.93,Paid,8.59
TES-R9141,TES-O14156,2024-01-12,,Paid,0.0
TES-R15185,TES-O14541,2024-08-05,22175.15,Paid,0.0
TES-R11685,TES-O8344,2025-11-04,9376.6,Refunded,0.0
TES-R9876,TES-O14205,2023-07-14,47386.22,Paid,0.0
TES-R12828,TES-O9383,2025-11-10,85190.4,Paid,0.0
TES-R17117,TES-O13043,2025-10-30,84235.95,Paid,0.0
TES-R14693,TES-O10769,2023-12-15,308.36,Refunded,0.0
TES-R9472,TES-O12627,2024-11-05,43844.16,Refunded,0.0
TES-R10157,TES-O6660,2023-11-22,87140.94,Paid,0.0
TES-R11737,TES-O13125,2024-10-07,38097.06,Paid,38097.06
TES-R12098,TES-O9525,2023-06-10,11590.4,Paid,0.0
TES-R15379,TES-O6522,2025-02-10,16533.84,Paid,0.0
TES-R9671,TES-O7288,2024-07-22,38533.1,Paid,0.0
TES-R9311,TES-O6048,2024-01-03,129.15,Paid,129.15
TES-R9937,TES-O6754,2023-03-02,165.94,Paid,165.94
TES-R13194,TES-O12297,2023-12-17,294.72,Paid,294.72
TES-R13675,TES-O5185,2024-06-22,82376.38,Pending,0.0
TES-R18501,TES-O8756,2024-10-13,90454.6,Paid,90454.6
TES-R11919,TES-O12711,2025-01-25,241.94,Paid,0.0
TES-R10014,TES-O13451,2023-02-25,77290.15,Paid,0.0
TES-R15250,TES-O10908,2023-09-01,86107.88,Paid,0.0
TES-R17746,TES-O7903,2025-10-28,824.1,Paid,0.0
TES-R17338,TES-O13282,2025-12-14,86093.42,Paid,0.0
TES-R14745,TES-O11177,2024-08-13,18952.43,Paid,18952.43
TES-R9224,TES-O11144,2023-01-26,76401.77,Pending,0.0
TES-R11187,TES-O7951,2024-05-15,11896.34,Paid,0.0
TES-R18538,TES-O14283,2025-02-11,78230.34,Refunded,36936.28
TES-R15039,TES-O11319,2023-03-18,38358.22,Paid,0.0
TES-R12702,TES-O7728,2023-03-04,,Refunded,0.0
TES-R12779,TES-O7540,2023-01-27,9581.32,Refunded,0.0
TES-R17077,TES-O10725,2024-08-08,82876.34,Paid,0.0
TES-R11469,TES-O8033,2024-03-02,1398.55,Paid,0.0
TES-R14252,TES-O7614,2024-10-28,53030.67,Paid,0.0
TES-R10036,TES-O14652,2023-01-02,53940.1,Paid,0.0
TES-R12943,TES-O14881,2024-05-10,,Paid,0.0
TES-R15463,TES-O6393,2023-04-02,42951.94,Paid,0.0
TES-R13950,TES-O10149,2024-11-24,52683.48,Paid,0.0
TES-R11256,TES-O11407,2023-12-24,728.08,Paid,0.0
TES-R13890,TES-O7802,2023-04-25,15046.99,Refunded,0.0
TES-R13843,TES-O5142,2023-11-09,86924.49,Paid,86924.49
TES-R12893,TES-O10899,2023-06-27,98241.42,Paid,0.0
TES-R17971,TES-O8929,2024-12-21,48630.93,Paid,0.0
TES-R18418,TES-O11296,2023-08-13,11049.93,Paid,0.0
TES-R10205,TES-O8513,2023-11-09,11166.09,Paid,0.0
TES-R9299,TES-O5482,2023-06-01,84877.38,Paid,84877.38
TES-R10478,TES-O8265,2025-10-28,81759.18,Paid,0.0
TES-R17585,TES-O9445,2024-06-21,11942.55,Paid,0.0
TES-R13487,TES-O8145,2025-04-05,21794.66,Paid,0.0
TES-R11911,TES-O7943,2025-12-29,171.18,Pending,0.0
TES-R17107,TES-O13810,2024-11-16,234.68,Paid,0.0
TES-R17600,TES-O11335,2023-07-08,207.91,Paid,0.0
TES-R12161,TES-O14418,2024-12-11,53349.19,Paid,0.0
TES-R15093,TES-O10638,2024-03-01,183.8,Pending,0.0
TES-R15089,TES-O14073,2024-10-14,38754.15,Paid,38754.15
TES-R17064,TES-O6895,2023-09-19,48112.61,Paid,48112.61
TES-R9459,TES-O9859,2025-07-31,91386.83,Paid,0.0
TES-R17562,TES-O6286,2023-04-29,47086.7,Paid,0.0
TES-R13400,TES-O10938,2024-05-23,15041.84,Paid,0.0
TES-R9110,TES-O14161,2025-01-30,47959.36,Paid,0.0
TES-R14290,TES-O10975,2023-09-26,93058.75,Refunded,0.0
TES-R10201,TES-O5140,2025-06-15,9015.84,Paid,0.0
TES-R9696,TES-O12027,2024-10-15,10985.44,Paid,0.0
TES-R16766,TES-O8633,2023-04-10,45654.17,Refunded,0.0
TES-R11149,TES-O5123,2025-03-31,90109.38,Pending,0.0
TES-R15627,TES-O9523,2024-12-06,861.15,Refunded,0.0
TES-R13976,TES-O7398,2024-09-17,50798.1,Paid,0.0
TES-R9221,TES-O10750,2025-12-16,9168.15,Paid,9168.15
TES-R10511,TES-O13225,2025-04-04,551.15,Paid,0.0
TES-R16513,TES-O14120,2025-03-19,167.99,Refunded,0.0
TES-R9636,TES-O9702,2024-02-01,78648.4,Paid,0.0
TES-R13483,TES-O5804,2025-11-04,,Paid,0.0
TES-R13788,TES-O14494,2023-08-09,16983.51,Paid,0.0
TES-R15579,TES-O7957,2023-10-07,94170.78,Paid,0.0
TES-R11649,TES-O13009,2024-11-18,341.58,Refunded,0.0
TES-R10491,TES-O6324,2023-08-31,351.52,Paid,0.0
TES-R11380,TES-O6661,2025-01-07,11979.89,Paid,0.0
TES-R10422,TES-O12758,2023-02-24,88287.61,Paid,0.0
TES-R10660,TES-O6734,2023-11-21,46188.65,Refunded,0.0
TES-R12713,TES-O13504,2024-05-01,42816.32,Paid,0.0
TES-R13454,TES-O5646,2025-04-09,195.78,Refunded,0.0
TES-R13741,TES-O6535,2025-08-17,38167.54,Paid,0.0
TES-R15397,TES-O6016,2023-01-05,107.64,Paid,0.0
TES-R12330,TES-O8611,2024-12-01,95827.29,Paid,0.0
TES-R11825,TES-O11226,2023-04-23,48411.79,Paid,0.0
TES-R18099,TES-O8243,2025-01-16,24534.22,Paid,24534.22
TES-R9150,TES-O7297,2023-10-17,10474.25,Paid,10474.25
TES-R10040,TES-O5111,2025-06-18,41098.48,Paid,0.0
TES-R12497,TES-O12021,2025-01-11,78522.0,Paid,0.0
TES-R16862,TES-O9327,2023-08-18,90112.31,Paid,0.0
TES-R18622,TES-O6956,2025-01-23,94397.62,Paid,0.0
TES-R9763,TES-O9759,2024-04-10,43922.11,Paid,0.0
TES-R11511,TES-O7666,2023-08-11,57.57,Paid,57.57
TES-R15178,TES-O5935,2023-06-11,10625.99,Refunded,0.0
TES-R14118,TES-O10626,2025-09-09,10009.8,Paid,0.0
TES-R9401,TES-O5347,2025-03-10,10989.55,Paid,10989.55
TES-R11574,TES-O7262,2024-06-04,359.16,Paid,0.0
TES-R10961,TES-O9828,2025-08-04,44928.7,Refunded,0.0
TES-R15506,TES-O11780,2023-08-14,82603.75,Paid,0.0
TES-R11021,TES-O7473,2025-09-17,9374.75,Paid,1458.01
TES-R12900,TES-O11981,2023-04-01,11861.68,Paid,11861.68
TES-R14463,TES-O14358,2024-06-01,,Refunded,0.0
TES-R14995,TES-O8362,2025-03-04,,Refunded,0.0
TES-R10872,TES-O9172,2023-02-14,,Paid,0.0
TES-R10237,TES-O9267,2025-06-02,9154.05,Paid,9154.05
TES-R11011,TES-O9903,2025-12-26,39722.79,Paid,0.0
TES-R9487,TES-O13840,2025-04-11,46811.09,Paid,0.0
TES-R9921,TES-O5474,2025-06-10,40296.11,Paid,40296.11
TES-R17623,TES-O10792,2025-04-03,89326.95,Paid,0.0
TES-R16932,TES-O10993,2024-02-10,85085.36,Paid,0.0
TES-R13398,TES-O6636,2025-04-03,54108.05,Paid,0.0
TES-R14992,TES-O6996,2024-07-28,38351.5,Pending,0.0
TES-R14479,TES-O10932,2023-12-18,81602.29,Paid,39501.72
TES-R11059,TES-O8216,2024-10-08,372.36,Paid,0.0
TES-R17718,TES-O12685,2025-10-10,46166.46,Paid,0.0
TES-R12680,TES-O10371,2025-07-13,9160.39,Paid,9160.39
TES-R18224,TES-O7970,2025-01-20,39742.22,Paid,0.0
TES-R16570,TES-O12123,2023-01-09,53070.93,Pending,0.0
TES-R13853,TES-O5979,2024-10-01,40632.71,Paid,0.0
TES-R15109,TES-O10456,2023-09-13,99088.06,Refunded,0.0
TES-R12091,TES-O12344,2025-01-01,49132.25,Paid,0.0
TES-R15360,TES-O8535,2025-10-26,96879.88,Paid,0.0
TES-R10917,TES-O14563,2025-08-01,96763.86,Paid,96763.86
TES-R14825,TES-O5909,2023-09-16,46453.99,Paid,0.0
TES-R11557,TES-O7857,2024-05-21,10531.97,Paid,0.0
TES-R12163,TES-O5886,2025-01-24,112.65,Paid,0.0
TES-R18347,TES-O6799,2023-09-25,19064.57,Paid,0.0
TES-R13052,TES-O14612,2025-01-05,90107.77,Paid,0.0
TES-R10793,TES-O9459,2025-05-04,11887.31,Paid,0.0
TES-R16424,TES-O9693,2023-07-30,85471.03,Pending,0.0
TES-R9190,TES-O11072,2023-11-08,,Refunded,0.0
TES-R11298,TES-O13002,2024-09-30,192.82,Paid,0.0
TES-R18271,TES-O10989,2025-04-02,94983.58,Paid,0.0
TES-R13882,TES-O9215,2024-09-16,84118.27,Paid,0.0
TES-R15150,TES-O11997,2025-10-31,43.74,Pending,0.0
TES-R15055,TES-O9091,2025-03-10,47325.13,Refunded,0.0
TES-R16267,TES-O8358,2023-02-25,187.24,Paid,0.0
TES-R17875,TES-O14217,2025-10-29,21843.48,Paid,0.0
TES-R13660,TES-O13994,2024-02-23,19087.26,Paid,0.0
TES-R9366,TES-O6360,2024-08-30,353.28,Paid,97.83
TES-R14932,TES-O12543,2023-06-06,295.7,Paid,0.0
TES-R9897,TES-O9643,2024-03-10,45530.53,Paid,0.0
TES-R15719,TES-O10193,2023-06-19,93926.94,Paid,0.0
TES-R13344,TES-O5084,2025-06-28,170.51,Paid,0.0
TES-R15119,TES-O12930,2025-07-15,47301.24,Paid,0.0
TES-R17985,TES-O9361,2023-05-09,,Paid,396.88
TES-R15348,TES-O9548,2025-06-07,23311.22,Paid,0.0
TES-R13539,TES-O7829,2025-02-15,80396.61,Paid,0.0
TES-R10682,TES-O8253,2023-11-30,,Paid,298.65
TES-R15331,TES-O10259,2025-06-09,44946.46,Refunded,0.0
TES-R13067,TES-O12253,2023-09-29,17588.53,Paid,0.0
TES-R13493,TES-O11462,2023-01-04,585.96,Paid,0.0
TES-R12165,TES-O9301,2024-06-03,42824.87,Refunded,0.0
TES-R14925,TES-O8587,2023-10-04,79833.36,Pending,0.0
TES-R16928,TES-O10334,2024-01-09,,Paid,0.0
TES-R16005,TES-O8528,2023-03-07,93392.5,Paid,0.0
TES-R15364,TES-O6822,2024-10-13,95163.67,Refunded,0.0
TES-R13588,TES-O8826,2023-08-03,39621.86,Paid,0.0
TES-R18144,TES-O6043,2024-06-22,597.03,Paid,145.7
TES-R15934,TES-O9322,2024-11-26,11804.12,Paid,0.0
TES-R13360,TES-O11400,2024-02-09,11423.91,Pending,0.0
TES-R15602,TES-O5637,2024-06-09,23712.28,Paid,23712.28
TES-R14261,TES-O12932,2024-05-15,80270.37,Paid,0.0
TES-R13227,TES-O12064,2024-08-24,86535.65,Refunded,0.0
TES-R15008,TES-O11386,2024-12-02,49625.81,Paid,0.0
TES-R14193,TES-O7367,2023-08-10,43660.97,Paid,0.0
TES-R13210,TES-O8304,2024-03-26,92155.65,Paid,0.0
TES-R14667,TES-O5494,2025-09-08,135.78,Paid,0.0
TES-R11509,TES-O6608,2024-11-20,20.28,Paid,0.0
TES-R16719,TES-O8488,2025-11-10,97022.17,Paid,0.0
TES-R13845,TES-O6710,2023-10-16,308.3,Paid,0.0
TES-R15568,TES-O14843,2025-05-08,333.63,Paid,0.0
TES-R9450,TES-O8204,2023-11-04,52580.08,Paid,0.0
TES-R15317,TES-O7571,2024-09-20,45334.93,Paid,0.0
TES-R10537,TES-O14031,2023-08-11,580.32,Paid,0.0
TES-R13803,TES-O6035,2023-08-26,44884.52,Paid,0.0
TES-R12992,TES-O12109,2024-02-10,42145.58,Paid,0.0
TES-R16313,TES-O14460,2023-06-16,93333.14,Paid,0.0
TES-R9994,TES-O11545,2023-03-25,46317.64,Paid,0.0
TES-R12926,TES-O12639,2024-10-14,82907.04,Paid,0.0
TES-R15821,TES-O11645,2025-11-20,10534.99,Paid,0.0
TES-R16090,TES-O14248,2025-01-22,20581.25,Paid,20581.25
TES-R10863,TES-O8566,2024-12-03,11476.08,Pending,0.0
TES-R16330,TES-O9668,2023-11-28,20924.32,Paid,0.0
TES-R15582,TES-O11834,2023-04-11,42009.8,Paid,0.0
TES-R16230,TES-O5389,2024-04-21,95586.35,Paid,0.0
TES-R14065,TES-O11196,2023-05-31,41260.74,Paid,0.0
TES-R10403,TES-O14855,2025-07-18,47350.32,Paid,0.0
TES-R18559,TES-O14375,2025-05-11,21525.48,Paid,0.0
TES-R9140,TES-O14936,2024-11-07,86237.74,Paid,0.0
TES-R18641,TES-O8918,2023-05-15,88962.01,Paid,0.0
TES-R13259,TES-O13508,2023-01-23,81225.4,Paid,81225.4
TES-R11652,TES-O5633,2024-04-18,,Paid,0.0
TES-R14412,TES-O7091,2023-12-04,176.07,Refunded,0.0
TES-R13621,TES-O5263,2024-12-14,,Paid,0.0
TES-R10444,TES-O6215,2023-07-01,91214.87,Paid,0.0
TES-R10914,TES-O12162,2023-07-20,44606.87,Paid,0.0
TES-R13456,TES-O8720,2025-07-10,162.9,Paid,0.0
TES-R14160,TES-O14877,2025-12-07,90.46,Pending,0.0
TES-R10604,TES-O11478,2024-12-11,,Paid,19103.24
TES-R16726,TES-O9070,2024-10-30,255.69,Paid,0.0
TES-R15492,TES-O8970,2025-03-23,93467.72,Paid,0.0
TES-R13415,TES-O13459,2025-07-19,44430.09,Paid,0.0
TES-R18299,TES-O7806,2024-09-28,569.72,Refunded,0.0
TES-R13938,TES-O5360,2025-04-01,89845.77,Paid,0.0
TES-R16237,TES-O5237,2025-12-14,18298.06,Paid,0.0
TES-R9170,TES-O5763,2023-02-07,78915.91,Refunded,0.0
TES-R15717,TES-O13460,2024-04-15,42786.9,Paid,42786.9
TES-R12363,TES-O10833,2024-01-28,,Refunded,0.0
TES-R13453,TES-O12056,2025-03-12,,Paid,98560.94
TES-R16036,TES-O9920,2025-01-18,44551.26,Paid,0.0
TES-R12626,TES-O6288,2023-11-27,38161.77,Refunded,0.0
TES-R9264,TES-O11859,2023-05-09,91536.48,Paid,0.0
TES-R13714,TES-O13229,2025-03-27,11215.67,Paid,11215.67
TES-R13593,TES-O12772,2023-08-01,560.7,Paid,0.0
TES-R16096,TES-O14544,2025-04-22,9527.19,Paid,0.0
TES-R16159,TES-O10765,2023-09-12,215.96,Paid,0.0
TES-R18639,TES-O12973,2023-03-04,199.02,Paid,199.02
TES-R9830,TES-O13417,2024-08-18,89975.56,Paid,0.0
TES-R17430,TES-O13042,2024-06-20,16665.13,Pending,0.0
TES-R15619,TES-O5669,2023-03-03,42726.36,Paid,0.0
TES-R17328,TES-O10481,2023-11-28,274.17,Paid,0.0
TES-R15770,TES-O6709,2024-06-15,167.94,Paid,0.0
TES-R14318,TES-O12191,2023-03-10,10250.7,Pending,0.0
TES-R14343,TES-O11892,2024-01-15,458.56,Paid,458.56
TES-R16576,TES-O14886,2023-11-20,16350.94,Paid,0.0
TES-R15085,TES-O13213,2023-06-15,22844.26,Paid,0.0
TES-R10572,TES-O13833,2025-04-05,95185.05,Paid,0.0
TES-R14225,TES-O8275,2025-07-10,625.52,Pending,0.0
TES-R14457,TES-O11222,2024-04-10,691.7,Paid,0.0
TES-R16822,TES-O8766,2024-02-08,11903.04,Paid,5390.12
TES-R9481,TES-O5472,2023-08-23,93328.93,Refunded,0.0
TES-R18010,TES-O12529,2023-12-09,16589.94,Paid,0.0
TES-R10668,TES-O11471,2023-09-30,624.0,Paid,0.0
TES-R10873,TES-O13433,2024-02-14,47312.93,Paid,47312.93
TES-R11116,TES-O9546,2024-11-25,9804.06,Paid,0.0
TES-R9118,TES-O14325,2024-08-09,1468.15,Paid,1468.15
TES-R9325,TES-O14133,2023-08-03,88829.03,Paid,0.0
TES-R9351,TES-O10790,2024-07-06,514.16,Paid,0.0
TES-R17638,TES-O8680,2024-04-02,9113.8,Pending,0.0
TES-R12705,TES-O6948,2023-09-15,93717.7,Paid,0.0
TES-R9394,TES-O5344,2025-02-11,92225.74,Paid,92225.74
TES-R16367,TES-O6104,2024-05-28,44311.22,Paid,0.0
TES-R17979,TES-O7817,2023-01-08,45947.56,Paid,45947.56
TES-R11150,TES-O7077,2025-05-07,40521.99,Paid,0.0
TES-R12646,TES-O6880,2024-07-18,23362.11,Paid,23362.11
TES-R17537,TES-O9712,2025-09-29,97160.15,Paid,0.0
TES-R12215,TES-O14946,2025-01-29,927.64,Paid,0.0
TES-R14429,TES-O8449,2023-09-13,11577.44,Refunded,0.0
TES-R17147,TES-O9987,2023-03-25,92974.66,Refunded,0.0
TES-R9119,TES-O11990,2024-12-27,98903.03,Paid,98903.03
TES-R11858,TES-O9189,2025-11-08,92561.93,Paid,92561.93
TES-R11297,TES-O13993,2024-03-31,588.36,Pending,0.0
TES-R12833,TES-O8237,2023-01-03,50943.57,Paid,0.0
TES-R10391,TES-O7128,2024-01-26,667.65,Paid,0.0
TES-R9611,TES-O8969,2024-06-26,88932.78,Paid,0.0
TES-R14542,TES-O14987,2023-06-12,457.11,Paid,0.0
TES-R16737,TES-O11516,2023-09-13,77452.52,Paid,0.0
TES-R14303,TES-O9654,2023-05-28,9963.41,Paid,0.0
TES-R18149,TES-O7456,2024-08-24,9720.3,Refunded,0.0
TES-R17320,TES-O7889,2023-03-04,39610.79,Paid,0.0
TES-R9447,TES-O5083,2025-11-05,1467.8,Paid,0.0
TES-R11505,TES-O8155,2025-03-10,401.0,Paid,0.0
TES-R11969,TES-O12467,2024-09-28,24337.44,Paid,0.0
TES-R11393,TES-O7380,2025-10-06,22371.89,Paid,22371.89
TES-R9070,TES-O10153,2024-01-20,95451.06,Paid,95451.06
TES-R10423,TES-O11242,2024-09-11,47851.6,Paid,47851.6
TES-R14298,TES-O5330,2024-03-08,45635.99,Paid,6697.98
TES-R9033,TES-O5953,2025-03-03,51996.02,Refunded,0.0
TES-R17397,TES-O14402,2025-12-26,10441.63,Paid,0.0
TES-R10657,TES-O7532,2025-05-12,52646.04,Paid,0.0
TES-R14131,TES-O7344,2024-12-24,89890.71,Paid,0.0
TES-R11261,TES-O9003,2023-06-25,,Paid,0.0
TES-R17323,TES-O12507,2024-06-11,111.87,Paid,0.0
TES-R15203,TES-O5020,2025-03-11,205.92,Paid,0.0
TES-R12399,TES-O14485,2024-03-29,1003.4,Paid,0.0
TES-R15048,TES-O10415,2023-06-22,43414.99,Refunded,0.0
TES-R16043,TES-O8232,2025-08-22,92539.89,Paid,0.0
TES-R16145,TES-O11323,2024-11-03,86994.36,Paid,0.0
TES-R14402,TES-O12858,2025-01-02,24412.85,Paid,0.0
TES-R13367,TES-O10393,2025-11-15,75091.62,Paid,0.0
TES-R11838,TES-O5998,2025-08-18,46875.91,Paid,0.0
TES-R16861,TES-O10894,2025-02-02,52800.28,Paid,0.0
TES-R15785,TES-O7924,2024-06-09,90152.66,Pending,0.0
TES-R13497,TES-O7003,2024-07-09,40575.38,Paid,0.0
TES-R15028,TES-O5382,2024-08-04,22168.25,Paid,0.0
TES-R11172,TES-O8328,2024-06-22,11754.65,Pending,0.0
TES-R14723,TES-O13927,2025-05-11,142.47,Refunded,0.0
TES-R15607,TES-O11487,2024-06-30,11253.03,Paid,0.0
TES-R16950,TES-O9363,2025-06-16,96.06,Paid,0.0
TES-R11229,TES-O12591,2024-10-19,84186.13,Paid,0.0
TES-R17981,TES-O9736,2025-07-11,54343.84,Refunded,0.0
TES-R13382,TES-O11286,2025-06-13,47515.25,Paid,0.0
TES-R11770,TES-O6002,2025-01-28,43782.9,Paid,0.0
TES-R12203,TES-O9895,2025-11-29,47774.89,Pending,0.0
TES-R10494,TES-O13503,2025-11-24,91554.36,Pending,0.0
TES-R12795,TES-O11011,2024-09-04,46529.34,Paid,0.0
TES-R12704,TES-O11573,2024-12-30,23009.25,Paid,0.0
TES-R12695,TES-O14078,2023-07-16,85.71,Refunded,0.0
TES-R11357,TES-O9080,2025-03-26,299.35,Paid,0.0
TES-R11596,TES-O12386,2023-11-02,10454.66,Pending,3104.48
TES-R15573,TES-O7547,2025-09-18,51663.86,Paid,0.0
TES-R18484,TES-O8895,2025-12-26,87227.56,Paid,0.0
TES-R17805,TES-O12405,2024-06-12,45367.69,Paid,0.0
TES-R11507,TES-O5431,2023-03-15,85235.22,Pending,0.0
TES-R15183,TES-O5701,2025-12-29,273.75,Paid,273.75
TES-R16703,TES-O11364,2023-01-10,,Paid,0.0
TES-R16194,TES-O11121,2025-08-18,45576.84,Paid,0.0
TES-R17104,TES-O10956,2025-03-28,96708.6,Paid,0.0
TES-R16958,TES-O8061,2024-11-11,44343.1,Paid,0.0
TES-R10314,TES-O7479,2025-03-19,89352.2,Paid,34261.87
TES-R12942,TES-O7961,2024-07-06,23082.65,Paid,0.0
TES-R17666,TES-O8733,2024-09-10,43708.52,Refunded,0.0
TES-R16662,TES-O8922,2023-09-28,10434.76,Paid,0.0
TES-R10335,TES-O11372,2024-08-01,1028.56,Paid,0.0
TES-R12212,TES-O13681,2024-03-12,18974.69,Paid,6811.32
TES-R9689,TES-O6692,2023-12-27,584.32,Paid,0.0
TES-R11773,TES-O7495,2023-01-20,544.74,Paid,0.0
TES-R13112,TES-O6872,2023-04-13,38635.61,Paid,0.0
TES-R12015,TES-O13115,2025-09-04,50222.71,Paid,50222.71
TES-R9179,TES-O9955,2024-02-01,158.28,Paid,0.0
TES-R9127,TES-O9212,2023-07-28,83033.1,Refunded,0.0
TES-R18526,TES-O9346,2025-01-15,210.84,Paid,0.0
TES-R17457,TES-O12914,2023-08-03,42478.36,Paid,42478.36
TES-R11565,TES-O10675,2024-01-23,9535.87,Refunded,0.0
TES-R15661,TES-O11445,2025-04-21,75221.47,Paid,0.0
TES-R9614,TES-O8254,2024-12-12,46779.36,Refunded,0.0
TES-R11478,TES-O13001,2025-04-28,1040.35,Paid,0.0
TES-R17876,TES-O13808,2024-02-22,10115.98,Paid,10115.98
TES-R9575,TES-O9999,2024-08-12,10316.79,Paid,0.0
TES-R10676,TES-O6174,2024-02-04,42910.71,Pending,0.0
TES-R12008,TES-O10903,2024-05-18,85928.21,Paid,0.0
TES-R9051,TES-O7377,2023-04-28,79736.71,Refunded,0.0
TES-R17493,TES-O13548,2025-02-07,22938.95,Paid,22938.95
TES-R17648,TES-O9591,2024-07-10,84060.03,Paid,0.0
TES-R18431,TES-O11662,2025-04-10,48143.11,Paid,0.0
TES-R9270,TES-O9914,2025-04-14,,Paid,11404.78
TES-R16993,TES-O8004,2025-07-19,47680.61,Paid,0.0
TES-R13191,TES-O6214,2025-05-06,40.84,Paid,0.0
TES-R18120,TES-O13187,2025-03-08,20.32,Pending,0.0
TES-R11493,TES-O13268,2025-05-19,16925.29,Paid,16925.29
TES-R16908,TES-O7708,2025-07-17,18374.05,Paid,0.0
TES-R13452,TES-O14296,2024-12-13,52417.98,Paid,0.0
TES-R13062,TES-O5114,2024-05-12,425.8,Refunded,0.0
TES-R18230,TES-O11412,2023-03-02,87760.52,Paid,0.0
TES-R11854,TES-O6814,2025-02-01,327.82,Refunded,0.0
TES-R17253,TES-O6255,2023-04-17,84087.15,Refunded,0.0
TES-R15623,TES-O12319,2023-07-24,10396.42,Paid,0.0
TES-R13247,TES-O9124,2023-09-23,254.35,Pending,0.0
TES-R16912,TES-O14699,2025-10-25,54343.2,Paid,54343.2
TES-R16585,TES-O5613,2025-08-03,11447.38,Paid,0.0
TES-R9488,TES-O11157,2023-07-18,162.6,Paid,0.0
TES-R13510,TES-O12448,2024-10-05,84097.74,Paid,84097.74
TES-R13070,TES-O12061,2025-01-03,24405.7,Paid,0.0
TES-R16663,TES-O10775,2025-02-20,89557.71,Paid,0.0
TES-R15026,TES-O13759,2024-10-19,406.32,Paid,0.0
TES-R13786,TES-O11366,2025-12-05,162.78,Paid,162.78
TES-R10493,TES-O13300,2023-02-21,237.03,Paid,0.0
TES-R17582,TES-O11263,2023-01-21,96421.39,Paid,0.0
TES-R9323,TES-O8995,2023-09-03,20787.16,Paid,0.0
TES-R17817,TES-O10743,2024-06-08,81449.03,Paid,81449.03
TES-R18528,TES-O9108,2023-05-09,10298.64,Paid,10298.64
TES-R17402,TES-O6640,2024-11-21,45411.27,Paid,0.0
TES-R14251,TES-O14527,2025-12-11,43174.51,Paid,43174.51
TES-R17701,TES-O12208,2023-10-07,21423.94,Refunded,0.0
TES-R18025,TES-O10054,2025-07-23,46092.58,Paid,0.0
TES-R10629,TES-O8727,2024-02-28,888.96,Paid,0.0
TES-R14622,TES-O5417,2024-04-21,83666.16,Paid,0.0
TES-R11125,TES-O10228,2024-08-04,10527.74,Paid,10527.74
TES-R12285,TES-O6379,2024-04-14,87237.03,Paid,0.0
TES-R13931,TES-O5731,2023-05-23,98848.57,Paid,98848.57
TES-R9492,TES-O5789,2025-01-01,146.04,Pending,0.0
TES-R15508,TES-O11976,2024-08-02,364.75,Paid,0.0
TES-R10028,TES-O13673,2024-01-03,45222.26,Paid,45222.26
TES-R10187,TES-O8581,2024-12-24,,Paid,0.0
TES-R11407,TES-O11061,2023-08-24,11507.31,Paid,11507.31
TES-R15715,TES-O12046,2023-05-03,95271.06,Paid,0.0
TES-R11365,TES-O10940,2024-11-12,84.54,Paid,0.0
TES-R17955,TES-O5366,2024-08-05,22023.83,Paid,0.0
TES-R17589,TES-O12638,2023-10-28,88699.91,Paid,0.0
TES-R15112,TES-O12931,2023-12-29,10738.41,Paid,10738.41
TES-R16897,TES-O5461,2025-05-19,73.85,Paid,0.0
TES-R9057,TES-O6719,2023-12-09,87970.49,Refunded,0.0
TES-R11786,TES-O5218,2024-10-31,226.44,Paid,0.0
TES-R10546,TES-O6591,2023-01-10,9640.01,Paid,0.0
TES-R16072,TES-O7097,2023-07-17,998.32,Paid,0.0
TES-R14163,TES-O14307,2024-05-16,89382.4,Paid,89382.4
TES-R13196,TES-O5119,2023-07-15,76341.09,Paid,0.0
TES-R14055,TES-O9226,2024-06-08,70.65,Paid,0.0
TES-R9467,TES-O12798,2025-11-17,90201.6,Paid,0.0
TES-R17464,TES-O7527,2024-11-06,42300.19,Paid,42300.19
TES-R10123,TES-O11584,2023-04-20,45983.29,Paid,45983.29
TES-R14080,TES-O8626,2023-06-29,42098.96,Paid,0.0
TES-R11488,TES-O10780,2025-09-09,91399.41,Paid,91399.41
TES-R13032,TES-O8189,2024-12-29,94429.58,Paid,0.0
TES-R18048,TES-O11811,2024-04-25,227.5,Paid,227.5
TES-R12445,TES-O13755,2024-01-10,50129.15,Paid,0.0
TES-R14993,TES-O13147,2024-06-23,89745.28,Paid,0.0
TES-R9777,TES-O11499,2024-07-16,232.35,Paid,0.0
TES-R16647,TES-O11054,2025-02-26,,Refunded,0.0
TES-R14085,TES-O6494,2025-12-16,42923.22,Refunded,0.0
TES-R14274,TES-O10400,2023-06-26,39.3,Paid,6.88
TES-R9966,TES-O12268,2025-07-06,89471.27,Refunded,0.0
TES-R18313,TES-O14831,2024-01-20,43573.78,Paid,0.0
TES-R13844,TES-O13986,2023-12-03,46246.77,Paid,0.0
TES-R15688,TES-O7249,2025-05-11,378.6,Refunded,0.0
TES-R12589,TES-O12296,2025-03-20,44648.91,Refunded,0.0
TES-R12767,TES-O7993,2025-01-20,81723.59,Pending,0.0
TES-R18079,TES-O8613,2025-08-24,85247.01,Refunded,0.0
TES-R18052,TES-O6195,2025-02-23,286.1,Paid,286.1
TES-R11934,TES-O11803,2025-02-23,54272.47,Refunded,0.0
TES-R12225,TES-O14724,2024-10-09,320.1,Refunded,0.0
TES-R14433,TES-O12097,2025-10-31,327.38,Paid,0.0
TES-R17000,TES-O5497,2023-02-25,89899.21,Pending,0.0
TES-R9752,TES-O7042,2023-06-21,11985.41,Refunded,0.0
TES-R9451,TES-O8096,2024-06-09,38585.95,Paid,0.0
TES-R15548,TES-O12501,2023-11-14,91995.29,Paid,0.0
TES-R13774,TES-O5027,2025-10-07,24.2,Paid,0.0
TES-R16786,TES-O9018,2023-06-05,16031.58,Refunded,4273.31
TES-R9188,TES-O12073,2025-07-15,75090.08,Paid,0.0
TES-R10106,TES-O5564,2023-05-08,85834.6,Paid,85834.6
TES-R9548,TES-O9289,2023-08-02,74.59,Paid,0.0
TES-R10484,TES-O8779,2025-07-04,23141.8,Paid,0.0
TES-R11051,TES-O10002,2024-08-21,9193.35,Refunded,0.0
TES-R13982,TES-O10370,2024-11-07,396.6,Paid,0.0
TES-R16277,TES-O10299,2023-03-27,82795.13,Paid,13907.5
TES-R16452,TES-O7882,2023-11-01,40344.9,Refunded,0.0
TES-R17527,TES-O11786,2024-12-09,97905.43,Refunded,0.0
TES-R14390,TES-O6637,2025-11-08,47327.69,Pending,0.0
TES-R17742,TES-O5174,2024-02-11,10809.62,Paid,0.0
TES-R17726,TES-O5929,2024-12-09,132.53,Paid,18.1
TES-R16568,TES-O8227,2023-10-04,42972.19,Paid,0.0
TES-R16760,TES-O14381,2023-08-21,,Paid,0.0
TES-R11411,TES-O7000,2024-07-29,93352.16,Paid,93352.16
TES-R9668,TES-O7954,2024-04-01,453.96,Paid,0.0
TES-R15097,TES-O6334,2024-06-28,10634.73,Paid,0.0
TES-R13327,TES-O6982,2023-10-21,539.76,Refunded,0.0
TES-R18076,TES-O12509,2023-11-16,39298.69,Paid,0.0
TES-R14536,TES-O11663,2024-09-18,48.87,Paid,0.0
TES-R12101,TES-O8814,2023-04-09,54684.19,Paid,54684.19
TES-R14073,TES-O10907,2024-04-30,99218.68,Paid,0.0
TES-R16909,TES-O14988,2025-11-02,569.4,Paid,0.0
TES-R12842,TES-O14331,2023-11-24,574.95,Refunded,0.0
TES-R14524,TES-O8009,2025-07-14,88819.77,Paid,0.0
TES-R12941,TES-O10653,2024-01-11,16456.34,Paid,0.0
TES-R11274,TES-O7542,2025-07-01,90921.0,Refunded,0.0
TES-R11152,TES-O10758,2023-11-18,46269.97,Paid,0.0
TES-R11134,TES-O8547,2025-08-11,23928.26,Paid,0.0
TES-R17317,TES-O13824,2023-10-14,491.7,Paid,134.27
TES-R18362,TES-O11448,2024-11-05,67.38,Paid,0.0
TES-R13498,TES-O12877,2025-04-19,49125.39,Paid,0.0
TES-R9058,TES-O13123,2024-01-10,78879.98,Paid,0.0
TES-R13095,TES-O7343,2024-11-04,16693.07,Pending,0.0
TES-R9017,TES-O10040,2023-07-02,80211.29,Paid,80211.29
TES-R14592,TES-O5833,2025-04-24,24382.36,Refunded,0.0
TES-R15754,TES-O11682,2023-11-29,64.02,Refunded,0.0
TES-R9384,TES-O13911,2023-03-25,43877.32,Paid,0.0
TES-R9149,TES-O12142,2023-09-16,19042.36,Paid,0.0
TES-R13884,TES-O13846,2023-03-23,89896.57,Refunded,42464.38
TES-R17454,TES-O14538,2025-01-05,88.8,Refunded,0.0
TES-R18023,TES-O7498,2024-03-21,41301.28,Paid,41301.28
TES-R10486,TES-O5589,2023-12-26,,Paid,0.0
TES-R17980,TES-O6378,2024-08-13,24055.15,Paid,0.0
TES-R9610,TES-O10806,2025-05-06,9318.55,Paid,0.0
TES-R18218,TES-O11491,2023-04-02,724.17,Paid,0.0
TES-R9727,TES-O7702,2024-04-05,11966.82,Paid,0.0
TES-R13975,TES-O9789,2023-01-03,1044.0,Paid,0.0
TES-R11164,TES-O14459,2024-06-16,23418.77,Paid,0.0
TES-R11139,TES-O14188,2024-03-20,80660.67,Paid,80660.67
TES-R10355,TES-O12329,2023-04-03,80936.6,Paid,0.0
TES-R17825,TES-O12428,2023-05-27,1050.6,Refunded,0.0
TES-R13354,TES-O9754,2025-11-18,15335.12,Refunded,0.0
TES-R9493,TES-O5241,2023-05-09,99792.05,Paid,0.0
TES-R16272,TES-O14492,2024-06-20,152.34,Paid,0.0
TES-R14308,TES-O7388,2024-06-12,520.38,Paid,0.0
TES-R13943,TES-O12037,2023-09-30,50986.2,Paid,0.0
TES-R17277,TES-O7491,2025-08-17,41903.09,Paid,0.0
TES-R9055,TES-O12315,2025-11-10,10592.06,Paid,10592.06
TES-R12492,TES-O12360,2023-07-18,10181.91,Paid,0.0
TES-R15833,TES-O13494,2024-06-06,11228.44,Paid,0.0
TES-R12706,TES-O13593,2025-03-03,145.4,Pending,0.0
TES-R13578,TES-O14854,2024-03-01,16308.74,Refunded,0.0
TES-R13608,TES-O7450,2024-10-08,,Paid,0.0
TES-R16844,TES-O5609,2025-03-24,225.36,Paid,225.36
TES-R11740,TES-O11301,2023-12-02,46766.46,Paid,46766.46
TES-R14715,TES-O12552,2025-02-18,51443.9,Refunded,0.0
TES-R12385,TES-O8027,2025-02-13,52791.99,Pending,0.0
TES-R10730,TES-O7370,2025-05-03,20722.26,Paid,5132.41
TES-R13058,TES-O7932,2025-09-02,82554.83,Paid,0.0
TES-R13677,TES-O14466,2025-09-17,93648.28,Paid,0.0
TES-R11730,TES-O6791,2023-02-12,81492.02,Paid,0.0
TES-R15969,TES-O12618,2023-05-27,154.97,Paid,0.0
TES-R16284,TES-O5053,2024-06-18,89457.44,Refunded,0.0
TES-R11093,TES-O7528,2023-06-06,91174.09,Paid,0.0
TES-R9421,TES-O10935,2023-07-06,10188.17,Paid,0.0
TES-R16150,TES-O8396,2023-06-01,185.31,Refunded,0.0
TES-R9138,TES-O6454,2025-04-21,,Pending,0.0
TES-R17780,TES-O9020,2023-02-09,9713.61,Paid,0.0
TES-R13916,TES-O13080,2023-10-06,89853.63,Refunded,0.0
TES-R9708,TES-O8828,2025-02-09,42667.53,Paid,0.0
TES-R10083,TES-O12615,2025-07-28,11138.79,Paid,0.0
TES-R17704,TES-O10657,2025-03-26,9802.21,Paid,0.0
TES-R15025,TES-O9611,2023-05-23,93401.76,Paid,0.0
TES-R12471,TES-O6422,2025-05-02,18626.08,Refunded,0.0
TES-R13002,TES-O8801,2025-11-04,47354.05,Paid,0.0
TES-R15208,TES-O10050,2025-10-06,95289.69,Paid,0.0
TES-R10784,TES-O7764,2023-05-04,,Paid,0.0
TES-R15672,TES-O10586,2024-04-16,54516.33,Pending,0.0
TES-R9303,TES-O14683,2024-02-08,1107.56,Paid,0.0
TES-R17923,TES-O7784,2023-07-04,272.79,Paid,0.0
TES-R16020,TES-O8019,2023-06-22,,Paid,0.0
TES-R13461,TES-O5659,2024-01-16,11008.72,Paid,0.0
TES-R16645,TES-O9539,2024-01-03,10859.2,Paid,0.0
TES-R13934,TES-O12761,2023-10-08,44718.59,Paid,44718.59
TES-R13281,TES-O10356,2024-09-07,,Paid,0.0
TES-R13342,TES-O9660,2025-01-26,88862.58,Refunded,0.0
TES-R9841,TES-O12266,2025-09-18,19141.19,Paid,0.0
TES-R10991,TES-O14147,2025-11-08,96541.8,Paid,96541.8
TES-R17194,TES-O13829,2025-03-26,47554.68,Paid,0.0
TES-R9027,TES-O9609,2024-03-15,42705.92,Paid,0.0
TES-R11799,TES-O10045,2024-02-03,23435.15,Refunded,0.0
TES-R15884,TES-O11612,2024-11-25,,Paid,534.24
TES-R17699,TES-O12866,2024-08-25,260.28,Refunded,0.0
TES-R9249,TES-O12068,2023-05-10,92535.23,Refunded,0.0
TES-R14082,TES-O14249,2025-04-10,52.17,Paid,0.0
TES-R12945,TES-O11847,2025-05-28,148.38,Paid,0.0
TES-R17938,TES-O8319,2024-02-20,45345.94,Paid,45345.94
TES-R12190,TES-O8598,2024-04-12,53759.5,Paid,0.0
TES-R15159,TES-O8717,2024-01-19,40373.51,Paid,0.0
TES-R12654,TES-O11320,2024-11-18,24550.88,Refunded,0.0
TES-R18046,TES-O7849,2024-11-06,53231.43,Refunded,0.0
TES-R14513,TES-O6096,2023-06-09,44752.03,Pending,0.0
TES-R18261,TES-O14733,2023-09-08,10481.26,Paid,0.0
TES-R17581,TES-O10506,2025-12-05,47959.33,Paid,0.0
TES-R15764,TES-O8675,2023-03-31,46911.04,Paid,0.0
TES-R13165,TES-O10115,2024-03-12,428.3,Paid,428.3
TES-R9391,TES-O7317,2025-07-06,97183.54,Pending,0.0
TES-R11556,TES-O7767,2025-08-03,791.52,Paid,0.0
TES-R9601,TES-O13351,2023-08-23,20755.66,Paid,20755.66
TES-R13536,TES-O10566,2023-01-14,10943.95,Paid,0.0
TES-R18019,TES-O13032,2024-01-08,24637.51,Paid,0.0
TES-R10302,TES-O6409,2025-08-12,22117.34,Paid,0.0
TES-R18688,TES-O6696,2025-12-14,46437.81,Paid,0.0
TES-R14068,TES-O8438,2023-08-24,9383.11,Paid,0.0
TES-R9464,TES-O13468,2023-12-30,45412.01,Paid,0.0
TES-R16222,TES-O8729,2024-06-20,10180.24,Paid,4082.24
TES-R18150,TES-O6180,2024-01-12,693.08,Paid,0.0
TES-R13910,TES-O5255,2025-08-08,84190.17,Paid,84190.17
TES-R17643,TES-O5107,2023-08-29,384.51,Paid,0.0
TES-R9792,TES-O7538,2023-06-10,576.4,Paid,0.0
TES-R12722,TES-O8651,2023-08-08,50090.34,Paid,50090.34
TES-R17946,TES-O11215,2025-07-15,42864.38,Paid,0.0
TES-R12533,TES-O14435,2023-04-24,38894.77,Paid,0.0
TES-R18039,TES-O14665,2025-07-19,43992.3,Refunded,0.0
TES-R16378,TES-O13476,2023-02-20,9454.85,Paid,2406.7
TES-R10235,TES-O10606,2025-06-09,42388.68,Paid,0.0
TES-R16740,TES-O9240,2025-08-01,,Paid,0.0
TES-R12849,TES-O6111,2023-02-05,92779.71,Paid,92779.71
TES-R10213,TES-O11065,2025-08-28,42126.7,Paid,0.0
TES-R17443,TES-O5702,2025-08-31,24343.37,Paid,0.0
TES-R10291,TES-O13940,2025-10-14,20682.14,Paid,0.0
TES-R11943,TES-O7177,2023-08-01,41839.9,Paid,0.0
TES-R9279,TES-O11614,2023-06-21,99758.53,Paid,0.0
TES-R16745,TES-O13264,2023-02-19,42351.35,Paid,0.0
TES-R15444,TES-O5866,2024-08-11,313.2,Paid,0.0
TES-R15204,TES-O5599,2025-10-15,235.9,Refunded,0.0
TES-R11122,TES-O8442,2024-02-14,24812.62,Refunded,0.0
TES-R15988,TES-O12134,2025-10-29,284.66,Paid,0.0
TES-R9845,TES-O13917,2024-06-15,80772.86,Paid,0.0
TES-R17662,TES-O11270,2023-04-30,51670.25,Refunded,0.0
TES-R17465,TES-O12870,2024-07-03,39333.17,Paid,0.0
TES-R13692,TES-O6040,2025-01-02,20370.64,Refunded,0.0
TES-R18553,TES-O8662,2023-09-08,512.92,Paid,0.0
TES-R9888,TES-O8439,2023-11-24,18377.77,Refunded,0.0
TES-R11604,TES-O14250,2023-11-12,43502.77,Paid,0.0
TES-R11975,TES-O5045,2023-01-22,9658.21,Paid,0.0
TES-R16567,TES-O11483,2024-02-08,,Paid,0.0
TES-R12560,TES-O11278,2023-06-15,737.25,Paid,737.25
TES-R11432,TES-O7911,2025-06-06,98162.32,Paid,0.0
TES-R12018,TES-O12702,2023-03-28,89499.25,Refunded,0.0
TES-R12739,TES-O11159,2023-07-29,46667.94,Paid,0.0
TES-R11790,TES-O6358,2023-05-21,42787.27,Refunded,0.0
TES-R14972,TES-O5413,2025-09-27,458.97,Pending,0.0
TES-R15930,TES-O7827,2024-11-30,22578.02,Refunded,0.0
TES-R18460,TES-O13121,2024-08-31,17234.94,Refunded,0.0
TES-R10395,TES-O7431,2023-06-07,89285.17,Paid,0.0
TES-R10116,TES-O6602,2023-02-17,139.8,Paid,0.0
TES-R17867,TES-O13730,2023-05-27,11316.31,Refunded,0.0
TES-R17337,TES-O13874,2024-10-18,43310.32,Paid,0.0
TES-R16261,TES-O13620,2023-04-03,137.76,Paid,0.0
TES-R14488,TES-O12287,2023-11-09,78795.76,Paid,0.0
TES-R14584,TES-O5026,2025-11-17,90818.83,Refunded,0.0
TES-R13469,TES-O6986,2025-07-11,393.98,Paid,0.0
TES-R17886,TES-O14730,2024-02-26,18372.78,Paid,0.0
TES-R18471,TES-O9996,2025-09-07,11533.61,Paid,0.0
TES-R15230,TES-O9720,2023-02-25,68.88,Paid,0.0
TES-R15763,TES-O13016,2023-05-28,45240.47,Refunded,0.0
TES-R14414,TES-O10596,2023-08-14,18569.52,Paid,0.0
TES-R13492,TES-O14458,2024-01-16,,Paid,0.0
TES-R12896,TES-O14962,2024-11-25,39517.5,Paid,0.0
TES-R17844,TES-O10364,2025-11-24,90485.16,Refunded,0.0
TES-R12275,TES-O8993,2025-01-01,53353.13,Paid,53353.13
TES-R17257,TES-O8559,2023-06-14,45526.64,Paid,45526.64
TES-R18611,TES-O10508,2023-10-15,23539.0,Refunded,0.0
TES-R14058,TES-O5229,2025-09-06,76602.15,Paid,0.0
TES-R14323,TES-O9002,2024-01-27,9105.33,Paid,0.0
TES-R12361,TES-O8822,2025-01-15,87690.92,Paid,0.0
TES-R15944,TES-O14285,2024-10-16,114.9,Paid,114.9
TES-R11285,TES-O11150,2024-05-26,43441.62,Paid,43441.62
TES-R10134,TES-O10414,2024-07-17,113.07,Paid,0.0
TES-R10587,TES-O9120,2024-06-08,21315.93,Refunded,0.0
TES-R17137,TES-O13942,2025-10-30,9579.79,Paid,0.0
TES-R11303,TES-O9402,2024-01-13,638.79,Refunded,0.0
TES-R9322,TES-O6466,2024-04-03,49637.23,Paid,0.0
TES-R9370,TES-O12157,2025-08-05,46941.87,Refunded,0.0
TES-R11521,TES-O6688,2025-02-15,117.47,Paid,117.47
TES-R15284,TES-O9556,2024-04-27,566.92,Refunded,0.0
TES-R11159,TES-O6024,2023-07-07,95364.77,Paid,0.0
TES-R9091,TES-O11507,2025-02-09,426.7,Paid,0.0
TES-R9099,TES-O9534,2023-09-18,42684.63,Paid,0.0
TES-R13592,TES-O11770,2023-02-12,82045.73,Paid,82045.73
TES-R15494,TES-O8718,2025-04-04,80746.51,Paid,0.0
TES-R17035,TES-O10568,2025-11-04,10412.32,Paid,0.0
TES-R11182,TES-O11020,2023-08-08,22516.99,Paid,0.0
TES-R13395,TES-O11128,2025-03-18,,Refunded,0.0
TES-R12650,TES-O7626,2023-04-30,40507.86,Paid,0.0
TES-R16536,TES-O12674,2023-11-11,95634.09,Paid,0.0
TES-R14739,TES-O5425,2025-10-19,45010.57,Paid,45010.57
TES-R15457,TES-O9372,2023-07-04,15378.48,Paid,15378.48
TES-R10462,TES-O9748,2024-04-25,9669.19,Paid,0.0
TES-R17206,TES-O9019,2024-02-02,9433.89,Paid,2743.1
TES-R9873,TES-O14472,2024-05-08,42377.21,Refunded,0.0
TES-R12712,TES-O11130,2025-02-28,1124.9,Refunded,0.0
TES-R10671,TES-O12809,2025-02-12,41554.6,Paid,0.0
TES-R17572,TES-O14234,2023-01-22,94743.16,Paid,0.0
TES-R17105,TES-O5847,2024-02-10,52622.95,Refunded,0.0
TES-R11480,TES-O13067,2023-04-26,,Pending,0.0
TES-R10094,TES-O8171,2025-05-12,145.26,Paid,0.0
TES-R13717,TES-O9174,2023-10-06,9133.04,Paid,0.0
TES-R17018,TES-O11788,2025-06-13,24747.52,Paid,0.0
TES-R15078,TES-O10875,2025-05-13,54418.92,Paid,0.0
TES-R14137,TES-O6746,2023-10-28,23183.19,Paid,0.0
TES-R16898,TES-O10024,2023-06-17,15333.07,Paid,0.0
TES-R16761,TES-O8357,2025-04-02,367.5,Paid,0.0
TES-R10313,TES-O6077,2023-09-24,382.94,Paid,0.0
TES-R16192,TES-O11515,2023-01-07,19288.0,Paid,0.0
TES-R14939,TES-O12330,2025-08-29,20728.58,Paid,0.0
TES-R11947,TES-O13155,2023-01-27,15066.66,Paid,0.0
TES-R9907,TES-O9165,2025-11-05,10542.11,Paid,0.0
TES-R14282,TES-O5626,2023-08-11,15749.42,Paid,15749.42
TES-R13371,TES-O8465,2025-04-04,,Paid,0.0
TES-R14581,TES-O8526,2023-11-04,375.36,Paid,0.0
TES-R14704,TES-O13426,2023-06-22,558.56,Refunded,0.0
TES-R10533,TES-O5939,2024-01-13,41132.98,Paid,0.0
TES-R12489,TES-O11465,2023-03-25,11592.89,Paid,0.0
TES-R9941,TES-O8222,2025-09-02,99256.67,Pending,0.0
TES-R17388,TES-O10870,2024-11-15,92509.15,Paid,0.0
TES-R15171,TES-O14303,2024-09-03,10778.01,Paid,0.0
TES-R16322,TES-O5602,2025-09-03,23392.56,Paid,0.0
TES-R15921,TES-O6238,2024-07-12,53485.23,Paid,0.0
TES-R10488,TES-O5714,2023-10-16,22331.82,Paid,0.0
TES-R9938,TES-O13791,2025-10-14,222.94,Paid,0.0
TES-R17274,TES-O14640,2025-02-19,253.86,Paid,0.0
TES-R11306,TES-O5820,2024-04-02,43393.8,Paid,0.0
TES-R13846,TES-O8839,2023-06-04,89627.91,Paid,0.0
TES-R17846,TES-O7501,2024-06-08,83280.36,Paid,36438.66
TES-R17419,TES-O10155,2023-10-29,21621.27,Paid,3528.19
TES-R17017,TES-O9296,2023-08-15,806.31,Pending,0.0
TES-R10034,TES-O11101,2024-12-09,88373.34,Paid,0.0
TES-R14495,TES-O5752,2025-05-22,11068.13,Paid,0.0
TES-R18186,TES-O6120,2024-07-13,20106.64,Paid,0.0
TES-R9082,TES-O14588,2024-11-21,22897.5,Paid,0.0
TES-R10013,TES-O9885,2023-07-29,20360.71,Paid,0.0
TES-R16936,TES-O9658,2025-07-06,16620.53,Paid,16620.53
TES-R13945,TES-O9755,2023-01-24,354.76,Paid,0.0
TES-R14591,TES-O9261,2024-02-03,81869.86,Paid,0.0
TES-R14712,TES-O7025,2025-04-23,44762.79,Paid,44762.79
TES-R9678,TES-O8500,2024-12-29,43465.06,Paid,43465.06
TES-R17569,TES-O13928,2024-06-18,24161.04,Paid,0.0
TES-R9787,TES-O9804,2023-05-23,201.0,Paid,0.0
TES-R14036,TES-O9425,2025-04-24,45151.0,Pending,0.0
TES-R11996,TES-O12690,2024-01-21,493.18,Paid,0.0
TES-R10666,TES-O5598,2025-05-08,40375.95,Refunded,0.0
TES-R11826,TES-O12631,2025-02-04,39826.28,Paid,0.0
TES-R12365,TES-O10043,2025-07-07,151.53,Paid,0.0
TES-R12350,TES-O10181,2024-05-12,46103.13,Pending,0.0
TES-R15254,TES-O8504,2024-01-09,202.36,Paid,0.0
TES-R15404,TES-O8363,2023-10-24,81031.9,Paid,0.0
TES-R9126,TES-O9050,2023-06-18,76801.27,Pending,0.0
TES-R13814,TES-O6623,2025-04-05,46537.43,Paid,46537.43
TES-R16396,TES-O12799,2024-02-03,15064.52,Paid,0.0
TES-R9853,TES-O8294,2025-08-31,377.85,Paid,377.85
TES-R15484,TES-O10378,2023-05-11,50058.05,Paid,0.0
TES-R16948,TES-O5519,2025-03-22,40497.56,Refunded,0.0
TES-R14629,TES-O10753,2024-05-09,9763.26,Paid,9763.26
TES-R17861,TES-O6633,2024-12-26,10622.98,Paid,0.0
TES-R17879,TES-O5181,2023-09-07,,Paid,0.0
TES-R13221,TES-O5492,2024-10-28,43131.68,Paid,0.0
TES-R12826,TES-O11613,2023-02-07,81765.72,Pending,0.0
TES-R10727,TES-O5445,2024-08-28,96.82,Paid,96.82
TES-R17994,TES-O6300,2023-03-04,11624.05,Paid,0.0
TES-R9343,TES-O6859,2023-12-23,449.19,Paid,0.0
TES-R15299,TES-O8468,2023-04-30,623.5,Paid,0.0
TES-R10184,TES-O9809,2024-04-18,93098.1,Refunded,0.0
TES-R14447,TES-O6941,2024-02-24,43851.59,Paid,0.0
TES-R17379,TES-O10069,2024-04-26,220.95,Paid,0.0
TES-R11835,TES-O9109,2023-10-30,11179.26,Paid,0.0
TES-R13495,TES-O5597,2023-11-05,10145.98,Paid,0.0
TES-R10039,TES-O10917,2023-12-10,19596.68,Paid,0.0
TES-R13209,TES-O13881,2024-05-09,11280.5,Pending,0.0
TES-R14039,TES-O10762,2025-03-29,45050.2,Refunded,0.0
TES-R16783,TES-O11946,2025-07-07,90380.51,Paid,90380.51
TES-R13257,TES-O8775,2023-10-23,11784.68,Paid,5707.77
TES-R16186,TES-O5843,2023-08-30,47701.66,Paid,0.0
TES-R10312,TES-O6354,2025-01-12,50531.65,Paid,9740.86
TES-R10773,TES-O7390,2025-12-19,9302.64,Pending,0.0
TES-R11470,TES-O9282,2023-09-30,140.32,Paid,0.0
TES-R14954,TES-O6907,2023-05-08,44020.82,Paid,0.0
TES-R16054,TES-O6011,2023-07-12,75896.25,Refunded,0.0
TES-R12102,TES-O14392,2023-10-20,79455.56,Paid,0.0
TES-R11595,TES-O11578,2024-11-10,744.51,Paid,0.0
TES-R10498,TES-O12752,2024-07-15,88336.06,Paid,0.0
TES-R9500,TES-O14630,2024-09-27,9034.33,Paid,0.0
TES-R10684,TES-O13385,2025-09-24,590.67,Paid,0.0
TES-R17684,TES-O6979,2024-10-20,11555.17,Refunded,0.0
TES-R18053,TES-O6965,2025-01-13,44912.7,Refunded,0.0
TES-R15928,TES-O12502,2024-12-24,24223.62,Refunded,0.0
TES-R12766,TES-O10121,2025-06-07,15693.16,Paid,0.0
TES-R13115,TES-O14289,2024-03-23,522.03,Paid,522.03
TES-R16153,TES-O10010,2023-11-11,11919.53,Paid,0.0
TES-R11247,TES-O5302,2025-02-15,42574.42,Pending,0.0
TES-R17724,TES-O8086,2025-12-14,93773.06,Refunded,0.0
TES-R17318,TES-O10666,2025-11-07,47046.76,Paid,47046.76
TES-R15965,TES-O6350,2025-12-17,87569.67,Paid,0.0
TES-R11075,TES-O14452,2023-04-22,15240.26,Paid,0.0
TES-R12191,TES-O6083,2023-08-30,558.57,Paid,0.0
TES-R11268,TES-O13828,2024-07-22,39716.68,Refunded,0.0
TES-R10004,TES-O14863,2024-03-21,227.9,Paid,0.0
TES-R14194,TES-O11951,2023-05-05,825.44,Paid,0.0
TES-R16945,TES-O13809,2024-11-23,,Paid,0.0
TES-R18573,TES-O11063,2024-11-06,24666.17,Paid,0.0
TES-R16959,TES-O9110,2024-12-22,39292.5,Paid,0.0
TES-R13171,TES-O12785,2025-05-22,75886.58,Paid,75886.58
TES-R10910,TES-O12575,2023-03-07,39125.51,Paid,0.0
TES-R9885,TES-O11510,2025-06-30,16132.75,Paid,0.0
TES-R15131,TES-O13663,2025-11-13,110.51,Paid,0.0
TES-R10953,TES-O10789,2024-07-20,90571.75,Pending,0.0
TES-R16763,TES-O8246,2023-06-26,46487.88,Paid,46487.88
TES-R16442,TES-O5430,2024-05-13,48445.2,Refunded,19323.93
TES-R16302,TES-O5495,2024-06-14,763.65,Paid,763.65
TES-R18428,TES-O5992,2023-10-29,10483.93,Paid,10483.93
TES-R18373,TES-O9106,2025-03-31,470.79,Paid,470.79
TES-R18108,TES-O5691,2024-11-13,93274.5,Paid,0.0
TES-R14181,TES-O9345,2023-06-09,39536.91,Paid,0.0
TES-R16025,TES-O8558,2024-12-07,853.24,Paid,0.0
TES-R16198,TES-O12697,2023-02-11,10254.82,Paid,0.0
TES-R12068,TES-O5560,2024-08-17,478.5,Paid,0.0
TES-R15571,TES-O12004,2024-10-11,48410.96,Paid,21203.09
TES-R13860,TES-O14417,2023-01-21,9579.56,Paid,0.0
TES-R14563,TES-O6050,2023-05-31,146.55,Paid,0.0
TES-R16356,TES-O8603,2023-01-01,219.06,Paid,0.0
TES-R16784,TES-O12012,2025-03-04,9507.77,Paid,0.0
TES-R10807,TES-O6598,2024-01-03,530.58,Paid,0.0
TES-R14034,TES-O9257,2023-01-13,39211.37,Paid,0.0
TES-R18692,TES-O9999,2023-08-19,465.38,Paid,0.0
TES-R11561,TES-O6390,2025-02-07,719.36,Paid,719.36
TES-R15350,TES-O14443,2025-03-20,83015.89,Paid,0.0
TES-R13727,TES-O9225,2023-06-17,9181.25,Refunded,0.0
TES-R14604,TES-O14787,2025-03-01,23983.7,Paid,0.0
TES-R16190,TES-O12544,2023-05-04,93328.47,Paid,30310.76
TES-R16989,TES-O12082,2023-04-13,11614.56,Paid,0.0
TES-R15417,TES-O5814,2023-04-30,50900.61,Paid,0.0
TES-R16290,TES-O8963,2024-03-17,92368.08,Paid,0.0
TES-R9159,TES-O7189,2024-05-27,59.92,Paid,59.92
TES-R15736,TES-O8928,2025-11-02,,Paid,0.0
TES-R16578,TES-O14711,2024-08-25,94121.73,Paid,94121.73
TES-R12193,TES-O6347,2023-06-13,24260.7,Refunded,0.0
TES-R15060,TES-O14578,2024-03-25,93860.25,Refunded,0.0
TES-R17161,TES-O6963,2024-03-18,91773.12,Paid,0.0
TES-R13075,TES-O10982,2024-06-04,22488.16,Paid,0.0
TES-R12482,TES-O5394,2025-04-16,99819.35,Paid,0.0
TES-R11278,TES-O6650,2025-07-11,22747.45,Paid,9018.75
TES-R11762,TES-O6713,2024-02-10,131.48,Paid,0.0
TES-R10724,TES-O13416,2025-12-11,41731.78,Paid,0.0
TES-R9718,TES-O14623,2023-05-27,38850.44,Paid,0.0
TES-R15302,TES-O12318,2024-02-06,24768.89,Paid,0.0
TES-R10110,TES-O14748,2024-03-18,516.12,Paid,0.0
TES-R17485,TES-O14920,2023-02-08,10097.11,Refunded,0.0
TES-R13271,TES-O9088,2024-05-21,66.95,Paid,0.0
TES-R9751,TES-O14982,2023-10-02,75881.52,Paid,0.0
TES-R12930,TES-O7687,2025-01-11,79690.58,Paid,0.0
TES-R10186,TES-O11723,2025-07-26,99877.14,Paid,0.0
TES-R10680,TES-O6385,2025-07-28,92606.13,Paid,92606.13
TES-R10480,TES-O10145,2023-03-28,44606.28,Paid,0.0
TES-R12721,TES-O5859,2025-10-25,,Paid,0.0
TES-R12877,TES-O14622,2025-04-19,84535.43,Paid,8596.37
TES-R11840,TES-O13387,2024-04-16,22923.83,Paid,0.0
TES-R16848,TES-O5984,2025-08-03,43846.68,Paid,0.0
TES-R11194,TES-O8855,2025-07-08,76875.95,Paid,0.0
TES-R10441,TES-O12141,2023-11-20,82399.21,Refunded,0.0
TES-R12599,TES-O12300,2025-10-13,,Refunded,0.0
TES-R12725,TES-O7881,2023-03-10,88941.1,Pending,0.0
TES-R12851,TES-O7248,2024-10-25,11748.54,Paid,0.0
TES-R9340,TES-O9272,2025-06-13,91802.36,Paid,0.0
TES-R13866,TES-O5751,2023-04-19,19689.44,Paid,0.0
TES-R16772,TES-O11984,2023-10-30,,Paid,79819.35
TES-R9429,TES-O5031,2024-03-07,88270.09,Paid,0.0
TES-R15459,TES-O5357,2024-03-20,11129.43,Paid,0.0
TES-R13201,TES-O14136,2024-03-26,20916.34,Paid,0.0
TES-R12881,TES-O5689,2023-01-29,90.33,Paid,90.33
TES-R10258,TES-O12390,2023-12-14,90074.36,Paid,0.0
TES-R13455,TES-O14441,2025-09-10,260.52,Paid,260.52
TES-R9133,TES-O10343,2023-12-11,314.16,Paid,0.0
TES-R16169,TES-O5867,2023-02-11,158.14,Paid,0.0
TES-R11494,TES-O6061,2024-04-27,84508.64,Pending,0.0
TES-R9147,TES-O6483,2025-12-13,54511.74,Paid,0.0
TES-R9187,TES-O7638,2024-07-13,667.7,Paid,0.0
TES-R15875,TES-O6484,2023-09-19,10539.42,Paid,0.0
TES-R18655,TES-O13896,2025-01-09,903.05,Paid,0.0
TES-R17790,TES-O7916,2024-03-04,21958.29,Paid,0.0
TES-R17984,TES-O14432,2023-06-06,44583.97,Paid,44583.97
TES-R14522,TES-O9750,2023-09-08,19893.27,Paid,2146.69
TES-R10709,TES-O10579,2025-11-03,41801.5,Refunded,0.0
TES-R14682,TES-O13000,2024-07-09,81840.76,Paid,0.0
TES-R16653,TES-O12851,2024-05-27,237.85,Paid,0.0
TES-R12236,TES-O9937,2023-07-20,118.62,Paid,118.62
TES-R11768,TES-O7996,2023-06-15,20829.62,Refunded,0.0
TES-R15552,TES-O12692,2024-02-13,10305.16,Paid,0.0
TES-R15657,TES-O11321,2023-10-30,81120.52,Paid,0.0
TES-R17216,TES-O5716,2024-01-19,212.97,Paid,0.0
TES-R14067,TES-O5915,2025-06-29,1108.76,Paid,0.0
TES-R17050,TES-O5603,2025-09-20,202.28,Paid,0.0
TES-R18536,TES-O5971,2024-02-19,10859.5,Paid,0.0
TES-R12962,TES-O13934,2023-07-06,49563.96,Paid,0.0
TES-R15583,TES-O10983,2025-08-11,62.56,Paid,0.0
TES-R15079,TES-O5612,2025-10-19,51231.29,Paid,0.0
TES-R15301,TES-O8736,2025-12-20,9684.38,Paid,0.0
TES-R12787,TES-O6417,2025-12-31,42435.54,Refunded,0.0
TES-R17953,TES-O8409,2025-07-15,49592.92,Paid,0.0
TES-R18635,TES-O10628,2025-03-07,77.96,Paid,0.0
TES-R17777,TES-O7879,2025-06-10,94907.97,Paid,0.0
TES-R18594,TES-O14076,2023-02-18,39932.15,Paid,0.0
TES-R10617,TES-O13357,2025-10-07,94905.12,Paid,0.0
TES-R12239,TES-O8342,2025-11-02,11287.98,Paid,0.0
TES-R18324,TES-O5678,2025-03-18,85369.41,Paid,0.0
TES-R14528,TES-O9364,2023-01-17,94533.11,Paid,0.0
TES-R11207,TES-O11234,2025-02-21,24528.59,Paid,0.0
TES-R14153,TES-O8698,2025-01-05,68.19,Pending,0.0
TES-R11693,TES-O10837,2024-02-20,78403.37,Refunded,0.0
TES-R9104,TES-O12404,2023-10-08,15513.92,Refunded,0.0
TES-R16136,TES-O7307,2023-01-21,11655.36,Paid,0.0
TES-R12659,TES-O14252,2025-08-14,85585.37,Pending,0.0
TES-R16181,TES-O5208,2023-04-09,79318.15,Paid,0.0
TES-R9992,TES-O12634,2024-07-10,40880.3,Paid,0.0
TES-R14532,TES-O13370,2023-12-16,,Paid,0.0
TES-R13204,TES-O13206,2023-05-29,805.52,Refunded,0.0
TES-R10637,TES-O8704,2025-09-29,48746.23,Paid,0.0
TES-R16562,TES-O12751,2024-05-17,198.72,Paid,0.0
TES-R13280,TES-O10157,2023-11-24,82285.59,Paid,0.0
TES-R11016,TES-O6045,2024-10-23,43020.18,Refunded,0.0
TES-R12783,TES-O12376,2023-06-19,86.16,Paid,0.0
TES-R17502,TES-O5165,2023-02-18,80975.28,Paid,0.0
TES-R12641,TES-O6587,2024-05-18,52785.03,Paid,0.0
TES-R15014,TES-O12071,2024-12-30,49815.97,Paid,0.0
TES-R10526,TES-O6153,2024-06-25,81118.56,Paid,0.0
TES-R17171,TES-O5651,2024-10-09,670.15,Paid,670.15
TES-R10797,TES-O12577,2024-07-27,20444.01,Paid,20444.01
TES-R9015,TES-O7962,2023-05-19,94084.77,Paid,94084.77
TES-R17640,TES-O7983,2024-07-24,81545.87,Paid,81545.87
TES-R11245,TES-O9066,2025-04-28,86648.14,Paid,0.0
TES-R15069,TES-O8495,2024-12-26,10306.24,Paid,0.0
TES-R18183,TES-O14919,2023-05-22,44662.92,Paid,0.0
TES-R15479,TES-O7509,2023-03-25,319.38,Paid,0.0
TES-R10752,TES-O9344,2024-07-21,82079.68,Paid,0.0
TES-R13185,TES-O7599,2023-04-21,90807.21,Paid,0.0
TES-R15034,TES-O7375,2024-06-19,47466.47,Paid,0.0
TES-R14642,TES-O14144,2025-01-19,44952.06,Refunded,0.0
TES-R15229,TES-O7729,2023-03-19,52888.5,Refunded,0.0
TES-R13579,TES-O7504,2023-10-16,18916.73,Paid,0.0
TES-R17689,TES-O8008,2025-11-24,39397.93,Pending,0.0
TES-R11310,TES-O8474,2024-05-25,484.26,Paid,0.0
TES-R11719,TES-O14879,2024-07-25,75212.87,Paid,0.0
TES-R16929,TES-O5372,2025-11-07,50290.11,Pending,0.0
TES-R12847,TES-O5766,2025-01-26,9365.73,Paid,0.0
TES-R10701,TES-O11414,2023-06-10,10393.09,Paid,0.0
TES-R17390,TES-O13276,2024-05-17,90418.8,Paid,90418.8
TES-R15846,TES-O13349,2024-06-29,46702.97,Paid,0.0
TES-R14521,TES-O9056,2025-01-03,46361.14,Paid,0.0
TES-R18184,TES-O8340,2023-09-06,805.88,Paid,0.0
TES-R9166,TES-O10283,2025-01-22,89319.38,Paid,0.0
TES-R14544,TES-O7184,2024-11-18,600.8,Paid,76.21
TES-R16408,TES-O10245,2024-03-29,459.09,Refunded,0.0
TES-R16574,TES-O11181,2024-10-14,11008.84,Refunded,0.0
TES-R12973,TES-O12481,2025-02-15,92115.49,Refunded,0.0
TES-R15004,TES-O14145,2024-02-10,82235.72,Paid,82235.72
TES-R9376,TES-O7843,2023-04-24,,Refunded,0.0
TES-R12152,TES-O13251,2023-01-29,177.2,Paid,0.0
TES-R12491,TES-O13918,2024-11-25,54347.86,Paid,0.0
TES-R17073,TES-O10604,2023-10-13,44817.82,Paid,0.0
TES-R15011,TES-O10950,2023-03-04,53401.6,Paid,53401.6
TES-R14450,TES-O8676,2024-04-20,21198.43,Paid,0.0
TES-R18209,TES-O8992,2023-09-04,48678.71,Paid,0.0
TES-R14597,TES-O11216,2024-06-16,78927.62,Paid,0.0
TES-R15586,TES-O8280,2025-10-05,21033.02,Paid,0.0
TES-R14763,TES-O8941,2025-08-08,20.05,Paid,0.0
TES-R10576,TES-O9662,2024-10-02,32.62,Paid,0.0
TES-R11924,TES-O12656,2025-11-06,108.24,Paid,11.37
TES-R11789,TES-O5535,2024-07-10,473.85,Paid,0.0
TES-R14988,TES-O12625,2024-12-17,1478.95,Paid,1478.95
TES-R16122,TES-O8964,2025-01-23,399.4,Paid,0.0
TES-R15054,TES-O9599,2024-06-07,40083.94,Refunded,0.0
TES-R17944,TES-O10011,2023-04-02,46940.99,Refunded,0.0
TES-R12574,TES-O6431,2024-02-29,45389.82,Pending,0.0
TES-R12431,TES-O13283,2025-08-19,16026.57,Paid,0.0
TES-R15439,TES-O9305,2023-09-28,77486.1,Refunded,0.0
TES-R16713,TES-O5942,2025-05-23,945.95,Pending,0.0
TES-R13035,TES-O14682,2024-08-09,44678.99,Paid,0.0
TES-R18093,TES-O5457,2025-11-05,19392.21,Paid,0.0
TES-R12183,TES-O14186,2025-03-05,139.85,Refunded,0.0
TES-R16082,TES-O7977,2024-11-03,173.88,Paid,0.0
TES-R10332,TES-O11848,2024-12-26,943.56,Refunded,0.0
TES-R10345,TES-O6239,2025-07-01,169.96,Paid,0.0
TES-R16914,TES-O14321,2025-06-01,511.52,Paid,0.0
TES-R11375,TES-O11830,2025-12-07,11120.1,Paid,0.0
TES-R18040,TES-O10147,2023-04-12,54333.71,Paid,0.0
TES-R10900,TES-O6916,2025-07-29,87486.74,Refunded,0.0
TES-R9304,TES-O11168,2025-10-31,41295.25,Paid,0.0
TES-R14378,TES-O5758,2024-11-19,94483.42,Paid,0.0
TES-R10550,TES-O12065,2024-10-23,,Paid,0.0
TES-R11491,TES-O7822,2023-06-22,1067.52,Paid,0.0
TES-R13003,TES-O11155,2024-11-10,703.95,Paid,0.0
TES-R9313,TES-O7618,2025-10-16,87577.02,Paid,0.0
TES-R17715,TES-O13550,2025-05-22,202.23,Paid,0.0
TES-R11420,TES-O12915,2024-02-08,,Paid,53605.49
TES-R15136,TES-O5493,2025-01-05,,Refunded,0.0
TES-R10777,TES-O12606,2023-06-06,112.0,Refunded,0.0
TES-R12169,TES-O9277,2025-09-17,78316.33,Paid,78316.33
TES-R15664,TES-O9116,2025-06-02,23661.26,Paid,23661.26
TES-R11585,TES-O7581,2023-10-16,51306.29,Paid,0.0
TES-R10808,TES-O9541,2023-04-14,16224.09,Paid,0.0
TES-R17258,TES-O8734,2024-04-13,84143.12,Paid,0.0
TES-R9024,TES-O7923,2025-02-24,10918.3,Paid,0.0
TES-R9424,TES-O13056,2024-07-07,51467.31,Paid,0.0
TES-R17202,TES-O10248,2025-03-30,38373.23,Pending,0.0
TES-R16168,TES-O9047,2025-04-18,20754.55,Refunded,0.0
TES-R16600,TES-O9715,2023-04-02,51825.88,Paid,0.0
TES-R15064,TES-O11638,2025-01-26,961.6,Paid,0.0
TES-R9330,TES-O7784,2023-07-04,272.79,Paid,0.0
TES-R13502,TES-O11716,2025-10-30,69.95,Paid,0.0
TES-R10181,TES-O8330,2025-03-03,80021.82,Paid,80021.82
TES-R10522,TES-O13152,2023-07-08,315.1,Paid,0.0
TES-R10944,TES-O6074,2024-01-27,94213.2,Paid,0.0
TES-R16171,TES-O11720,2025-05-02,172.88,Paid,0.0
TES-R9662,TES-O14898,2023-06-29,38429.13,Paid,0.0
TES-R18311,TES-O6740,2024-03-30,93096.8,Paid,0.0
TES-R14893,TES-O13598,2024-01-02,93929.37,Paid,0.0
TES-R17644,TES-O9908,2023-10-12,,Paid,0.0
TES-R14705,TES-O8858,2024-03-28,46465.76,Paid,0.0
TES-R14302,TES-O10017,2024-08-12,87725.12,Paid,87725.12
TES-R13098,TES-O10033,2025-09-11,45458.76,Paid,0.0
TES-R12548,TES-O11808,2023-08-17,91758.56,Paid,0.0
TES-R12435,TES-O6914,2025-10-14,103.97,Paid,0.0
TES-R14639,TES-O13093,2025-06-16,240.7,Paid,0.0
TES-R17008,TES-O7506,2025-04-15,723.5,Refunded,0.0
TES-R11419,TES-O11543,2023-11-13,110.8,Refunded,0.0
TES-R18220,TES-O11752,2023-07-15,229.22,Paid,0.0
TES-R13553,TES-O10124,2025-09-23,96161.64,Paid,0.0
TES-R9715,TES-O9741,2024-11-30,,Paid,47142.05
TES-R13958,TES-O12485,2023-12-21,24011.76,Paid,0.0
TES-R10173,TES-O9618,2024-08-18,85447.77,Refunded,0.0
TES-R10571,TES-O6570,2024-11-19,43988.1,Paid,0.0
TES-R18417,TES-O5073,2023-12-16,9132.4,Refunded,2853.03
TES-R10595,TES-O7770,2025-01-27,80929.57,Paid,0.0
TES-R18187,TES-O11853,2025-10-27,,Paid,0.0
TES-R12377,TES-O13311,2025-08-09,524.8,Refunded,0.0
TES-R15247,TES-O5542,2023-05-09,273.89,Paid,0.0
TES-R11952,TES-O13398,2024-10-11,249.92,Paid,0.0
TES-R15072,TES-O8226,2025-03-02,42701.65,Paid,0.0
TES-R10623,TES-O8722,2023-07-28,92998.56,Paid,92998.56
TES-R14279,TES-O12235,2024-07-20,47335.67,Refunded,0.0
TES-R17926,TES-O7839,2023-07-07,1284.45,Paid,0.0
TES-R17448,TES-O10799,2023-03-01,24400.02,Paid,3226.93
TES-R10570,TES-O14839,2023-08-10,94480.35,Refunded,0.0
TES-R17882,TES-O11901,2023-04-28,23515.23,Refunded,0.0
TES-R15747,TES-O8308,2023-06-09,950.96,Pending,0.0
TES-R16335,TES-O9960,2024-05-25,157.35,Refunded,0.0
TES-R12250,TES-O12244,2025-08-23,439.6,Paid,0.0
TES-R16425,TES-O9397,2024-02-24,41516.85,Paid,0.0
TES-R14287,TES-O9554,2024-04-30,18046.14,Refunded,0.0
TES-R18119,TES-O9905,2023-09-17,92357.1,Paid,0.0
TES-R14344,TES-O10572,2025-12-29,40156.69,Paid,0.0
TES-R13447,TES-O14934,2023-03-24,40539.95,Paid,0.0
TES-R9023,TES-O8938,2025-07-12,15562.74,Pending,0.0
TES-R15041,TES-O6773,2023-01-26,939.16,Paid,0.0
TES-R9296,TES-O7775,2024-02-19,23491.39,Paid,0.0
TES-R16891,TES-O5099,2024-10-21,925.8,Paid,0.0
TES-R15599,TES-O8224,2023-04-22,51671.79,Paid,0.0
TES-R12986,TES-O11596,2024-09-24,11238.47,Refunded,0.0
TES-R18673,TES-O10987,2023-05-07,11124.66,Refunded,0.0
TES-R10889,TES-O10443,2024-11-01,20916.57,Paid,0.0
TES-R10732,TES-O7580,2024-03-18,9992.17,Refunded,0.0
TES-R9157,TES-O7340,2024-03-31,38341.33,Paid,38341.33
TES-R18620,TES-O6858,2024-09-21,885.84,Paid,0.0
TES-R14679,TES-O8771,2024-01-04,91307.98,Paid,0.0
TES-R10741,TES-O13602,2025-03-12,20264.65,Paid,0.0
TES-R17149,TES-O11388,2024-08-11,88779.82,Refunded,0.0
TES-R16864,TES-O9350,2024-03-30,49456.59,Pending,0.0
TES-R15874,TES-O14669,2025-02-20,685.75,Paid,0.0
TES-R10978,TES-O10667,2024-07-28,83037.05,Paid,0.0
TES-R17474,TES-O6413,2025-12-24,10032.12,Paid,0.0
TES-R15946,TES-O7028,2025-07-18,84935.67,Pending,0.0
TES-R18503,TES-O5708,2023-06-18,41927.22,Paid,0.0
TES-R12748,TES-O6184,2025-10-30,16861.79,Paid,0.0
TES-R9822,TES-O13188,2023-06-15,45721.92,Paid,0.0
TES-R17342,TES-O9498,2023-08-04,93.22,Pending,0.0
TES-R14056,TES-O13847,2025-01-08,44039.41,Paid,0.0
TES-R12328,TES-O11971,2023-10-06,9613.48,Refunded,4369.37
TES-R16210,TES-O11482,2023-07-18,572.73,Paid,0.0
TES-R12418,TES-O9517,2023-11-02,307.68,Paid,0.0
TES-R10795,TES-O13606,2025-06-24,22089.26,Paid,0.0
TES-R13638,TES-O6964,2023-07-19,286.16,Pending,0.0
TES-R17313,TES-O11558,2025-03-31,,Paid,19731.86
TES-R14307,TES-O10143,2023-08-31,11612.72,Paid,0.0
TES-R9136,TES-O8320,2024-04-14,17959.36,Paid,0.0
TES-R11479,TES-O13932,2024-05-14,44335.45,Paid,0.0
TES-R16236,TES-O5976,2023-09-26,10314.41,Paid,0.0
TES-R18685,TES-O14319,2024-04-30,544.92,Paid,0.0
TES-R13418,TES-O9096,2025-10-17,92430.24,Paid,0.0
TES-R10943,TES-O5815,2024-12-07,41714.25,Paid,0.0
TES-R14008,TES-O9170,2024-05-01,44585.43,Paid,44585.43
TES-R11856,TES-O6462,2024-07-11,85230.76,Paid,0.0
TES-R14980,TES-O6971,2023-01-27,42542.84,Refunded,0.0
TES-R9329,TES-O6216,2024-03-04,76752.35,Paid,0.0
TES-R18032,TES-O14268,2023-03-14,89016.25,Refunded,0.0
TES-R9795,TES-O14022,2024-11-30,77086.43,Paid,0.0
TES-R18434,TES-O9779,2023-10-16,323.49,Paid,0.0
TES-R18337,TES-O11949,2023-01-24,420.68,Paid,0.0
TES-R11699,TES-O14959,2024-07-23,87734.25,Paid,0.0
TES-R9776,TES-O10144,2023-08-19,16564.12,Paid,0.0
TES-R10459,TES-O10041,2023-01-04,11557.31,Refunded,0.0
TES-R12916,TES-O9255,2024-04-10,164.8,Pending,0.0
TES-R13323,TES-O9184,2023-04-03,810.3,Paid,0.0
TES-R10628,TES-O13777,2025-12-21,87775.2,Paid,0.0
TES-R18229,TES-O9923,2023-07-22,47976.04,Paid,47976.04
TES-R17241,TES-O10557,2024-11-22,48435.62,Paid,0.0
TES-R10845,TES-O12792,2023-05-28,9848.62,Paid,0.0
TES-R10253,TES-O8318,2024-08-16,81461.6,Paid,0.0
TES-R9003,TES-O11506,2023-02-26,46001.21,Paid,0.0
TES-R16307,TES-O9323,2024-11-14,95402.01,Paid,23878.75
TES-R17036,TES-O7513,2024-07-04,44769.0,Refunded,0.0
TES-R10254,TES-O5239,2023-06-10,454.5,Paid,0.0
TES-R13936,TES-O6304,2023-09-30,435.55,Paid,0.0
TES-R12129,TES-O8118,2025-10-16,15694.08,Paid,0.0
TES-R9781,TES-O13747,2023-07-11,43233.2,Paid,43233.2
TES-R12036,TES-O9182,2023-12-06,85747.56,Paid,85747.56
TES-R10324,TES-O9263,2024-09-23,19379.34,Paid,0.0
TES-R14089,TES-O6306,2023-02-01,99155.42,Paid,0.0
TES-R15829,TES-O11929,2024-04-06,39853.63,Paid,0.0
TES-R12736,TES-O13286,2024-09-11,89388.64,Paid,0.0
TES-R13506,TES-O14796,2025-09-28,79594.41,Paid,0.0
TES-R18610,TES-O13403,2023-03-18,46402.71,Refunded,0.0
TES-R15849,TES-O5422,2023-02-22,47118.74,Pending,0.0
TES-R12686,TES-O9685,2025-12-24,43602.44,Paid,43602.44
TES-R16847,TES-O10871,2024-08-22,92380.04,Paid,0.0
TES-R9606,TES-O6951,2023-06-09,720.8,Refunded,0.0
TES-R12351,TES-O11519,2024-07-17,92308.26,Paid,92308.26
TES-R18404,TES-O11458,2025-05-31,9353.43,Paid,0.0
TES-R9578,TES-O9448,2025-09-18,956.25,Paid,956.25
TES-R11422,TES-O10286,2024-02-04,40089.87,Refunded,0.0
TES-R11381,TES-O6225,2025-09-13,10042.17,Paid,10042.17
TES-R10685,TES-O8168,2024-02-17,80088.8,Paid,80088.8
TES-R9434,TES-O10514,2024-03-08,50.44,Pending,0.0
TES-R13919,TES-O6124,2025-07-26,38437.7,Paid,0.0
TES-R13321,TES-O10085,2023-08-11,351.76,Paid,0.0
TES-R17672,TES-O14352,2024-04-29,747.8,Paid,0.0
TES-R10934,TES-O7723,2025-11-12,16880.03,Refunded,0.0
TES-R14322,TES-O10656,2024-11-13,98178.23,Paid,98178.23
TES-R12633,TES-O6020,2024-03-15,39522.7,Paid,0.0
TES-R15839,TES-O11880,2024-05-16,90819.17,Paid,90819.17
TES-R14926,TES-O7314,2024-06-29,40646.38,Paid,0.0
TES-R13523,TES-O14193,2024-03-01,53726.31,Paid,0.0
TES-R18026,TES-O6723,2024-11-25,18412.45,Paid,0.0
TES-R9961,TES-O11609,2025-09-09,39746.74,Paid,0.0
TES-R14425,TES-O9872,2025-09-18,436.85,Paid,436.85
TES-R12259,TES-O7630,2023-03-02,86675.8,Paid,0.0
TES-R16064,TES-O14463,2025-06-22,23033.23,Paid,0.0
TES-R13913,TES-O10373,2025-12-17,377.58,Paid,0.0
TES-R10858,TES-O14287,2025-02-15,242.04,Paid,0.0
TES-R12408,TES-O6023,2024-04-06,72.95,Paid,0.0
TES-R17986,TES-O6396,2025-09-03,15057.38,Paid,0.0
TES-R9326,TES-O12288,2025-01-09,,Paid,0.0
TES-R18368,TES-O13955,2023-10-17,18624.11,Paid,0.0
TES-R11722,TES-O14702,2023-09-10,42923.76,Pending,0.0
TES-R16966,TES-O14281,2023-09-15,10317.59,Paid,0.0
TES-R14659,TES-O14231,2023-11-12,82680.8,Paid,0.0
TES-R11753,TES-O8131,2025-05-21,79990.01,Paid,0.0
TES-R16397,TES-O7782,2025-04-28,382.11,Pending,0.0
TES-R13695,TES-O13855,2024-11-18,51322.44,Paid,0.0
TES-R18480,TES-O11390,2025-10-13,92176.79,Pending,0.0
TES-R11425,TES-O7948,2023-03-11,21002.91,Paid,0.0
TES-R11809,TES-O10702,2023-10-09,93743.11,Paid,0.0
TES-R14014,TES-O9982,2024-07-17,10656.75,Paid,0.0
TES-R10528,TES-O11345,2023-02-11,47943.79,Paid,0.0
TES-R16886,TES-O13884,2023-04-01,,Paid,0.0
TES-R13167,TES-O12686,2023-08-21,109.98,Paid,0.0
TES-R9558,TES-O5717,2024-06-28,96170.67,Paid,38023.69
TES-R10269,TES-O7271,2024-06-11,300.68,Paid,0.0
TES-R16231,TES-O13177,2025-05-15,45365.53,Paid,0.0
TES-R15865,TES-O14938,2024-07-20,11337.38,Pending,0.0
TES-R11441,TES-O10801,2024-11-30,24991.67,Paid,24991.67
TES-R12087,TES-O10276,2024-09-04,10129.08,Paid,0.0
TES-R18212,TES-O10536,2024-07-21,97449.44,Paid,0.0
TES-R17160,TES-O6726,2024-11-17,10901.1,Paid,0.0
TES-R16547,TES-O13362,2023-03-21,11938.04,Paid,0.0
TES-R13633,TES-O7103,2023-04-30,88876.01,Paid,0.0
TES-R9691,TES-O6691,2023-03-21,10812.8,Paid,0.0
TES-R12931,TES-O6805,2024-09-28,44664.37,Paid,44664.37
TES-R18312,TES-O12283,2024-07-11,179.03,Paid,179.03
TES-R16279,TES-O12660,2023-08-15,75573.61,Paid,0.0
TES-R13208,TES-O12777,2023-09-12,162.4,Paid,0.0
TES-R15176,TES-O14400,2024-02-17,22612.08,Paid,0.0
TES-R10163,TES-O12385,2025-10-08,42398.71,Paid,42398.71
TES-R14164,TES-O8399,2024-02-11,53481.25,Paid,0.0
TES-R9263,TES-O8282,2025-02-28,452.65,Paid,0.0
TES-R14372,TES-O9260,2024-03-08,54306.89,Paid,0.0
TES-R15942,TES-O8817,2025-03-07,94926.01,Paid,0.0
TES-R12868,TES-O12181,2023-03-03,328.86,Paid,0.0
TES-R11395,TES-O7029,2024-06-11,76394.16,Paid,0.0
TES-R16269,TES-O14631,2024-09-25,51493.02,Paid,0.0
TES-R14084,TES-O5486,2024-09-15,49.76,Paid,0.0
TES-R13559,TES-O9495,2023-12-24,10569.02,Paid,0.0
TES-R12367,TES-O13020,2024-01-16,340.85,Refunded,55.74
TES-R15697,TES-O14341,2023-02-28,87.74,Paid,0.0
TES-R18141,TES-O11248,2025-01-13,,Paid,0.0
TES-R17001,TES-O13409,2025-03-25,562.15,Paid,0.0
TES-R14188,TES-O5438,2025-02-19,52971.92,Paid,0.0
TES-R17038,TES-O8889,2025-07-30,49943.6,Paid,49943.6
TES-R15329,TES-O14183,2023-07-27,21339.56,Paid,21339.56
TES-R9466,TES-O10922,2025-07-22,89144.12,Paid,0.0
TES-R9912,TES-O9734,2025-10-04,88397.01,Paid,0.0
TES-R15286,TES-O10202,2024-01-25,91881.81,Refunded,0.0
TES-R17617,TES-O9112,2023-06-10,90516.94,Paid,0.0
TES-R15570,TES-O5830,2024-04-30,38467.14,Paid,0.0
TES-R15472,TES-O12444,2025-09-19,19146.25,Refunded,0.0
TES-R17535,TES-O12125,2025-04-28,430.25,Paid,0.0
TES-R13379,TES-O5071,2024-01-27,52034.42,Paid,0.0
TES-R16553,TES-O8990,2023-11-09,79974.04,Pending,0.0
TES-R18570,TES-O14641,2025-03-27,11345.95,Paid,0.0
TES-R18143,TES-O14656,2023-07-08,9499.56,Paid,0.0
TES-R13756,TES-O5973,2023-05-02,97566.99,Paid,97566.99
TES-R13340,TES-O5272,2024-06-20,9703.73,Refunded,0.0
TES-R11915,TES-O12624,2023-12-05,,Paid,0.0
TES-R14301,TES-O10542,2025-10-27,97871.0,Refunded,0.0
TES-R10662,TES-O7521,2024-07-14,92165.04,Refunded,0.0
TES-R12732,TES-O13091,2024-12-01,22188.55,Refunded,0.0
TES-R17436,TES-O6712,2024-02-24,154.48,Paid,154.48
TES-R10019,TES-O11305,2024-04-13,202.32,Paid,0.0
TES-R15843,TES-O6053,2023-11-21,194.69,Paid,0.0
TES-R16970,TES-O8427,2023-12-17,9320.52,Paid,0.0
TES-R17682,TES-O10954,2025-12-09,414.54,Paid,0.0
TES-R14475,TES-O13863,2025-10-05,11406.09,Paid,0.0
TES-R11227,TES-O6087,2024-06-13,44963.4,Paid,0.0
TES-R11953,TES-O12519,2025-06-22,11431.24,Refunded,0.0
TES-R9956,TES-O11920,2025-09-04,50690.01,Paid,0.0
TES-R10540,TES-O13228,2025-07-06,54429.74,Refunded,0.0
TES-R13832,TES-O12771,2024-05-04,38528.47,Refunded,0.0
TES-R10750,TES-O8250,2023-05-15,688.36,Paid,0.0
TES-R12143,TES-O10336,2023-06-30,89860.73,Paid,0.0
TES-R11724,TES-O5981,2023-07-16,493.12,Paid,0.0
TES-R12587,TES-O12739,2025-12-27,93151.83,Paid,0.0
TES-R18578,TES-O7816,2025-08-01,,Pending,0.0
TES-R11801,TES-O10042,2025-09-23,80523.31,Paid,0.0
TES-R15304,TES-O12851,2024-05-27,237.85,Pending,0.0
TES-R14809,TES-O14106,2024-04-01,47586.07,Paid,0.0
TES-R17847,TES-O12957,2023-03-29,86288.1,Paid,0.0
TES-R13306,TES-O10868,2025-11-30,956.5,Paid,0.0
TES-R18353,TES-O6055,2025-08-04,76945.05,Paid,0.0
TES-R15018,TES-O13543,2024-07-03,80978.95,Paid,0.0
TES-R13980,TES-O9006,2025-10-18,898.71,Pending,0.0
TES-R14149,TES-O8143,2025-10-17,502.86,Paid,0.0
TES-R11745,TES-O14636,2024-10-22,23801.91,Paid,0.0
TES-R11883,TES-O9505,2025-11-11,99430.81,Paid,0.0
TES-R18110,TES-O9788,2023-01-09,,Paid,0.0
TES-R13346,TES-O6549,2025-09-25,10703.79,Refunded,0.0
TES-R10541,TES-O7427,2025-09-27,62.17,Paid,0.0
TES-R14205,TES-O9013,2024-11-18,,Refunded,0.0
TES-R12159,TES-O10682,2025-04-15,86967.12,Refunded,0.0
TES-R17398,TES-O12841,2025-05-19,310.7,Paid,0.0
TES-R16926,TES-O5851,2024-03-30,10433.21,Pending,0.0
TES-R9046,TES-O11256,2025-12-14,10802.85,Refunded,0.0
TES-R9670,TES-O8194,2025-11-18,10477.85,Paid,0.0
TES-R13102,TES-O6969,2025-01-18,94784.58,Paid,0.0
TES-R10416,TES-O5062,2023-07-02,47374.51,Paid,0.0
TES-R12158,TES-O11164,2025-04-17,161.82,Paid,0.0
TES-R18275,TES-O6067,2024-07-02,91500.99,Pending,0.0
TES-R11782,TES-O13773,2023-11-19,83331.3,Refunded,0.0
TES-R13049,TES-O13557,2023-09-21,61.64,Refunded,0.0
TES-R14440,TES-O6937,2023-12-14,411.72,Paid,0.0
TES-R13132,TES-O9649,2024-08-22,89752.95,Paid,89752.95
TES-R18496,TES-O11902,2023-06-07,44881.62,Paid,0.0
TES-R12521,TES-O5553,2023-01-05,93310.95,Paid,0.0
TES-R11345,TES-O14542,2023-07-22,9183.39,Paid,0.0
TES-R14626,TES-O7579,2025-03-02,53047.79,Refunded,0.0
TES-R13195,TES-O11211,2024-08-27,503.2,Paid,0.0
TES-R12407,TES-O10409,2024-03-02,413.1,Refunded,0.0
TES-R10038,TES-O8769,2025-03-14,85977.07,Paid,0.0
TES-R13837,TES-O11522,2025-09-26,45246.95,Paid,0.0
TES-R17434,TES-O14613,2023-08-09,47697.84,Pending,0.0
TES-R12428,TES-O10192,2024-07-27,86226.9,Paid,0.0
TES-R17053,TES-O8595,2025-05-10,137.46,Paid,20.84
TES-R18298,TES-O6813,2024-11-02,23472.16,Paid,0.0
TES-R12126,TES-O8283,2025-04-01,19432.12,Paid,19432.12
TES-R17703,TES-O6847,2023-07-29,56.33,Paid,0.0
TES-R14915,TES-O7242,2024-03-12,42995.81,Pending,0.0
TES-R16454,TES-O5806,2024-06-15,499.06,Paid,0.0
TES-R17509,TES-O12379,2023-10-19,84694.25,Paid,0.0
TES-R9428,TES-O13754,2025-11-23,10228.06,Paid,0.0
TES-R11744,TES-O10554,2024-07-05,94941.75,Refunded,0.0
TES-R16146,TES-O13608,2025-09-11,155.48,Paid,0.0
TES-R11373,TES-O7415,2024-11-26,697.36,Paid,0.0
TES-R12072,TES-O10468,2024-10-14,11126.91,Paid,0.0
TES-R18612,TES-O10299,2023-03-27,82795.13,Paid,0.0
TES-R12109,TES-O13929,2025-04-08,19205.63,Refunded,0.0
TES-R15971,TES-O8274,2025-02-14,96693.35,Refunded,0.0
TES-R12323,TES-O12909,2024-12-07,41218.16,Paid,0.0
TES-R13255,TES-O9930,2025-08-21,76959.86,Paid,0.0
TES-R10079,TES-O8584,2024-02-10,54801.46,Paid,0.0
TES-R14840,TES-O13446,2024-06-25,43123.43,Paid,0.0
TES-R12544,TES-O9726,2023-11-26,44206.89,Paid,44206.89
TES-R13287,TES-O6227,2023-08-07,50060.08,Paid,0.0
TES-R18162,TES-O13938,2023-06-20,44526.23,Refunded,0.0
TES-R15851,TES-O8144,2024-07-21,19091.55,Paid,0.0
TES-R15656,TES-O6906,2025-12-21,669.8,Refunded,0.0
TES-R12063,TES-O10295,2024-08-28,700.65,Refunded,0.0
TES-R16215,TES-O14923,2025-12-25,50602.37,Paid,0.0
TES-R12887,TES-O5248,2023-10-05,47232.62,Paid,0.0
TES-R10238,TES-O10733,2023-02-16,53751.54,Paid,0.0
TES-R11179,TES-O10247,2023-05-26,38475.01,Paid,0.0
TES-R17664,TES-O13720,2024-10-31,50747.23,Paid,0.0
TES-R17162,TES-O12167,2025-04-29,353.05,Paid,0.0
TES-R10590,TES-O7875,2023-05-14,233.04,Paid,0.0
TES-R15353,TES-O10244,2025-05-29,300.16,Paid,0.0
TES-R15319,TES-O8395,2023-02-08,246.3,Paid,246.3
TES-R17700,TES-O12373,2023-11-22,87367.35,Paid,87367.35
TES-R13655,TES-O7182,2024-07-04,82167.58,Paid,0.0
TES-R18628,TES-O5075,2025-10-10,10344.45,Paid,0.0
TES-R16633,TES-O8410,2024-05-18,,Paid,0.0
TES-R10461,TES-O13640,2023-11-17,92356.98,Pending,0.0
TES-R11142,TES-O5273,2024-01-09,204.38,Refunded,0.0
TES-R17097,TES-O7557,2023-07-31,20281.52,Paid,0.0
TES-R14883,TES-O8700,2023-03-13,91564.92,Paid,91564.92
TES-R13817,TES-O8217,2024-03-04,96874.82,Paid,0.0
TES-R16805,TES-O5485,2024-08-14,46307.73,Paid,0.0
TES-R16799,TES-O14083,2025-10-01,10916.67,Refunded,0.0
TES-R12569,TES-O9249,2023-12-18,162.17,Paid,0.0
TES-R11632,TES-O7848,2025-01-22,11945.83,Paid,0.0
TES-R16638,TES-O5662,2024-11-05,45626.62,Paid,0.0
TES-R9439,TES-O10877,2023-01-11,94177.14,Paid,0.0
TES-R14202,TES-O5507,2023-02-11,749.6,Paid,749.6
TES-R17470,TES-O12248,2024-12-09,428.6,Paid,428.6
TES-R11459,TES-O13891,2023-05-26,84501.95,Paid,0.0
TES-R10588,TES-O7047,2023-02-07,45797.75,Paid,0.0
TES-R16317,TES-O14785,2024-01-06,156.32,Refunded,0.0
TES-R18696,TES-O9999,2025-03-15,437.91,Paid,0.0
TES-R10755,TES-O12887,2025-03-31,20453.93,Refunded,0.0
TES-R12344,TES-O11358,2024-06-27,717.48,Paid,0.0
TES-R9380,TES-O14297,2024-08-10,1165.84,Refunded,0.0
TES-R18584,TES-O7931,2023-07-27,45979.62,Paid,0.0
TES-R15543,TES-O13878,2023-06-02,83876.6,Paid,83876.6
TES-R18194,TES-O10211,2024-07-11,97437.07,Paid,0.0
TES-R17517,TES-O6058,2024-11-04,47646.18,Paid,0.0
TES-R17450,TES-O8605,2025-11-05,93778.84,Paid,0.0
TES-R17290,TES-O12331,2023-06-20,38568.14,Paid,0.0
TES-R12963,TES-O12116,2023-08-23,83124.34,Paid,0.0
TES-R18410,TES-O8905,2024-05-22,47830.57,Paid,0.0
TES-R14002,TES-O9085,2023-03-25,94366.69,Paid,0.0
TES-R17573,TES-O11620,2024-10-19,87795.32,Refunded,0.0
TES-R16244,TES-O7595,2024-02-11,88058.92,Paid,0.0
TES-R11638,TES-O6103,2025-09-12,82436.24,Paid,0.0
TES-R12168,TES-O9014,2024-11-17,1123.4,Pending,0.0
TES-R16048,TES-O8930,2025-09-27,46754.85,Refunded,0.0
TES-R17316,TES-O14140,2025-04-06,52954.25,Paid,0.0
TES-R16639,TES-O10473,2025-09-26,55.86,Refunded,0.0
TES-R13902,TES-O11508,2023-07-09,21325.43,Refunded,0.0
TES-R12279,TES-O7925,2025-08-28,94462.05,Paid,32510.37
TES-R15563,TES-O14245,2023-09-11,10016.98,Paid,0.0
TES-R16995,TES-O14313,2023-06-23,9026.57,Paid,0.0
TES-R13745,TES-O14981,2025-01-06,88866.85,Refunded,0.0
TES-R9786,TES-O10665,2024-03-07,9208.83,Paid,0.0
TES-R10691,TES-O8615,2025-01-28,798.35,Paid,0.0
TES-R18487,TES-O10106,2025-09-15,726.45,Paid,0.0
TES-R15226,TES-O13075,2024-02-08,10765.06,Paid,10765.06
TES-R18562,TES-O9751,2024-02-17,91094.88,Paid,91094.88
TES-R13275,TES-O8672,2024-03-15,21699.15,Paid,0.0
TES-R17540,TES-O10757,2024-06-29,85786.06,Paid,0.0
TES-R14170,TES-O6811,2024-02-14,83012.7,Paid,0.0
TES-R11321,TES-O11858,2025-12-06,,Paid,0.0
TES-R10341,TES-O5250,2024-03-23,11948.26,Paid,0.0
TES-R9230,TES-O5186,2025-07-28,19935.54,Paid,0.0
TES-R9246,TES-O14174,2024-01-13,11468.63,Paid,11468.63
TES-R17212,TES-O12547,2024-12-06,84947.2,Pending,0.0
TES-R18426,TES-O10230,2023-08-07,46069.99,Refunded,0.0
TES-R10357,TES-O14026,2024-04-24,324.64,Paid,0.0
TES-R17263,TES-O13599,2024-10-05,18175.64,Paid,0.0
TES-R16165,TES-O10284,2023-04-20,9102.13,Paid,9102.13
TES-R12295,TES-O11731,2025-07-05,10135.48,Paid,0.0
TES-R17435,TES-O12964,2023-09-18,85671.03,Paid,0.0
TES-R9108,TES-O8976,2023-01-03,44642.08,Paid,0.0
TES-R13772,TES-O7141,2023-03-08,92075.66,Paid,0.0
TES-R12229,TES-O13453,2024-11-05,81179.38,Paid,0.0
TES-R17392,TES-O6524,2024-03-03,44976.12,Paid,0.0
TES-R17027,TES-O9287,2023-06-06,20550.76,Paid,0.0
TES-R9427,TES-O8126,2023-03-05,83082.78,Paid,0.0
TES-R12816,TES-O11961,2023-11-05,38219.8,Refunded,0.0
TES-R17993,TES-O7488,2024-11-14,16362.78,Paid,0.0
TES-R14906,TES-O5661,2025-06-12,44724.34,Paid,0.0
TES-R15313,TES-O13204,2025-08-08,40172.57,Paid,0.0
TES-R11211,TES-O12788,2024-09-26,11168.53,Paid,0.0
TES-R15897,TES-O7938,2024-12-06,89858.27,Paid,89858.27
TES-R16942,TES-O13389,2025-05-19,853.76,Paid,853.76
TES-R12227,TES-O8029,2023-05-25,560.49,Paid,0.0
TES-R13724,TES-O14654,2024-11-30,415.71,Paid,0.0
TES-R14680,TES-O11684,2025-04-06,10913.76,Paid,0.0
TES-R15200,TES-O6532,2023-04-03,243.65,Paid,0.0
TES-R17801,TES-O14858,2023-08-19,294.15,Paid,294.15
TES-R10099,TES-O13114,2024-10-15,91607.42,Paid,0.0
TES-R17698,TES-O6321,2023-12-20,43804.7,Paid,43804.7
TES-R15628,TES-O14006,2023-10-28,43735.36,Paid,0.0
TES-R12451,TES-O9036,2024-01-21,50625.02,Paid,0.0
TES-R16162,TES-O12063,2025-11-02,48102.59,Paid,48102.59
TES-R12663,TES-O7121,2023-07-04,23180.82,Paid,0.0
TES-R16271,TES-O7683,2025-07-22,519.5,Paid,0.0
TES-R15235,TES-O13905,2025-07-22,9258.68,Paid,9258.68
TES-R17714,TES-O11742,2023-03-06,11027.87,Paid,11027.87
TES-R13109,TES-O10737,2025-07-19,778.04,Paid,0.0
TES-R18245,TES-O11136,2024-12-20,93660.05,Paid,0.0
TES-R11997,TES-O10825,2023-09-16,99305.71,Paid,0.0
TES-R16816,TES-O6718,2025-05-30,18009.09,Paid,0.0
TES-R11225,TES-O7178,2025-06-28,49827.81,Paid,0.0
TES-R10097,TES-O7549,2025-05-19,,Paid,0.0
TES-R12421,TES-O9231,2025-05-21,127.85,Paid,0.0
TES-R10725,TES-O14927,2024-04-28,99.72,Paid,0.0
TES-R18102,TES-O7066,2025-02-02,91051.81,Refunded,0.0
TES-R10068,TES-O9749,2025-12-18,65.1,Pending,0.0
TES-R12437,TES-O11822,2023-12-19,44.33,Paid,0.0
TES-R10336,TES-O8744,2024-07-11,88317.72,Paid,0.0
TES-R9989,TES-O11107,2024-11-14,398.6,Paid,398.6
TES-R10849,TES-O14715,2025-02-09,47819.37,Paid,0.0
TES-R11926,TES-O14373,2024-04-26,11746.13,Paid,0.0
TES-R17598,TES-O14139,2025-07-20,11667.03,Paid,0.0
TES-R14648,TES-O14359,2025-02-16,43508.65,Paid,0.0
TES-R12976,TES-O5454,2023-05-23,92227.21,Paid,0.0
TES-R17075,TES-O8916,2023-08-09,443.6,Paid,0.0
TES-R14380,TES-O5411,2024-06-09,9160.5,Paid,0.0
TES-R10272,TES-O6785,2023-12-06,327.93,Paid,0.0
TES-R17180,TES-O12598,2023-06-03,45421.5,Paid,0.0
TES-R16949,TES-O10146,2025-12-28,160.4,Paid,0.0
TES-R14942,TES-O11466,2023-05-06,839.25,Pending,0.0
TES-R11829,TES-O8690,2023-08-24,47095.71,Paid,0.0
TES-R13170,TES-O12562,2024-02-24,310.2,Refunded,0.0
TES-R13912,TES-O11557,2025-03-28,10147.42,Paid,10147.42
TES-R12971,TES-O12735,2023-02-14,84848.15,Paid,84848.15
TES-R15346,TES-O8455,2024-04-22,88097.9,Paid,0.0
TES-R13491,TES-O9307,2023-02-12,88109.46,Paid,88109.46
TES-R9838,TES-O11149,2023-03-07,10824.47,Paid,0.0
TES-R10093,TES-O5933,2023-05-27,39438.19,Paid,0.0
TES-R11074,TES-O9415,2024-04-19,154.06,Paid,0.0
TES-R12446,TES-O5320,2024-10-22,84276.74,Paid,0.0
TES-R15081,TES-O14873,2025-09-07,71.0,Paid,0.0
TES-R9360,TES-O13976,2025-01-28,93421.61,Paid,0.0
TES-R12310,TES-O12795,2023-10-12,50683.15,Paid,0.0
TES-R9510,TES-O5552,2025-08-16,78466.0,Pending,0.0
TES-R9896,TES-O6113,2023-01-17,44735.73,Paid,44735.73
TES-R18543,TES-O14239,2023-02-16,42502.2,Pending,5223.73
TES-R15396,TES-O12372,2023-08-28,11617.86,Refunded,0.0
TES-R13614,TES-O7940,2023-03-05,81329.74,Paid,0.0
TES-R17111,TES-O14128,2024-02-09,552.99,Refunded,0.0
TES-R16062,TES-O11198,2025-03-30,441.57,Paid,0.0
TES-R11622,TES-O9704,2024-09-21,86676.94,Refunded,0.0
TES-R16549,TES-O13902,2025-06-07,48722.08,Refunded,0.0
TES-R9878,TES-O11923,2023-05-09,,Paid,0.0
TES-R13569,TES-O6218,2025-08-17,429.96,Paid,0.0
TES-R17995,TES-O10241,2025-12-28,51.24,Paid,0.0
TES-R11918,TES-O12536,2024-06-07,23939.78,Paid,0.0
TES-R16514,TES-O12579,2024-11-03,719.8,Paid,0.0
TES-R15808,TES-O5931,2023-03-05,193.74,Paid,0.0
TES-R14458,TES-O6568,2025-04-27,82926.68,Refunded,0.0
TES-R17575,TES-O12682,2023-02-27,583.72,Paid,0.0
TES-R16076,TES-O10440,2023-06-10,49825.36,Paid,0.0
TES-R12014,TES-O8750,2025-06-09,91989.04,Paid,91989.04
TES-R17916,TES-O14913,2023-11-09,44373.21,Paid,44373.21
TES-R10113,TES-O6371,2023-01-03,93244.83,Paid,0.0
TES-R10656,TES-O11022,2025-05-10,131.92,Paid,0.0
TES-R10430,TES-O11741,2023-08-21,46268.75,Paid,0.0
TES-R16407,TES-O7997,2024-11-26,83125.47,Paid,0.0
TES-R16507,TES-O11709,2023-09-17,86386.9,Paid,0.0
TES-R18498,TES-O14519,2023-05-10,84077.93,Refunded,11312.73
TES-R12217,TES-O10048,2023-10-25,755.68,Paid,0.0
TES-R15964,TES-O5810,2024-01-10,112.59,Paid,0.0
TES-R11072,TES-O11778,2025-05-27,43787.91,Paid,0.0
TES-R15781,TES-O6856,2025-08-25,87215.5,Paid,0.0
TES-R10778,TES-O9043,2025-12-20,,Pending,0.0
TES-R16342,TES-O6659,2023-05-03,23944.93,Paid,0.0
TES-R17224,TES-O5072,2023-09-03,51216.39,Paid,0.0
TES-R16462,TES-O14457,2024-02-14,42977.37,Paid,0.0
TES-R17900,TES-O8666,2025-06-19,9183.61,Refunded,0.0
TES-R16695,TES-O8492,2024-02-11,24769.81,Paid,0.0
TES-R14441,TES-O11801,2023-06-12,47292.61,Refunded,0.0
TES-R17172,TES-O12726,2025-12-24,81.69,Paid,81.69
TES-R9236,TES-O11513,2024-10-10,20433.33,Refunded,0.0
TES-R14811,TES-O10457,2025-11-18,11708.28,Paid,0.0
TES-R13900,TES-O14224,2025-03-17,18113.66,Paid,18113.66
TES-R12455,TES-O8921,2023-06-20,134.48,Refunded,0.0
TES-R16102,TES-O13841,2025-08-24,97180.06,Paid,0.0
TES-R17124,TES-O10595,2025-09-02,85944.68,Pending,0.0
TES-R16558,TES-O9713,2025-12-19,18856.76,Paid,0.0
TES-R11537,TES-O8923,2024-07-27,92637.22,Paid,0.0
TES-R11787,TES-O6810,2025-09-15,98555.79,Paid,98555.79
TES-R18377,TES-O6553,2024-09-28,53832.82,Paid,53832.82
TES-R15745,TES-O10366,2023-06-09,83201.08,Paid,0.0
TES-R11386,TES-O13780,2023-07-10,88980.79,Paid,88980.79
TES-R12872,TES-O14820,2023-12-27,91681.75,Paid,0.0
TES-R18314,TES-O8887,2025-03-31,,Paid,0.0
TES-R10060,TES-O8103,2025-10-04,715.7,Paid,0.0
TES-R17078,TES-O7724,2025-06-13,98078.48,Paid,0.0
TES-R9856,TES-O5008,2023-06-25,46538.42,Paid,0.0
TES-R11454,TES-O11953,2023-12-16,47819.38,Refunded,0.0
TES-R15433,TES-O7818,2025-01-22,88260.93,Refunded,0.0
TES-R17690,TES-O14852,2025-11-08,90541.39,Paid,90541.39
TES-R14937,TES-O6234,2024-02-05,50435.51,Paid,0.0
TES-R14636,TES-O9206,2024-06-21,615.63,Paid,0.0
TES-R12617,TES-O10465,2023-09-02,20476.81,Paid,0.0
TES-R11895,TES-O8322,2025-03-28,46148.92,Paid,0.0
TES-R15300,TES-O11188,2023-06-04,120.25,Paid,0.0
TES-R11180,TES-O14468,2025-02-15,15714.87,Refunded,0.0
TES-R17234,TES-O14215,2025-04-04,121.88,Paid,0.0
TES-R11109,TES-O8201,2023-05-08,46356.42,Paid,46356.42
TES-R15643,TES-O13836,2023-09-09,794.65,Paid,0.0
TES-R10607,TES-O11295,2024-11-07,394.96,Paid,0.0
TES-R15731,TES-O6601,2025-12-08,51581.81,Paid,0.0
TES-R16738,TES-O8853,2023-06-11,24546.41,Paid,0.0
TES-R11212,TES-O14088,2024-09-20,,Paid,0.0
TES-R18161,TES-O9065,2025-06-10,9209.12,Paid,0.0
TES-R11301,TES-O14624,2023-03-20,976.8,Paid,0.0
TES-R12530,TES-O14257,2025-06-14,10.76,Paid,0.0
TES-R13337,TES-O9321,2025-07-07,39824.66,Paid,0.0
TES-R12461,TES-O14860,2024-10-23,,Refunded,0.0
TES-R9908,TES-O13401,2025-02-27,38504.41,Paid,0.0
TES-R9809,TES-O11279,2023-04-14,22373.88,Paid,0.0
TES-R14071,TES-O10494,2024-09-23,44318.21,Paid,0.0
TES-R12994,TES-O5982,2024-08-29,38842.32,Paid,38842.32
TES-R17933,TES-O9677,2025-04-18,22455.19,Paid,0.0
TES-R11709,TES-O9549,2025-09-16,,Paid,0.0
TES-R13712,TES-O7697,2025-09-29,47449.34,Paid,0.0
TES-R14477,TES-O12429,2023-07-13,11398.47,Paid,0.0
TES-R11267,TES-O12120,2024-04-19,88853.72,Paid,0.0
TES-R13213,TES-O5049,2025-07-04,75618.08,Refunded,0.0
TES-R13580,TES-O13394,2023-08-14,130.26,Refunded,0.0
TES-R14627,TES-O9576,2023-01-14,11138.35,Refunded,0.0
TES-R13057,TES-O10261,2025-10-10,24711.53,Paid,0.0
TES-R17374,TES-O9919,2024-06-26,83076.86,Pending,0.0
TES-R11909,TES-O5770,2025-10-26,84345.55,Paid,0.0
TES-R12149,TES-O14427,2023-12-21,75136.54,Paid,0.0
TES-R16430,TES-O11454,2025-11-10,19127.04,Paid,0.0
TES-R9056,TES-O13110,2025-06-08,192.92,Paid,192.92
TES-R16256,TES-O8724,2025-09-20,77711.78,Refunded,0.0
TES-R13973,TES-O10388,2025-05-25,9112.44,Paid,9112.44
TES-R12968,TES-O14986,2023-01-08,47059.18,Paid,0.0
TES-R12201,TES-O6037,2024-02-10,199.06,Paid,0.0
TES-R16521,TES-O10519,2024-12-03,196.03,Paid,196.03
TES-R15077,TES-O13254,2023-01-16,667.05,Paid,667.05
TES-R12789,TES-O12540,2023-11-20,101.47,Paid,101.47
TES-R9404,TES-O12186,2025-02-12,46407.95,Pending,0.0
TES-R17792,TES-O14379,2024-04-13,39265.82,Paid,0.0
TES-R12792,TES-O5436,2025-02-18,45997.83,Pending,0.0
TES-R12413,TES-O13372,2023-11-06,50132.49,Paid,0.0
TES-R14227,TES-O8943,2024-01-08,141.24,Pending,36.94
TES-R12238,TES-O6698,2024-12-23,21685.56,Paid,0.0
TES-R9653,TES-O9208,2024-06-20,544.65,Paid,0.0
TES-R13464,TES-O11810,2024-04-27,10430.99,Paid,0.0
TES-R14643,TES-O6404,2025-02-09,50513.98,Paid,0.0
TES-R10240,TES-O14271,2023-07-07,40624.35,Paid,0.0
TES-R14426,TES-O5529,2025-10-16,,Paid,0.0
TES-R18124,TES-O5352,2025-05-21,82884.76,Paid,0.0
TES-R13409,TES-O13399,2024-01-09,47757.3,Paid,47757.3
TES-R10249,TES-O7531,2025-05-02,82239.23,Paid,82239.23
TES-R16221,TES-O8317,2025-04-28,24707.85,Refunded,0.0
TES-R18604,TES-O14265,2024-03-11,50108.36,Paid,50108.36
TES-R11998,TES-O5476,2025-07-28,42580.63,Pending,0.0
TES-R9035,TES-O13211,2025-09-26,47762.12,Paid,0.0
TES-R11881,TES-O14552,2023-02-06,9056.98,Paid,0.0
TES-R15554,TES-O12765,2024-04-19,41969.82,Paid,0.0
TES-R10974,TES-O12651,2024-03-11,11853.9,Paid,0.0
TES-R11354,TES-O10475,2023-02-14,9454.6,Refunded,0.0
TES-R11981,TES-O12224,2025-12-31,53532.76,Paid,53532.76
TES-R15986,TES-O7193,2024-07-14,87701.63,Paid,0.0
TES-R9356,TES-O14638,2024-04-08,23640.37,Paid,23640.37
TES-R15806,TES-O12145,2025-07-02,42010.6,Paid,0.0
TES-R18204,TES-O5926,2024-04-17,17018.28,Paid,0.0
TES-R18558,TES-O9796,2023-09-18,63.65,Paid,0.0
TES-R13563,TES-O12169,2023-07-20,10994.34,Refunded,0.0
TES-R17391,TES-O12951,2025-11-04,95100.94,Paid,0.0
TES-R11538,TES-O10339,2023-06-05,90386.72,Paid,0.0
TES-R17183,TES-O9530,2023-03-14,49648.12,Paid,49648.12
TES-R12848,TES-O12219,2023-12-26,85266.34,Paid,0.0
TES-R10033,TES-O5005,2023-06-17,846.05,Paid,0.0
TES-R9019,TES-O7167,2023-09-07,,Paid,0.0
TES-R11805,TES-O9053,2024-06-18,40614.72,Paid,0.0
TES-R11066,TES-O11093,2024-06-06,46145.09,Paid,0.0
TES-R15636,TES-O8782,2023-03-07,10436.19,Refunded,0.0
TES-R18535,TES-O7624,2023-11-12,94820.39,Pending,0.0
TES-R16781,TES-O6128,2023-12-25,86919.18,Paid,0.0
TES-R13705,TES-O8273,2024-12-07,89820.03,Paid,0.0
TES-R11781,TES-O14573,2023-07-31,49767.24,Refunded,0.0
TES-R18095,TES-O11598,2023-05-06,51699.76,Paid,0.0
TES-R13796,TES-O5559,2024-01-19,82930.57,Refunded,0.0
TES-R15795,TES-O10205,2023-05-19,15874.19,Paid,15874.19
TES-R17841,TES-O6320,2023-10-27,42206.45,Paid,42206.45
TES-R18191,TES-O10035,2024-11-29,51714.49,Paid,0.0
TES-R14722,TES-O6671,2025-05-28,83898.06,Paid,0.0
TES-R13370,TES-O8464,2023-10-29,10486.22,Paid,0.0
TES-R16674,TES-O12015,2024-08-06,10636.55,Paid,0.0
TES-R10155,TES-O6968,2025-11-19,84524.26,Paid,0.0
TES-R11399,TES-O6955,2025-03-09,558.04,Paid,110.81
TES-R14337,TES-O10038,2025-04-15,23296.39,Paid,23296.39
TES-R15844,TES-O11058,2023-04-22,44738.33,Paid,0.0
TES-R14172,TES-O14347,2024-07-24,9121.26,Paid,0.0
TES-R11586,TES-O6545,2023-04-17,90103.86,Pending,0.0
TES-R14656,TES-O14958,2025-09-15,741.96,Paid,0.0
TES-R16664,TES-O5904,2025-06-27,9023.97,Paid,0.0
TES-R9959,TES-O12766,2024-07-15,39952.15,Pending,0.0
TES-R13921,TES-O9405,2023-11-02,19180.45,Paid,0.0
TES-R9066,TES-O9203,2023-04-17,90424.08,Refunded,0.0
TES-R15752,TES-O5854,2023-09-16,47461.32,Paid,0.0
TES-R9180,TES-O14600,2025-05-14,44604.17,Pending,0.0
TES-R17568,TES-O7503,2025-12-03,204.32,Paid,0.0
TES-R16610,TES-O13072,2025-12-10,84186.48,Paid,0.0
TES-R11552,TES-O8208,2025-11-14,72.18,Refunded,0.0
TES-R14834,TES-O14256,2023-07-12,52051.39,Paid,0.0
TES-R11884,TES-O8078,2025-01-05,88886.03,Paid,0.0
TES-R10298,TES-O12078,2023-01-16,98855.81,Paid,0.0
TES-R16634,TES-O5823,2023-06-05,23748.13,Paid,0.0
TES-R14541,TES-O5033,2024-01-05,,Paid,0.0
TES-R12071,TES-O11356,2024-09-09,772.15,Paid,0.0
TES-R16801,TES-O11579,2023-02-21,90889.57,Paid,0.0
TES-R10895,TES-O7407,2023-02-20,,Paid,0.0
TES-R18386,TES-O10624,2025-03-08,87651.91,Paid,0.0
TES-R10754,TES-O6489,2025-03-25,77988.34,Paid,0.0
TES-R10749,TES-O8291,2025-06-04,86422.11,Paid,0.0
TES-R12644,TES-O7194,2023-07-25,81481.76,Paid,0.0
TES-R11764,TES-O9159,2024-11-23,340.64,Paid,0.0
TES-R9749,TES-O13290,2025-10-15,15092.92,Paid,0.0
TES-R12944,TES-O12883,2023-12-27,43230.99,Paid,0.0
TES-R9483,TES-O12892,2025-10-16,10738.45,Paid,0.0
TES-R13927,TES-O7250,2025-01-05,531.85,Paid,0.0
TES-R11498,TES-O13274,2025-02-23,39201.02,Paid,0.0
TES-R10103,TES-O11799,2025-03-12,,Paid,0.0
TES-R15181,TES-O12182,2025-05-28,22409.34,Paid,0.0
TES-R13988,TES-O5375,2023-03-03,238.8,Paid,0.0
TES-R9638,TES-O13876,2025-08-19,88983.86,Refunded,0.0
TES-R15455,TES-O14763,2025-12-13,86987.72,Paid,0.0
TES-R16803,TES-O8834,2024-09-05,76938.17,Paid,0.0
TES-R15914,TES-O11950,2024-04-04,52690.44,Paid,0.0
TES-R9223,TES-O8644,2025-03-12,80556.29,Paid,0.0
TES-R10811,TES-O13967,2024-03-09,94482.57,Paid,0.0
TES-R18042,TES-O5532,2025-05-18,9346.19,Refunded,0.0
TES-R11136,TES-O6870,2025-09-01,9064.91,Paid,0.0
TES-R11512,TES-O10156,2025-06-11,40060.92,Paid,0.0
TES-R11978,TES-O11110,2023-12-06,83583.08,Paid,0.0
TES-R17142,TES-O5530,2025-03-23,,Paid,0.0
TES-R12004,TES-O11245,2023-11-13,22009.2,Paid,0.0
TES-R14918,TES-O14717,2024-10-26,86264.79,Pending,0.0
TES-R13397,TES-O8860,2024-03-19,210.66,Paid,0.0
TES-R9590,TES-O5158,2024-11-29,88124.44,Paid,15642.3
TES-R10552,TES-O14203,2024-02-28,43437.32,Refunded,20780.54
TES-R17403,TES-O9731,2024-10-28,11092.93,Pending,0.0
TES-R14081,TES-O13131,2025-04-05,84590.23,Paid,84590.23
TES-R11937,TES-O10631,2023-07-10,11022.53,Paid,0.0
TES-R15564,TES-O10763,2024-05-14,82486.69,Paid,0.0
TES-R13277,TES-O10412,2024-04-01,89658.16,Paid,0.0
TES-R16311,TES-O6898,2025-12-17,296.91,Refunded,0.0
TES-R9577,TES-O8786,2025-08-02,429.8,Paid,429.8
TES-R9059,TES-O9781,2023-01-06,280.05,Paid,0.0
TES-R10799,TES-O13848,2023-10-23,22775.35,Paid,0.0
TES-R17919,TES-O8571,2023-04-18,46677.44,Paid,21704.3
TES-R17293,TES-O13628,2023-12-11,93629.84,Paid,0.0
TES-R14523,TES-O6654,2024-11-27,44622.62,Paid,0.0
TES-R15546,TES-O14806,2025-03-09,372.54,Paid,0.0
TES-R10199,TES-O7661,2023-11-08,42360.41,Paid,0.0
TES-R12076,TES-O5888,2023-10-09,141.9,Paid,0.0
TES-R12390,TES-O12644,2024-05-30,83887.37,Refunded,0.0
TES-R15421,TES-O13516,2023-06-05,99415.49,Paid,0.0
TES-R10956,TES-O12482,2024-10-09,83223.62,Paid,0.0
TES-R18018,TES-O6424,2025-11-26,44930.45,Paid,0.0
TES-R17794,TES-O11162,2023-06-21,99568.95,Paid,0.0
TES-R10870,TES-O8561,2024-08-19,43965.85,Paid,0.0
TES-R10214,TES-O13144,2023-04-05,99772.41,Paid,0.0
TES-R17045,TES-O7481,2024-12-16,751.8,Paid,0.0
TES-R17656,TES-O13328,2023-04-25,87975.78,Paid,87975.78
TES-R16956,TES-O10909,2024-08-30,39231.7,Paid,0.0
TES-R12086,TES-O9455,2024-01-24,803.4,Pending,0.0
TES-R18333,TES-O9807,2024-10-20,87913.95,Paid,0.0
TES-R14874,TES-O14646,2024-09-30,90585.31,Paid,0.0
TES-R16112,TES-O6064,2025-01-26,9562.39,Paid,0.0
TES-R15139,TES-O7404,2025-09-06,624.78,Paid,0.0
TES-R18397,TES-O8740,2023-04-30,98385.49,Paid,0.0
TES-R13711,TES-O14647,2024-11-13,85167.73,Paid,0.0
TES-R12272,TES-O14798,2024-11-02,229.98,Refunded,0.0
TES-R18351,TES-O9016,2025-04-08,103.84,Paid,103.84
TES-R12782,TES-O6849,2024-08-05,77.24,Pending,0.0
TES-R10418,TES-O14200,2024-07-12,10921.21,Pending,0.0
TES-R17675,TES-O9334,2024-10-22,9302.85,Paid,0.0
TES-R17021,TES-O7197,2025-06-29,67.48,Paid,0.0
TES-R14148,TES-O12972,2024-08-13,19709.15,Refunded,0.0
TES-R13163,TES-O8578,2024-11-17,284.99,Paid,284.99
TES-R17119,TES-O6451,2024-11-30,9875.36,Paid,0.0
TES-R14899,TES-O6080,2025-05-20,18013.98,Paid,0.0
TES-R16484,TES-O6154,2023-01-24,130.01,Paid,130.01
TES-R12541,TES-O5223,2024-06-06,85703.61,Paid,0.0
TES-R13805,TES-O7165,2025-11-18,16345.85,Paid,0.0
TES-R15814,TES-O7572,2023-02-15,10486.39,Paid,0.0
TES-R16144,TES-O9874,2025-04-15,45794.41,Paid,8922.17
TES-R14938,TES-O8178,2025-06-03,80809.34,Paid,0.0
TES-R12649,TES-O8165,2025-11-27,83696.49,Paid,0.0
TES-R12382,TES-O11264,2025-06-09,52888.93,Paid,0.0
TES-R9892,TES-O5693,2025-09-20,343.48,Refunded,0.0
TES-R11171,TES-O11982,2025-08-05,410.44,Pending,0.0
TES-R12761,TES-O9637,2023-05-17,92228.54,Pending,0.0
TES-R12734,TES-O11202,2023-09-03,39821.16,Paid,0.0
TES-R15454,TES-O7835,2023-11-27,629.85,Paid,629.85
TES-R9072,TES-O10170,2024-11-02,9048.08,Paid,0.0
TES-R14897,TES-O11862,2025-11-30,113.48,Paid,0.0
TES-R18288,TES-O9941,2024-11-24,83990.73,Pending,0.0
TES-R13650,TES-O10417,2023-08-08,1089.04,Paid,1089.04
TES-R18440,TES-O14745,2024-04-03,23577.4,Refunded,0.0
TES-R9377,TES-O11996,2025-09-24,22009.9,Paid,0.0
TES-R16974,TES-O5786,2025-04-09,97597.51,Paid,0.0
TES-R10654,TES-O8761,2024-03-24,204.36,Paid,0.0
TES-R15493,TES-O14562,2023-11-13,93.63,Refunded,0.0
TES-R9364,TES-O11617,2025-12-08,90716.32,Paid,0.0
TES-R13349,TES-O5331,2023-05-02,9654.85,Paid,0.0
TES-R12522,TES-O6835,2023-11-09,,Paid,0.0
TES-R14416,TES-O8879,2025-02-21,52264.06,Paid,0.0
TES-R11868,TES-O9012,2025-03-09,11974.8,Pending,0.0
TES-R13007,TES-O9030,2023-09-27,91852.32,Paid,0.0
TES-R12452,TES-O12678,2025-08-11,16902.93,Paid,0.0
TES-R15677,TES-O8154,2025-12-01,92537.32,Paid,0.0
TES-R18013,TES-O5534,2024-01-05,15590.34,Paid,0.0
TES-R18036,TES-O7188,2023-01-06,76528.67,Paid,0.0
TES-R13403,TES-O12740,2024-07-26,43992.0,Paid,0.0
TES-R10487,TES-O9090,2025-07-30,90877.19,Paid,90877.19
TES-R13130,TES-O10081,2024-11-29,169.9,Paid,0.0
TES-R16362,TES-O13137,2025-03-23,299.64,Paid,0.0
TES-R16528,TES-O13359,2024-10-14,10094.12,Paid,0.0
TES-R18363,TES-O7437,2024-01-08,395.54,Paid,0.0
TES-R9559,TES-O7292,2025-09-15,10705.47,Paid,10705.47
TES-R16368,TES-O12341,2023-10-31,52935.33,Paid,0.0
TES-R10555,TES-O14047,2023-11-24,265.5,Paid,265.5
TES-R11961,TES-O7737,2025-12-10,24082.02,Paid,0.0
TES-R16510,TES-O6556,2023-01-27,18277.03,Paid,18277.03
TES-R17460,TES-O13164,2024-09-03,289.94,Paid,0.0
TES-R13391,TES-O9374,2024-01-06,47893.44,Paid,47893.44
TES-R17270,TES-O6109,2025-05-04,,Paid,0.0
TES-R15145,TES-O5489,2023-03-12,39592.71,Paid,0.0
TES-R11853,TES-O7676,2024-05-10,46507.45,Refunded,0.0
TES-R15399,TES-O12959,2024-04-15,,Paid,0.0
TES-R15315,TES-O14344,2025-05-29,42783.63,Paid,0.0
TES-R13572,TES-O10559,2024-12-10,50281.86,Paid,0.0
TES-R10054,TES-O9041,2023-08-15,,Paid,0.0
TES-R11230,TES-O7322,2023-08-02,11092.55,Paid,0.0
TES-R18455,TES-O14407,2025-11-12,9782.8,Paid,0.0
TES-R12103,TES-O7186,2025-07-26,677.73,Paid,0.0
TES-R13610,TES-O9057,2025-09-09,971.95,Paid,0.0
TES-R18051,TES-O8181,2024-04-24,221.18,Paid,221.18
TES-R10874,TES-O10447,2025-04-10,22846.29,Paid,0.0
TES-R15228,TES-O9605,2025-01-29,16605.69,Paid,0.0
TES-R14109,TES-O11294,2025-09-26,41784.1,Refunded,0.0
TES-R15091,TES-O12733,2023-01-24,9033.46,Paid,9033.46
TES-R9172,TES-O10407,2023-09-30,80566.72,Paid,80566.72
TES-R18396,TES-O11090,2024-09-08,11610.95,Paid,0.0
TES-R13154,TES-O12294,2024-09-17,76690.8,Paid,0.0
TES-R17706,TES-O5220,2023-11-14,80898.62,Paid,0.0
TES-R15787,TES-O14017,2025-07-18,18845.61,Paid,18845.61
TES-R11250,TES-O5113,2025-07-28,84179.82,Paid,0.0
TES-R9619,TES-O12621,2023-10-05,84478.11,Refunded,0.0
TES-R18411,TES-O9332,2023-09-12,82779.45,Paid,0.0
TES-R17046,TES-O10171,2025-03-09,76.07,Paid,0.0
TES-R10652,TES-O10960,2023-12-22,82532.94,Paid,0.0
TES-R13365,TES-O5601,2024-03-21,92195.01,Paid,92195.01
TES-R15838,TES-O5634,2023-10-22,955.64,Paid,0.0
TES-R18260,TES-O13685,2024-10-08,89239.32,Paid,0.0
TES-R13441,TES-O10680,2025-04-01,9057.55,Refunded,0.0
TES-R13946,TES-O12745,2023-06-14,9205.07,Paid,0.0
TES-R9828,TES-O5803,2025-01-17,58.68,Paid,0.0
TES-R17584,TES-O13350,2025-12-20,87334.2,Paid,87334.2
TES-R17835,TES-O13954,2023-11-12,72.72,Paid,0.0
TES-R12095,TES-O9758,2025-07-03,89355.13,Refunded,0.0
TES-R12223,TES-O6085,2025-12-02,11586.47,Paid,0.0
TES-R11713,TES-O14275,2025-09-28,10265.28,Paid,0.0
TES-R14371,TES-O13430,2023-01-12,346.55,Pending,0.0
TES-R11775,TES-O7853,2024-11-15,81783.41,Paid,0.0
TES-R10048,TES-O5536,2024-07-21,93286.96,Paid,0.0
TES-R18111,TES-O6191,2023-06-14,75617.45,Paid,0.0
TES-R17942,TES-O10891,2024-12-08,11719.99,Paid,0.0
TES-R12987,TES-O6219,2023-12-27,,Paid,0.0
TES-R9524,TES-O9099,2025-11-11,45412.55,Paid,0.0
TES-R10925,TES-O14726,2023-03-18,219.64,Pending,0.0
TES-R10697,TES-O5692,2025-05-05,,Paid,244.28
TES-R16470,TES-O11030,2024-07-05,,Paid,0.0
TES-R15669,TES-O12401,2024-12-23,9429.49,Paid,9429.49
TES-R13444,TES-O5106,2024-01-13,897.0,Paid,0.0
TES-R15513,TES-O9777,2024-05-15,18470.19,Paid,0.0
TES-R13829,TES-O13782,2024-04-23,54588.83,Paid,0.0
TES-R9823,TES-O14387,2023-07-02,123.57,Paid,0.0
TES-R11041,TES-O9730,2024-09-19,11926.07,Paid,0.0
TES-R17368,TES-O13652,2023-07-31,720.76,Paid,0.0
TES-R15467,TES-O12708,2024-06-28,10362.83,Paid,0.0
TES-R18603,TES-O8573,2024-10-09,21193.21,Refunded,0.0
TES-R17820,TES-O7904,2024-11-21,85294.72,Paid,0.0
TES-R16776,TES-O12865,2025-08-16,90750.38,Paid,0.0
TES-R11639,TES-O12149,2023-07-08,91744.78,Paid,0.0
TES-R9008,TES-O7132,2024-01-27,468.24,Paid,0.0
TES-R11390,TES-O5292,2023-09-16,10624.84,Pending,0.0
TES-R12065,TES-O11326,2023-01-23,43426.0,Paid,0.0
TES-R11758,TES-O13633,2023-05-01,41721.91,Paid,0.0
TES-R17276,TES-O8241,2024-09-16,21271.11,Paid,0.0
TES-R11848,TES-O9441,2025-10-28,,Paid,38327.85
TES-R16471,TES-O6904,2024-10-05,18703.01,Paid,0.0
TES-R9556,TES-O12402,2023-01-18,45722.67,Refunded,0.0
TES-R12207,TES-O14522,2025-12-25,22803.66,Paid,0.0
TES-R15037,TES-O7468,2024-04-08,194.66,Paid,0.0
TES-R15871,TES-O5166,2023-03-23,21791.04,Pending,0.0
TES-R18524,TES-O6176,2024-07-26,77.2,Refunded,0.0
TES-R10172,TES-O11895,2023-09-13,10174.38,Paid,0.0
TES-R13363,TES-O11221,2023-09-03,44242.2,Paid,0.0
TES-R9502,TES-O9385,2023-04-29,11728.22,Paid,0.0
TES-R16596,TES-O6853,2024-05-12,18403.85,Paid,18403.85
TES-R12609,TES-O8731,2025-06-22,11123.46,Paid,0.0
TES-R9737,TES-O11563,2025-11-27,17179.26,Paid,0.0
TES-R18035,TES-O14776,2023-07-24,345.2,Paid,0.0
TES-R11898,TES-O14557,2024-10-19,942.45,Paid,0.0
TES-R14116,TES-O14809,2023-07-27,52765.29,Paid,0.0
TES-R14876,TES-O11796,2025-06-21,83.65,Paid,83.65
TES-R14676,TES-O12262,2023-10-08,75616.16,Paid,75616.16
TES-R10982,TES-O9878,2025-08-20,76301.35,Paid,0.0
TES-R10647,TES-O12992,2023-07-08,99625.48,Paid,0.0
TES-R14273,TES-O11654,2023-09-18,10637.01,Refunded,0.0
TES-R16387,TES-O10362,2023-05-03,44539.56,Paid,0.0
TES-R11060,TES-O8827,2025-02-21,11914.7,Paid,0.0
TES-R15047,TES-O8604,2024-01-12,84457.16,Paid,0.0
TES-R15438,TES-O14660,2024-07-15,20306.41,Paid,0.0
TES-R12148,TES-O14802,2025-04-28,124.32,Paid,0.0
TES-R12888,TES-O12541,2025-04-05,92221.89,Paid,0.0
TES-R11904,TES-O13875,2025-11-24,9528.69,Paid,0.0
TES-R18235,TES-O7183,2025-10-01,39653.31,Refunded,0.0
TES-R13082,TES-O12106,2023-01-10,48932.96,Refunded,0.0
TES-R17637,TES-O7078,2023-12-02,10904.84,Pending,0.0
TES-R10086,TES-O8016,2023-04-11,87065.7,Paid,0.0
TES-R12108,TES-O10151,2023-06-11,101.55,Refunded,0.0
TES-R11010,TES-O10581,2024-01-17,47394.47,Paid,0.0
TES-R9542,TES-O12589,2023-04-02,20113.39,Paid,0.0
TES-R9354,TES-O6190,2023-08-18,24940.22,Refunded,0.0
TES-R9233,TES-O5282,2024-11-16,47635.42,Pending,0.0
TES-R18257,TES-O10203,2024-11-08,42178.44,Paid,0.0
TES-R14366,TES-O8348,2024-12-13,,Paid,0.0
TES-R14399,TES-O10597,2023-08-15,51280.35,Paid,0.0
TES-R11445,TES-O11656,2024-09-30,11848.66,Paid,0.0
TES-R11023,TES-O7236,2025-05-14,10397.32,Paid,0.0
TES-R15505,TES-O7693,2025-01-28,42504.57,Paid,0.0
TES-R16158,TES-O6367,2025-06-08,11732.74,Paid,0.0
TES-R11847,TES-O10705,2025-10-20,52709.86,Paid,0.0
TES-R12449,TES-O7721,2023-05-30,9468.88,Paid,0.0
TES-R14525,TES-O14679,2025-08-09,16126.58,Paid,0.0
TES-R11270,TES-O11755,2024-04-01,48288.17,Paid,0.0
TES-R10095,TES-O11674,2025-05-29,11836.21,Paid,0.0
TES-R9617,TES-O14684,2023-08-06,19955.1,Paid,19955.1
TES-R10596,TES-O13734,2024-02-02,43461.23,Paid,0.0
TES-R17528,TES-O10668,2024-02-27,9765.41,Paid,0.0
TES-R11415,TES-O6476,2023-09-24,54335.96,Paid,0.0
TES-R10608,TES-O9146,2025-01-03,84723.13,Paid,0.0
TES-R17593,TES-O12741,2025-11-17,265.87,Paid,0.0
TES-R10645,TES-O6493,2024-02-13,16705.48,Refunded,0.0
TES-R15705,TES-O10861,2023-07-25,45066.83,Paid,0.0
TES-R9485,TES-O11038,2025-07-07,47058.95,Paid,0.0
TES-R13026,TES-O7258,2024-02-20,666.76,Paid,0.0
TES-R16147,TES-O11942,2025-08-07,11370.66,Paid,0.0
TES-R12902,TES-O12016,2024-01-25,90501.02,Paid,0.0
TES-R12262,TES-O7060,2025-06-01,83532.94,Paid,0.0
TES-R15471,TES-O6630,2024-08-27,93292.95,Paid,93292.95
TES-R13325,TES-O6005,2025-01-20,84660.1,Paid,0.0
TES-R10308,TES-O12198,2023-02-28,700.32,Pending,0.0
TES-R14243,TES-O8011,2025-05-10,9083.62,Refunded,0.0
TES-R10029,TES-O9950,2023-10-26,50.22,Pending,0.0
TES-R10673,TES-O10056,2023-01-30,75.28,Paid,0.0
TES-R11766,TES-O14853,2025-10-13,136.56,Paid,0.0
TES-R14817,TES-O8640,2023-09-01,81980.59,Paid,0.0
TES-R10814,TES-O11444,2023-03-19,42495.95,Paid,0.0
TES-R15767,TES-O13609,2023-07-08,81618.94,Paid,81618.94
TES-R17779,TES-O10687,2024-07-30,50746.7,Paid,50746.7
TES-R17462,TES-O10962,2024-05-13,38290.32,Paid,38290.32
TES-R17484,TES-O11835,2024-03-21,18681.36,Paid,18681.36
TES-R10179,TES-O10246,2023-05-02,18072.51,Paid,0.0
TES-R16309,TES-O13335,2024-12-27,17023.11,Paid,17023.11
TES-R17843,TES-O11864,2024-12-27,985.64,Paid,0.0
TES-R9014,TES-O13859,2024-07-04,513.55,Paid,513.55
TES-R15193,TES-O11369,2023-09-21,10642.5,Paid,0.0
TES-R14901,TES-O7171,2025-09-02,51847.68,Paid,0.0
TES-R15128,TES-O11630,2024-02-05,42763.81,Paid,0.0
TES-R15895,TES-O12358,2025-07-02,48992.6,Paid,0.0
TES-R11002,TES-O12553,2023-05-20,44309.27,Paid,20652.94
TES-R13140,TES-O12398,2025-03-11,166.02,Paid,0.0
TES-R13193,TES-O9847,2025-09-01,165.6,Paid,0.0
TES-R15538,TES-O7200,2024-08-13,39428.76,Paid,0.0
TES-R17587,TES-O10511,2024-11-20,10253.26,Paid,0.0
TES-R14637,TES-O13396,2024-12-12,10600.67,Paid,0.0
TES-R12687,TES-O10937,2024-12-02,385.56,Paid,385.56
TES-R11090,TES-O9900,2024-08-20,23867.05,Paid,23867.05
TES-R15447,TES-O11488,2024-08-05,1461.05,Paid,0.0
TES-R10646,TES-O9251,2025-07-03,10090.45,Refunded,0.0
TES-R10260,TES-O13739,2025-04-21,43692.81,Paid,0.0
TES-R15883,TES-O11688,2025-12-12,9457.07,Paid,0.0
TES-R16061,TES-O13320,2023-05-15,10350.9,Pending,0.0
TES-R15950,TES-O11171,2023-02-25,23605.68,Paid,0.0
TES-R11806,TES-O10585,2024-08-11,80296.47,Refunded,0.0
TES-R17674,TES-O10659,2023-07-10,,Paid,0.0
TES-R15990,TES-O13802,2025-03-06,75744.03,Pending,0.0
TES-R14453,TES-O12722,2025-04-22,48763.43,Pending,0.0
TES-R15143,TES-O5308,2025-12-25,45114.7,Paid,45114.7
TES-R12502,TES-O10854,2025-05-04,43246.89,Refunded,0.0
TES-R11137,TES-O14917,2023-08-12,260.78,Refunded,0.0
TES-R12668,TES-O5134,2025-08-25,98313.51,Paid,0.0
TES-R17625,TES-O6663,2023-02-24,49162.7,Paid,0.0
TES-R10941,TES-O8968,2024-04-21,42318.46,Paid,42318.46
TES-R11676,TES-O5729,2024-11-06,245.1,Paid,245.1
TES-R9441,TES-O14943,2024-08-20,10155.54,Paid,10155.54
TES-R11487,TES-O6953,2023-04-02,10326.93,Paid,0.0
TES-R18090,TES-O14223,2024-10-02,75558.62,Paid,0.0
TES-R9342,TES-O7267,2023-08-30,98465.74,Paid,0.0
TES-R18096,TES-O9716,2024-10-03,90576.14,Paid,0.0
TES-R18166,TES-O11008,2024-10-22,10702.28,Paid,0.0
TES-R18256,TES-O7887,2024-09-29,40124.13,Paid,0.0
TES-R15854,TES-O5234,2023-03-30,9568.56,Refunded,0.0
TES-R16281,TES-O13252,2024-03-04,82745.76,Paid,82745.76
TES-R15684,TES-O13510,2025-11-15,15773.96,Paid,0.0
TES-R9669,TES-O14498,2024-12-05,372.24,Paid,0.0
TES-R12184,TES-O10333,2024-02-23,79828.56,Paid,0.0
TES-R13516,TES-O13150,2023-03-28,50096.04,Paid,0.0
TES-R13465,TES-O9186,2025-12-19,82022.58,Paid,0.0
TES-R12278,TES-O11120,2025-11-06,10959.41,Paid,0.0
TES-R15802,TES-O9978,2025-08-01,525.24,Paid,525.24
TES-R15778,TES-O6495,2025-02-20,,Paid,0.0
TES-R10927,TES-O5393,2025-06-20,39023.81,Paid,39023.81
TES-R16018,TES-O8352,2024-09-28,97001.08,Pending,0.0
TES-R15219,TES-O5513,2024-06-05,23577.42,Paid,23577.42
TES-R9663,TES-O8369,2025-10-30,44763.45,Refunded,0.0
TES-R18310,TES-O14015,2023-09-29,11425.41,Paid,0.0
TES-R15332,TES-O5332,2025-03-31,567.6,Paid,567.6
TES-R16229,TES-O9801,2023-12-14,22.04,Refunded,10.08
TES-R12438,TES-O13060,2024-01-04,90741.0,Pending,0.0
TES-R11095,TES-O13295,2023-09-23,,Paid,384.75
TES-R15738,TES-O10567,2025-02-21,91808.64,Paid,0.0
TES-R14850,TES-O13914,2024-01-09,87288.24,Pending,0.0
TES-R15169,TES-O5921,2024-01-22,46212.04,Paid,0.0
TES-R11749,TES-O14276,2023-04-12,86432.37,Paid,0.0
TES-R14167,TES-O8266,2024-05-03,11982.32,Refunded,0.0
TES-R13463,TES-O10383,2024-02-03,385.54,Paid,0.0
TES-R14105,TES-O8270,2023-08-02,98073.72,Paid,98073.72
TES-R15906,TES-O9453,2025-08-07,129.3,Paid,54.99
TES-R11082,TES-O10030,2024-05-10,53193.63,Refunded,0.0
TES-R11272,TES-O12415,2023-05-21,19660.64,Paid,0.0
TES-R10371,TES-O6860,2025-01-02,17976.93,Paid,0.0
TES-R16481,TES-O12583,2024-10-13,82922.15,Pending,0.0
TES-R9292,TES-O14384,2023-02-24,23268.82,Refunded,0.0
TES-R10852,TES-O14777,2023-06-04,87002.48,Paid,40964.16
TES-R13396,TES-O10078,2024-01-24,38768.93,Paid,0.0
TES-R18453,TES-O7420,2025-06-27,91496.5,Pending,0.0
TES-R18269,TES-O14518,2024-10-19,176.2,Paid,0.0
TES-R15275,TES-O10710,2024-09-07,43001.32,Paid,0.0
TES-R16073,TES-O12153,2025-08-08,42651.78,Paid,0.0
TES-R11140,TES-O7592,2024-07-26,78.0,Paid,0.0
TES-R16751,TES-O6046,2024-01-25,18408.62,Paid,0.0
TES-R12219,TES-O10715,2024-09-13,46784.89,Pending,0.0
TES-R12907,TES-O11039,2025-01-25,644.35,Paid,0.0
TES-R14244,TES-O13778,2024-08-31,62.18,Paid,0.0
TES-R10455,TES-O11986,2023-01-09,1168.32,Paid,0.0
TES-R17503,TES-O14392,2023-10-20,79455.56,Paid,0.0
TES-R13512,TES-O9770,2023-07-26,10756.95,Refunded,0.0
TES-R13778,TES-O13738,2025-06-09,421.29,Paid,0.0
TES-R10096,TES-O5500,2024-05-31,91053.07,Pending,0.0
TES-R12975,TES-O7909,2025-03-12,78831.28,Paid,0.0
TES-R15334,TES-O13124,2024-10-27,41064.39,Paid,0.0
TES-R16464,TES-O11973,2023-12-21,10094.6,Paid,10094.6
TES-R17815,TES-O14134,2023-08-30,187.32,Paid,0.0
TES-R11210,TES-O7823,2023-04-01,18995.01,Paid,0.0
TES-R11558,TES-O6787,2024-05-11,377.28,Paid,0.0
TES-R10781,TES-O8857,2023-01-12,85549.98,Paid,0.0
TES-R15197,TES-O9889,2024-01-12,45281.14,Paid,0.0
TES-R11627,TES-O10948,2024-07-31,79964.12,Paid,0.0
TES-R14744,TES-O6200,2025-05-29,52434.79,Paid,0.0
TES-R16835,TES-O5725,2025-09-27,47296.16,Paid,0.0
TES-R14554,TES-O11987,2025-06-25,23328.25,Paid,0.0
TES-R15086,TES-O5443,2025-07-21,375.78,Paid,0.0
TES-R12969,TES-O6066,2025-09-10,86008.52,Paid,0.0
TES-R16941,TES-O12550,2023-05-18,38593.88,Paid,0.0
TES-R14346,TES-O5585,2023-09-10,47813.08,Refunded,0.0
TES-R11314,TES-O12343,2024-08-13,10370.71,Paid,5100.56
TES-R10139,TES-O7625,2023-10-14,,Paid,0.0
TES-R17358,TES-O7648,2024-02-04,99699.53,Paid,0.0
TES-R10796,TES-O6296,2024-09-09,10029.56,Paid,10029.56
TES-R17645,TES-O11009,2023-10-17,48138.17,Paid,0.0
TES-R9102,TES-O13536,2024-01-27,51817.18,Paid,0.0
TES-R12674,TES-O13151,2024-05-28,25.7,Refunded,0.0
TES-R9508,TES-O14729,2025-11-28,24709.49,Paid,0.0
TES-R11727,TES-O8805,2025-04-15,65.36,Paid,65.36
TES-R15753,TES-O8620,2023-03-10,98286.81,Paid,98286.81
TES-R10840,TES-O12005,2025-08-16,82367.62,Refunded,0.0
TES-R16225,TES-O7656,2025-07-19,53255.57,Paid,0.0
TES-R13122,TES-O9673,2023-05-31,82615.03,Paid,0.0
TES-R11364,TES-O10967,2025-09-07,102.41,Paid,0.0
TES-R9920,TES-O8169,2023-01-21,15612.17,Paid,0.0
TES-R9084,TES-O7482,2025-02-11,54593.26,Paid,0.0
TES-R17256,TES-O5848,2024-08-05,77063.35,Paid,0.0
TES-R10018,TES-O13062,2024-08-15,18058.85,Paid,0.0
TES-R15670,TES-O11433,2025-04-07,38333.84,Paid,0.0
TES-R14415,TES-O7609,2024-09-04,17024.97,Paid,0.0
TES-R15779,TES-O7888,2023-11-13,85729.83,Paid,85729.83
TES-R10082,TES-O12128,2023-07-30,51409.63,Paid,0.0
TES-R11944,TES-O8546,2024-03-04,9687.32,Paid,0.0
TES-R18286,TES-O13133,2025-11-28,17414.43,Pending,0.0
TES-R9074,TES-O7001,2025-05-24,44050.21,Refunded,0.0
TES-R13019,TES-O7205,2024-05-21,54078.28,Paid,54078.28
TES-R13416,TES-O10338,2023-05-11,248.1,Paid,0.0
TES-R9287,TES-O6725,2025-05-08,46888.8,Paid,0.0
TES-R9213,TES-O11084,2025-05-23,335.04,Paid,335.04
TES-R10624,TES-O10860,2024-08-25,1051.55,Pending,0.0
TES-R12353,TES-O13330,2023-07-31,23388.5,Paid,0.0
TES-R9540,TES-O9925,2024-04-18,15789.05,Paid,0.0
TES-R16694,TES-O10103,2025-08-01,91302.93,Pending,38212.62
TES-R16474,TES-O9529,2024-09-16,,Pending,0.0
TES-R14486,TES-O13666,2023-07-26,9560.11,Paid,0.0
TES-R16826,TES-O14878,2025-07-26,43159.87,Paid,43159.87
TES-R18513,TES-O10323,2024-10-13,43929.31,Paid,43929.31
TES-R11569,TES-O6101,2023-07-02,82476.17,Refunded,0.0
TES-R16821,TES-O12309,2024-03-12,10750.14,Refunded,0.0
TES-R16923,TES-O8448,2023-07-18,10654.75,Paid,0.0
TES-R10881,TES-O13319,2024-03-19,339.55,Paid,0.0
TES-R9798,TES-O5747,2024-10-29,11481.04,Refunded,0.0
TES-R10220,TES-O12913,2024-08-09,47712.44,Paid,0.0
TES-R18364,TES-O11611,2025-08-19,152.79,Refunded,62.78
TES-R13168,TES-O6949,2024-05-04,49737.08,Paid,49737.08
TES-R10264,TES-O11750,2024-05-12,83927.53,Paid,0.0
TES-R10931,TES-O9502,2024-04-25,45298.67,Refunded,0.0
TES-R17261,TES-O5653,2024-05-09,50144.18,Paid,5709.21
TES-R10044,TES-O12719,2025-11-12,76187.78,Paid,0.0
TES-R17804,TES-O12201,2023-07-13,9790.81,Paid,0.0
TES-R14469,TES-O14721,2023-06-11,161.02,Paid,0.0
TES-R16668,TES-O13831,2024-03-27,590.84,Paid,590.84
TES-R10801,TES-O9098,2023-07-18,79690.62,Refunded,0.0
TES-R12932,TES-O10686,2025-09-09,674.64,Paid,0.0
TES-R18668,TES-O9535,2025-08-01,41255.86,Paid,0.0
TES-R17312,TES-O9072,2024-11-24,89505.03,Paid,0.0
TES-R9125,TES-O10978,2025-05-20,86257.28,Paid,0.0
TES-R13689,TES-O8639,2025-10-25,86473.03,Paid,0.0
TES-R9995,TES-O10849,2023-05-21,45356.52,Refunded,0.0
TES-R12177,TES-O11815,2025-09-10,152.68,Paid,152.68
TES-R16623,TES-O7059,2024-05-14,9959.46,Pending,0.0
TES-R14820,TES-O10647,2025-09-23,59.6,Paid,0.0
TES-R16671,TES-O8191,2023-08-22,92650.49,Refunded,0.0
TES-R14427,TES-O12352,2023-12-23,91119.37,Paid,0.0
TES-R17058,TES-O5260,2025-01-27,46411.27,Paid,0.0
TES-R17140,TES-O12746,2025-12-25,88343.02,Pending,0.0
TES-R18339,TES-O6738,2023-11-07,246.23,Paid,0.0
TES-R17671,TES-O12476,2024-07-08,86626.52,Paid,86626.52
TES-R18082,TES-O5911,2023-05-27,96289.7,Paid,96289.7
TES-R12710,TES-O11251,2024-09-12,,Refunded,0.0
TES-R12730,TES-O11724,2025-09-27,95662.41,Refunded,0.0
TES-R14898,TES-O9769,2024-12-03,23835.82,Paid,0.0
TES-R13223,TES-O11064,2023-08-19,296.62,Paid,0.0
TES-R9018,TES-O9550,2025-02-15,9341.56,Paid,0.0
TES-R16965,TES-O14834,2024-09-24,16763.02,Paid,16763.02
TES-R17409,TES-O7934,2023-09-02,832.74,Paid,832.74
TES-R12256,TES-O10467,2024-03-15,704.6,Paid,0.0
TES-R18189,TES-O10835,2023-01-28,47121.91,Paid,47121.91
TES-R10329,TES-O5089,2024-07-19,19492.01,Paid,0.0
TES-R16239,TES-O10785,2025-02-25,58.64,Paid,0.0
TES-R17592,TES-O14033,2025-01-08,98884.48,Paid,0.0
TES-R13562,TES-O12843,2023-10-31,90445.54,Paid,12041.43
TES-R12135,TES-O12928,2025-10-05,78894.28,Paid,78894.28
TES-R14950,TES-O6739,2024-01-23,75745.27,Paid,0.0
TES-R15010,TES-O11991,2025-05-12,50255.26,Paid,0.0
TES-R13949,TES-O8090,2023-04-04,79.47,Paid,0.0
TES-R15098,TES-O5150,2025-12-11,45074.71,Paid,45074.71
TES-R18116,TES-O9600,2024-05-03,9124.94,Paid,0.0
TES-R14078,TES-O5627,2024-05-30,86477.23,Refunded,0.0
TES-R18402,TES-O9533,2024-05-28,50298.43,Paid,50298.43
TES-R12814,TES-O8256,2023-03-30,,Paid,0.0
TES-R10234,TES-O10716,2023-08-14,54509.39,Paid,0.0
TES-R13740,TES-O6460,2023-01-10,567.76,Paid,146.45
TES-R16069,TES-O8070,2024-10-27,11613.95,Pending,0.0
TES-R16520,TES-O12819,2023-01-26,49.24,Paid,0.0
TES-R16489,TES-O8045,2024-07-19,10506.79,Paid,0.0
TES-R12430,TES-O11324,2024-03-11,,Paid,0.0
TES-R16083,TES-O7910,2024-03-16,46113.37,Paid,0.0
TES-R15704,TES-O9841,2024-07-11,274.26,Paid,274.26
TES-R17906,TES-O10970,2024-12-09,95683.24,Refunded,0.0
TES-R10698,TES-O8179,2025-08-20,44.82,Paid,0.0
TES-R9521,TES-O12750,2023-05-19,132.47,Paid,132.47
TES-R16997,TES-O14500,2023-01-29,,Paid,54738.05
TES-R18534,TES-O13261,2023-07-18,44186.53,Paid,0.0
TES-R10194,TES-O13669,2023-07-10,53592.09,Paid,0.0
TES-R16802,TES-O12667,2024-06-17,94.24,Paid,0.0
TES-R15449,TES-O6232,2024-04-21,46738.89,Paid,0.0
TES-R12602,TES-O11919,2024-01-28,46682.67,Paid,0.0
TES-R10766,TES-O9926,2023-07-11,190.18,Pending,0.0
TES-R11610,TES-O6642,2025-05-08,87147.35,Paid,0.0
TES-R17109,TES-O13364,2023-03-19,90794.25,Pending,0.0
TES-R15867,TES-O10189,2023-09-28,83243.77,Paid,0.0
TES-R16123,TES-O11342,2025-08-22,24062.98,Refunded,0.0
TES-R15291,TES-O13622,2024-07-17,88615.63,Paid,0.0
TES-R14111,TES-O5274,2023-08-21,82153.04,Paid,0.0
TES-R17681,TES-O5649,2025-10-08,49943.69,Refunded,0.0
TES-R18201,TES-O14410,2023-11-05,38164.81,Paid,0.0
TES-R10296,TES-O10079,2023-04-27,54331.36,Paid,0.0
TES-R12081,TES-O8865,2024-09-18,700.9,Paid,700.9
TES-R14652,TES-O10655,2025-12-05,449.16,Paid,0.0
TES-R10350,TES-O8200,2023-05-22,,Refunded,0.0
TES-R16739,TES-O5001,2024-10-08,,Refunded,0.0
TES-R13842,TES-O8306,2024-10-14,80363.86,Paid,0.0
TES-R17424,TES-O11717,2025-12-06,,Refunded,0.0
TES-R13215,TES-O8664,2025-10-31,1267.5,Paid,0.0
TES-R18385,TES-O14775,2024-06-03,89776.58,Paid,0.0
TES-R15660,TES-O12155,2023-08-17,96388.34,Refunded,0.0
TES-R10505,TES-O13234,2024-02-19,10454.44,Refunded,0.0
TES-R14435,TES-O9893,2023-09-24,89825.98,Paid,0.0
TES-R14367,TES-O5544,2023-04-30,86058.17,Paid,0.0
TES-R11850,TES-O7151,2024-10-15,45478.4,Pending,0.0
TES-R16968,TES-O13492,2025-08-20,84470.28,Paid,25578.33
TES-R12251,TES-O9222,2024-01-23,158.68,Paid,158.68
TES-R16531,TES-O5115,2023-06-16,86.78,Paid,0.0
TES-R9816,TES-O7642,2024-10-06,783.12,Refunded,0.0
TES-R9701,TES-O8390,2023-08-19,801.6,Paid,0.0
TES-R16858,TES-O14380,2023-03-15,11867.6,Refunded,0.0
TES-R10593,TES-O12881,2024-05-03,9767.18,Paid,0.0
TES-R14994,TES-O14921,2025-04-12,52136.77,Paid,0.0
TES-R12357,TES-O12486,2025-07-27,94503.38,Refunded,0.0
TES-R16687,TES-O5018,2024-06-05,369.4,Paid,0.0
TES-R12568,TES-O7536,2025-10-30,18180.3,Paid,0.0
TES-R9103,TES-O11456,2025-01-14,9748.47,Paid,0.0
TES-R10605,TES-O11640,2024-09-20,43231.26,Paid,0.0
TES-R13331,TES-O6652,2024-03-17,267.35,Paid,267.35
TES-R17489,TES-O12072,2024-02-03,46265.65,Paid,46265.65
TES-R11983,TES-O8166,2024-10-09,11204.85,Paid,11204.85
TES-R10356,TES-O5920,2025-10-14,44554.59,Paid,6572.93
TES-R9446,TES-O10580,2023-06-17,,Paid,81795.12
TES-R12057,TES-O12975,2025-08-16,485.65,Paid,0.0
TES-R11817,TES-O12081,2025-12-20,488.34,Paid,0.0
TES-R11832,TES-O6736,2023-10-23,39127.23,Paid,0.0
TES-R13030,TES-O8645,2024-03-05,89931.15,Paid,0.0
TES-R18375,TES-O9058,2023-04-08,47118.12,Paid,0.0
TES-R10278,TES-O7862,2025-09-17,16929.31,Paid,0.0
TES-R13748,TES-O9857,2023-01-12,43678.53,Paid,0.0
TES-R12107,TES-O8429,2024-08-28,45619.29,Paid,0.0
TES-R17766,TES-O12049,2025-08-17,98485.91,Refunded,0.0
TES-R17695,TES-O6094,2023-05-20,385.0,Paid,0.0
TES-R10557,TES-O8507,2023-11-03,175.4,Paid,0.0
TES-R13636,TES-O7102,2024-06-06,11518.64,Paid,0.0
TES-R9967,TES-O13353,2025-10-19,87450.77,Paid,87450.77
TES-R15868,TES-O10718,2024-10-05,78744.27,Paid,12761.35
TES-R10084,TES-O14018,2023-12-24,92725.02,Paid,92725.02
TES-R16618,TES-O12908,2024-01-12,94001.92,Paid,94001.92
TES-R9626,TES-O7749,2024-02-27,229.7,Paid,0.0
TES-R15305,TES-O12303,2023-06-26,16033.15,Paid,0.0
TES-R15347,TES-O8382,2025-12-07,81060.64,Paid,0.0
TES-R17827,TES-O7787,2024-08-09,909.9,Paid,909.9
TES-R9112,TES-O13735,2023-09-18,91633.58,Paid,0.0
TES-R16564,TES-O13679,2023-02-18,1020.8,Paid,261.39
TES-R11414,TES-O14121,2024-12-10,,Paid,0.0
TES-R10527,TES-O12517,2023-01-06,45172.69,Paid,45172.69
TES-R17383,TES-O12842,2025-04-15,253.68,Paid,253.68
TES-R17620,TES-O7073,2023-12-26,138.15,Refunded,0.0
TES-R13787,TES-O6850,2024-06-18,53.4,Paid,0.0
TES-R9501,TES-O5988,2025-04-23,24108.44,Paid,0.0
TES-R9527,TES-O8898,2023-09-09,97486.54,Pending,0.0
TES-R17112,TES-O14465,2025-08-04,20558.31,Paid,20558.31
TES-R14687,TES-O11424,2023-11-01,43859.82,Paid,43859.82
TES-R17006,TES-O11100,2025-10-15,,Refunded,0.0
TES-R14966,TES-O6743,2024-10-15,39538.98,Paid,39538.98
TES-R11506,TES-O5196,2023-02-13,92436.77,Pending,0.0
TES-R15344,TES-O8881,2023-04-10,81339.88,Paid,0.0
TES-R12037,TES-O10251,2023-09-05,47514.46,Paid,0.0
TES-R14130,TES-O5270,2023-06-15,15853.58,Paid,0.0
TES-R11692,TES-O10856,2025-07-13,10842.85,Refunded,0.0
TES-R10322,TES-O13263,2024-07-13,9393.05,Pending,0.0
TES-R17325,TES-O6998,2023-07-27,583.88,Refunded,0.0
TES-R10340,TES-O9723,2024-12-05,81231.11,Paid,0.0
TES-R15811,TES-O13094,2023-10-05,89388.85,Paid,89388.85
TES-R16445,TES-O14332,2023-04-15,38542.62,Paid,0.0
TES-R9654,TES-O7329,2023-09-03,,Paid,0.0
TES-R12269,TES-O9707,2023-12-30,53382.95,Paid,0.0
TES-R9695,TES-O12306,2025-03-07,374.94,Paid,0.0
TES-R13833,TES-O9196,2025-07-24,9909.07,Paid,9909.07
TES-R18486,TES-O10258,2025-08-19,18047.56,Paid,0.0
TES-R14357,TES-O10605,2024-05-14,9870.8,Paid,0.0
TES-R11925,TES-O10537,2024-08-05,11350.73,Pending,0.0
TES-R17002,TES-O12007,2025-01-28,82485.35,Refunded,14499.7
TES-R9721,TES-O5201,2025-12-19,312.45,Refunded,0.0
TES-R10342,TES-O11457,2025-08-22,96742.36,Refunded,0.0
TES-R16438,TES-O6871,2024-01-09,53007.24,Paid,0.0
TES-R12790,TES-O6312,2025-05-02,188.12,Paid,0.0
TES-R15873,TES-O6731,2023-01-02,9851.92,Pending,0.0
TES-R12387,TES-O7037,2023-10-07,,Paid,0.0
TES-R11698,TES-O9443,2025-10-13,75.46,Paid,0.0
TES-R15309,TES-O5592,2023-10-13,18233.63,Pending,6282.67
TES-R14281,TES-O5736,2023-03-04,371.12,Paid,0.0
TES-R10397,TES-O14894,2025-01-18,43574.0,Paid,0.0
TES-R13336,TES-O13474,2023-01-14,196.06,Paid,196.06
TES-R17134,TES-O13138,2025-07-24,42837.13,Paid,0.0
TES-R16727,TES-O7372,2024-06-02,15016.69,Pending,0.0
TES-R15441,TES-O13892,2024-07-31,10403.9,Paid,0.0
TES-R9835,TES-O11631,2025-05-16,83765.19,Refunded,0.0
TES-R11033,TES-O11031,2025-09-27,,Paid,0.0
TES-R17145,TES-O13517,2024-04-10,90675.96,Paid,90675.96
TES-R15639,TES-O12612,2024-11-10,49468.05,Paid,0.0
TES-R11689,TES-O8549,2023-12-24,86077.41,Paid,0.0
TES-R11423,TES-O7280,2023-06-13,83506.87,Paid,0.0
TES-R12651,TES-O14926,2024-12-03,88319.93,Paid,0.0
TES-R15813,TES-O12561,2024-11-04,254.16,Pending,0.0
TES-R18172,TES-O5770,2025-10-26,84345.55,Paid,0.0
TES-R12559,TES-O5680,2023-05-27,466.72,Paid,0.0
TES-R15323,TES-O13671,2024-06-21,43684.32,Paid,0.0
TES-R14875,TES-O8312,2023-02-18,10681.59,Paid,0.0
TES-R12473,TES-O5549,2024-09-30,75900.71,Paid,0.0
TES-R14785,TES-O9471,2024-07-02,45986.21,Paid,0.0
TES-R13016,TES-O12075,2025-06-02,45813.57,Paid,0.0
TES-R10734,TES-O10217,2023-03-24,51301.86,Paid,0.0
TES-R11473,TES-O9497,2023-04-12,11155.6,Paid,0.0
TES-R11378,TES-O9057,2025-09-09,971.95,Pending,0.0
TES-R13649,TES-O6272,2024-02-19,49853.48,Paid,0.0
TES-R10963,TES-O13485,2025-03-31,,Pending,0.0
TES-R18283,TES-O14267,2024-10-06,20142.55,Paid,0.0
TES-R16733,TES-O9947,2024-11-19,21082.9,Paid,0.0
TES-R10300,TES-O13579,2023-07-18,40270.69,Paid,0.0
TES-R13538,TES-O11696,2025-01-09,53620.83,Paid,0.0
TES-R9302,TES-O7715,2024-11-01,,Paid,0.0
TES-R9793,TES-O12452,2023-10-05,366.32,Paid,0.0
TES-R14248,TES-O7912,2024-03-01,83487.06,Paid,0.0
TES-R10733,TES-O12351,2024-10-04,934.0,Paid,0.0
TES-R13188,TES-O12764,2024-03-06,,Paid,0.0
TES-R16242,TES-O11154,2025-07-15,245.43,Paid,0.0
TES-R11471,TES-O6537,2023-03-21,211.08,Paid,0.0
TES-R18131,TES-O9625,2025-10-16,94145.21,Pending,0.0
TES-R11650,TES-O14514,2025-03-01,16274.55,Paid,0.0
TES-R11063,TES-O11357,2025-06-15,,Paid,92157.56
TES-R16749,TES-O12336,2024-04-03,128.04,Paid,0.0
TES-R13623,TES-O11419,2025-10-13,43798.17,Paid,43798.17
TES-R15665,TES-O7725,2025-04-24,94775.21,Paid,94775.21
TES-R16692,TES-O12421,2025-01-22,42357.83,Paid,42357.83
TES-R14326,TES-O5610,2024-07-05,52298.52,Paid,52298.52
TES-R17321,TES-O10474,2023-06-07,81446.85,Paid,81446.85
TES-R14245,TES-O14185,2023-06-17,97474.05,Paid,47914.91
TES-R13974,TES-O8851,2024-07-16,85856.32,Pending,0.0
TES-R11576,TES-O11536,2025-11-19,94457.73,Paid,0.0
TES-R17795,TES-O7101,2023-07-01,84538.29,Paid,0.0
TES-R18115,TES-O13746,2025-09-16,50709.79,Refunded,0.0
TES-R15293,TES-O9313,2023-03-07,10581.57,Paid,0.0
TES-R15384,TES-O5246,2024-07-01,15632.51,Refunded,0.0
TES-R9598,TES-O10805,2024-07-24,41632.96,Refunded,0.0
TES-R15927,TES-O13215,2024-07-02,83998.93,Paid,0.0
TES-R13086,TES-O14025,2025-04-25,84960.85,Paid,84960.85
TES-R15307,TES-O14202,2025-01-24,79415.93,Paid,79415.93
TES-R12909,TES-O10250,2025-07-23,264.12,Paid,264.12
TES-R15835,TES-O5650,2024-09-23,10209.17,Paid,10209.17
TES-R17444,TES-O13522,2025-11-28,407.35,Paid,0.0
TES-R9724,TES-O5190,2023-05-28,53174.83,Paid,53174.83
TES-R10191,TES-O14342,2023-08-15,168.78,Paid,0.0
TES-R17479,TES-O11276,2024-08-19,95071.44,Paid,0.0
TES-R13970,TES-O7291,2025-07-02,77666.31,Pending,0.0
TES-R16106,TES-O11740,2024-11-22,23658.4,Paid,23658.4
TES-R9957,TES-O11019,2025-09-21,556.52,Paid,556.52
TES-R14690,TES-O5950,2025-07-03,,Paid,0.0
TES-R14434,TES-O14453,2024-05-29,84032.42,Paid,0.0
TES-R14965,TES-O6289,2025-07-17,471.75,Paid,0.0
TES-R11653,TES-O8074,2025-07-31,45801.94,Paid,0.0
TES-R17768,TES-O7447,2025-07-12,42595.14,Paid,0.0
TES-R12546,TES-O9111,2023-07-03,52912.23,Refunded,0.0
TES-R11177,TES-O13567,2025-08-28,81358.84,Paid,0.0
TES-R14231,TES-O9634,2025-08-28,92818.53,Refunded,15406.61
TES-R9512,TES-O12597,2023-01-16,48660.94,Paid,0.0
TES-R13645,TES-O6676,2025-06-04,354.45,Paid,0.0
TES-R16953,TES-O5296,2023-09-22,38359.86,Pending,0.0
TES-R11403,TES-O7657,2024-05-23,19275.96,Paid,19275.96
TES-R13794,TES-O6632,2024-11-11,82.52,Paid,0.0
TES-R17004,TES-O11746,2025-08-30,98463.91,Refunded,0.0
TES-R18242,TES-O6881,2024-06-26,78324.18,Paid,78324.18
TES-R10805,TES-O5137,2023-07-29,47.73,Refunded,0.0
TES-R13048,TES-O11854,2024-04-13,97184.73,Paid,0.0
TES-R16326,TES-O7180,2023-06-29,392.34,Paid,392.34
TES-R12023,TES-O14034,2024-05-21,24479.8,Paid,0.0
TES-R16563,TES-O14908,2023-03-09,79.65,Paid,0.0
TES-R9339,TES-O9163,2023-07-15,39227.48,Paid,0.0
TES-R11967,TES-O10818,2023-01-10,9720.58,Paid,0.0
TES-R9934,TES-O10327,2024-11-12,11980.71,Paid,0.0
TES-R13073,TES-O6236,2023-04-06,94863.32,Paid,0.0
TES-R9915,TES-O14282,2025-06-15,198.56,Paid,0.0
TES-R17193,TES-O11668,2024-05-02,19524.28,Paid,0.0
TES-R9766,TES-O8157,2024-06-16,19020.5,Paid,0.0
TES-R14634,TES-O10219,2025-03-05,84922.82,Paid,0.0
TES-R15831,TES-O14727,2024-08-06,45883.16,Paid,0.0
TES-R18294,TES-O5381,2025-04-09,83930.77,Paid,0.0
TES-R15632,TES-O13565,2023-04-11,82285.05,Paid,0.0
TES-R11025,TES-O14942,2024-08-15,21823.98,Paid,0.0
TES-R15864,TES-O7308,2023-02-28,44715.67,Paid,0.0
TES-R12208,TES-O12010,2024-09-25,278.1,Paid,278.1
TES-R11711,TES-O7169,2024-03-22,17054.36,Paid,0.0
TES-R14919,TES-O9962,2025-07-30,10438.84,Paid,0.0
TES-R12175,TES-O13452,2025-03-31,46438.52,Paid,46438.52
TES-R11078,TES-O13368,2024-09-11,768.36,Paid,0.0
TES-R12028,TES-O9909,2025-01-01,91922.99,Paid,0.0
TES-R15367,TES-O8313,2023-07-02,9341.71,Refunded,0.0
TES-R14556,TES-O9617,2025-12-12,10554.24,Paid,0.0
TES-R14996,TES-O9921,2024-04-03,223.12,Paid,0.0
TES-R10703,TES-O5918,2023-06-03,9521.17,Paid,0.0
TES-R9683,TES-O5916,2023-11-03,54158.05,Paid,54158.05
TES-R10424,TES-O5261,2024-02-11,97303.7,Refunded,0.0
TES-R9585,TES-O13096,2023-03-31,,Paid,0.0
TES-R13940,TES-O13900,2024-12-19,18945.22,Paid,0.0
TES-R12352,TES-O10168,2025-10-11,11118.73,Paid,0.0
TES-R18078,TES-O13233,2024-12-06,11914.73,Paid,0.0
TES-R15242,TES-O8906,2025-12-21,92515.33,Paid,0.0
TES-R17538,TES-O9569,2024-08-02,24.08,Paid,0.0
TES-R12111,TES-O9647,2025-11-18,48742.05,Refunded,13849.96
TES-R9037,TES-O11068,2024-12-06,11330.57,Paid,11330.57
TES-R12022,TES-O5961,2023-03-28,144.08,Paid,0.0
TES-R9448,TES-O10096,2023-05-31,46597.0,Paid,0.0
TES-R14812,TES-O10308,2024-12-11,54690.2,Paid,0.0
TES-R10578,TES-O8002,2025-05-31,42163.64,Paid,0.0
TES-R18502,TES-O5841,2023-08-30,78597.73,Paid,78597.73
TES-R9983,TES-O11182,2023-04-17,91402.73,Paid,0.0
TES-R18225,TES-O10609,2025-03-30,86736.15,Paid,0.0
TES-R10251,TES-O12216,2024-05-26,84426.33,Paid,84426.33
TES-R17542,TES-O14293,2025-06-13,16372.98,Paid,0.0
TES-R10848,TES-O14497,2024-01-23,9658.09,Paid,9658.09
TES-R11202,TES-O10176,2025-06-20,19189.54,Paid,0.0
TES-R11219,TES-O8065,2025-09-09,83538.27,Paid,0.0
TES-R17148,TES-O9276,2025-01-10,82.82,Paid,0.0
TES-R13176,TES-O14979,2023-06-06,705.66,Paid,705.66
TES-R9802,TES-O12069,2024-01-30,9928.93,Paid,0.0
TES-R13084,TES-O5819,2024-01-23,17294.99,Pending,0.0
TES-R9101,TES-O7986,2024-06-14,22065.92,Refunded,0.0
TES-R9408,TES-O5342,2025-11-20,259.44,Paid,0.0
TES-R9534,TES-O13165,2023-12-09,689.36,Refunded,0.0
TES-R16661,TES-O9793,2023-10-29,754.15,Paid,0.0
TES-R14138,TES-O14737,2024-07-06,1046.16,Paid,0.0
TES-R14102,TES-O12474,2024-04-14,40639.64,Paid,0.0
TES-R12194,TES-O7092,2023-07-09,178.62,Paid,178.62
TES-R13907,TES-O7893,2024-03-28,15.01,Paid,0.0
TES-R12019,TES-O6976,2024-02-09,93865.53,Paid,0.0
TES-R16376,TES-O9635,2023-11-05,9065.58,Paid,9065.58
TES-R17895,TES-O10031,2024-03-30,97879.31,Paid,0.0
TES-R14348,TES-O8743,2024-12-24,89280.14,Pending,0.0
TES-R16686,TES-O10840,2024-02-21,15.95,Paid,0.0
TES-R9479,TES-O10614,2025-10-06,286.27,Paid,0.0
TES-R17114,TES-O6694,2023-10-19,10212.55,Paid,0.0
TES-R11065,TES-O12727,2025-04-23,9604.21,Paid,0.0
TES-R14108,TES-O13731,2024-03-07,94108.17,Paid,0.0
TES-R13284,TES-O10076,2023-03-16,95362.44,Paid,0.0
TES-R16426,TES-O13541,2024-09-16,15149.11,Refunded,0.0
TES-R16117,TES-O10267,2025-05-10,10211.49,Paid,0.0
TES-R15160,TES-O13674,2025-02-03,39176.2,Paid,10538.01
TES-R17655,TES-O5058,2025-06-23,84519.46,Refunded,0.0
TES-R14338,TES-O7838,2024-03-21,88248.19,Paid,0.0
TES-R9156,TES-O13414,2025-11-16,180.03,Paid,0.0
TES-R15380,TES-O14124,2025-04-30,,Paid,0.0
TES-R17386,TES-O8942,2023-06-16,,Paid,0.0
TES-R17005,TES-O5202,2025-04-16,21066.85,Paid,0.0
TES-R12890,TES-O5643,2025-11-09,22443.88,Paid,0.0
TES-R12529,TES-O5070,2025-03-29,,Paid,0.0
TES-R18178,TES-O14891,2023-05-22,183.66,Paid,183.66
TES-R11516,TES-O13660,2025-09-03,82433.47,Refunded,0.0
TES-R17829,TES-O13935,2023-08-28,9397.52,Paid,0.0
TES-R13462,TES-O7908,2024-05-04,92475.74,Paid,0.0
TES-R13935,TES-O12588,2025-03-28,24835.03,Paid,0.0
TES-R10903,TES-O5036,2025-09-09,18706.3,Paid,18706.3
TES-R9442,TES-O11730,2024-06-16,46706.01,Refunded,0.0
TES-R16896,TES-O8021,2024-05-29,11115.86,Paid,0.0
TES-R17948,TES-O7019,2023-10-08,16670.8,Paid,16670.8
TES-R10636,TES-O7646,2023-12-11,663.3,Paid,663.3
TES-R12596,TES-O10778,2025-01-18,86872.46,Paid,86872.46
TES-R10072,TES-O12956,2024-02-23,38387.26,Paid,38387.26
TES-R14799,TES-O10577,2023-05-29,48.5,Paid,48.5
TES-R14233,TES-O13441,2025-08-14,168.65,Paid,0.0
TES-R16881,TES-O5290,2025-02-18,88725.92,Paid,0.0
TES-R10169,TES-O11774,2023-08-09,295.1,Paid,0.0
TES-R14459,TES-O13562,2023-10-07,331.44,Paid,0.0
TES-R9993,TES-O6237,2023-09-11,225.56,Refunded,0.0
TES-R9255,TES-O13864,2025-06-29,19338.51,Paid,0.0
TES-R14872,TES-O7641,2025-06-19,38894.5,Refunded,0.0
TES-R13690,TES-O7055,2024-03-13,47824.77,Paid,0.0
TES-R13685,TES-O9738,2023-08-12,10099.35,Paid,10099.35
TES-R9820,TES-O8848,2024-07-25,,Paid,0.0
TES-R17076,TES-O12190,2025-05-06,94584.82,Refunded,0.0
TES-R18037,TES-O14882,2023-11-03,97.64,Refunded,0.0
TES-R17596,TES-O13011,2024-03-29,19363.48,Paid,0.0
TES-R13848,TES-O10134,2025-07-25,100.47,Pending,0.0
TES-R12993,TES-O12580,2024-03-04,42160.85,Refunded,0.0
TES-R17595,TES-O5471,2024-05-21,43.16,Paid,0.0
TES-R13105,TES-O11176,2023-12-14,51996.52,Paid,0.0
TES-R15706,TES-O9797,2024-08-08,85203.07,Paid,0.0
TES-R10321,TES-O12460,2025-02-28,595.92,Paid,595.92
TES-R15040,TES-O14701,2025-11-02,19078.97,Paid,0.0
TES-R16207,TES-O12906,2024-03-05,85432.3,Paid,0.0
TES-R14438,TES-O5995,2023-09-22,10302.51,Paid,0.0
TES-R13266,TES-O6769,2025-12-24,53398.12,Paid,53398.12
TES-R9870,TES-O7967,2024-12-18,110.94,Paid,110.94
TES-R14088,TES-O11113,2024-02-22,,Paid,0.0
TES-R18382,TES-O6206,2023-03-14,21967.02,Paid,0.0
TES-R10885,TES-O12478,2025-06-11,234.2,Paid,0.0
TES-R9189,TES-O6531,2024-11-14,9147.7,Paid,9147.7
TES-R13965,TES-O11153,2024-12-22,44614.84,Pending,0.0
TES-R11145,TES-O9420,2025-03-08,651.1,Paid,0.0
TES-R17609,TES-O12857,2023-03-01,11662.9,Paid,0.0
TES-R9821,TES-O12781,2024-05-01,97808.79,Paid,0.0
TES-R15523,TES-O10587,2024-03-27,51970.02,Refunded,0.0
TES-R11309,TES-O5289,2024-09-23,20080.39,Paid,4095.93
TES-R12573,TES-O11874,2024-11-06,85455.94,Paid,0.0
TES-R11951,TES-O10649,2025-11-26,20731.29,Paid,0.0
TES-R13449,TES-O10190,2024-03-05,42764.58,Paid,42764.58
TES-R10926,TES-O9717,2025-11-07,224.44,Paid,0.0
TES-R14881,TES-O9574,2024-11-22,299.75,Paid,299.75
TES-R9253,TES-O7979,2024-09-17,21208.04,Pending,0.0
TES-R12760,TES-O14909,2023-06-15,21657.0,Paid,0.0
TES-R14480,TES-O11756,2025-07-01,76332.36,Paid,0.0
TES-R15977,TES-O14196,2025-09-04,513.75,Paid,513.75
TES-R15744,TES-O6505,2024-09-26,,Paid,4186.76
TES-R17033,TES-O13582,2025-01-20,883.14,Refunded,0.0
TES-R9399,TES-O13889,2024-10-28,80921.21,Pending,0.0
TES-R14645,TES-O6389,2024-03-27,51854.6,Paid,0.0
TES-R14466,TES-O8785,2024-01-11,45608.49,Paid,0.0
TES-R12915,TES-O5338,2024-09-22,50848.18,Paid,0.0
TES-R17810,TES-O8175,2023-04-02,9294.29,Paid,0.0
TES-R18517,TES-O9258,2025-09-27,81759.43,Paid,0.0
TES-R18264,TES-O12140,2024-04-03,549.44,Refunded,0.0
TES-R11490,TES-O9273,2025-08-25,9548.59,Refunded,0.0
TES-R11153,TES-O13987,2024-11-10,88150.79,Paid,88150.79
TES-R14903,TES-O14645,2024-11-07,43860.02,Refunded,0.0
TES-R17669,TES-O14726,2023-03-18,219.64,Paid,0.0
TES-R14395,TES-O11043,2025-07-24,92039.73,Paid,0.0
TES-R10564,TES-O13852,2025-07-27,157.27,Paid,0.0
TES-R17631,TES-O9632,2023-07-01,148.41,Pending,0.0
TES-R10006,TES-O5849,2024-10-10,54488.51,Refunded,0.0
TES-R13549,TES-O7860,2024-11-25,24463.23,Paid,0.0
TES-R13484,TES-O5791,2024-06-25,41124.04,Paid,0.0
TES-R12891,TES-O9799,2024-12-28,85376.47,Pending,0.0
TES-R14011,TES-O5004,2025-08-25,46881.11,Paid,0.0
TES-R17544,TES-O7691,2025-12-01,40489.45,Paid,0.0
TES-R11948,TES-O10337,2025-08-26,,Refunded,0.0
TES-R17646,TES-O10936,2023-09-14,497.12,Paid,0.0
TES-R13141,TES-O13756,2024-03-10,11829.73,Pending,0.0
TES-R15076,TES-O14474,2023-04-13,9089.24,Paid,9089.24
TES-R15083,TES-O10973,2024-06-20,588.84,Paid,0.0
TES-R18682,TES-O5871,2024-03-31,,Paid,0.0
TES-R16409,TES-O6377,2024-03-12,90188.1,Paid,90188.1
TES-R11966,TES-O5288,2023-10-09,40546.56,Pending,0.0
TES-R16607,TES-O5728,2023-03-04,87972.05,Paid,0.0
TES-R16669,TES-O8117,2023-01-18,77955.93,Refunded,0.0
TES-R17251,TES-O12526,2024-07-08,10142.96,Paid,0.0
TES-R14113,TES-O13549,2025-03-26,98339.25,Paid,98339.25
TES-R10263,TES-O10530,2024-09-25,84845.19,Paid,0.0
TES-R18301,TES-O5094,2023-01-04,18696.8,Paid,0.0
TES-R11636,TES-O5824,2023-08-25,20338.59,Pending,0.0
TES-R10273,TES-O14534,2024-01-14,10126.5,Paid,0.0
TES-R15828,TES-O8022,2023-05-25,749.0,Paid,0.0
TES-R16116,TES-O8694,2024-10-17,77404.91,Paid,30775.97
TES-R14959,TES-O13342,2025-02-12,11563.41,Paid,0.0
TES-R18335,TES-O5773,2023-03-17,87982.1,Refunded,0.0
TES-R18307,TES-O7041,2025-10-06,,Paid,0.0
TES-R10387,TES-O14404,2025-10-02,78207.96,Paid,0.0
TES-R10985,TES-O9623,2025-01-15,11334.45,Paid,0.0
TES-R9039,TES-O14598,2024-01-20,21333.5,Paid,0.0
TES-R16200,TES-O5838,2024-01-01,47349.13,Refunded,0.0
TES-R12494,TES-O9566,2025-08-09,54351.45,Paid,0.0
TES-R17741,TES-O9700,2023-07-14,42768.8,Paid,0.0
TES-R16359,TES-O14216,2024-06-22,20028.83,Paid,0.0
TES-R15146,TES-O9214,2025-09-01,47733.71,Paid,47733.71
TES-R17239,TES-O13013,2023-01-05,15487.31,Paid,0.0
TES-R16946,TES-O8540,2025-07-02,93328.38,Pending,33470.72
TES-R11669,TES-O6807,2023-09-20,931.2,Refunded,0.0
TES-R18366,TES-O5648,2025-08-29,43198.57,Paid,43198.57
TES-R13408,TES-O10264,2024-03-21,38916.72,Paid,0.0
TES-R10767,TES-O13258,2025-03-23,724.48,Paid,724.48
TES-R14768,TES-O11761,2025-06-29,38751.28,Paid,0.0
TES-R10937,TES-O8835,2024-12-13,607.7,Pending,0.0
TES-R18031,TES-O8416,2024-06-20,79461.62,Paid,0.0
TES-R13012,TES-O9932,2024-08-25,9891.16,Paid,0.0
TES-R18541,TES-O6752,2024-04-15,9057.62,Paid,0.0
TES-R10612,TES-O12377,2023-02-23,,Pending,0.0
TES-R11772,TES-O11878,2023-11-12,43886.24,Paid,43886.24
TES-R13815,TES-O12371,2025-02-12,45253.11,Paid,0.0
TES-R17667,TES-O9910,2023-01-27,47326.7,Paid,15058.85
TES-R10585,TES-O5277,2024-10-05,39455.2,Pending,0.0
TES-R18234,TES-O10887,2025-08-04,11688.3,Paid,0.0
TES-R15819,TES-O14731,2023-11-22,152.88,Paid,152.88
TES-R13835,TES-O7440,2025-06-05,95674.96,Paid,0.0
TES-R11660,TES-O7601,2024-02-13,38211.44,Pending,0.0
TES-R14331,TES-O11429,2024-05-24,19972.9,Paid,0.0
TES-R11158,TES-O14050,2025-02-22,45975.92,Paid,0.0
TES-R11555,TES-O8276,2023-03-03,608.85,Paid,608.85
TES-R10661,TES-O8258,2024-01-02,86971.43,Paid,0.0
TES-R11098,TES-O6317,2024-10-14,11169.82,Pending,0.0
TES-R15614,TES-O9664,2025-12-06,9765.91,Paid,0.0
TES-R17446,TES-O12566,2025-01-22,96201.94,Paid,0.0
TES-R12581,TES-O14100,2023-05-17,96923.87,Paid,96923.87
TES-R10751,TES-O12039,2024-09-20,,Paid,0.0
TES-R17327,TES-O6032,2024-10-09,615.1,Paid,0.0
TES-R10414,TES-O10061,2023-03-19,24727.75,Paid,24727.75
TES-R18215,TES-O12420,2023-09-15,44212.7,Paid,0.0
TES-R10958,TES-O14314,2024-06-06,49198.12,Paid,49198.12
TES-R9111,TES-O6281,2023-10-28,473.1,Paid,0.0
TES-R14363,TES-O6226,2025-08-05,374.16,Refunded,0.0
TES-R17806,TES-O10342,2025-02-14,,Paid,0.0
TES-R12637,TES-O12884,2025-09-25,524.25,Paid,524.25
TES-R12189,TES-O13695,2023-10-27,24241.87,Paid,24241.87
TES-R15147,TES-O8471,2025-03-18,88118.85,Paid,0.0
TES-R9131,TES-O14085,2023-06-30,78964.02,Paid,0.0
TES-R13694,TES-O11333,2024-05-18,825.68,Pending,0.0
TES-R18174,TES-O12492,2023-09-24,43786.51,Paid,0.0
TES-R10627,TES-O13238,2025-11-28,39717.65,Refunded,0.0
TES-R16582,TES-O14041,2023-06-26,41130.41,Paid,0.0
TES-R14804,TES-O13811,2025-03-02,45369.77,Paid,45369.77
TES-R13406,TES-O10942,2024-02-29,23290.73,Paid,0.0
TES-R15581,TES-O6816,2024-03-12,,Pending,0.0
TES-R17284,TES-O12528,2025-07-20,78762.71,Paid,0.0
TES-R15797,TES-O12534,2023-03-05,21090.63,Paid,0.0
TES-R9874,TES-O11106,2023-09-10,11368.74,Pending,0.0
TES-R12118,TES-O8034,2025-09-20,44511.26,Paid,0.0
TES-R10904,TES-O11443,2023-01-07,53659.18,Paid,0.0
TES-R10442,TES-O14330,2024-01-10,11215.75,Paid,11215.75
TES-R11069,TES-O7109,2023-02-11,24859.22,Paid,0.0
TES-R11186,TES-O8849,2023-04-29,91410.83,Paid,0.0
TES-R9385,TES-O6733,2024-07-02,49312.66,Paid,0.0
TES-R14158,TES-O12185,2024-08-19,722.6,Paid,0.0
TES-R9825,TES-O5749,2025-03-16,82745.16,Paid,0.0
TES-R10098,TES-O8632,2024-01-12,51311.65,Paid,0.0
TES-R10643,TES-O12968,2023-01-26,52493.09,Paid,0.0
TES-R15549,TES-O12425,2024-12-02,39114.05,Paid,0.0
TES-R12512,TES-O11837,2025-01-14,46722.11,Paid,0.0
TES-R18616,TES-O12440,2025-05-16,21108.76,Paid,0.0
TES-R15377,TES-O12353,2025-03-14,125.48,Refunded,0.0
TES-R16534,TES-O13271,2025-04-24,134.47,Paid,0.0
TES-R9722,TES-O9714,2023-08-05,817.75,Paid,0.0
TES-R14418,TES-O5738,2024-08-21,133.25,Paid,0.0
TES-R12655,TES-O8174,2025-08-26,1383.05,Refunded,0.0
TES-R10001,TES-O8097,2023-01-09,96842.56,Paid,0.0
TES-R12652,TES-O5645,2023-12-08,648.84,Paid,648.84
TES-R17304,TES-O6027,2023-04-14,23474.59,Paid,0.0
TES-R16851,TES-O14194,2023-04-30,93726.61,Paid,0.0
TES-R16904,TES-O10518,2024-09-09,162.8,Refunded,0.0
TES-R13715,TES-O5117,2025-03-28,469.16,Pending,0.0
TES-R11989,TES-O14270,2024-08-28,54347.89,Paid,0.0
TES-R14759,TES-O7264,2025-10-22,11818.8,Paid,0.0
TES-R17110,TES-O8020,2023-08-07,46632.55,Paid,0.0
TES-R18134,TES-O10523,2023-01-23,190.64,Paid,0.0
TES-R11765,TES-O14617,2025-12-10,46922.54,Paid,0.0
TES-R11361,TES-O13095,2024-10-03,44698.91,Paid,0.0
TES-R12898,TES-O10053,2023-12-18,11316.78,Paid,0.0
TES-R11155,TES-O7088,2023-03-16,53857.54,Refunded,0.0
TES-R11482,TES-O9416,2025-09-27,94795.91,Paid,0.0
TES-R17357,TES-O6345,2023-08-04,9266.8,Paid,0.0
TES-R15510,TES-O9745,2023-10-23,11571.03,Paid,0.0
TES-R17998,TES-O11957,2023-06-01,93455.67,Paid,0.0
TES-R16485,TES-O6177,2024-07-17,502.6,Paid,0.0
TES-R9341,TES-O11962,2023-02-28,352.92,Refunded,0.0
TES-R9958,TES-O10752,2025-03-22,11334.96,Paid,11334.96
TES-R11933,TES-O9134,2025-08-12,297.55,Paid,0.0
TES-R18669,TES-O13748,2023-06-21,11749.92,Paid,0.0
TES-R14694,TES-O6007,2023-07-15,90461.81,Paid,90461.81
TES-R18626,TES-O12880,2023-05-23,,Paid,0.0
TES-R11434,TES-O8462,2025-09-15,42713.61,Paid,0.0
TES-R17902,TES-O10513,2023-05-29,15386.55,Refunded,0.0
TES-R12949,TES-O9581,2024-01-13,110.78,Paid,110.78
TES-R16919,TES-O10558,2024-03-31,99568.74,Paid,35796.45
TES-R13480,TES-O5056,2024-10-02,83604.75,Refunded,0.0
TES-R16906,TES-O13257,2023-03-19,157.62,Paid,0.0
TES-R13180,TES-O14491,2024-10-02,450.05,Paid,0.0
TES-R15053,TES-O7714,2023-08-02,11260.76,Paid,0.0
TES-R11336,TES-O5155,2025-08-03,38516.4,Pending,0.0
TES-R14349,TES-O5455,2024-12-10,,Paid,992.75
TES-R15009,TES-O11239,2025-02-23,78911.26,Paid,0.0
TES-R17131,TES-O12728,2024-03-09,46516.13,Refunded,0.0
TES-R14419,TES-O8141,2024-04-24,23073.85,Paid,0.0
TES-R16604,TES-O11007,2025-11-28,88668.96,Paid,0.0
TES-R12801,TES-O14548,2024-10-06,20666.4,Paid,0.0
TES-R12983,TES-O11772,2025-12-04,91792.4,Paid,0.0
TES-R13859,TES-O9483,2023-08-06,132.34,Refunded,0.0
TES-R14259,TES-O5983,2023-07-08,80073.28,Paid,0.0
TES-R15695,TES-O6562,2024-06-07,49681.46,Paid,0.0
TES-R12281,TES-O14302,2024-12-11,310.56,Paid,0.0
TES-R14098,TES-O11655,2025-07-05,47940.03,Paid,47940.03
TES-R15500,TES-O9913,2024-11-13,112.43,Paid,112.43
TES-R17024,TES-O5017,2024-05-04,396.64,Paid,396.64
TES-R16071,TES-O12156,2023-03-07,81764.94,Paid,0.0
TES-R17863,TES-O11903,2025-07-07,46355.72,Paid,0.0
TES-R10670,TES-O14338,2025-06-09,392.82,Paid,0.0
TES-R17449,TES-O7987,2023-12-14,54588.45,Paid,0.0
TES-R10523,TES-O14263,2023-05-04,80657.19,Paid,80657.19
TES-R11311,TES-O5305,2023-08-27,179.8,Refunded,0.0
TES-R12133,TES-O8748,2025-07-04,15344.84,Paid,0.0
TES-R18437,TES-O8101,2025-07-13,166.86,Paid,0.0
TES-R11337,TES-O5483,2024-05-05,726.55,Paid,0.0
TES-R12427,TES-O14922,2023-11-23,81341.86,Paid,0.0
TES-R11428,TES-O12743,2025-04-27,54785.98,Paid,0.0
TES-R17176,TES-O7225,2025-01-10,44034.63,Paid,16063.55
TES-R18661,TES-O6364,2023-01-31,23332.13,Paid,0.0
TES-R10316,TES-O14861,2023-03-20,272.53,Paid,0.0
TES-R14826,TES-O13329,2024-02-02,90264.26,Paid,0.0
TES-R12254,TES-O12623,2025-08-06,,Paid,0.0
TES-R15760,TES-O7871,2025-12-29,21845.6,Paid,0.0
TES-R11830,TES-O14505,2025-04-29,10.44,Paid,0.0
TES-R16693,TES-O11029,2025-05-15,42430.15,Paid,0.0
TES-R12478,TES-O11258,2023-11-03,112.07,Pending,0.0
TES-R12226,TES-O11505,2023-10-06,176.52,Paid,176.52
TES-R10333,TES-O6706,2023-02-21,22718.72,Paid,0.0
TES-R13839,TES-O6149,2024-09-27,45651.17,Paid,0.0
TES-R13258,TES-O8421,2023-10-06,11142.75,Paid,0.0
TES-R18113,TES-O7172,2023-10-03,,Paid,0.0
TES-R17705,TES-O7030,2025-06-06,40485.43,Paid,0.0
TES-R16940,TES-O12986,2023-04-18,19756.1,Refunded,0.0
TES-R15259,TES-O11938,2023-11-26,,Paid,0.0
TES-R10468,TES-O11246,2023-06-04,49218.15,Paid,0.0
TES-R13987,TES-O6638,2024-10-17,,Pending,0.0
TES-R11862,TES-O5936,2025-01-29,91922.6,Paid,91922.6
TES-R11931,TES-O5214,2023-07-15,91434.99,Paid,20304.67
TES-R15796,TES-O11287,2024-06-23,43392.62,Paid,0.0
TES-R16049,TES-O10099,2023-05-29,95920.72,Pending,0.0
TES-R15209,TES-O5231,2025-01-30,10752.46,Paid,0.0
TES-R10875,TES-O9945,2024-09-12,79254.2,Paid,0.0
TES-R14376,TES-O11033,2024-12-20,192.5,Paid,0.0
TES-R18540,TES-O14490,2023-01-16,11974.42,Paid,0.0
TES-R10130,TES-O9815,2023-06-22,11036.84,Paid,0.0
TES-R12032,TES-O5412,2023-04-20,21083.73,Paid,0.0
TES-R9420,TES-O9201,2025-06-21,9688.29,Paid,0.0
TES-R10057,TES-O13897,2025-12-25,18294.5,Refunded,0.0
TES-R11814,TES-O8107,2025-06-09,20449.92,Refunded,0.0
TES-R13106,TES-O11285,2023-11-06,44208.04,Paid,0.0
TES-R11935,TES-O9503,2023-04-19,159.68,Paid,0.0
TES-R17750,TES-O7832,2023-06-03,45089.99,Paid,11558.58
TES-R18556,TES-O5217,2024-10-03,95052.4,Paid,0.0
TES-R17300,TES-O12633,2024-01-25,51.16,Paid,0.0
TES-R17090,TES-O10600,2025-06-08,10891.15,Paid,0.0
TES-R12274,TES-O13132,2023-06-14,177.18,Paid,0.0
TES-R10285,TES-O6596,2024-11-19,44718.14,Pending,0.0
TES-R15134,TES-O8347,2024-11-14,272.55,Paid,0.0
TES-R16538,TES-O13404,2024-05-17,22076.88,Refunded,0.0
TES-R11945,TES-O6314,2024-07-08,,Paid,0.0
TES-R9890,TES-O13465,2023-11-30,9547.44,Paid,0.0
TES-R12349,TES-O8577,2025-11-04,,Paid,0.0
TES-R10611,TES-O7342,2024-10-29,82842.5,Refunded,0.0
TES-R9470,TES-O8629,2025-10-26,21415.32,Paid,0.0
TES-R10894,TES-O9963,2024-06-01,,Pending,0.0
TES-R13989,TES-O11603,2024-09-27,75908.14,Paid,0.0
TES-R14347,TES-O12793,2024-11-09,88407.5,Refunded,0.0
TES-R9113,TES-O5088,2023-03-10,1155.2,Paid,0.0
TES-R9243,TES-O12389,2023-06-10,9835.57,Refunded,0.0
TES-R16613,TES-O10398,2023-04-21,11579.91,Refunded,0.0
TES-R13981,TES-O8211,2023-01-11,687.32,Paid,0.0
TES-R10025,TES-O12571,2025-04-30,93599.11,Paid,0.0
TES-R16975,TES-O10707,2025-06-10,76355.4,Paid,0.0
TES-R11591,TES-O8710,2023-12-02,39.78,Refunded,0.0
TES-R17421,TES-O13596,2023-01-05,87624.74,Paid,0.0
TES-R18140,TES-O12489,2024-07-20,42055.02,Paid,0.0
TES-R14210,TES-O5540,2025-10-06,11395.14,Refunded,0.0
TES-R14328,TES-O8798,2025-01-14,19728.28,Paid,0.0
TES-R14827,TES-O9672,2024-04-04,,Paid,0.0
TES-R10790,TES-O13395,2024-09-20,85614.25,Paid,0.0
TES-R17849,TES-O8073,2024-08-09,52452.68,Paid,0.0
TES-R13518,TES-O6463,2024-11-19,504.39,Pending,0.0
TES-R12692,TES-O10839,2023-11-15,518.97,Refunded,0.0
TES-R10393,TES-O5210,2025-03-08,80.57,Paid,0.0
TES-R15368,TES-O7604,2023-12-29,81.46,Pending,0.0
TES-R15869,TES-O9547,2024-11-30,770.75,Paid,770.75
TES-R13100,TES-O10498,2025-01-08,20874.47,Paid,0.0
TES-R9183,TES-O9663,2025-07-20,94878.75,Refunded,0.0
TES-R18085,TES-O11879,2024-02-12,42009.83,Paid,0.0
TES-R12425,TES-O14931,2024-01-08,18052.27,Paid,0.0
TES-R11640,TES-O12649,2024-11-17,849.9,Paid,0.0
TES-R17310,TES-O10480,2024-11-24,47227.98,Paid,0.0
TES-R10226,TES-O12423,2025-03-08,42941.18,Paid,0.0
TES-R16493,TES-O12826,2023-03-26,17501.75,Paid,0.0
TES-R16059,TES-O10994,2024-04-29,11143.19,Refunded,0.0
TES-R11985,TES-O14657,2025-04-29,22289.09,Paid,0.0
TES-R11540,TES-O12272,2024-02-06,45082.89,Paid,45082.89
TES-R15437,TES-O8619,2024-01-24,82721.5,Paid,82721.5
TES-R17372,TES-O8296,2024-08-05,570.16,Refunded,0.0
TES-R16525,TES-O11963,2023-01-16,18939.05,Refunded,0.0
TES-R9465,TES-O12811,2023-06-09,88989.67,Paid,88989.67
TES-R15886,TES-O5478,2023-11-26,17646.71,Paid,0.0
TES-R15550,TES-O14178,2024-05-23,51406.01,Paid,0.0
TES-R18332,TES-O14929,2023-04-18,48263.75,Paid,0.0
TES-R9064,TES-O12774,2025-10-17,44358.21,Paid,44358.21
TES-R17247,TES-O9243,2023-08-07,304.41,Paid,0.0
TES-R16773,TES-O14225,2023-08-22,90518.37,Paid,0.0
TES-R17688,TES-O8861,2024-07-28,584.0,Paid,0.0
TES-R10055,TES-O8032,2024-02-28,42436.41,Paid,0.0
TES-R11519,TES-O11695,2024-10-01,46364.71,Paid,0.0
TES-R14824,TES-O12952,2023-01-14,39507.35,Paid,0.0
TES-R17550,TES-O8461,2025-04-24,9249.31,Refunded,0.0
TES-R14313,TES-O10164,2023-11-02,97257.93,Paid,0.0
TES-R14291,TES-O14189,2025-07-22,512.64,Paid,0.0
TES-R10633,TES-O6240,2023-11-20,80103.44,Pending,0.0
TES-R9932,TES-O7434,2024-10-27,207.57,Paid,207.57
TES-R16334,TES-O5052,2025-08-07,456.99,Paid,0.0
TES-R9386,TES-O6544,2023-09-07,42903.16,Paid,0.0
TES-R14726,TES-O11889,2025-01-01,237.06,Paid,0.0
TES-R10504,TES-O14409,2024-05-23,91616.39,Refunded,0.0
TES-R12508,TES-O8400,2025-12-28,11052.12,Paid,0.0
TES-R16954,TES-O5732,2025-04-06,11067.2,Paid,0.0
TES-R15237,TES-O13872,2024-04-08,88705.54,Paid,0.0
TES-R12500,TES-O11618,2023-10-15,1008.0,Paid,0.0
TES-R17153,TES-O13118,2025-04-13,52219.57,Paid,0.0
TES-R15516,TES-O14046,2023-01-26,51854.72,Paid,0.0
TES-R12311,TES-O10866,2024-04-16,80230.72,Paid,0.0
TES-R15187,TES-O14585,2024-11-22,,Pending,0.0
TES-R13298,TES-O9218,2023-06-23,21.72,Paid,21.72
TES-R9679,TES-O5093,2025-11-10,110.08,Pending,0.0
TES-R12954,TES-O11493,2025-11-04,178.23,Paid,0.0
TES-R12886,TES-O5790,2025-09-03,863.4,Paid,0.0
TES-R17676,TES-O5421,2024-09-12,96865.91,Refunded,0.0
TES-R16913,TES-O11378,2024-07-03,11422.01,Paid,0.0
TES-R13571,TES-O7603,2025-12-14,47163.59,Paid,0.0
TES-R18423,TES-O8130,2025-05-31,16737.38,Paid,16737.38
TES-R17665,TES-O9819,2024-08-25,80585.12,Paid,0.0
TES-R9982,TES-O7024,2025-03-04,85111.13,Refunded,0.0
TES-R13531,TES-O11069,2025-04-13,92365.58,Paid,0.0
TES-R15562,TES-O13879,2025-02-07,45331.2,Paid,0.0
TES-R14784,TES-O12117,2024-12-24,87997.16,Paid,87997.16
TES-R14771,TES-O14953,2024-04-09,332.16,Paid,0.0
TES-R15485,TES-O6656,2025-07-07,46049.55,Paid,46049.55
TES-R12271,TES-O8418,2025-01-16,9754.37,Paid,0.0
TES-R9129,TES-O7436,2025-11-12,95376.0,Paid,0.0
TES-R18109,TES-O9437,2024-06-24,11816.24,Pending,0.0
TES-R15092,TES-O10821,2025-02-18,381.54,Paid,61.84
TES-R12206,TES-O8735,2024-06-24,75770.69,Paid,0.0
TES-R9717,TES-O6615,2024-09-05,,Paid,0.0
TES-R11108,TES-O7160,2024-06-07,44579.14,Paid,44579.14
TES-R16033,TES-O7586,2025-11-10,44027.13,Pending,0.0
TES-R13766,TES-O7219,2024-05-27,97394.63,Paid,97394.63
TES-R15289,TES-O11710,2023-03-26,23772.83,Refunded,0.0
TES-R15645,TES-O5900,2024-02-29,47452.52,Paid,0.0
TES-R12299,TES-O13336,2024-05-08,99581.46,Pending,0.0
TES-R18421,TES-O11828,2025-02-15,,Paid,17621.33
TES-R10450,TES-O7821,2025-01-25,40821.21,Paid,0.0
TES-R12378,TES-O10363,2023-05-15,40548.45,Paid,0.0
TES-R16293,TES-O9089,2025-01-16,804.2,Paid,0.0
TES-R15815,TES-O11179,2024-09-14,10094.42,Paid,0.0
TES-R9526,TES-O9481,2025-02-20,45175.12,Paid,45175.12
TES-R15537,TES-O10021,2024-02-03,80203.39,Paid,0.0
TES-R10420,TES-O11240,2024-04-25,80113.67,Paid,80113.67
TES-R14218,TES-O13619,2024-07-16,45790.67,Paid,0.0
TES-R14320,TES-O10223,2023-01-17,19975.17,Paid,0.0
TES-R17352,TES-O9219,2024-11-11,98533.33,Refunded,0.0
TES-R10230,TES-O11416,2023-03-07,80.62,Paid,0.0
TES-R16260,TES-O14937,2024-01-14,92890.21,Pending,0.0
TES-R17016,TES-O10539,2023-12-03,9930.8,Paid,0.0
TES-R16876,TES-O7040,2025-11-07,80130.89,Paid,0.0
TES-R11417,TES-O14108,2024-05-13,924.8,Paid,0.0
TES-R10026,TES-O14367,2025-07-05,92096.28,Paid,92096.28
TES-R11020,TES-O13519,2025-05-21,75415.8,Paid,0.0
TES-R13166,TES-O5310,2025-06-19,95139.51,Paid,0.0
TES-R12200,TES-O5025,2024-06-29,22818.45,Paid,0.0
TES-R9848,TES-O8484,2025-02-17,81898.87,Paid,0.0
TES-R18062,TES-O9646,2023-08-14,76745.26,Refunded,0.0
TES-R11426,TES-O13255,2025-08-15,42824.15,Refunded,0.0
TES-R13181,TES-O14324,2023-10-24,90436.61,Refunded,0.0
TES-R11920,TES-O14949,2025-10-09,76246.46,Pending,0.0
TES-R13295,TES-O11714,2024-07-30,342.18,Paid,0.0
TES-R14951,TES-O14063,2025-02-08,54.51,Paid,0.0
TES-R9647,TES-O13795,2025-08-24,43504.59,Paid,0.0
TES-R16526,TES-O12522,2025-09-20,92516.42,Paid,0.0
TES-R12216,TES-O11739,2023-03-11,912.6,Paid,912.6
TES-R11429,TES-O14769,2024-09-30,94600.19,Paid,0.0
TES-R18282,TES-O13733,2024-02-27,11759.8,Paid,11759.8
TES-R10293,TES-O5912,2025-10-25,88868.38,Paid,0.0
TES-R10224,TES-O13798,2024-12-17,42803.41,Paid,0.0
TES-R10869,TES-O12051,2025-01-07,16933.68,Paid,16933.68
TES-R9290,TES-O7877,2025-03-31,86249.59,Refunded,0.0
TES-R13283,TES-O9191,2024-07-11,95585.95,Paid,0.0
TES-R14204,TES-O8840,2024-01-21,11394.01,Refunded,0.0
TES-R10417,TES-O13825,2023-09-12,90852.4,Paid,0.0
TES-R14444,TES-O6346,2024-01-28,206.16,Paid,206.16
TES-R11217,TES-O5098,2025-07-24,11283.27,Paid,0.0
TES-R9238,TES-O12002,2024-07-11,191.27,Paid,0.0
TES-R11416,TES-O10919,2025-07-19,99.08,Refunded,0.0
TES-R16275,TES-O8466,2025-12-29,46146.42,Paid,46146.42
TES-R12469,TES-O11581,2025-09-19,10046.69,Paid,0.0
TES-R10080,TES-O10160,2025-01-28,41499.35,Paid,0.0
TES-R14580,TES-O7254,2024-06-10,15601.64,Paid,0.0
TES-R18318,TES-O9221,2024-12-05,88700.23,Paid,0.0
TES-R15066,TES-O8815,2023-08-13,141.26,Paid,0.0
TES-R9948,TES-O9883,2024-08-28,372.15,Paid,0.0
TES-R16081,TES-O10254,2023-06-27,42337.77,Paid,0.0
TES-R10265,TES-O13154,2023-03-23,42254.6,Paid,0.0
TES-R12318,TES-O5386,2025-10-09,47786.23,Paid,0.0
TES-R15612,TES-O12535,2023-10-30,53615.95,Paid,0.0
TES-R12729,TES-O12055,2024-12-18,600.28,Paid,600.28
TES-R18647,TES-O11418,2024-10-20,794.2,Paid,794.2
TES-R18130,TES-O6758,2025-12-18,195.36,Paid,0.0
TES-R14069,TES-O8510,2025-04-14,,Paid,0.0
TES-R10051,TES-O5309,2023-05-12,42020.74,Paid,0.0
TES-R14334,TES-O7526,2023-04-29,39822.29,Paid,0.0
TES-R10866,TES-O12150,2025-07-06,149.4,Paid,0.0
TES-R12580,TES-O5526,2025-09-30,47985.65,Paid,0.0
TES-R14905,TES-O14989,2025-06-01,23612.26,Paid,0.0
TES-R14086,TES-O6497,2025-01-26,133.12,Paid,133.12
TES-R10447,TES-O6585,2024-03-23,90114.36,Paid,0.0
TES-R15931,TES-O8433,2024-11-18,256.76,Paid,0.0
TES-R11100,TES-O9800,2023-06-02,581.16,Paid,0.0
TES-R13107,TES-O12943,2025-01-18,50678.71,Paid,0.0
TES-R11048,TES-O13975,2024-02-08,18126.41,Paid,0.0
TES-R16985,TES-O8152,2025-12-03,199.3,Paid,0.0
TES-R13661,TES-O7927,2023-08-28,45064.55,Paid,19223.43
TES-R9799,TES-O13600,2023-09-04,10055.93,Paid,10055.93
TES-R12718,TES-O9760,2024-10-25,49397.84,Refunded,0.0
TES-R12910,TES-O10255,2024-10-22,46083.16,Refunded,0.0
TES-R10598,TES-O11383,2025-11-28,41112.7,Paid,0.0
TES-R15789,TES-O13490,2023-04-15,9932.53,Paid,0.0
TES-R12519,TES-O6842,2024-11-02,40096.19,Paid,40096.19
TES-R12273,TES-O9773,2023-01-28,87707.36,Refunded,0.0
TES-R17128,TES-O6373,2025-11-27,329.13,Paid,329.13
TES-R11524,TES-O14499,2025-09-19,762.75,Paid,762.75
TES-R15708,TES-O7869,2024-07-19,20399.62,Paid,20399.62
TES-R11712,TES-O5754,2025-05-20,399.22,Refunded,0.0
TES-R17044,TES-O7681,2025-07-02,9920.33,Paid,0.0
TES-R9215,TES-O8371,2025-03-08,24213.27,Paid,0.0
TES-R18546,TES-O14905,2025-11-13,11765.33,Paid,0.0
TES-R13218,TES-O5403,2024-04-14,99568.72,Refunded,0.0
TES-R17604,TES-O10867,2025-11-03,94685.19,Paid,0.0
TES-R15827,TES-O7726,2023-01-22,81402.28,Refunded,0.0
TES-R9176,TES-O12265,2025-02-12,654.08,Paid,0.0
TES-R17712,TES-O9333,2025-09-21,81897.2,Refunded,0.0
TES-R11867,TES-O8912,2025-03-07,821.28,Paid,0.0
TES-R11823,TES-O10110,2023-01-02,77134.65,Paid,0.0
TES-R14478,TES-O5370,2024-05-18,21640.45,Paid,21640.45
TES-R10198,TES-O12513,2024-01-26,84955.03,Paid,0.0
TES-R15542,TES-O10528,2024-10-18,297.31,Paid,0.0
TES-R10664,TES-O9270,2025-12-01,,Paid,11672.88
TES-R15775,TES-O5030,2024-11-27,43986.18,Paid,0.0
TES-R14917,TES-O9207,2025-01-15,348.65,Paid,0.0
TES-R13863,TES-O8768,2025-12-04,120.68,Paid,0.0
TES-R16705,TES-O14291,2024-04-15,22853.9,Paid,0.0
TES-R17641,TES-O11034,2023-09-09,225.4,Paid,0.0
TES-R14890,TES-O9896,2024-02-19,49941.74,Paid,0.0
TES-R10063,TES-O5047,2025-03-26,45780.63,Refunded,0.0
TES-R17765,TES-O10843,2025-08-19,396.22,Paid,0.0
TES-R13983,TES-O12856,2023-02-09,47023.5,Paid,47023.5
TES-R13022,TES-O11967,2023-03-18,40803.82,Paid,0.0
TES-R17401,TES-O11571,2024-12-04,489.48,Paid,0.0
TES-R10568,TES-O8752,2024-02-12,597.3,Paid,0.0
TES-R9682,TES-O11178,2025-12-13,19015.01,Paid,0.0
TES-R14647,TES-O7984,2023-11-08,180.28,Refunded,0.0
TES-R18582,TES-O11607,2025-02-26,40575.32,Paid,0.0
TES-R11335,TES-O7158,2024-10-17,44060.54,Refunded,0.0
TES-R12549,TES-O13312,2023-12-07,,Paid,0.0
TES-R13920,TES-O6458,2024-01-19,40821.95,Pending,0.0
TES-R10521,TES-O12163,2023-11-11,769.35,Paid,0.0
TES-R15503,TES-O13471,2023-01-02,1457.25,Paid,433.78
TES-R14489,TES-O10524,2025-06-01,169.3,Paid,0.0
TES-R12661,TES-O14786,2024-08-28,76469.64,Paid,76469.64
TES-R16421,TES-O12820,2023-07-27,23384.38,Paid,6902.54
TES-R10567,TES-O5105,2025-11-22,18985.22,Pending,0.0
TES-R17536,TES-O5897,2024-06-19,10810.33,Paid,10810.33
TES-R15722,TES-O10951,2024-06-25,20445.59,Paid,0.0
TES-R12924,TES-O8706,2023-06-12,45108.19,Paid,0.0
TES-R10031,TES-O8695,2023-04-28,75151.55,Paid,0.0
TES-R17951,TES-O9639,2023-04-08,45791.09,Paid,0.0
TES-R13781,TES-O9894,2025-03-09,9057.56,Paid,0.0
TES-R10990,TES-O11886,2024-05-03,84591.04,Paid,0.0
TES-R11841,TES-O7736,2023-02-05,89015.53,Refunded,0.0
TES-R13361,TES-O11813,2023-10-10,569.04,Paid,0.0
TES-R15273,TES-O12098,2023-03-14,230.22,Refunded,0.0
TES-R17381,TES-O7143,2025-01-07,10589.73,Paid,0.0
TES-R16709,TES-O5121,2025-03-09,166.56,Paid,0.0
TES-R14586,TES-O5582,2025-05-07,87349.24,Paid,0.0
TES-R16518,TES-O12017,2025-05-29,43749.9,Paid,0.0
TES-R16589,TES-O8192,2024-07-01,43917.65,Paid,0.0
TES-R11954,TES-O5799,2025-10-01,,Paid,0.0
TES-R16160,TES-O9396,2025-05-13,398.9,Refunded,0.0
TES-R9307,TES-O14403,2023-04-26,9188.02,Refunded,0.0
TES-R13780,TES-O6987,2024-12-02,15842.8,Paid,15842.8
TES-R11363,TES-O6414,2025-04-16,10015.75,Paid,0.0
TES-R14150,TES-O11922,2023-07-24,92014.24,Refunded,0.0
TES-R12069,TES-O14912,2025-10-10,10559.59,Paid,0.0
TES-R14270,TES-O7309,2024-10-09,20043.83,Paid,0.0
TES-R15255,TES-O8437,2024-02-16,82643.36,Paid,0.0
TES-R18049,TES-O7127,2023-02-15,23907.24,Paid,23907.24
TES-R15916,TES-O14010,2025-06-23,83649.61,Paid,0.0
TES-R9916,TES-O7364,2024-10-19,22562.15,Refunded,0.0
TES-R13619,TES-O6212,2024-09-27,87769.93,Refunded,0.0
TES-R18237,TES-O11564,2023-09-07,80492.48,Paid,0.0
TES-R13384,TES-O5211,2023-07-29,38198.12,Paid,0.0
TES-R12998,TES-O13801,2023-05-09,94409.9,Refunded,0.0
TES-R11959,TES-O10130,2024-09-26,51685.79,Paid,0.0
TES-R15473,TES-O10864,2023-12-28,91368.48,Paid,0.0
TES-R16327,TES-O5419,2025-08-31,,Paid,0.0
TES-R16830,TES-O7561,2024-04-01,42777.72,Paid,0.0
TES-R14393,TES-O10419,2025-11-08,94081.45,Paid,0.0
TES-R9909,TES-O8726,2024-12-28,45742.34,Pending,0.0
TES-R10121,TES-O14165,2024-03-16,485.94,Paid,485.94
TES-R11481,TES-O7803,2025-02-09,95466.48,Paid,0.0
TES-R13761,TES-O5952,2025-12-18,47814.25,Paid,0.0
TES-R9624,TES-O11876,2023-06-01,21743.27,Paid,21743.27
TES-R14870,TES-O13743,2024-03-20,,Paid,0.0
TES-R15177,TES-O5566,2024-03-08,416.3,Refunded,0.0
TES-R10145,TES-O14569,2024-12-20,292.04,Paid,292.04
TES-R16873,TES-O11413,2023-07-27,451.75,Paid,0.0
TES-R14930,TES-O8755,2024-01-28,48890.26,Paid,0.0
TES-R18103,TES-O9148,2025-07-11,146.19,Paid,27.95
TES-R15087,TES-O12546,2023-10-25,10710.31,Refunded,0.0
TES-R13596,TES-O6945,2024-12-19,23330.43,Paid,0.0
TES-R17769,TES-O10958,2025-07-12,45765.16,Paid,0.0
TES-R13820,TES-O7720,2025-10-07,47731.77,Refunded,0.0
TES-R17478,TES-O5875,2025-07-17,23107.1,Paid,0.0
TES-R12264,TES-O7752,2023-10-18,1023.08,Refunded,0.0
TES-R17730,TES-O8218,2025-10-14,45105.44,Paid,0.0
TES-R15737,TES-O10282,2024-01-16,9326.07,Paid,0.0
TES-R15527,TES-O7915,2024-01-26,10973.97,Paid,0.0
TES-R18285,TES-O10236,2025-12-28,23983.29,Paid,0.0
TES-R10170,TES-O8763,2024-11-13,87397.29,Paid,0.0
TES-R9403,TES-O11538,2025-02-02,42254.29,Pending,0.0
TES-R16718,TES-O10279,2025-09-18,202.64,Paid,0.0
TES-R16050,TES-O9636,2023-06-05,293.28,Paid,0.0
TES-R12070,TES-O13542,2023-01-23,38773.52,Paid,0.0
TES-R9405,TES-O9583,2023-10-08,630.15,Paid,0.0
TES-R12423,TES-O14594,2025-05-12,83971.86,Refunded,0.0
TES-R12424,TES-O7338,2024-10-19,,Paid,598.3
TES-R11759,TES-O9027,2024-01-13,93015.42,Paid,0.0
TES-R13355,TES-O12321,2024-01-12,76985.79,Paid,0.0
TES-R17393,TES-O12494,2025-05-24,53859.86,Paid,0.0
TES-R14888,TES-O7312,2024-03-19,78481.95,Paid,0.0
TES-R14830,TES-O10281,2024-11-09,386.25,Paid,386.25
TES-R10746,TES-O6169,2024-07-22,22861.44,Paid,0.0
TES-R13212,TES-O11269,2025-05-30,21581.31,Paid,0.0
TES-R14330,TES-O5335,2025-11-09,67.71,Paid,67.71
TES-R10153,TES-O6242,2024-07-04,124.31,Refunded,0.0
TES-R12410,TES-O7470,2025-11-12,98581.96,Paid,0.0
TES-R10178,TES-O8957,2024-04-06,390.65,Paid,0.0
TES-R12664,TES-O14864,2024-02-28,,Paid,0.0
TES-R12991,TES-O13560,2025-11-18,26.08,Paid,0.0
TES-R17722,TES-O10351,2023-10-23,9127.9,Paid,0.0
TES-R16785,TES-O12800,2024-01-02,20702.79,Paid,0.0
TES-R11939,TES-O13936,2023-02-21,94821.63,Paid,0.0
TES-R16184,TES-O6496,2024-05-05,853.6,Refunded,0.0
TES-R13966,TES-O8888,2024-07-31,46988.07,Paid,0.0
TES-R15972,TES-O6575,2024-08-29,91448.94,Paid,0.0
TES-R13551,TES-O9489,2024-11-20,46051.54,Paid,0.0
TES-R11284,TES-O12557,2023-08-09,42041.34,Refunded,0.0
TES-R16399,TES-O13740,2024-11-23,,Refunded,0.0
TES-R13513,TES-O14713,2023-08-26,82666.77,Paid,0.0
TES-R10339,TES-O8513,2023-11-09,11166.09,Pending,0.0
TES-R9883,TES-O14697,2023-07-10,10753.79,Refunded,0.0
TES-R14003,TES-O10930,2024-06-12,47143.4,Paid,0.0
TES-R10622,TES-O11190,2025-04-19,737.3,Refunded,0.0
TES-R13643,TES-O7558,2024-01-24,22827.45,Refunded,0.0
TES-R15978,TES-O9026,2023-07-12,387.88,Paid,0.0
TES-R11865,TES-O6885,2024-02-29,84772.08,Paid,0.0
TES-R13524,TES-O5954,2025-03-02,42191.01,Paid,42191.01
TES-R13187,TES-O8838,2024-06-07,667.28,Paid,0.0
TES-R15475,TES-O9619,2024-01-31,96485.4,Refunded,0.0
TES-R17752,TES-O10455,2023-11-04,80161.39,Paid,0.0
TES-R9426,TES-O5484,2024-05-16,10691.26,Refunded,0.0
TES-R12836,TES-O6332,2023-10-20,18657.48,Paid,0.0
TES-R10871,TES-O9377,2024-08-27,136.93,Paid,0.0
TES-R9697,TES-O7411,2024-05-13,76286.61,Paid,0.0
TES-R16138,TES-O7667,2025-06-04,42227.63,Refunded,0.0
TES-R18252,TES-O12508,2024-11-02,11786.08,Refunded,0.0
TES-R10303,TES-O10067,2024-11-25,87353.49,Paid,0.0
TES-R15515,TES-O9007,2023-03-23,196.82,Paid,0.0
TES-R17106,TES-O8635,2025-04-19,18906.61,Paid,0.0
TES-R9847,TES-O6062,2025-07-16,94086.65,Refunded,0.0
TES-R15847,TES-O8532,2023-08-09,87763.14,Paid,87763.14
TES-R16475,TES-O8411,2024-10-09,44878.1,Paid,0.0
TES-R13005,TES-O11747,2025-01-25,11296.14,Paid,2373.43
TES-R17753,TES-O9352,2024-06-06,89576.95,Paid,0.0
TES-R11664,TES-O9411,2023-08-03,21365.02,Paid,0.0
TES-R9499,TES-O13406,2025-03-21,,Paid,0.0
TES-R17182,TES-O11428,2024-04-26,86105.08,Pending,0.0
TES-R17463,TES-O13603,2025-05-13,9583.5,Paid,0.0
TES-R15345,TES-O5276,2023-04-23,118.38,Paid,0.0
TES-R17422,TES-O11624,2023-11-16,76986.54,Refunded,0.0
TES-R17578,TES-O12530,2023-09-19,24977.59,Paid,0.0
TES-R12780,TES-O13647,2025-08-21,88598.19,Paid,0.0
TES-R15312,TES-O14425,2023-06-05,85.35,Paid,0.0
TES-R10225,TES-O10135,2023-07-31,88421.72,Pending,0.0
TES-R9531,TES-O14087,2024-07-31,98834.0,Paid,0.0
TES-R12598,TES-O12830,2024-04-29,361.05,Paid,0.0
TES-R12001,TES-O8375,2025-08-02,45470.01,Refunded,0.0
TES-R12024,TES-O7049,2024-06-16,45573.12,Paid,0.0
TES-R15521,TES-O14042,2024-07-29,43768.68,Paid,0.0
TES-R14030,TES-O9656,2023-11-03,38146.67,Paid,0.0
TES-R10239,TES-O7293,2025-11-13,17261.75,Paid,0.0
TES-R10769,TES-O10173,2024-06-13,,Paid,0.0
TES-R12340,TES-O8279,2023-07-31,61.1,Paid,0.0
TES-R10415,TES-O6305,2025-02-22,857.24,Refunded,0.0
TES-R17884,TES-O10727,2025-10-07,44747.66,Paid,0.0
TES-R12768,TES-O12658,2023-02-28,144.06,Paid,0.0
TES-R11405,TES-O7568,2023-03-22,115.05,Refunded,0.0
TES-R15948,TES-O10637,2024-12-26,80.6,Paid,0.0
TES-R12458,TES-O8634,2025-04-05,736.76,Pending,0.0
TES-R11877,TES-O8917,2023-01-16,81208.68,Paid,0.0
TES-R10150,TES-O13657,2024-12-07,69.78,Paid,0.0
TES-R11009,TES-O5985,2023-01-26,43200.92,Paid,0.0
TES-R12077,TES-O13703,2024-11-16,88945.79,Refunded,0.0
TES-R16183,TES-O9604,2025-06-05,95581.25,Paid,0.0
TES-R14644,TES-O8811,2024-10-10,,Paid,0.0
TES-R17922,TES-O7223,2023-07-23,21647.8,Paid,21647.8
TES-R17523,TES-O8116,2025-07-19,187.48,Paid,0.0
TES-R12099,TES-O11831,2025-08-25,80356.69,Paid,0.0
TES-R15861,TES-O7705,2025-08-01,18842.8,Refunded,0.0
TES-R11703,TES-O13384,2023-06-24,10945.39,Paid,0.0
TES-R14110,TES-O10332,2024-11-11,88087.99,Paid,88087.99
TES-R10465,TES-O6770,2023-05-08,386.34,Pending,0.0
TES-R11777,TES-O8338,2025-02-15,9714.05,Paid,0.0
TES-R16479,TES-O8746,2024-12-08,79315.11,Paid,0.0
TES-R18202,TES-O13262,2025-01-15,88555.51,Pending,0.0
TES-R10392,TES-O6407,2025-03-05,42300.12,Paid,0.0
TES-R12127,TES-O11137,2025-07-02,,Paid,0.0
TES-R16809,TES-O7826,2023-10-27,84859.21,Paid,0.0
TES-R13092,TES-O11824,2024-09-06,,Refunded,0.0
TES-R16508,TES-O7732,2024-12-14,11209.18,Paid,0.0
TES-R14355,TES-O5555,2025-08-18,18230.43,Paid,18230.43
TES-R12247,TES-O5918,2023-06-03,9521.17,Paid,0.0
TES-R17487,TES-O12449,2023-08-09,99.49,Paid,0.0
TES-R13792,TES-O11441,2025-12-23,79298.29,Paid,0.0
TES-R10056,TES-O6105,2024-07-16,90485.6,Paid,0.0
TES-R12260,TES-O13721,2025-05-23,43455.88,Paid,0.0
TES-R11767,TES-O12221,2025-08-26,384.84,Refunded,0.0
TES-R9158,TES-O11857,2024-08-14,85713.07,Paid,0.0
TES-R9148,TES-O7157,2023-09-19,85486.0,Paid,0.0
TES-R12381,TES-O5681,2025-07-25,9434.37,Paid,9434.37
TES-R14880,TES-O13070,2024-11-06,18029.34,Paid,18029.34
TES-R12708,TES-O11187,2024-05-31,10868.0,Paid,10868.0
TES-R15711,TES-O6985,2024-05-25,24531.2,Paid,0.0
TES-R9914,TES-O9351,2023-12-09,53025.39,Paid,53025.39
TES-R12485,TES-O13345,2025-06-08,47075.42,Paid,0.0
TES-R14800,TES-O7812,2025-10-14,20867.79,Paid,0.0
TES-R13023,TES-O8998,2025-08-18,83892.42,Paid,0.0
TES-R14297,TES-O5707,2024-11-11,84592.03,Paid,0.0
TES-R11718,TES-O6817,2024-02-21,198.48,Paid,0.0
TES-R10516,TES-O9310,2023-06-17,91338.23,Paid,0.0
TES-R10618,TES-O6735,2025-06-30,86633.84,Paid,0.0
TES-R18567,TES-O7555,2024-12-08,9058.18,Paid,0.0
TES-R17411,TES-O14847,2023-08-04,21363.42,Paid,0.0
TES-R13466,TES-O12178,2025-03-11,49785.55,Paid,0.0
TES-R9734,TES-O14199,2025-12-14,93671.27,Paid,0.0
TES-R15641,TES-O12407,2023-03-02,158.9,Paid,158.9
TES-R16141,TES-O8893,2025-06-28,53391.19,Paid,0.0
TES-R15405,TES-O7553,2024-09-14,20997.14,Paid,0.0
TES-R16790,TES-O7429,2025-01-26,277.72,Paid,0.0
TES-R15824,TES-O5877,2024-01-04,256.62,Paid,256.62
TES-R9262,TES-O11659,2025-05-22,18797.13,Paid,18797.13
TES-R16590,TES-O5124,2024-10-26,15351.7,Paid,0.0
TES-R9042,TES-O13497,2025-04-30,89286.45,Paid,0.0
TES-R11476,TES-O10812,2023-06-26,91220.23,Paid,0.0
TES-R17236,TES-O14179,2023-06-29,9280.06,Paid,9280.06
TES-R16465,TES-O10701,2025-06-18,91721.05,Refunded,0.0
TES-R14305,TES-O7587,2023-05-14,47052.76,Refunded,9125.91
TES-R12079,TES-O8233,2023-06-06,84973.67,Paid,0.0
TES-R14038,TES-O5506,2025-10-22,16336.17,Paid,0.0
TES-R12841,TES-O14003,2024-08-11,107.96,Paid,0.0
TES-R16017,TES-O11156,2025-05-20,43129.04,Paid,0.0
TES-R14531,TES-O11173,2023-04-25,637.65,Paid,0.0
TES-R9498,TES-O13105,2025-04-15,84815.83,Paid,0.0
TES-R14104,TES-O6302,2025-07-07,45106.49,Paid,6955.51
TES-R15683,TES-O10297,2023-07-08,93852.45,Paid,0.0
TES-R9928,TES-O14960,2023-06-13,11616.81,Refunded,0.0
TES-R13445,TES-O14024,2023-09-06,,Pending,0.0
TES-R15694,TES-O13790,2023-05-11,600.48,Paid,0.0
TES-R11681,TES-O13185,2023-07-10,39634.09,Paid,39634.09
TES-R9416,TES-O5543,2025-08-09,99930.93,Paid,0.0
TES-R9633,TES-O9727,2024-01-20,786.78,Pending,0.0
TES-R17845,TES-O7783,2023-09-16,74.94,Refunded,0.0
TES-R10074,TES-O12710,2023-08-26,21008.61,Paid,0.0
TES-R12793,TES-O14369,2025-10-15,11453.68,Paid,0.0
TES-R11665,TES-O5032,2024-10-10,392.49,Paid,0.0
TES-R15395,TES-O9347,2023-10-13,90253.33,Pending,0.0
TES-R17345,TES-O7065,2025-11-04,94381.49,Pending,0.0
TES-R14912,TES-O6452,2023-04-16,24182.87,Paid,0.0
TES-R13117,TES-O5776,2023-10-17,24017.62,Paid,0.0
TES-R12624,TES-O9360,2024-04-18,81934.55,Pending,0.0
TES-R12488,TES-O9486,2023-12-21,54182.6,Paid,0.0
TES-R10343,TES-O13821,2023-04-10,83405.4,Paid,0.0
TES-R16540,TES-O8520,2025-03-25,20381.11,Paid,0.0
TES-R9445,TES-O10943,2024-03-01,43909.41,Paid,43909.41
TES-R18193,TES-O10990,2025-06-24,82341.35,Paid,0.0
TES-R15030,TES-O12844,2025-12-07,549.6,Paid,0.0
TES-R18519,TES-O7136,2023-09-02,46931.49,Paid,46931.49
TES-R13699,TES-O7486,2025-12-13,44823.46,Paid,0.0
TES-R11338,TES-O5226,2025-05-09,,Paid,0.0
TES-R10015,TES-O7709,2025-12-22,395.94,Paid,0.0
TES-R16701,TES-O6439,2023-11-25,1102.96,Refunded,0.0
TES-R16461,TES-O13196,2025-08-01,87026.77,Paid,0.0
TES-R11166,TES-O6894,2024-08-20,321.6,Paid,0.0
TES-R17999,TES-O14698,2025-04-01,713.7,Refunded,0.0
TES-R13145,TES-O8402,2025-08-05,91020.92,Paid,0.0
TES-R11396,TES-O10495,2023-08-16,95.1,Paid,95.1
TES-R15893,TES-O9040,2023-12-23,22233.23,Refunded,0.0
TES-R15756,TES-O12382,2023-04-06,101.97,Pending,0.0
TES-R17873,TES-O14911,2025-04-07,20606.27,Refunded,0.0
TES-R12290,TES-O13627,2024-11-17,11505.36,Paid,0.0
TES-R15469,TES-O14493,2025-01-18,,Refunded,0.0
TES-R11114,TES-O8203,2024-10-19,52714.39,Paid,0.0
TES-R18151,TES-O6764,2024-01-01,388.16,Refunded,0.0
TES-R10935,TES-O13097,2025-09-19,,Paid,0.0
TES-R18300,TES-O7222,2024-10-30,,Paid,19451.25
TES-R10745,TES-O11698,2024-11-17,20824.35,Paid,0.0
TES-R16349,TES-O10928,2023-05-16,44288.77,Refunded,0.0
TES-R15497,TES-O14790,2023-06-09,54087.79,Pending,0.0
TES-R15253,TES-O11417,2023-09-16,,Paid,75306.71
TES-R13334,TES-O6126,2024-07-24,48192.54,Paid,0.0
TES-R14388,TES-O12871,2025-09-05,86226.82,Paid,0.0
TES-R12567,TES-O8039,2024-12-04,76609.31,Paid,0.0
TES-R14377,TES-O8413,2025-12-30,33.5,Refunded,0.0
TES-R15266,TES-O14574,2023-01-29,527.6,Refunded,0.0
TES-R9613,TES-O7684,2024-04-16,41181.78,Paid,0.0
TES-R14895,TES-O12918,2024-03-20,46130.41,Paid,46130.41
TES-R14641,TES-O5410,2025-06-15,10428.06,Paid,0.0
TES-R9984,TES-O10721,2025-07-08,,Paid,0.0
TES-R11088,TES-O9391,2024-12-28,9492.57,Paid,0.0
TES-R10010,TES-O12060,2024-08-30,1478.05,Paid,489.48
TES-R16078,TES-O5967,2024-04-02,38149.95,Paid,38149.95
TES-R14797,TES-O8580,2023-02-19,344.4,Paid,0.0
TES-R17513,TES-O11773,2024-08-18,19150.7,Paid,0.0
TES-R17697,TES-O6980,2024-07-02,605.75,Paid,0.0
TES-R11287,TES-O7824,2025-10-28,84073.61,Paid,0.0
TES-R9206,TES-O5480,2024-12-27,85049.09,Refunded,0.0
TES-R17410,TES-O7251,2023-09-29,126.68,Paid,126.68
TES-R12593,TES-O7563,2024-03-21,21801.6,Paid,0.0
TES-R14848,TES-O10883,2025-05-10,472.1,Paid,0.0
TES-R18465,TES-O8079,2023-11-02,47595.29,Paid,5196.21
TES-R9536,TES-O12984,2023-03-02,53524.8,Refunded,0.0
TES-R11439,TES-O5498,2024-05-20,11814.95,Paid,11814.95
TES-R11583,TES-O13090,2024-05-19,773.44,Pending,0.0
TES-R9244,TES-O9432,2024-10-29,9046.68,Paid,0.0
TES-R10058,TES-O8515,2025-09-28,95911.25,Paid,0.0
TES-R10813,TES-O13400,2025-10-24,52684.4,Paid,0.0
TES-R13777,TES-O12796,2024-01-06,22505.24,Paid,22505.24
TES-R11342,TES-O14599,2023-09-22,44563.87,Paid,0.0
TES-R15428,TES-O9467,2024-03-13,22366.21,Paid,0.0
TES-R16539,TES-O6293,2024-02-02,9873.48,Paid,0.0
TES-R13372,TES-O6282,2024-11-05,283.82,Paid,0.0
TES-R13374,TES-O5548,2023-05-07,82012.24,Paid,14410.91
TES-R12504,TES-O7748,2024-11-09,92220.69,Paid,0.0
TES-R9599,TES-O10662,2025-11-10,11868.92,Pending,0.0
TES-R13736,TES-O13434,2023-06-07,41353.92,Paid,0.0
TES-R15186,TES-O7892,2024-08-10,172.57,Paid,0.0
TES-R15365,TES-O14580,2025-03-18,81873.31,Paid,0.0
TES-R15748,TES-O9358,2024-03-20,42363.37,Refunded,0.0
TES-R11173,TES-O10052,2024-05-30,54467.7,Paid,0.0
TES-R9085,TES-O7789,2024-05-06,11737.7,Paid,0.0
TES-R12294,TES-O13104,2025-10-31,98194.54,Paid,98194.54
TES-R16030,TES-O10317,2025-11-27,77562.28,Paid,0.0
TES-R9963,TES-O5505,2025-01-30,,Pending,0.0
TES-R15876,TES-O8606,2024-09-05,76394.05,Paid,76394.05
TES-R17529,TES-O13450,2024-04-23,22111.48,Paid,0.0
TES-R14012,TES-O6909,2025-12-10,43724.06,Paid,0.0
TES-R18231,TES-O11863,2024-02-07,115.65,Paid,0.0
TES-R12476,TES-O7785,2025-01-17,43827.32,Pending,0.0
TES-R16983,TES-O12859,2025-04-13,112.22,Pending,0.0
TES-R15786,TES-O7139,2024-04-04,10644.06,Paid,0.0
TES-R17889,TES-O12645,2023-08-01,,Refunded,0.0
TES-R15973,TES-O9293,2025-01-26,752.4,Paid,0.0
TES-R17907,TES-O12418,2023-02-23,,Paid,198.74
TES-R9161,TES-O13771,2024-09-01,75295.85,Paid,75295.85
TES-R14157,TES-O14961,2024-03-27,99016.73,Refunded,0.0
TES-R10066,TES-O13625,2023-07-28,41070.01,Pending,0.0
TES-R12016,TES-O6438,2024-03-13,46469.64,Paid,46469.64
TES-R15593,TES-O14610,2024-03-01,38235.76,Paid,38235.76
TES-R12935,TES-O5481,2023-02-28,94063.63,Pending,0.0
TES-R16621,TES-O14016,2023-12-03,457.65,Refunded,0.0
TES-R9875,TES-O10311,2024-01-02,,Paid,0.0
TES-R14552,TES-O13223,2024-07-27,44321.28,Paid,0.0
TES-R10976,TES-O12659,2024-03-14,10775.56,Pending,0.0
TES-R13482,TES-O8884,2024-08-16,97258.78,Paid,0.0
TES-R9301,TES-O6078,2023-07-04,10.92,Pending,0.0
TES-R13250,TES-O10466,2025-03-01,,Pending,0.0
TES-R9432,TES-O13086,2025-12-22,52891.05,Paid,0.0
TES-R18590,TES-O11336,2025-12-01,20188.47,Refunded,0.0
TES-R11644,TES-O9297,2025-10-21,162.0,Paid,162.0
TES-R11104,TES-O12802,2024-05-14,21147.72,Paid,0.0
TES-R14501,TES-O12715,2025-11-25,94401.82,Pending,0.0
TES-R17302,TES-O7152,2025-10-21,41127.12,Pending,0.0
TES-R17367,TES-O12731,2025-09-08,89937.21,Refunded,0.0
TES-R17265,TES-O6290,2023-11-21,17977.67,Refunded,0.0
TES-R9692,TES-O7467,2023-10-15,89844.76,Paid,0.0
TES-R9609,TES-O13684,2023-09-18,21312.15,Paid,0.0
TES-R16331,TES-O12271,2023-06-27,94248.51,Paid,94248.51
TES-R16032,TES-O10986,2025-11-13,40545.64,Paid,0.0
TES-R15958,TES-O8331,2025-02-07,68.85,Paid,68.85
TES-R12379,TES-O12260,2023-03-16,772.16,Paid,772.16
TES-R14381,TES-O6079,2023-08-07,1469.15,Paid,0.0
TES-R18547,TES-O7744,2025-06-01,645.35,Paid,0.0
TES-R17910,TES-O5343,2024-09-17,87287.47,Paid,0.0
TES-R18349,TES-O11965,2023-07-08,9895.67,Paid,0.0
TES-R10473,TES-O10231,2023-01-22,210.39,Paid,0.0
TES-R13296,TES-O14616,2025-11-21,,Paid,0.0
TES-R11802,TES-O7952,2025-06-09,84114.72,Paid,0.0
TES-R15545,TES-O8069,2023-04-07,185.18,Paid,0.0
TES-R14255,TES-O12308,2025-12-29,99381.9,Paid,0.0
TES-R15943,TES-O6681,2024-01-13,48542.7,Paid,48542.7
TES-R15210,TES-O12600,2024-02-27,85495.15,Paid,85495.15
TES-R15446,TES-O10901,2023-10-27,91020.98,Paid,0.0
TES-R17355,TES-O12041,2023-03-04,11183.01,Paid,0.0
TES-R18270,TES-O7191,2024-01-20,47694.51,Paid,0.0
TES-R15578,TES-O9118,2025-06-04,88.77,Paid,0.0
TES-R13025,TES-O10507,2025-04-06,84567.96,Paid,0.0
TES-R18157,TES-O8395,2023-02-08,246.3,Paid,246.3
TES-R12420,TES-O5265,2023-07-29,49536.56,Paid,0.0
TES-R13657,TES-O10199,2025-01-12,611.64,Paid,0.0
TES-R11372,TES-O7751,2025-09-02,18195.79,Refunded,0.0
TES-R17577,TES-O11260,2025-12-15,148.09,Paid,0.0
TES-R15466,TES-O13632,2023-09-18,51009.23,Paid,0.0
TES-R16255,TES-O10029,2025-05-13,42736.89,Paid,0.0
TES-R15394,TES-O14856,2023-07-26,93697.95,Paid,0.0
TES-R13795,TES-O5568,2023-09-30,43402.29,Paid,0.0
TES-R15188,TES-O12710,2023-08-26,21008.61,Paid,0.0
TES-R13285,TES-O10832,2025-11-05,16661.84,Paid,16661.84
TES-R12691,TES-O11841,2025-09-27,625.65,Paid,0.0
TES-R13207,TES-O8252,2025-09-11,409.74,Paid,0.0
TES-R10449,TES-O14871,2024-09-13,10112.67,Paid,0.0
TES-R12532,TES-O12833,2024-10-01,,Paid,93655.43
TES-R17499,TES-O9380,2023-06-22,11118.16,Paid,0.0
TES-R13683,TES-O7554,2024-05-23,87602.39,Paid,87602.39
TES-R15372,TES-O12978,2023-05-27,20319.96,Paid,20319.96
TES-R9032,TES-O10306,2023-05-13,109.85,Refunded,0.0
TES-R10469,TES-O12475,2023-04-21,44592.03,Paid,0.0
TES-R10855,TES-O8793,2023-08-01,,Pending,0.0
TES-R16101,TES-O8199,2023-10-21,10910.84,Paid,0.0
TES-R16332,TES-O12941,2023-07-04,52096.63,Paid,0.0
TES-R14461,TES-O11679,2024-01-15,77988.77,Paid,0.0
TES-R10965,TES-O8415,2024-01-25,47704.29,Refunded,0.0
TES-R17694,TES-O9421,2023-08-20,15826.49,Paid,0.0
TES-R10289,TES-O12104,2024-09-19,522.12,Paid,0.0
TES-R11412,TES-O11683,2023-05-31,11369.67,Paid,0.0
TES-R13625,TES-O14559,2023-08-30,10368.7,Paid,0.0
TES-R16583,TES-O8364,2024-05-25,16435.55,Paid,0.0
TES-R18086,TES-O6947,2024-12-05,10686.65,Paid,0.0
TES-R17597,TES-O7564,2024-05-14,18947.65,Paid,0.0
TES-R9142,TES-O12213,2024-05-31,42730.48,Refunded,0.0
TES-R16379,TES-O8424,2024-04-07,11056.19,Paid,0.0
TES-R12080,TES-O14728,2023-04-07,92.7,Refunded,0.0
TES-R9289,TES-O8656,2024-11-12,49709.81,Paid,0.0
TES-R14449,TES-O9042,2025-02-15,90331.62,Refunded,0.0
TES-R11756,TES-O8392,2025-01-05,50258.71,Paid,0.0
TES-R14507,TES-O9596,2025-04-12,114.1,Paid,114.1
TES-R16629,TES-O8602,2023-12-31,,Refunded,20976.49
TES-R11846,TES-O13232,2025-10-05,9973.82,Paid,0.0
TES-R14476,TES-O8207,2025-07-20,23359.77,Paid,23359.77
TES-R11113,TES-O7318,2024-10-07,150.9,Pending,44.5
TES-R13731,TES-O11677,2024-08-11,82118.23,Paid,0.0
TES-R15100,TES-O7213,2025-07-27,24055.17,Paid,0.0
TES-R14700,TES-O14888,2023-05-18,1027.76,Paid,0.0
TES-R11899,TES-O7014,2024-05-13,793.35,Paid,0.0
TES-R12222,TES-O12637,2023-05-16,11298.04,Refunded,0.0
TES-R11220,TES-O6308,2025-09-15,46.48,Paid,0.0
TES-R15772,TES-O11977,2023-12-21,82750.53,Paid,0.0
TES-R13663,TES-O7854,2023-11-08,83973.81,Paid,0.0
TES-R17599,TES-O14872,2023-01-29,9342.33,Refunded,0.0
TES-R9731,TES-O14158,2025-08-17,1114.84,Refunded,0.0
TES-R11913,TES-O10749,2023-04-22,20810.01,Paid,0.0
TES-R15337,TES-O14214,2025-08-08,86659.03,Paid,0.0
TES-R18167,TES-O12243,2024-08-02,92430.34,Paid,0.0
TES-R14884,TES-O5864,2024-01-04,82391.69,Paid,82391.69
TES-R9041,TES-O10728,2025-09-28,87202.78,Paid,0.0
TES-R13128,TES-O7635,2023-07-02,46446.22,Paid,0.0
TES-R15075,TES-O13136,2025-01-04,51803.57,Paid,0.0
TES-R10144,TES-O12135,2023-09-26,49011.29,Refunded,0.0
TES-R18452,TES-O9783,2025-03-30,85662.08,Refunded,0.0
TES-R12897,TES-O7031,2024-11-14,9420.29,Paid,0.0
TES-R12348,TES-O6750,2023-05-02,46288.28,Refunded,0.0
TES-R15816,TES-O5834,2025-09-24,10939.41,Pending,0.0
TES-R17242,TES-O13844,2023-03-16,99785.17,Paid,0.0
TES-R15032,TES-O14773,2025-11-26,52181.43,Paid,0.0
TES-R11986,TES-O14180,2024-04-06,18028.55,Paid,0.0
TES-R12707,TES-O7072,2024-09-20,39310.33,Paid,0.0
TES-R12799,TES-O7567,2024-08-21,1446.7,Paid,0.0
TES-R12904,TES-O6687,2024-02-21,97078.89,Paid,0.0
TES-R14956,TES-O10207,2025-02-20,24328.4,Paid,0.0
TES-R18075,TES-O6922,2023-09-12,10686.71,Paid,10686.71
TES-R13858,TES-O6848,2024-11-20,24340.8,Paid,0.0
TES-R16415,TES-O5054,2024-06-03,,Paid,0.0
TES-R16762,TES-O6060,2025-03-10,302.4,Paid,0.0
TES-R14964,TES-O12246,2023-12-17,251.24,Paid,0.0
TES-R10077,TES-O8410,2024-05-18,51408.07,Paid,0.0
TES-R9369,TES-O12367,2023-06-04,43801.06,Pending,0.0
TES-R18438,TES-O9370,2025-09-17,92353.17,Paid,0.0
TES-R16086,TES-O13638,2025-07-31,80529.64,Paid,0.0
TES-R16758,TES-O10552,2024-01-14,11074.54,Paid,0.0
TES-R12280,TES-O11566,2025-10-19,98869.96,Paid,98869.96
TES-R9494,TES-O14589,2025-11-29,624.35,Paid,0.0
TES-R9996,TES-O9603,2025-02-09,42790.89,Paid,0.0
TES-R13680,TES-O9281,2025-07-17,16321.8,Paid,0.0
TES-R12769,TES-O9858,2025-04-24,79793.08,Paid,0.0
TES-R18066,TES-O8076,2025-04-06,93704.3,Refunded,0.0
TES-R12614,TES-O13267,2025-10-20,46748.15,Paid,0.0
TES-R14443,TES-O8685,2023-06-20,229.46,Paid,229.46
TES-R12811,TES-O5339,2023-08-03,42732.69,Paid,0.0
TES-R12422,TES-O7166,2024-09-08,76018.9,Paid,0.0
TES-R17098,TES-O13558,2023-02-23,93987.18,Paid,0.0
TES-R12871,TES-O8394,2023-06-12,93267.17,Refunded,0.0
TES-R11520,TES-O5384,2023-02-27,11581.29,Refunded,0.0
TES-R9789,TES-O5187,2023-10-09,159.12,Refunded,0.0
TES-R12873,TES-O7831,2025-04-18,10970.25,Paid,0.0
TES-R16988,TES-O8010,2024-04-20,46950.54,Paid,0.0
TES-R15674,TES-O12652,2025-11-14,10482.28,Paid,0.0
TES-R15470,TES-O5064,2025-03-03,43551.61,Refunded,0.0
TES-R18122,TES-O10293,2024-03-22,342.92,Refunded,0.0
TES-R9976,TES-O11935,2024-08-06,89343.55,Paid,89343.55
TES-R9328,TES-O5353,2024-11-03,1192.28,Refunded,0.0
TES-R10893,TES-O13893,2025-07-16,84000.28,Paid,0.0
TES-R16753,TES-O9093,2023-10-20,9231.54,Paid,0.0
TES-R9080,TES-O8459,2025-10-21,54163.59,Paid,0.0
TES-R10166,TES-O11282,2023-05-26,17752.9,Paid,17752.9
TES-R9352,TES-O12477,2025-07-18,20573.34,Pending,0.0
TES-R17639,TES-O11766,2023-10-12,94865.63,Paid,0.0
TES-R14557,TES-O14211,2025-09-30,98029.47,Paid,0.0
TES-R14835,TES-O10855,2024-02-10,42.72,Paid,0.0
TES-R14878,TES-O11037,2023-01-10,19813.78,Paid,0.0
TES-R13351,TES-O9674,2025-02-24,647.31,Paid,0.0
TES-R15807,TES-O7476,2023-12-05,45118.9,Paid,0.0
TES-R11387,TES-O12642,2025-02-01,737.4,Paid,0.0
TES-R17029,TES-O8657,2023-04-18,20733.15,Paid,0.0
TES-R17481,TES-O8162,2024-01-11,42415.78,Paid,0.0
TES-R9913,TES-O6613,2024-01-18,80087.49,Pending,0.0
TES-R15191,TES-O11531,2025-05-27,21867.39,Paid,21867.39
TES-R17099,TES-O12399,2025-01-01,9746.11,Refunded,0.0
TES-R9509,TES-O7218,2025-09-21,41852.54,Paid,0.0
TES-R11131,TES-O8255,2024-02-06,46086.62,Paid,46086.62
TES-R17727,TES-O5397,2023-01-01,430.0,Paid,430.0
TES-R10908,TES-O13473,2025-08-12,,Paid,0.0
TES-R12985,TES-O5928,2023-12-04,358.44,Paid,358.44
TES-R15402,TES-O7569,2023-04-21,20483.12,Refunded,0.0
TES-R11725,TES-O5019,2025-11-27,49314.88,Paid,0.0
TES-R12523,TES-O10711,2024-09-12,233.28,Paid,233.28
TES-R13407,TES-O12532,2025-01-01,368.05,Paid,0.0
TES-R11003,TES-O7061,2023-03-10,45351.32,Paid,14983.75
TES-R17816,TES-O8971,2023-07-28,11948.3,Paid,0.0
TES-R16203,TES-O7298,2023-08-11,11712.09,Paid,0.0
TES-R12919,TES-O13680,2025-06-05,285.07,Paid,0.0
TES-R16482,TES-O5969,2025-07-10,21788.68,Paid,0.0
TES-R10899,TES-O10676,2025-11-04,394.2,Paid,394.2
TES-R10064,TES-O7670,2025-10-06,51706.45,Paid,0.0
TES-R11763,TES-O14862,2023-08-12,18963.57,Paid,0.0
TES-R13320,TES-O9850,2025-06-01,84972.96,Paid,16145.47
TES-R14963,TES-O12521,2025-08-29,38307.14,Paid,0.0
TES-R13435,TES-O10416,2024-06-26,47947.84,Paid,0.0
TES-R13044,TES-O6356,2025-06-03,76604.9,Paid,0.0
TES-R10854,TES-O6222,2023-08-12,45235.09,Paid,0.0
TES-R16340,TES-O14827,2024-04-10,50160.86,Pending,0.0
TES-R14718,TES-O8836,2023-07-01,44757.43,Paid,0.0
TES-R10531,TES-O9578,2023-05-09,10679.8,Paid,0.0
TES-R13851,TES-O11669,2025-09-08,203.49,Pending,0.0
TES-R13392,TES-O10278,2025-03-23,11791.54,Refunded,0.0
TES-R15707,TES-O11049,2024-03-06,,Paid,18612.44
TES-R10192,TES-O8501,2025-03-18,,Paid,0.0
TES-R18388,TES-O11955,2025-08-02,23626.27,Paid,0.0
TES-R15812,TES-O5198,2024-08-12,,Refunded,0.0
TES-R18508,TES-O11073,2025-07-29,22948.34,Paid,0.0
TES-R17204,TES-O13354,2023-10-20,11053.31,Refunded,0.0
TES-R12075,TES-O9882,2024-08-10,84276.73,Paid,0.0
TES-R13439,TES-O13948,2024-10-07,92658.6,Refunded,0.0
TES-R9732,TES-O12488,2025-12-07,21519.92,Paid,0.0
TES-R12059,TES-O11820,2024-12-11,,Paid,0.0
TES-R11453,TES-O6374,2025-05-04,91907.97,Paid,0.0
TES-R14024,TES-O8540,2025-07-02,93328.38,Pending,0.0
TES-R14714,TES-O11021,2024-06-01,51891.92,Refunded,0.0
TES-R13438,TES-O12295,2024-08-03,43028.9,Paid,43028.9
TES-R10364,TES-O6164,2024-10-18,42597.72,Paid,0.0
TES-R12241,TES-O12816,2025-11-11,228.7,Paid,0.0
TES-R9298,TES-O5631,2023-05-19,172.36,Paid,0.0
TES-R18296,TES-O7164,2024-12-09,24921.29,Paid,0.0
TES-R17903,TES-O8177,2023-10-09,870.15,Paid,870.15
TES-R10969,TES-O10700,2025-08-10,89222.37,Paid,0.0
TES-R11030,TES-O5300,2024-09-07,51124.89,Paid,0.0
TES-R13951,TES-O8653,2024-01-31,9124.52,Paid,0.0
TES-R13763,TES-O6838,2024-04-25,97508.42,Paid,97508.42
TES-R13533,TES-O7781,2023-04-29,82004.39,Refunded,0.0
TES-R15952,TES-O9216,2023-05-23,43789.75,Pending,0.0
TES-R9861,TES-O9803,2023-07-14,22499.06,Paid,22499.06
TES-R16667,TES-O8137,2024-02-25,84704.77,Pending,0.0
TES-R11500,TES-O11501,2023-01-17,9670.88,Refunded,0.0
TES-R9337,TES-O12853,2025-12-16,720.16,Refunded,0.0
TES-R14253,TES-O6936,2023-11-12,199.48,Paid,199.48
TES-R9713,TES-O9291,2024-02-26,15837.14,Pending,0.0
TES-R17818,TES-O5696,2023-09-28,41188.52,Paid,0.0
TES-R18247,TES-O11681,2025-08-20,94143.81,Paid,0.0
TES-R13437,TES-O10310,2023-12-17,40335.93,Refunded,0.0
TES-R13701,TES-O13981,2023-09-08,142.89,Paid,0.0
TES-R13430,TES-O13393,2023-09-12,39843.28,Paid,0.0
TES-R13880,TES-O11783,2023-05-06,573.18,Paid,0.0
TES-R11663,TES-O5055,2024-04-18,94036.48,Paid,0.0
TES-R16010,TES-O8745,2023-11-28,120.41,Paid,0.0
TES-R10352,TES-O10601,2023-01-16,53011.79,Paid,0.0
TES-R17228,TES-O8829,2024-07-01,47527.19,Paid,47527.19
TES-R9837,TES-O11267,2024-06-19,53869.17,Paid,0.0
TES-R11300,TES-O10428,2024-06-08,75895.46,Paid,75895.46
TES-R17619,TES-O10622,2024-05-21,39593.95,Pending,0.0
TES-R12639,TES-O5383,2025-08-03,9990.69,Refunded,0.0
TES-R11710,TES-O11427,2025-12-02,48836.66,Paid,0.0
TES-R16807,TES-O12250,2025-12-29,46833.3,Refunded,0.0
TES-R13114,TES-O9181,2025-02-04,90210.8,Paid,90210.8
TES-R14816,TES-O5224,2023-01-20,,Paid,0.0
TES-R12436,TES-O10738,2024-11-13,924.8,Pending,0.0
TES-R12683,TES-O12380,2023-12-04,18691.54,Paid,0.0
TES-R12631,TES-O10241,2025-12-28,51.24,Paid,0.0
TES-R13085,TES-O5676,2025-03-02,87880.13,Paid,0.0
TES-R9123,TES-O12214,2024-11-04,24955.78,Paid,0.0
TES-R17244,TES-O5434,2024-08-31,570.44,Paid,0.0
TES-R16164,TES-O9480,2023-05-22,11988.55,Paid,0.0
TES-R15721,TES-O6437,2024-05-29,17410.49,Refunded,0.0
TES-R10180,TES-O13411,2023-02-12,18721.23,Paid,0.0
TES-R17897,TES-O10556,2024-06-07,662.2,Refunded,0.0
TES-R17301,TES-O8914,2024-01-08,359.88,Refunded,0.0
TES-R11716,TES-O12394,2023-12-26,586.36,Paid,586.36
TES-R11085,TES-O13149,2023-01-21,,Paid,0.0
TES-R10189,TES-O6019,2024-06-15,75687.9,Paid,75687.9
TES-R12140,TES-O14401,2023-10-16,,Paid,24121.53
TES-R12582,TES-O8915,2024-12-01,700.64,Refunded,0.0
TES-R11836,TES-O12261,2023-08-06,,Paid,0.0
TES-R13423,TES-O14672,2023-08-08,9334.45,Refunded,0.0
TES-R13366,TES-O6335,2025-06-26,80469.73,Refunded,0.0
TES-R15153,TES-O6012,2024-03-29,39011.41,Paid,0.0
TES-R10337,TES-O13017,2024-05-13,17490.2,Pending,0.0
TES-R18687,TES-O12362,2024-07-15,11524.19,Paid,0.0
TES-R15956,TES-O8231,2025-10-25,44769.47,Refunded,0.0
TES-R12696,TES-O10611,2023-07-29,,Paid,0.0
TES-R9280,TES-O11692,2025-01-29,96796.16,Paid,15944.01
TES-R14933,TES-O10150,2025-12-18,18009.66,Pending,0.0
TES-R16984,TES-O13535,2023-02-06,44246.63,Paid,0.0
TES-R14000,TES-O13898,2023-01-09,488.61,Pending,0.0
TES-R12740,TES-O12129,2023-11-20,71.98,Paid,0.0
TES-R17989,TES-O14632,2024-01-19,83.18,Pending,0.0
TES-R12867,TES-O8098,2024-01-07,109.7,Paid,0.0
TES-R10353,TES-O13830,2025-11-30,54681.01,Paid,54681.01
TES-R17891,TES-O7459,2023-05-10,88755.07,Paid,0.0
TES-R12045,TES-O11875,2025-10-31,79520.57,Paid,0.0
TES-R15458,TES-O13315,2023-09-21,654.64,Paid,0.0
TES-R10905,TES-O5312,2023-09-24,15234.49,Refunded,0.0
TES-R10880,TES-O8324,2023-03-11,18124.62,Paid,0.0
TES-R13190,TES-O8170,2024-11-22,85305.24,Paid,0.0
TES-R16725,TES-O14227,2025-04-14,96489.84,Pending,0.0
TES-R9968,TES-O14096,2024-01-03,147.04,Paid,0.0
TES-R9419,TES-O14583,2023-12-19,19112.32,Paid,0.0
TES-R9381,TES-O12459,2023-07-26,81879.31,Paid,0.0
TES-R12610,TES-O5359,2023-12-24,83426.58,Paid,0.0
TES-R14384,TES-O8214,2023-07-18,45311.65,Paid,45311.65
TES-R10382,TES-O5205,2024-05-10,46364.15,Refunded,0.0
TES-R14793,TES-O11759,2023-11-12,45117.86,Paid,0.0
TES-R11331,TES-O5957,2023-11-03,93533.11,Pending,0.0
TES-R17563,TES-O7788,2025-03-06,10171.98,Paid,0.0
TES-R10829,TES-O14339,2024-06-02,21119.42,Paid,0.0
TES-R13612,TES-O5297,2023-01-25,50821.7,Refunded,0.0
TES-R14092,TES-O8591,2024-11-08,148.25,Refunded,0.0
TES-R11462,TES-O11670,2024-08-05,89506.34,Paid,89506.34
TES-R11562,TES-O8716,2025-09-07,19843.07,Paid,0.0
TES-R16413,TES-O9074,2024-12-06,94978.74,Pending,0.0
TES-R13413,TES-O6926,2024-05-06,595.08,Paid,0.0
TES-R9242,TES-O8106,2024-05-05,45424.27,Paid,45424.27
TES-R17735,TES-O14789,2023-05-23,48179.58,Paid,0.0
TES-R14173,TES-O13285,2025-06-18,15342.79,Paid,0.0
TES-R12468,TES-O13377,2024-12-12,42654.63,Paid,0.0
TES-R12824,TES-O11435,2025-06-18,574.88,Paid,0.0
TES-R12398,TES-O6283,2023-05-09,81606.3,Paid,81606.3
TES-R16605,TES-O10726,2025-03-22,,Paid,0.0
TES-R10831,TES-O9902,2025-03-25,11230.53,Paid,11230.53
TES-R10069,TES-O9724,2024-09-07,83151.68,Refunded,0.0
TES-R12839,TES-O10549,2025-08-06,81250.9,Paid,81250.9
TES-R10954,TES-O6375,2024-05-16,9495.81,Paid,0.0
TES-R14506,TES-O9936,2024-04-28,52997.62,Paid,0.0
TES-R15138,TES-O5325,2024-09-18,42379.49,Paid,0.0
TES-R12113,TES-O14292,2023-01-21,138.34,Paid,0.0
TES-R16697,TES-O11881,2023-02-01,221.25,Paid,0.0
TES-R10559,TES-O12948,2024-09-12,9142.12,Paid,0.0
TES-R10519,TES-O13737,2024-09-03,,Paid,0.0
TES-R16095,TES-O10813,2023-11-09,50714.96,Paid,6478.86
TES-R16258,TES-O7361,2025-02-07,23860.81,Refunded,0.0
TES-R11522,TES-O10509,2023-01-04,144.51,Paid,144.51
TES-R12179,TES-O12936,2024-11-05,234.22,Paid,0.0
TES-R12556,TES-O11343,2023-05-13,101.28,Refunded,0.0
TES-R17404,TES-O13491,2023-07-25,18646.15,Paid,9052.97
TES-R11687,TES-O9933,2023-09-17,83135.06,Paid,0.0
TES-R11464,TES-O6201,2024-06-25,298.25,Pending,0.0
TES-R9306,TES-O13061,2024-01-23,578.28,Pending,0.0
TES-R9528,TES-O8151,2025-06-30,87896.79,Refunded,0.0
TES-R18015,TES-O13732,2023-01-17,21426.65,Paid,0.0
TES-R12812,TES-O7653,2023-03-05,46206.67,Paid,0.0
TES-R13985,TES-O6220,2025-03-06,81919.53,Paid,0.0
TES-R15783,TES-O10772,2023-12-04,838.53,Refunded,0.0
TES-R17220,TES-O6643,2023-06-07,,Paid,45574.67
TES-R13584,TES-O9518,2024-09-17,82663.28,Refunded,0.0
TES-R9568,TES-O9620,2025-08-20,307.38,Paid,0.0
TES-R17853,TES-O9130,2024-08-01,15666.5,Refunded,0.0
TES-R10968,TES-O5783,2023-08-12,42449.17,Paid,0.0
TES-R16642,TES-O14187,2024-04-23,18067.82,Pending,0.0
TES-R11606,TES-O7863,2023-02-14,24631.78,Paid,0.0
TES-R9338,TES-O12558,2023-08-30,77388.72,Paid,0.0
TES-R11054,TES-O11439,2023-11-19,45038.07,Paid,0.0
TES-R14678,TES-O12602,2025-10-27,97083.03,Refunded,0.0
TES-R9305,TES-O5891,2024-07-10,88435.17,Paid,88435.17
TES-R13274,TES-O6257,2025-12-24,274.61,Refunded,0.0
TES-R12052,TES-O14743,2025-11-01,592.92,Paid,592.92
TES-R12606,TES-O9237,2023-04-16,39356.75,Paid,9532.45
TES-R14520,TES-O10588,2024-10-25,476.36,Paid,476.36
TES-R18601,TES-O7610,2024-12-04,87148.81,Paid,87148.81
TES-R17011,TES-O13033,2023-11-16,10988.16,Pending,0.0
TES-R14336,TES-O10608,2025-04-13,80883.1,Refunded,0.0
TES-R10626,TES-O7500,2025-10-05,9387.75,Paid,0.0
TES-R14107,TES-O10699,2023-04-23,9112.54,Paid,9112.54
TES-R15321,TES-O6933,2024-02-29,77391.85,Refunded,0.0
TES-R12885,TES-O5531,2024-08-02,11570.32,Paid,0.0
TES-R12039,TES-O12014,2025-02-05,19350.19,Paid,0.0
TES-R14760,TES-O6229,2023-11-24,90730.01,Refunded,0.0
TES-R10960,TES-O13839,2025-08-06,11257.06,Paid,0.0
TES-R13836,TES-O8128,2023-02-28,38759.07,Paid,14704.25
TES-R13594,TES-O10534,2023-01-15,17024.33,Paid,0.0
TES-R9194,TES-O8707,2023-08-25,22720.81,Paid,0.0
TES-R15941,TES-O6565,2023-05-12,10979.59,Refunded,0.0
TES-R12240,TES-O11391,2023-09-29,40882.41,Refunded,0.0
TES-R12110,TES-O5503,2023-04-08,38018.8,Paid,0.0
TES-R18367,TES-O9794,2025-08-30,43370.08,Paid,0.0
TES-R18106,TES-O9101,2025-06-27,86874.22,Paid,0.0
TES-R12327,TES-O8868,2024-10-03,20668.11,Paid,0.0
TES-R13198,TES-O10109,2024-12-28,879.36,Paid,0.0
TES-R18343,TES-O12654,2024-08-11,,Paid,0.0
TES-R17828,TES-O13064,2024-11-04,99974.9,Paid,0.0
TES-R10562,TES-O13157,2023-08-23,39963.4,Paid,0.0
TES-R14551,TES-O5324,2023-09-28,80965.32,Paid,0.0
TES-R17366,TES-O9487,2023-02-13,,Paid,0.0
TES-R15246,TES-O13310,2025-09-10,41642.22,Paid,0.0
TES-R15362,TES-O10430,2023-08-06,17424.1,Paid,17424.1
TES-R14598,TES-O7964,2023-09-03,77529.87,Paid,0.0
TES-R12185,TES-O14305,2025-07-03,635.28,Paid,0.0
TES-R16443,TES-O11490,2024-10-02,94230.37,Paid,0.0
TES-R15042,TES-O12387,2024-01-08,16617.27,Refunded,0.0
TES-R15378,TES-O10460,2025-09-17,359.55,Refunded,0.0
TES-R12463,TES-O10074,2025-02-15,76989.95,Pending,0.0
TES-R14891,TES-O10822,2024-11-13,22661.9,Pending,0.0
TES-R18199,TES-O11080,2025-04-27,45921.74,Paid,0.0
TES-R18447,TES-O12911,2024-01-02,11598.95,Paid,11598.95
TES-R10388,TES-O10322,2024-11-26,96045.11,Paid,0.0
TES-R17668,TES-O5232,2023-06-28,22790.69,Paid,0.0
TES-R16372,TES-O13455,2024-03-10,81180.01,Paid,81180.01
TES-R16901,TES-O12551,2023-05-31,642.0,Pending,0.0
TES-R18258,TES-O6001,2023-08-26,319.58,Paid,0.0
TES-R10803,TES-O5002,2024-11-11,48638.97,Pending,0.0
TES-R16166,TES-O8776,2023-05-31,20825.21,Paid,0.0
TES-R15271,TES-O11873,2023-06-17,10068.91,Refunded,0.0
TES-R10975,TES-O11686,2023-06-29,29.24,Pending,0.0
TES-R15398,TES-O6362,2025-07-18,81234.18,Paid,81234.18
TES-R12838,TES-O9141,2025-01-14,134.28,Paid,0.0
TES-R10104,TES-O5046,2023-04-02,95712.94,Paid,0.0
TES-R15333,TES-O13545,2023-07-23,9289.49,Paid,0.0
TES-R12094,TES-O14648,2023-11-24,23077.41,Refunded,0.0
TES-R15049,TES-O10731,2025-12-22,54230.7,Pending,0.0
TES-R9814,TES-O6901,2023-04-27,481.6,Paid,481.6
TES-R13577,TES-O14440,2023-06-27,54007.79,Paid,0.0
TES-R16001,TES-O13623,2024-01-06,197.85,Paid,0.0
TES-R12097,TES-O14556,2025-05-08,284.84,Pending,0.0
TES-R16628,TES-O6428,2025-12-08,550.3,Paid,0.0
TES-R16934,TES-O14756,2025-03-27,42536.04,Paid,0.0
TES-R17210,TES-O9614,2025-11-11,44962.82,Paid,0.0
TES-R14189,TES-O14739,2024-03-20,107.28,Paid,107.28
TES-R15488,TES-O12875,2023-01-22,83368.53,Paid,0.0
TES-R9863,TES-O7906,2025-06-16,9850.92,Paid,0.0
TES-R16226,TES-O6444,2025-08-30,394.32,Paid,0.0
TES-R14271,TES-O7847,2025-05-02,98554.14,Paid,0.0
TES-R11382,TES-O13537,2024-08-04,94221.18,Paid,94221.18
TES-R12312,TES-O12954,2025-07-28,11499.34,Paid,0.0
TES-R16691,TES-O14955,2024-11-26,424.92,Paid,0.0
TES-R9955,TES-O8711,2023-03-23,48128.55,Paid,0.0
TES-R14175,TES-O13365,2023-02-22,11900.26,Refunded,0.0
TES-R11101,TES-O6621,2024-12-21,60.8,Pending,0.0
TES-R18575,TES-O10013,2024-04-24,91756.38,Paid,0.0
TES-R13424,TES-O8631,2023-08-16,178.05,Paid,0.0
TES-R12470,TES-O7376,2023-02-07,781.45,Paid,0.0
TES-R11504,TES-O14219,2025-08-10,19001.24,Paid,0.0
TES-R14947,TES-O12434,2025-08-06,53468.68,Paid,0.0
TES-R9319,TES-O12199,2025-10-07,361.82,Paid,0.0
TES-R18022,TES-O6559,2025-06-10,11418.47,Paid,11418.47
TES-R12020,TES-O14237,2023-08-11,337.98,Paid,0.0
TES-R10897,TES-O7873,2025-05-21,99673.21,Paid,0.0
TES-R10485,TES-O6808,2025-11-15,,Pending,0.0
TES-R12981,TES-O9213,2025-06-21,751.65,Paid,751.65
TES-R9516,TES-O11833,2023-07-21,10342.83,Paid,0.0
TES-R16800,TES-O7819,2024-11-27,81041.68,Paid,0.0
TES-R18290,TES-O14422,2023-11-13,90093.56,Paid,0.0
TES-R13004,TES-O5345,2023-06-05,1150.1,Paid,0.0
TES-R11656,TES-O7337,2025-05-29,95.03,Paid,0.0
TES-R10706,TES-O7986,2024-06-14,22065.92,Refunded,0.0
TES-R13554,TES-O7690,2023-07-30,177.33,Paid,0.0
TES-R15830,TES-O7636,2025-04-02,18375.28,Paid,0.0
TES-R14306,TES-O9463,2025-03-20,43369.36,Paid,0.0
TES-R18462,TES-O9579,2024-07-21,40603.67,Paid,0.0
TES-R12283,TES-O8997,2023-07-19,10871.27,Paid,0.0
TES-R17199,TES-O12937,2025-07-22,731.79,Paid,731.79
TES-R12462,TES-O6993,2024-06-28,45304.18,Paid,45304.18
TES-R10326,TES-O8741,2025-08-12,20241.45,Paid,0.0
TES-R17512,TES-O7551,2024-10-23,9651.92,Paid,9651.92
TES-R10614,TES-O6082,2025-07-26,79671.87,Paid,0.0
TES-R13290,TES-O8524,2023-12-30,39710.04,Pending,0.0
TES-R14706,TES-O13103,2023-06-10,21553.62,Paid,0.0
TES-R11294,TES-O6441,2023-09-20,,Refunded,0.0
TES-R11708,TES-O10818,2023-01-10,9720.58,Paid,0.0
TES-R15810,TES-O7216,2023-05-29,92074.93,Paid,0.0
TES-R11084,TES-O9862,2023-02-14,,Paid,0.0
TES-R17377,TES-O7669,2025-12-16,89273.96,Pending,0.0
TES-R18680,TES-O10346,2025-09-27,15781.72,Pending,0.0
TES-R10711,TES-O9094,2025-04-30,38874.84,Paid,0.0
TES-R17586,TES-O6800,2024-12-23,92879.5,Paid,0.0
TES-R9924,TES-O11960,2024-11-03,49970.92,Paid,0.0
TES-R13380,TES-O13561,2024-12-31,482.6,Paid,0.0
TES-R10119,TES-O8478,2024-10-24,87736.73,Paid,87736.73
TES-R17096,TES-O10625,2024-10-26,91426.42,Paid,91426.42
TES-R9402,TES-O12040,2025-05-03,16900.77,Paid,6235.05
TES-R18360,TES-O8453,2025-03-18,98971.03,Paid,0.0
TES-R10218,TES-O5521,2024-02-12,368.6,Paid,0.0
TES-R15418,TES-O11700,2024-11-29,85508.22,Paid,85508.22
TES-R9567,TES-O10722,2023-06-10,46324.69,Paid,46324.69
TES-R12803,TES-O8397,2023-11-13,54029.13,Paid,0.0
TES-R17030,TES-O13338,2023-08-13,48002.73,Paid,5392.72
TES-R12105,TES-O5222,2024-09-17,10970.82,Paid,0.0
TES-R13734,TES-O14329,2024-02-18,43675.49,Paid,43675.49
TES-R15264,TES-O5161,2025-02-20,221.26,Paid,0.0
TES-R17754,TES-O5059,2025-06-09,88715.01,Paid,0.0
TES-R18529,TES-O8203,2024-10-19,52714.39,Paid,0.0
TES-R15495,TES-O8321,2023-01-21,11463.47,Paid,0.0
TES-R17275,TES-O12043,2023-01-25,89514.02,Paid,0.0
TES-R15070,TES-O6827,2025-12-13,75230.13,Pending,0.0
TES-R12359,TES-O7081,2025-07-11,23705.09,Paid,0.0
TES-R16298,TES-O5473,2023-03-10,79328.6,Paid,0.0
TES-R15027,TES-O8913,2024-06-12,93723.15,Paid,93723.15
TES-R11099,TES-O8229,2024-04-16,54.13,Refunded,0.0
TES-R12132,TES-O13708,2025-06-05,52281.34,Paid,0.0
TES-R9681,TES-O13340,2025-08-19,41276.48,Paid,0.0
TES-R10877,TES-O6852,2023-08-14,15913.94,Refunded,0.0
TES-R13719,TES-O13553,2024-02-01,47478.15,Refunded,0.0
TES-R16757,TES-O5377,2023-10-24,967.7,Refunded,0.0
TES-R13254,TES-O6339,2024-04-06,11532.07,Paid,0.0
TES-R15339,TES-O7776,2025-09-25,45477.64,Refunded,0.0
TES-R13565,TES-O10051,2025-03-24,90234.95,Refunded,0.0
TES-R10610,TES-O6589,2024-11-22,328.75,Paid,0.0
TES-R15496,TES-O13259,2023-12-30,310.45,Refunded,0.0
TES-R15336,TES-O13028,2024-05-03,88917.29,Paid,0.0
TES-R12038,TES-O8343,2023-04-29,96808.98,Refunded,0.0
TES-R16406,TES-O10798,2024-12-06,102.55,Paid,102.55
TES-R13060,TES-O13467,2025-06-07,299.79,Paid,92.05
TES-R13906,TES-O12907,2023-10-10,20091.73,Refunded,0.0
TES-R11748,TES-O8926,2025-09-16,,Paid,0.0
TES-R11628,TES-O12285,2023-05-27,93114.27,Paid,0.0
TES-R15431,TES-O11449,2024-12-17,86769.99,Pending,0.0
TES-R11193,TES-O7259,2023-04-08,45778.86,Paid,0.0
TES-R16045,TES-O10335,2025-05-01,270.04,Paid,0.0
TES-R16736,TES-O9485,2024-08-10,22434.22,Pending,0.0
TES-R14392,TES-O10235,2023-10-12,19656.57,Paid,0.0
TES-R13203,TES-O6797,2024-12-08,9040.4,Paid,0.0
TES-R15566,TES-O8173,2024-02-16,38028.67,Paid,38028.67
TES-R14594,TES-O11486,2023-03-29,11048.53,Paid,0.0
TES-R14128,TES-O12873,2023-04-27,38827.5,Paid,0.0
TES-R15712,TES-O12935,2025-07-29,39189.18,Paid,0.0
TES-R9560,TES-O5154,2024-02-22,32.3,Paid,0.0
TES-R9268,TES-O12136,2023-09-16,23076.1,Paid,0.0
TES-R15805,TES-O7845,2024-04-12,43205.44,Paid,0.0
TES-R15910,TES-O6935,2025-09-20,42991.93,Pending,0.0
TES-R17486,TES-O6171,2025-02-12,512.88,Pending,0.0
TES-R17178,TES-O14098,2023-08-13,82924.23,Paid,82924.23
TES-R12513,TES-O6705,2024-10-20,96173.39,Refunded,0.0
TES-R14257,TES-O11646,2025-05-21,387.78,Paid,387.78
TES-R17990,TES-O8422,2023-01-20,39565.69,Paid,0.0
TES-R13297,TES-O13280,2023-08-07,10140.9,Paid,10140.9
TES-R11892,TES-O5606,2025-12-01,91425.66,Paid,91425.66
TES-R14795,TES-O10923,2024-02-11,,Paid,0.0
TES-R17520,TES-O11676,2024-01-05,88233.36,Paid,0.0
TES-R15104,TES-O12714,2025-05-09,83926.38,Paid,0.0
TES-R12343,TES-O7876,2023-11-30,41213.24,Paid,0.0
TES-R16888,TES-O8138,2025-06-24,24911.3,Paid,0.0
TES-R12441,TES-O8531,2024-02-19,92900.23,Paid,92900.23
TES-R16015,TES-O9490,2024-05-02,271.5,Paid,271.5
TES-R11634,TES-O7423,2025-02-25,39869.79,Refunded,0.0
TES-R16003,TES-O13321,2025-02-06,18629.72,Pending,0.0
TES-R18251,TES-O5490,2023-02-20,,Paid,0.0
TES-R16569,TES-O6285,2024-11-24,76352.75,Paid,76352.75
TES-R17692,TES-O7565,2023-06-30,15832.55,Paid,0.0
TES-R10977,TES-O10828,2024-07-23,24781.13,Paid,0.0
TES-R15993,TES-O10679,2023-04-13,515.67,Paid,0.0
TES-R16333,TES-O12322,2025-01-17,16244.88,Paid,0.0
TES-R16916,TES-O8081,2025-07-04,,Paid,208.74
TES-R14649,TES-O11135,2024-02-16,51787.58,Paid,0.0
TES-R12474,TES-O5657,2023-01-18,39494.2,Paid,0.0
TES-R15173,TES-O11580,2025-05-14,10614.49,Refunded,0.0
TES-R10061,TES-O7801,2025-04-28,516.03,Paid,0.0
TES-R18473,TES-O13865,2024-12-24,9638.9,Paid,9638.9
TES-R11888,TES-O10650,2023-02-16,45006.28,Refunded,0.0
TES-R12292,TES-O5162,2025-01-10,83912.08,Paid,0.0
TES-R14709,TES-O13974,2023-04-03,41782.49,Paid,0.0
TES-R9245,TES-O12569,2023-02-04,81799.99,Paid,0.0
TES-R11168,TES-O12921,2025-03-02,81264.21,Paid,0.0
TES-R13511,TES-O12047,2025-12-21,52732.71,Paid,0.0
TES-R9644,TES-O10269,2024-12-05,506.05,Paid,0.0
TES-R15142,TES-O10693,2024-08-13,196.12,Pending,0.0
TES-R14624,TES-O7012,2025-07-26,42974.84,Refunded,0.0
TES-R13330,TES-O14553,2025-12-04,176.55,Refunded,0.0
TES-R16494,TES-O10823,2025-01-09,11778.85,Paid,0.0
TES-R10820,TES-O8434,2024-06-27,43263.32,Refunded,0.0
TES-R15127,TES-O13098,2025-04-27,19289.03,Paid,0.0
TES-R11477,TES-O11517,2025-05-11,9397.63,Paid,0.0
TES-R14103,TES-O12245,2023-04-19,10988.5,Paid,0.0
TES-R18112,TES-O13724,2025-04-17,48121.89,Paid,0.0
TES-R15544,TES-O8556,2024-03-26,290.16,Paid,0.0
TES-R10383,TES-O10049,2024-04-04,49341.11,Paid,0.0
TES-R15450,TES-O8534,2024-09-11,89283.61,Paid,89283.61
TES-R11271,TES-O11197,2024-01-20,11533.99,Refunded,0.0
TES-R15860,TES-O14107,2025-08-05,93543.37,Paid,0.0
TES-R16806,TES-O5878,2025-07-20,91181.36,Refunded,0.0
TES-R10221,TES-O9126,2024-04-19,416.8,Paid,416.8
TES-R15179,TES-O8497,2024-03-09,17794.26,Paid,0.0
TES-R17013,TES-O9843,2024-09-13,143.08,Refunded,0.0
TES-R13737,TES-O14480,2025-09-08,20982.8,Paid,0.0
TES-R13099,TES-O8298,2025-08-09,78122.34,Paid,0.0
TES-R14364,TES-O7662,2023-03-19,94405.7,Paid,0.0
TES-R11697,TES-O6793,2023-03-03,11074.49,Paid,0.0
TES-R13485,TES-O7668,2024-03-04,590.4,Paid,0.0
TES-R15855,TES-O5742,2023-06-06,226.56,Paid,226.56
TES-R15374,TES-O13327,2024-08-28,99376.88,Paid,0.0
TES-R16987,TES-O14171,2024-04-18,78642.4,Paid,0.0
TES-R17634,TES-O7358,2024-11-20,10356.9,Paid,10356.9
TES-R9197,TES-O7615,2025-11-29,16061.81,Paid,0.0
TES-R18608,TES-O12121,2023-03-29,48630.44,Paid,0.0
TES-R16839,TES-O9388,2024-11-26,19645.26,Paid,0.0
TES-R9887,TES-O8469,2025-01-02,23484.03,Paid,0.0
TES-R10210,TES-O10485,2025-09-16,43626.2,Paid,0.0
TES-R17607,TES-O12006,2024-07-06,51448.33,Paid,0.0
TES-R12974,TES-O10372,2023-05-21,11436.48,Refunded,0.0
TES-R14936,TES-O7811,2024-01-30,301.38,Refunded,0.0
TES-R16432,TES-O14230,2025-07-24,44060.39,Refunded,0.0
TES-R17732,TES-O5704,2024-05-02,1091.7,Paid,0.0
TES-R10857,TES-O5821,2024-06-12,83228.75,Paid,0.0
TES-R14087,TES-O8146,2025-05-05,262.71,Paid,0.0
TES-R10193,TES-O12254,2024-03-08,54071.76,Paid,54071.76
TES-R15283,TES-O6994,2024-01-25,,Paid,0.0
TES-R13125,TES-O5621,2023-11-06,49842.95,Paid,0.0
TES-R14802,TES-O9051,2025-11-28,10099.49,Pending,0.0
TES-R17158,TES-O7497,2025-11-19,16193.61,Paid,16193.61
TES-R17113,TES-O8132,2025-01-04,329.76,Pending,0.0
TES-R16098,TES-O7256,2025-09-17,89872.5,Paid,0.0
TES-R16175,TES-O14065,2025-03-23,92218.04,Paid,92218.04
TES-R15603,TES-O14004,2024-12-31,43002.0,Paid,0.0
TES-R12815,TES-O10578,2025-06-10,87579.77,Pending,0.0
TES-R13558,TES-O5479,2023-08-12,18565.98,Paid,18565.98
TES-R9036,TES-O7663,2023-04-24,94222.93,Paid,0.0
TES-R17094,TES-O11865,2024-05-29,42903.05,Paid,0.0
TES-R13886,TES-O12531,2025-09-05,22591.71,Paid,0.0
TES-R10149,TES-O7418,2023-06-28,47525.84,Paid,0.0
TES-R16346,TES-O8150,2023-04-19,44644.56,Refunded,0.0
TES-R11812,TES-O10745,2024-02-21,82402.64,Refunded,0.0
TES-R12547,TES-O13331,2023-04-03,85.32,Paid,0.0
TES-R9881,TES-O6361,2023-02-17,912.9,Paid,0.0
TES-R17354,TES-O11927,2023-04-14,,Paid,0.0
TES-R18155,TES-O10140,2025-09-08,91237.45,Refunded,0.0
TES-R15241,TES-O10328,2024-11-24,94360.7,Paid,0.0
TES-R12764,TES-O5583,2025-11-25,98.09,Pending,0.0
TES-R18328,TES-O9171,2025-08-30,158.22,Refunded,0.0
TES-R16446,TES-O6876,2025-09-15,120.36,Paid,0.0
TES-R14299,TES-O10500,2024-09-03,10948.52,Paid,10948.52
TES-R12123,TES-O13742,2024-10-01,1110.24,Paid,0.0
TES-R18135,TES-O6157,2024-06-25,889.25,Paid,0.0
TES-R14803,TES-O9557,2024-01-06,46104.55,Paid,8802.91
TES-R9047,TES-O7510,2025-04-08,409.52,Paid,409.52
TES-R14182,TES-O9681,2025-12-02,92150.01,Paid,0.0
TES-R17734,TES-O7149,2025-04-21,94250.32,Paid,0.0
TES-R16241,TES-O14531,2024-07-29,588.08,Paid,0.0
TES-R14815,TES-O13655,2023-06-18,90817.93,Paid,10948.6
TES-R17440,TES-O14119,2023-09-28,51346.7,Paid,0.0
TES-R18050,TES-O13922,2024-09-20,45442.28,Paid,0.0
TES-R14779,TES-O7859,2025-03-16,101.81,Paid,0.0
TES-R17254,TES-O8017,2025-06-06,48116.21,Paid,0.0
TES-R9476,TES-O9284,2023-08-03,15826.41,Refunded,0.0
TES-R11602,TES-O14793,2025-01-08,90078.89,Paid,0.0
TES-R16996,TES-O14008,2025-08-18,77.66,Paid,0.0
TES-R15793,TES-O9104,2025-07-17,,Paid,51945.83
TES-R12180,TES-O5271,2023-08-27,44352.82,Paid,0.0
TES-R18509,TES-O12443,2025-06-18,,Paid,0.0
TES-R11097,TES-O6582,2023-06-03,19167.1,Pending,0.0
TES-R9964,TES-O6331,2024-03-17,23336.37,Refunded,0.0
TES-R12911,TES-O8239,2023-03-28,46254.71,Paid,0.0
TES-R10648,TES-O14037,2025-10-18,181.96,Paid,0.0
TES-R12409,TES-O6049,2025-09-08,76304.41,Paid,0.0
TES-R14752,TES-O7971,2025-06-11,11758.54,Paid,11758.54
TES-R10838,TES-O6026,2025-10-30,15257.05,Refunded,0.0
TES-R16646,TES-O9825,2023-11-13,44590.39,Paid,0.0
TES-R18490,TES-O7522,2023-06-13,9776.89,Paid,0.0
TES-R18198,TES-O9969,2024-07-31,52728.0,Paid,0.0
TES-R15476,TES-O13463,2025-03-13,43842.57,Pending,0.0
TES-R16827,TES-O10131,2023-12-26,89861.09,Paid,0.0
TES-R16593,TES-O11632,2024-06-11,21070.95,Paid,0.0
TES-R16178,TES-O11398,2024-02-21,76080.78,Paid,0.0
TES-R13581,TES-O8367,2024-12-29,281.76,Paid,0.0
TES-R16021,TES-O12949,2025-03-22,22597.27,Pending,0.0
TES-R18154,TES-O12890,2024-08-23,92697.51,Paid,0.0
TES-R17630,TES-O12730,2025-09-28,18045.12,Paid,0.0
TES-R12000,TES-O10488,2025-09-23,51258.37,Refunded,0.0
TES-R18005,TES-O14349,2023-03-13,45368.36,Pending,0.0
TES-R13926,TES-O5021,2023-10-04,1181.55,Paid,0.0
TES-R9094,TES-O5426,2024-05-15,89344.94,Paid,0.0
TES-R11199,TES-O6006,2023-04-05,171.42,Paid,0.0
TES-R17385,TES-O13369,2025-04-02,15235.06,Paid,0.0
TES-R14698,TES-O11404,2024-08-27,39400.63,Refunded,0.0
TES-R17213,TES-O11209,2023-04-07,85321.9,Pending,0.0
TES-R10620,TES-O7368,2025-07-04,81583.35,Paid,0.0
TES-R18638,TES-O11728,2023-11-22,18709.0,Pending,0.0
TES-R14420,TES-O5164,2025-11-01,20953.77,Paid,9945.46
TES-R10024,TES-O13099,2025-08-03,,Paid,0.0
TES-R17102,TES-O11940,2024-03-03,41631.58,Paid,0.0
TES-R14844,TES-O5925,2023-08-26,38064.93,Paid,0.0
TES-R12324,TES-O6189,2025-11-05,21297.5,Pending,0.0
TES-R12137,TES-O8374,2024-07-27,11693.74,Paid,0.0
TES-R11169,TES-O10761,2023-03-30,54439.38,Paid,0.0
TES-R13097,TES-O12493,2023-09-30,527.13,Pending,0.0
TES-R9978,TES-O7106,2024-06-25,36.78,Paid,0.0
TES-R12415,TES-O6950,2025-07-13,397.96,Paid,0.0
TES-R16202,TES-O11823,2024-07-06,9948.02,Refunded,0.0
TES-R13530,TES-O11468,2023-12-03,780.57,Paid,0.0
TES-R12578,TES-O8467,2024-02-12,,Paid,0.0
TES-R17603,TES-O12092,2023-08-09,9937.98,Paid,9937.98
TES-R17267,TES-O5561,2024-10-12,48103.13,Paid,0.0
TES-R14728,TES-O5374,2023-12-12,41018.93,Pending,0.0
TES-R16648,TES-O5993,2024-03-09,93697.17,Pending,0.0
TES-R10695,TES-O13710,2023-10-29,44467.79,Paid,0.0
TES-R14856,TES-O13648,2024-12-20,83270.83,Refunded,0.0
TES-R13093,TES-O10402,2023-12-12,99652.67,Paid,99652.67
TES-R15852,TES-O12872,2025-07-03,559.8,Pending,0.0
TES-R17233,TES-O9974,2025-07-05,429.7,Paid,0.0
TES-R10957,TES-O7598,2023-07-15,43592.34,Paid,0.0
TES-R11248,TES-O9852,2024-08-22,44645.74,Paid,0.0
TES-R14983,TES-O7896,2025-05-04,17904.52,Paid,0.0
TES-R16104,TES-O13912,2023-07-29,21907.39,Paid,0.0
TES-R17507,TES-O5906,2025-06-22,68.64,Paid,0.0
TES-R9410,TES-O13134,2023-01-16,,Paid,0.0
TES-R14168,TES-O6590,2023-04-29,39672.16,Paid,0.0
TES-R10305,TES-O6506,2025-03-24,40065.52,Paid,0.0
TES-R9911,TES-O8379,2024-08-06,11842.98,Paid,0.0
TES-R10825,TES-O11186,2024-11-02,15565.69,Paid,15565.69
TES-R16301,TES-O6833,2024-05-05,,Paid,0.0
TES-R15792,TES-O11726,2025-10-19,,Paid,0.0
TES-R13684,TES-O14125,2024-09-06,42095.95,Paid,0.0
TES-R9068,TES-O8649,2023-05-17,,Paid,329.4
TES-R16238,TES-O11013,2025-03-21,273.65,Refunded,0.0
TES-R16088,TES-O13339,2025-06-04,82180.42,Paid,0.0
TES-R9505,TES-O14767,2023-05-05,9763.14,Pending,0.0
TES-R15879,TES-O10779,2025-09-13,10710.6,Paid,0.0
TES-R11184,TES-O10617,2023-11-14,61.74,Pending,0.0
TES-R16980,TES-O9610,2025-01-09,11171.22,Refunded,0.0
TES-R12397,TES-O12144,2024-01-13,9824.01,Paid,9824.01
TES-R13918,TES-O8920,2023-04-15,58.24,Paid,0.0
TES-R15245,TES-O9792,2024-12-25,42786.59,Paid,16350.43
TES-R12141,TES-O13882,2025-08-04,98031.32,Paid,0.0
TES-R17159,TES-O10178,2024-04-02,81199.81,Paid,0.0
TES-R18427,TES-O9973,2025-09-14,47245.54,Paid,0.0
TES-R11677,TES-O5924,2024-10-28,85758.62,Paid,0.0
TES-R16798,TES-O11556,2025-12-15,432.0,Pending,0.0
TES-R9300,TES-O8426,2025-02-21,88578.57,Paid,0.0
TES-R15757,TES-O14829,2025-01-26,46385.35,Refunded,0.0
TES-R10551,TES-O13193,2024-08-05,89828.77,Refunded,0.0
TES-R11046,TES-O12053,2024-12-04,118.29,Paid,0.0
TES-R18657,TES-O8062,2025-04-25,82872.91,Paid,82872.91
TES-R9852,TES-O9176,2024-04-26,42025.09,Paid,0.0
TES-R18631,TES-O9135,2023-12-09,88797.64,Paid,0.0
TES-R13720,TES-O13563,2025-12-15,18557.45,Refunded,0.0
TES-R16431,TES-O5629,2025-09-30,54924.38,Pending,0.0
TES-R9371,TES-O5193,2024-05-09,86178.21,Paid,0.0
TES-R11418,TES-O13642,2023-07-03,50743.46,Paid,0.0
TES-R14711,TES-O12595,2024-06-22,10095.74,Paid,0.0
TES-R17378,TES-O12604,2025-01-21,39112.75,Paid,0.0
TES-R10822,TES-O14586,2023-09-10,45520.48,Paid,0.0
TES-R13672,TES-O7363,2023-11-29,92437.39,Paid,0.0
TES-R17812,TES-O5784,2024-06-16,11204.71,Paid,0.0
TES-R9659,TES-O12960,2023-04-21,17080.75,Paid,0.0
TES-R9048,TES-O7099,2023-01-06,9664.68,Paid,0.0
TES-R16728,TES-O13008,2025-03-31,44979.53,Refunded,0.0
TES-R12121,TES-O7067,2023-11-13,268.8,Paid,268.8
TES-R9675,TES-O7995,2023-12-06,,Paid,0.0
TES-R15560,TES-O13304,2023-01-31,81896.91,Paid,0.0
TES-R10868,TES-O14300,2025-07-27,92302.86,Paid,0.0
TES-R12130,TES-O13366,2025-06-29,23754.26,Paid,0.0
TES-R15268,TES-O9778,2024-12-29,85649.8,Paid,85649.8
TES-R12011,TES-O10187,2025-05-13,222.68,Paid,0.0
TES-R14764,TES-O8781,2023-06-18,218.2,Paid,0.0
TES-R12776,TES-O13192,2023-03-25,600.76,Refunded,0.0
TES-R17219,TES-O7834,2024-03-24,41111.43,Paid,12035.95
TES-R11547,TES-O9817,2024-12-30,,Paid,0.0
TES-R11897,TES-O6908,2025-04-13,10112.4,Refunded,0.0
TES-R11942,TES-O13209,2023-09-04,54810.5,Paid,0.0
TES-R12623,TES-O9737,2024-02-03,565.77,Paid,0.0
TES-R18387,TES-O5462,2025-07-18,293.5,Paid,0.0
TES-R13273,TES-O14316,2024-07-11,50756.09,Paid,0.0
TES-R18148,TES-O8635,2025-04-19,18906.61,Paid,0.0
TES-R12685,TES-O12831,2024-01-14,89487.9,Paid,0.0
TES-R12671,TES-O9765,2024-10-28,10127.14,Paid,0.0
TES-R10720,TES-O10787,2024-10-21,78490.33,Refunded,0.0
TES-R9604,TES-O7651,2025-03-11,17557.39,Paid,0.0
TES-R13632,TES-O6724,2023-03-03,45116.48,Paid,0.0
TES-R15498,TES-O6725,2025-05-08,46888.8,Paid,0.0
TES-R9894,TES-O14089,2024-03-11,1239.15,Paid,1239.15
TES-R17574,TES-O7395,2023-06-04,47342.21,Paid,0.0
TES-R9739,TES-O8904,2025-01-03,,Refunded,0.0
TES-R17020,TES-O12525,2023-05-29,19390.73,Paid,0.0
TES-R15891,TES-O10879,2023-02-25,,Pending,0.0
TES-R18693,TES-O9999,2023-12-09,350.47,Paid,0.0
TES-R16817,TES-O12173,2024-01-11,89891.22,Paid,0.0
TES-R16882,TES-O7774,2025-02-27,193.99,Refunded,67.79
TES-R15531,TES-O6711,2024-05-22,,Paid,40471.81
TES-R13658,TES-O14966,2024-07-31,40098.37,Pending,0.0
TES-R9318,TES-O7629,2025-05-04,17164.25,Paid,0.0
TES-R10693,TES-O6453,2023-08-10,44854.84,Paid,0.0
TES-R16019,TES-O12342,2025-03-16,10473.28,Paid,0.0
TES-R13901,TES-O13242,2023-12-22,83752.99,Paid,0.0
TES-R15168,TES-O14288,2023-04-18,10046.03,Paid,0.0
TES-R12835,TES-O12511,2025-04-20,85975.56,Paid,0.0
TES-R12197,TES-O14184,2023-05-06,94702.84,Paid,0.0
TES-R11008,TES-O13578,2023-11-23,18696.62,Paid,0.0
TES-R9114,TES-O13687,2024-03-19,94.36,Paid,0.0
TES-R15647,TES-O13713,2023-03-30,42681.4,Paid,15490.0
TES-R17324,TES-O6693,2025-07-02,201.08,Paid,0.0
TES-R9191,TES-O8443,2025-03-23,85.24,Paid,0.0
TES-R15224,TES-O11702,2024-01-02,48021.55,Refunded,0.0
TES-R12301,TES-O11934,2025-10-24,97664.48,Paid,0.0
TES-R15905,TES-O14975,2024-09-16,50363.16,Paid,0.0
TES-R9953,TES-O10452,2023-03-28,88771.29,Paid,88771.29
TES-R9543,TES-O10629,2025-04-12,45375.54,Refunded,0.0
TES-R18017,TES-O13173,2023-07-06,39164.38,Paid,39164.38
TES-R11905,TES-O13631,2024-08-22,233.35,Paid,0.0
TES-R13732,TES-O11047,2023-09-25,32.75,Paid,0.0
TES-R15102,TES-O7383,2023-03-05,669.8,Pending,0.0
TES-R15115,TES-O6352,2024-10-24,46523.72,Paid,0.0
TES-R12895,TES-O8023,2024-08-09,9673.84,Paid,0.0
TES-R9704,TES-O12138,2024-12-07,39290.1,Paid,0.0
TES-R14043,TES-O9938,2025-10-21,97179.89,Refunded,0.0
TES-R9672,TES-O7797,2025-05-25,21481.5,Paid,0.0
TES-R17456,TES-O12895,2023-12-25,18681.09,Paid,0.0
TES-R13514,TES-O12677,2025-09-10,85859.97,Paid,0.0
TES-R14176,TES-O6990,2023-08-01,45094.04,Paid,45094.04
TES-R18606,TES-O5029,2024-01-31,1325.75,Paid,0.0
TES-R14117,TES-O13860,2024-11-24,50439.95,Paid,0.0
TES-R16545,TES-O7489,2023-01-21,87103.66,Refunded,0.0
TES-R15448,TES-O13559,2023-01-12,19453.17,Refunded,0.0
TES-R13200,TES-O5999,2025-12-28,83977.32,Refunded,0.0
TES-R9869,TES-O9150,2023-09-08,216.24,Paid,0.0
TES-R11683,TES-O6368,2023-12-05,409.56,Paid,0.0
TES-R11706,TES-O13803,2023-11-24,40.55,Paid,0.0
TES-R11237,TES-O13092,2025-07-10,23737.22,Paid,0.0
TES-R11910,TES-O7018,2024-11-15,49949.16,Paid,0.0
TES-R14931,TES-O11995,2024-07-25,18602.9,Paid,0.0
TES-R10556,TES-O11077,2024-02-01,527.7,Paid,0.0
TES-R9811,TES-O9814,2025-10-24,197.71,Paid,0.0
TES-R17739,TES-O6323,2024-12-15,49002.26,Paid,0.0
TES-R9693,TES-O14810,2024-07-06,92563.02,Paid,0.0
TES-R12291,TES-O6392,2025-05-21,,Paid,0.0
TES-R17190,TES-O5831,2023-01-06,89657.26,Paid,0.0
TES-R11057,TES-O6256,2023-10-07,45010.48,Pending,0.0
TES-R12822,TES-O10090,2025-02-26,54139.37,Paid,0.0
TES-R15888,TES-O10754,2025-08-22,269.84,Paid,0.0
TES-R13648,TES-O6819,2024-08-19,,Paid,0.0
TES-R18678,TES-O11964,2024-01-22,562.83,Refunded,0.0
TES-R14638,TES-O14198,2024-02-26,21026.93,Paid,0.0
TES-R15327,TES-O8048,2025-02-24,91746.51,Paid,0.0
TES-R13862,TES-O11936,2025-04-30,993.96,Paid,0.0
TES-R16375,TES-O10301,2025-08-17,900.0,Refunded,0.0
TES-R14502,TES-O7332,2023-08-02,93021.62,Paid,37672.36
TES-R11440,TES-O6729,2024-07-29,23320.42,Paid,0.0
TES-R17814,TES-O12783,2025-01-06,97325.53,Paid,97325.53
TES-R17495,TES-O9939,2024-01-09,,Refunded,0.0
TES-R13243,TES-O9846,2025-10-30,98838.51,Paid,98838.51
TES-R15125,TES-O9833,2024-10-11,126.6,Paid,0.0
TES-R16843,TES-O6187,2025-11-15,1460.75,Paid,0.0
TES-R18246,TES-O12436,2023-08-01,90520.75,Paid,0.0
TES-R11529,TES-O8310,2025-06-25,75419.88,Paid,0.0
TES-R11129,TES-O13079,2025-04-16,11285.63,Paid,11285.63
TES-R13995,TES-O7573,2023-04-13,96469.65,Paid,0.0
TES-R13443,TES-O10266,2023-05-08,10331.55,Paid,10331.55
TES-R12996,TES-O7198,2023-05-21,11615.98,Paid,11615.98
TES-R14436,TES-O14053,2024-05-14,47119.97,Paid,0.0
TES-R10768,TES-O8842,2024-08-10,,Paid,0.0
TES-R18456,TES-O6607,2025-12-22,9208.96,Paid,9208.96
TES-R14776,TES-O13265,2023-07-22,47912.5,Paid,0.0
TES-R14484,TES-O13529,2023-04-24,273.3,Paid,0.0
TES-R12167,TES-O10583,2023-08-18,,Paid,10002.7
TES-R17642,TES-O7006,2024-09-26,82069.47,Paid,0.0
TES-R18681,TES-O14503,2025-07-28,42956.64,Paid,0.0
TES-R15088,TES-O5336,2025-10-13,45439.35,Paid,0.0
TES-R17711,TES-O8585,2024-09-30,39434.94,Paid,0.0
TES-R15939,TES-O12850,2024-07-15,211.72,Refunded,0.0
TES-R12827,TES-O9940,2023-09-30,54582.36,Paid,0.0
TES-R10936,TES-O12629,2023-05-13,892.7,Paid,0.0
TES-R12055,TES-O6319,2025-11-18,87917.71,Refunded,0.0
TES-R17082,TES-O6539,2023-05-17,92864.66,Paid,0.0
TES-R15880,TES-O8190,2024-06-03,11219.39,Paid,0.0
TES-R15725,TES-O6258,2023-11-11,20132.98,Paid,20132.98
TES-R12104,TES-O9314,2024-05-07,306.75,Refunded,0.0
TES-R10771,TES-O10237,2025-02-14,24917.07,Paid,0.0
TES-R18359,TES-O5965,2025-10-19,1449.7,Paid,0.0
TES-R18104,TES-O8637,2025-09-10,48643.95,Paid,48643.95
TES-R12967,TES-O10432,2025-05-10,328.58,Paid,0.0
TES-R10756,TES-O11802,2025-01-14,89.01,Paid,89.01
TES-R14057,TES-O8975,2023-03-15,196.86,Paid,0.0
TES-R9393,TES-O8398,2025-04-17,9923.48,Paid,0.0
TES-R14304,TES-O11998,2023-05-23,75233.69,Paid,0.0
TES-R18454,TES-O5807,2023-03-07,256.5,Paid,0.0
TES-R17003,TES-O13843,2025-08-11,47433.17,Pending,0.0
TES-R14278,TES-O6546,2025-08-05,11435.49,Paid,0.0
TES-R12480,TES-O7313,2024-12-04,82524.04,Pending,0.0
TES-R16712,TES-O8470,2025-09-01,91068.79,Paid,0.0
TES-R10923,TES-O7385,2024-08-26,9759.5,Paid,0.0
TES-R13174,TES-O8991,2025-02-11,75059.2,Paid,0.0
TES-R10501,TES-O5683,2023-07-21,,Paid,51583.55
TES-R14717,TES-O8305,2023-10-21,237.19,Paid,0.0
TES-R11894,TES-O9733,2025-12-05,515.4,Paid,0.0
TES-R9192,TES-O8481,2025-11-19,42597.91,Paid,42597.91
TES-R17229,TES-O13574,2024-03-02,94439.34,Paid,0.0
TES-R12832,TES-O11470,2025-05-31,714.85,Paid,0.0
TES-R12243,TES-O13374,2023-03-11,46319.84,Paid,46319.84
TES-R10183,TES-O7484,2023-08-02,16414.37,Paid,0.0
TES-R9824,TES-O11537,2024-09-15,10827.89,Refunded,0.0
TES-R9587,TES-O9629,2025-05-21,19137.88,Paid,19137.88
TES-R13640,TES-O8404,2025-08-28,46454.6,Paid,0.0
TES-R12339,TES-O7336,2024-08-17,44024.36,Pending,0.0
TES-R15631,TES-O14055,2024-07-13,,Paid,0.0
TES-R17960,TES-O14407,2025-11-12,9782.8,Paid,0.0
TES-R11887,TES-O8689,2025-06-20,,Paid,0.0
TES-R12597,TES-O10619,2024-03-18,103.01,Paid,103.01
TES-R12442,TES-O9831,2025-03-28,44824.25,Paid,0.0
TES-R14132,TES-O10971,2024-05-27,47419.3,Paid,0.0
TES-R9345,TES-O12188,2024-04-02,92821.17,Refunded,0.0
TES-R13870,TES-O6768,2024-05-16,39418.78,Paid,0.0
TES-R12088,TES-O10374,2024-09-16,97.99,Paid,0.0
TES-R12821,TES-O14533,2023-05-18,394.05,Paid,0.0
TES-R12439,TES-O14312,2023-07-18,82554.76,Paid,0.0
TES-R9801,TES-O7300,2023-01-29,82093.27,Paid,0.0
TES-R10020,TES-O5737,2024-07-13,,Pending,0.0
TES-R13942,TES-O9630,2025-07-08,40189.32,Paid,0.0
TES-R17881,TES-O5418,2024-02-21,22260.62,Pending,0.0
TES-R10108,TES-O7085,2025-06-12,83825.99,Pending,0.0
TES-R18210,TES-O5306,2025-09-24,38642.34,Paid,0.0
TES-R14941,TES-O13651,2025-05-24,426.9,Paid,426.9
TES-R15866,TES-O10122,2024-09-11,390.96,Refunded,0.0
TES-R10141,TES-O8623,2025-10-03,47166.13,Paid,0.0
TES-R13314,TES-O7965,2025-02-11,967.9,Paid,0.0
TES-R12307,TES-O12258,2024-05-20,,Paid,0.0
TES-R15213,TES-O5808,2024-02-09,97207.74,Paid,0.0
TES-R17950,TES-O9597,2024-02-29,86637.63,Paid,0.0
TES-R10299,TES-O14105,2025-06-24,19073.94,Paid,0.0
TES-R9198,TES-O14705,2025-03-26,88.36,Refunded,0.0
TES-R12277,TES-O9078,2023-04-29,380.18,Paid,0.0
TES-R9756,TES-O5873,2023-03-23,90992.39,Paid,0.0
TES-R16730,TES-O6383,2025-06-11,10884.48,Paid,0.0
TES-R9628,TES-O7449,2025-07-06,44366.3,Paid,0.0
TES-R10261,TES-O8094,2023-03-15,88980.84,Paid,88980.84
TES-R14955,TES-O6701,2024-08-08,349.24,Pending,0.0
TES-R12678,TES-O12585,2024-05-23,40951.63,Paid,0.0
TES-R15413,TES-O6841,2023-08-17,311.72,Paid,0.0
TES-R15133,TES-O9873,2024-01-05,1080.36,Paid,0.0
TES-R13710,TES-O14902,2024-12-25,80311.95,Paid,0.0
TES-R13251,TES-O8797,2024-09-13,11275.34,Paid,0.0
TES-R18006,TES-O5207,2023-05-05,54271.8,Paid,0.0
TES-R14165,TES-O9956,2025-10-12,10753.49,Paid,0.0
TES-R10882,TES-O14448,2024-02-10,87441.96,Paid,0.0
TES-R14923,TES-O6912,2025-09-07,77751.18,Paid,77751.18
TES-R17336,TES-O11337,2023-03-19,81448.27,Paid,0.0
TES-R17959,TES-O13941,2024-09-30,38680.96,Paid,7049.81
TES-R14540,TES-O12729,2023-04-22,86.04,Paid,0.0
TES-R15794,TES-O6625,2023-02-10,44711.02,Paid,0.0
TES-R17294,TES-O12284,2023-12-04,10537.09,Paid,0.0
TES-R16854,TES-O7446,2023-04-09,35.07,Pending,0.0
TES-R16195,TES-O9965,2025-10-23,44193.8,Paid,0.0
TES-R11594,TES-O13783,2024-07-12,88267.2,Paid,0.0
TES-R14566,TES-O6213,2023-03-03,21669.29,Paid,0.0
TES-R15422,TES-O11687,2024-06-10,71.27,Paid,0.0
TES-R17737,TES-O11306,2023-08-30,96.65,Paid,25.31
TES-R12432,TES-O9367,2024-05-25,94456.78,Paid,0.0
TES-R14386,TES-O12433,2025-01-10,42451.95,Paid,0.0
TES-R12669,TES-O6114,2023-07-24,,Paid,0.0
TES-R17679,TES-O6279,2024-08-23,23301.1,Pending,0.0
TES-R12114,TES-O5994,2025-01-28,85.6,Paid,0.0
TES-R15267,TES-O9266,2025-08-23,88630.52,Refunded,0.0
TES-R15442,TES-O12432,2025-10-06,20229.19,Paid,0.0
TES-R10748,TES-O9202,2024-12-25,91557.06,Paid,0.0
TES-R11673,TES-O13113,2023-05-01,87035.0,Paid,87035.0
TES-R15335,TES-O8475,2024-11-04,97622.35,Paid,39192.15
TES-R9711,TES-O8661,2023-02-09,23222.06,Paid,0.0
TES-R17138,TES-O9994,2023-11-20,491.79,Paid,0.0
TES-R10495,TES-O13816,2023-02-09,77610.11,Paid,0.0
TES-R9561,TES-O14648,2023-11-24,23077.41,Refunded,5108.52
TES-R17877,TES-O8072,2025-09-15,,Paid,0.0
TES-R18084,TES-O14634,2024-09-06,,Paid,46736.1
TES-R14410,TES-O14298,2025-09-16,89867.85,Paid,0.0
TES-R14277,TES-O8109,2024-02-20,38522.8,Pending,0.0
TES-R10911,TES-O9472,2024-05-02,11410.34,Refunded,0.0
TES-R10283,TES-O12999,2024-11-29,484.44,Paid,0.0
TES-R16707,TES-O8238,2024-09-10,92015.9,Paid,0.0
TES-R16084,TES-O10504,2023-02-19,202.14,Paid,0.0
TES-R11815,TES-O6511,2025-07-23,,Paid,0.0
TES-R13329,TES-O7273,2025-08-10,44520.75,Paid,0.0
TES-R14374,TES-O13163,2023-01-26,81773.16,Paid,0.0
TES-R17360,TES-O10341,2024-02-23,67.96,Paid,0.0
TES-R15596,TES-O11791,2023-08-14,44801.55,Paid,44801.55
TES-R14263,TES-O11969,2025-08-11,79748.35,Paid,79748.35
TES-R15120,TES-O10239,2023-02-06,82.41,Paid,82.41
TES-R14572,TES-O8248,2023-05-31,10762.24,Paid,0.0
TES-R12332,TES-O13129,2024-11-25,15920.08,Paid,0.0
TES-R9829,TES-O14846,2025-10-02,23432.33,Paid,0.0
TES-R9595,TES-O9907,2025-12-05,24828.31,Refunded,0.0
TES-R15853,TES-O6022,2023-07-18,80981.87,Paid,0.0
TES-R9858,TES-O10154,2024-03-17,44657.3,Paid,0.0
TES-R12010,TES-O8934,2023-08-07,46519.69,Refunded,0.0
TES-R13979,TES-O12395,2023-05-05,93096.47,Paid,93096.47
TES-R15194,TES-O5572,2024-05-09,19466.26,Pending,0.0
TES-R9409,TES-O12596,2023-04-20,94638.2,Paid,0.0
TES-R10819,TES-O11939,2023-06-18,11456.29,Pending,0.0
TES-R14534,TES-O5044,2024-03-19,45122.55,Paid,0.0
TES-R13876,TES-O13184,2024-07-12,50382.65,Refunded,0.0
TES-R18334,TES-O9430,2025-11-05,93957.13,Paid,0.0
TES-R14608,TES-O12209,2023-11-06,9454.71,Paid,0.0
TES-R14379,TES-O9511,2023-09-11,108.75,Paid,0.0
TES-R13460,TES-O12159,2023-05-12,578.94,Paid,578.94
TES-R11908,TES-O9698,2025-11-12,45656.15,Paid,0.0
TES-R18266,TES-O14029,2025-01-24,464.73,Paid,0.0
TES-R10375,TES-O9624,2023-09-24,44849.84,Paid,21736.77
TES-R14247,TES-O9602,2024-11-16,131.68,Paid,0.0
TES-R9321,TES-O5697,2023-02-12,783.65,Paid,0.0
TES-R11128,TES-O11526,2024-07-24,10069.7,Paid,0.0
TES-R9664,TES-O9991,2023-06-09,67.6,Paid,0.0
TES-R14720,TES-O5468,2024-08-04,47193.95,Refunded,0.0
TES-R13747,TES-O12512,2023-09-21,11536.21,Paid,0.0
TES-R15618,TES-O14218,2025-09-20,106.97,Paid,0.0
TES-R14186,TES-O7477,2025-03-17,10880.91,Paid,10880.91
TES-R14144,TES-O5035,2024-12-29,19828.23,Refunded,0.0
TES-R16428,TES-O9021,2023-09-01,76163.85,Paid,0.0
TES-R13779,TES-O13963,2025-12-13,46242.09,Paid,0.0
TES-R10100,TES-O6088,2024-05-31,97.34,Paid,97.34
TES-R17070,TES-O8031,2023-10-01,671.8,Paid,0.0
TES-R16416,TES-O13585,2025-11-02,51923.22,Paid,0.0
TES-R16935,TES-O6274,2024-10-11,163.92,Paid,0.0
TES-R16541,TES-O8180,2024-12-05,40172.93,Paid,0.0
TES-R17740,TES-O13499,2023-10-08,588.28,Pending,0.0
TES-R16029,TES-O8388,2025-07-02,199.47,Paid,0.0
TES-R15520,TES-O9210,2025-06-05,45.98,Paid,0.0
TES-R9514,TES-O11207,2023-05-24,47892.69,Paid,0.0
TES-R11014,TES-O13360,2025-09-23,11017.88,Paid,11017.88
TES-R16114,TES-O12592,2024-09-20,92002.23,Paid,0.0
TES-R11017,TES-O6248,2024-08-10,48240.08,Paid,0.0
TES-R9029,TES-O9775,2023-06-16,82282.67,Paid,0.0
TES-R16849,TES-O11561,2025-04-10,20182.38,Paid,20182.38
TES-R9389,TES-O11274,2025-03-24,96675.14,Refunded,0.0
TES-R18365,TES-O14317,2024-12-17,83839.92,Paid,0.0
TES-R14829,TES-O7703,2024-08-20,1121.72,Refunded,0.0
TES-R17659,TES-O5169,2025-07-14,17042.01,Pending,0.0
TES-R14079,TES-O11275,2023-07-30,168.24,Paid,0.0
TES-R18516,TES-O5171,2024-11-21,44745.82,Pending,0.0
TES-R14681,TES-O7026,2023-04-04,75882.37,Refunded,0.0
TES-R15713,TES-O6648,2025-04-26,634.4,Paid,163.16
TES-R18414,TES-O7356,2024-06-26,561.3,Paid,0.0
TES-R13474,TES-O13186,2024-12-05,54933.69,Refunded,0.0
TES-R13265,TES-O5798,2024-05-04,92441.95,Paid,0.0
TES-R10306,TES-O12453,2023-01-18,85016.54,Paid,0.0
TES-R14902,TES-O6618,2025-06-24,82522.87,Paid,0.0
TES-R16572,TES-O12995,2023-01-15,45570.99,Paid,0.0
TES-R17968,TES-O12272,2024-02-06,45082.89,Paid,45082.89
TES-R9155,TES-O5990,2025-03-10,75950.7,Pending,0.0
TES-R17761,TES-O9816,2024-09-27,15427.68,Refunded,0.0
TES-R18563,TES-O9456,2023-12-13,46754.99,Paid,0.0
TES-R13606,TES-O8454,2025-10-30,9356.79,Paid,0.0
TES-R13429,TES-O14370,2023-01-07,93629.62,Paid,31191.08
TES-R16611,TES-O11067,2025-12-31,10597.5,Paid,0.0
TES-R18001,TES-O5373,2024-07-15,99407.53,Paid,0.0
TES-R9079,TES-O13418,2024-01-11,992.85,Paid,992.85
TES-R16262,TES-O6162,2024-05-17,96128.27,Paid,0.0
TES-R18003,TES-O13689,2023-02-26,19674.34,Paid,0.0
TES-R17855,TES-O14812,2025-01-17,344.46,Paid,0.0
TES-R13079,TES-O13170,2025-12-05,353.46,Paid,0.0
TES-R17725,TES-O14395,2024-07-09,42057.02,Paid,0.0
TES-R9688,TES-O14643,2025-10-13,82228.6,Paid,0.0
TES-R10438,TES-O5398,2024-08-17,19454.32,Paid,0.0
TES-R13759,TES-O10678,2025-06-25,16075.9,Paid,0.0
TES-R10544,TES-O5358,2025-06-12,45569.72,Paid,0.0
TES-R15065,TES-O14896,2025-03-02,325.86,Paid,0.0
TES-R11508,TES-O13029,2023-07-12,9606.23,Paid,9606.23
TES-R11110,TES-O13835,2024-08-23,92754.01,Paid,0.0
TES-R14567,TES-O12368,2023-09-19,19435.18,Paid,0.0
TES-R10023,TES-O7237,2023-05-06,17186.38,Paid,0.0
TES-R9842,TES-O9917,2023-04-26,87591.65,Paid,0.0
TES-R15158,TES-O7445,2023-04-18,473.88,Paid,0.0
TES-R15019,TES-O10379,2024-02-26,44421.61,Paid,0.0
TES-R17080,TES-O6199,2025-05-22,212.7,Paid,0.0
TES-R11266,TES-O5744,2023-02-05,145.77,Refunded,0.0
TES-R11436,TES-O7079,2025-05-21,44251.22,Paid,44251.22
TES-R14224,TES-O13827,2024-08-01,156.49,Paid,0.0
TES-R14394,TES-O10450,2024-04-02,45.38,Paid,0.0
TES-R15961,TES-O13626,2023-05-26,41821.16,Paid,0.0
TES-R11329,TES-O8485,2023-11-17,23148.04,Paid,0.0
TES-R15393,TES-O10543,2023-10-26,83276.91,Refunded,0.0
TES-R15929,TES-O9317,2023-09-17,45983.15,Paid,0.0
TES-R10665,TES-O8254,2024-12-12,46779.36,Refunded,0.0
TES-R10775,TES-O13307,2025-01-23,53949.84,Paid,0.0
TES-R15006,TES-O11089,2023-07-18,76969.49,Paid,0.0
TES-R14315,TES-O10265,2023-10-21,80766.28,Paid,80766.28
TES-R15938,TES-O6975,2023-12-30,49.44,Paid,0.0
TES-R15842,TES-O13220,2025-10-14,43352.89,Pending,0.0
TES-R14198,TES-O7944,2025-03-26,191.24,Pending,0.0
TES-R16911,TES-O12607,2024-03-10,9296.3,Paid,0.0
TES-R11370,TES-O9008,2023-05-04,81268.16,Paid,0.0
TES-R15598,TES-O10296,2025-03-18,11704.34,Paid,0.0
TES-R11265,TES-O13106,2025-03-01,50310.24,Paid,0.0
TES-R9761,TES-O11905,2023-03-29,9159.34,Paid,0.0
TES-R14599,TES-O9710,2024-09-12,17735.67,Paid,0.0
TES-R17497,TES-O8830,2023-06-06,40578.0,Paid,0.0
TES-R13639,TES-O8112,2023-08-21,10377.06,Paid,10377.06
TES-R9209,TES-O8311,2025-07-19,735.0,Paid,735.0
TES-R9562,TES-O8659,2023-12-18,48621.32,Paid,0.0
TES-R12503,TES-O14383,2023-10-20,,Refunded,0.0
TES-R13738,TES-O10359,2023-12-12,88038.24,Paid,0.0
TES-R16717,TES-O7020,2025-12-10,9326.97,Paid,9326.97
TES-R13489,TES-O13483,2023-08-26,39231.69,Pending,0.0
TES-R11973,TES-O5706,2023-07-28,147.19,Paid,0.0
TES-R15788,TES-O11595,2023-08-02,616.48,Paid,0.0
TES-R16659,TES-O7302,2024-12-01,20980.3,Paid,20980.3
TES-R9256,TES-O12024,2024-03-14,271.52,Paid,97.2
TES-R9687,TES-O8712,2024-07-22,271.71,Paid,0.0
TES-R9222,TES-O14315,2025-05-09,10714.14,Paid,0.0
TES-R12106,TES-O13293,2025-09-10,50375.29,Refunded,0.0
TES-R10729,TES-O8869,2024-07-23,24665.23,Paid,0.0
TES-R17297,TES-O9827,2025-09-10,19786.17,Paid,0.0
TES-R14538,TES-O6542,2025-07-22,89780.27,Paid,89780.27
TES-R18430,TES-O13388,2025-10-24,92048.14,Paid,0.0
TES-R14588,TES-O5813,2025-12-17,,Refunded,0.0
TES-R9128,TES-O8452,2025-02-14,,Paid,0.0
TES-R10435,TES-O11437,2023-10-10,573.72,Paid,0.0
TES-R15148,TES-O14627,2024-11-03,79839.95,Paid,79839.95
TES-R15926,TES-O6326,2025-11-02,18785.85,Paid,0.0
TES-R13289,TES-O12059,2025-08-14,42097.34,Paid,0.0
TES-R11351,TES-O7617,2025-05-02,11006.06,Paid,11006.06
TES-R14159,TES-O13139,2025-10-29,79846.19,Paid,0.0
TES-R15272,TES-O7511,2024-08-22,85883.88,Paid,0.0
TES-R13723,TES-O14056,2023-08-03,260.04,Paid,0.0
TES-R9522,TES-O11597,2024-09-01,84674.1,Paid,84674.1
TES-R12658,TES-O7283,2025-10-26,48039.28,Paid,0.0
TES-R14409,TES-O10345,2025-04-07,300.36,Refunded,0.0
TES-R13681,TES-O6133,2025-10-27,72.37,Paid,0.0
TES-R15633,TES-O9666,2025-09-06,643.8,Paid,0.0
TES-R13479,TES-O5600,2024-06-03,20940.23,Refunded,0.0
TES-R16085,TES-O12810,2024-04-03,47586.97,Paid,0.0
TES-R10443,TES-O5167,2025-03-15,76435.63,Paid,76435.63
TES-R14736,TES-O6631,2023-04-02,41890.08,Paid,0.0
TES-R14499,TES-O10152,2024-05-10,11635.81,Paid,0.0
TES-R15533,TES-O14159,2024-10-15,41488.5,Paid,0.0
TES-R18677,TES-O10210,2024-02-11,45296.86,Paid,0.0
TES-R16878,TES-O8059,2025-01-18,53602.49,Paid,0.0
TES-R9227,TES-O10478,2023-04-05,1136.1,Paid,1136.1
TES-R9952,TES-O10312,2025-02-09,53050.59,Paid,0.0
TES-R15297,TES-O6887,2025-08-19,40043.43,Paid,0.0
TES-R11368,TES-O14977,2025-10-04,54334.07,Paid,54334.07
TES-R17935,TES-O13957,2025-05-13,49458.03,Paid,0.0
TES-R11340,TES-O5511,2024-07-21,192.15,Paid,0.0
TES-R17072,TES-O12899,2023-02-23,19710.87,Paid,0.0
TES-R13673,TES-O14830,2024-02-20,10526.55,Paid,0.0
TES-R12733,TES-O14479,2025-03-21,31.21,Refunded,0.0
TES-R16837,TES-O8024,2023-03-09,79.32,Paid,0.0
TES-R14529,TES-O10094,2025-06-11,46458.89,Paid,0.0
TES-R17252,TES-O6984,2025-07-23,583.2,Paid,0.0
TES-R11811,TES-O5685,2025-07-18,154.48,Paid,0.0
TES-R16374,TES-O12786,2024-03-16,258.45,Paid,0.0
TES-R16444,TES-O14597,2024-09-12,40099.68,Refunded,0.0
TES-R18021,TES-O6675,2025-02-09,39939.99,Paid,0.0
TES-R14546,TES-O13547,2025-01-24,46442.93,Paid,0.0
TES-R12117,TES-O6403,2023-10-27,47027.5,Paid,0.0
TES-R16306,TES-O12874,2023-08-19,48506.16,Paid,0.0
TES-R14445,TES-O10314,2023-12-10,43031.01,Pending,0.0
TES-R14246,TES-O9516,2024-04-17,536.85,Paid,536.85
TES-R15381,TES-O9689,2024-11-26,640.15,Refunded,0.0
TES-R16105,TES-O9151,2024-04-17,19181.08,Pending,0.0
TES-R9712,TES-O13716,2023-01-12,551.46,Paid,131.38
TES-R16007,TES-O14238,2025-09-05,86975.83,Paid,86975.83
TES-R11460,TES-O14904,2025-05-22,478.08,Refunded,0.0
TES-R17898,TES-O5275,2023-12-05,771.84,Paid,0.0
TES-R17775,TES-O7263,2025-05-25,39987.72,Refunded,0.0
TES-R12653,TES-O5761,2024-11-20,189.32,Paid,0.0
TES-R10861,TES-O13410,2025-06-04,10971.62,Paid,0.0
TES-R15659,TES-O10294,2025-11-24,144.34,Paid,0.0
TES-R15175,TES-O11299,2024-06-30,22820.39,Paid,0.0
TES-R17547,TES-O11169,2025-01-25,11123.7,Paid,0.0
TES-R14569,TES-O5914,2025-10-28,9142.26,Paid,0.0
TES-R16392,TES-O7117,2023-10-19,95350.33,Paid,0.0
TES-R9490,TES-O8514,2023-12-06,47134.11,Paid,0.0
TES-R11362,TES-O14286,2024-08-08,92512.4,Refunded,0.0
TES-R12699,TES-O14048,2024-04-21,79141.03,Paid,79141.03
TES-R18376,TES-O5348,2025-01-16,21870.99,Paid,0.0
TES-R14609,TES-O9697,2025-09-28,20856.72,Paid,0.0
TES-R15354,TES-O9853,2023-06-23,96044.66,Paid,0.0
TES-R18672,TES-O12839,2025-12-13,41059.84,Refunded,0.0
TES-R15238,TES-O9069,2024-09-23,96037.59,Pending,0.0
TES-R17743,TES-O7430,2024-07-29,1415.05,Refunded,0.0
TES-R18146,TES-O7474,2023-02-19,,Paid,18554.3
TES-R13875,TES-O7856,2025-10-17,,Paid,0.0
TES-R16460,TES-O11463,2024-07-13,10151.29,Paid,0.0
TES-R9580,TES-O10368,2024-10-24,48571.45,Refunded,0.0
TES-R11572,TES-O8765,2024-07-04,21160.26,Paid,0.0
TES-R15991,TES-O6832,2024-10-11,50777.34,Pending,0.0
TES-R15322,TES-O11158,2024-09-17,9220.48,Paid,9220.48
TES-R17773,TES-O7419,2024-02-29,49728.62,Refunded,0.0
TES-R12306,TES-O7719,2024-07-02,77532.87,Paid,0.0
TES-R14978,TES-O9369,2024-03-27,86420.82,Refunded,0.0
TES-R11678,TES-O5941,2025-10-05,1174.4,Refunded,0.0
TES-R12284,TES-O7814,2024-11-13,103.48,Refunded,0.0
TES-R15285,TES-O6879,2025-07-03,255.5,Paid,0.0
TES-R12395,TES-O12231,2025-12-18,49791.75,Paid,0.0
TES-R15739,TES-O8804,2023-01-30,11993.41,Pending,0.0
TES-R12612,TES-O7780,2023-12-06,11310.07,Paid,0.0
TES-R10997,TES-O12894,2025-12-07,654.6,Paid,183.48
TES-R11146,TES-O13539,2025-04-26,54848.26,Pending,0.0
TES-R13197,TES-O6264,2023-07-11,23792.53,Paid,0.0
TES-R10938,TES-O13526,2024-07-27,80390.66,Paid,0.0
TES-R9124,TES-O5516,2025-10-01,91937.26,Paid,0.0
TES-R14814,TES-O13371,2024-05-19,84800.11,Paid,0.0
TES-R16382,TES-O6744,2025-12-11,16852.82,Paid,0.0
TES-R17549,TES-O6469,2025-08-13,555.0,Refunded,0.0
TES-R13667,TES-O6854,2023-03-07,97257.85,Paid,0.0
TES-R18014,TES-O10445,2025-09-02,1071.4,Refunded,0.0
TES-R18072,TES-O8925,2025-04-08,388.64,Refunded,0.0
TES-R9929,TES-O10112,2024-04-16,440.72,Paid,104.65
TES-R12869,TES-O6456,2023-04-08,83669.3,Paid,0.0
TES-R14498,TES-O11322,2024-05-23,89279.45,Paid,89279.45
TES-R11819,TES-O14602,2024-03-15,,Paid,0.0
TES-R10152,TES-O9095,2024-12-04,268.08,Paid,28.23
TES-R17309,TES-O10553,2024-09-01,762.36,Paid,0.0
TES-R9461,TES-O9349,2025-05-15,202.48,Paid,0.0
TES-R17759,TES-O9294,2024-01-25,90638.08,Refunded,0.0
TES-R15634,TES-O13610,2024-05-01,18274.33,Paid,0.0
TES-R9769,TES-O9475,2025-09-09,307.9,Refunded,0.0
TES-R15716,TES-O7170,2025-01-03,11146.44,Paid,0.0
TES-R14664,TES-O14791,2025-08-26,22468.0,Paid,0.0
TES-R13617,TES-O12468,2024-05-27,177.14,Paid,177.14
TES-R18238,TES-O12487,2023-03-03,93326.55,Paid,0.0
TES-R13739,TES-O5775,2023-11-25,369.15,Paid,0.0
TES-R11861,TES-O9594,2023-06-14,38808.43,Paid,0.0
TES-R15734,TES-O5577,2025-12-09,252.68,Paid,0.0
TES-R9241,TES-O11568,2023-10-12,22837.31,Paid,0.0
TES-R11794,TES-O10016,2023-01-09,86322.57,Paid,0.0
TES-R13730,TES-O11288,2024-02-21,91464.76,Paid,0.0
TES-R13841,TES-O12340,2025-02-24,88216.57,Paid,0.0
TES-R9936,TES-O13618,2025-07-06,62.06,Paid,0.0
TES-R14997,TES-O13861,2024-08-11,16800.44,Paid,0.0
TES-R14272,TES-O6664,2023-02-02,9679.35,Paid,2962.02
TES-R16573,TES-O13299,2023-09-08,,Refunded,0.0
TES-R9491,TES-O9024,2024-11-19,109.32,Paid,0.0
TES-R13152,TES-O6365,2023-02-09,47985.31,Paid,0.0
TES-R11203,TES-O5890,2025-01-05,40832.3,Paid,40832.3
TES-R11637,TES-O11293,2024-03-11,17825.2,Refunded,0.0
TES-R12640,TES-O9984,2023-04-24,18341.97,Pending,0.0
TES-R17510,TES-O14530,2025-08-27,15970.37,Paid,0.0
TES-R14126,TES-O10252,2023-10-29,78189.86,Paid,0.0
TES-R17961,TES-O7514,2024-12-28,11945.7,Paid,0.0
TES-R15233,TES-O6667,2023-01-28,50416.48,Paid,50416.48
TES-R9846,TES-O9136,2023-09-06,632.75,Pending,0.0
TES-R14324,TES-O6749,2023-04-28,21547.6,Paid,21547.6
TES-R16151,TES-O11625,2023-12-18,96.86,Pending,0.0
TES-R17660,TES-O9268,2023-11-14,45387.97,Paid,45387.97
TES-R12643,TES-O14154,2023-05-04,9681.55,Paid,0.0
TES-R11563,TES-O13439,2023-08-25,87871.28,Refunded,0.0
TES-R18691,TES-O9999,2023-02-17,134.62,Paid,0.0
TES-R16119,TES-O13509,2025-04-21,92865.02,Paid,0.0
TES-R18660,TES-O8041,2024-07-24,83228.89,Paid,0.0
TES-R10649,TES-O7203,2025-09-02,,Paid,94049.45
TES-R11648,TES-O9404,2023-07-23,16519.71,Paid,0.0
TES-R14045,TES-O11259,2023-07-11,43225.04,Paid,0.0
TES-R12913,TES-O9683,2024-11-14,9687.56,Paid,0.0
TES-R11946,TES-O14801,2025-04-16,10517.04,Paid,0.0
TES-R11788,TES-O6211,2023-07-27,32.9,Paid,0.0
TES-R14832,TES-O13159,2023-01-12,82597.75,Paid,0.0
TES-R16824,TES-O9343,2025-05-19,41570.82,Pending,0.0
TES-R13585,TES-O6959,2024-06-15,21231.69,Paid,21231.69
TES-R16747,TES-O8326,2023-06-23,22585.87,Paid,0.0
TES-R12457,TES-O14664,2025-07-26,22156.16,Paid,0.0
TES-R11751,TES-O13873,2023-11-28,,Paid,0.0
TES-R13589,TES-O6179,2024-06-07,84327.83,Paid,0.0
TES-R16075,TES-O8251,2024-03-07,10023.13,Refunded,0.0
TES-R13376,TES-O5996,2024-10-26,90240.1,Refunded,0.0
TES-R13647,TES-O9648,2023-06-15,10532.65,Paid,0.0
TES-R15502,TES-O8876,2025-08-15,88932.78,Paid,0.0
TES-R9406,TES-O14889,2023-10-07,10157.62,Paid,0.0
TES-R11447,TES-O10527,2024-10-22,10307.89,Pending,0.0
TES-R17610,TES-O9308,2025-06-06,47975.94,Paid,47975.94
TES-R18617,TES-O9528,2023-01-10,45100.41,Pending,0.0
TES-R11876,TES-O14439,2025-08-09,116.38,Paid,116.38
TES-R12333,TES-O12568,2023-01-28,538.86,Paid,0.0
TES-R10955,TES-O5204,2023-12-31,18548.55,Paid,0.0
TES-R14446,TES-O9838,2023-03-24,22596.48,Refunded,0.0
TES-R16925,TES-O14526,2024-08-09,11783.59,Paid,0.0
TES-R10719,TES-O14915,2023-05-22,17298.72,Paid,0.0
TES-R14928,TES-O13719,2023-08-21,46109.17,Paid,46109.17
TES-R16187,TES-O6095,2024-12-11,10218.19,Paid,0.0
TES-R16056,TES-O13691,2023-03-07,,Paid,0.0
TES-R13599,TES-O10981,2025-02-18,661.08,Paid,0.0
TES-R15050,TES-O13493,2023-01-15,335.43,Paid,0.0
TES-R13136,TES-O5644,2023-10-24,44476.89,Paid,44476.89
TES-R15324,TES-O11860,2025-09-05,83894.45,Paid,0.0
TES-R10243,TES-O9709,2024-09-11,62.92,Refunded,26.92
TES-R11527,TES-O11232,2023-07-20,16041.66,Paid,0.0
TES-R17059,TES-O9621,2023-05-30,123.01,Refunded,0.0
TES-R15123,TES-O14551,2023-05-15,79493.73,Refunded,0.0
TES-R10853,TES-O11419,2025-10-13,43798.17,Paid,43798.17
TES-R11821,TES-O6760,2023-04-25,51656.33,Paid,51656.33
TES-R14573,TES-O8431,2024-12-19,531.8,Paid,0.0
TES-R16853,TES-O12100,2025-06-06,80784.43,Paid,80784.43
TES-R12313,TES-O9998,2023-01-04,21198.42,Paid,0.0
TES-R15292,TES-O5826,2023-03-09,80371.2,Paid,80371.2
TES-R12813,TES-O13951,2024-01-14,89477.51,Paid,89477.51
TES-R9235,TES-O5889,2023-07-16,17143.74,Refunded,0.0
TES-R16831,TES-O10429,2024-10-11,182.04,Paid,0.0
TES-R15723,TES-O9177,2023-10-14,949.2,Pending,0.0
TES-R14731,TES-O7508,2023-10-08,42668.04,Refunded,0.0
TES-R10323,TES-O14206,2023-02-11,87256.9,Paid,0.0
TES-R16794,TES-O9428,2024-12-14,40307.79,Paid,0.0
TES-R17314,TES-O9241,2025-08-08,81489.17,Paid,81489.17
TES-R14370,TES-O11871,2023-09-07,90977.12,Refunded,0.0
TES-R14004,TES-O5085,2023-03-27,79044.02,Paid,0.0
TES-R16026,TES-O8682,2024-04-09,759.16,Paid,0.0
TES-R17051,TES-O6798,2025-07-02,42495.31,Paid,42495.31
TES-R18593,TES-O14201,2024-10-04,199.95,Paid,0.0
TES-R13235,TES-O14956,2025-11-22,10329.82,Refunded,0.0
TES-R18267,TES-O12337,2023-04-15,895.9,Refunded,0.0
TES-R10630,TES-O12176,2025-12-15,11357.19,Paid,0.0
TES-R13111,TES-O10446,2023-09-22,38669.13,Paid,0.0
TES-R18451,TES-O13041,2024-06-14,43.08,Paid,0.0
TES-R9171,TES-O9023,2025-10-23,10109.61,Paid,10109.61
TES-R16439,TES-O13822,2024-04-10,82438.13,Refunded,0.0
TES-R10165,TES-O14130,2023-04-28,813.27,Paid,0.0
TES-R14837,TES-O7339,2024-02-20,17237.54,Paid,0.0
TES-R13104,TES-O8236,2025-05-26,98882.55,Paid,0.0
TES-R9049,TES-O5219,2024-11-15,19536.34,Paid,0.0
TES-R13375,TES-O8530,2024-06-01,54333.38,Paid,0.0
TES-R12210,TES-O12679,2024-05-25,10893.27,Paid,0.0
TES-R10295,TES-O9403,2024-07-10,23653.45,Paid,0.0
TES-R13309,TES-O12635,2025-08-15,92689.97,Paid,92689.97
TES-R11539,TES-O13480,2023-03-14,18106.6,Paid,0.0
TES-R9293,TES-O5858,2023-08-05,47617.98,Paid,0.0
TES-R9623,TES-O6874,2024-12-28,51603.57,Paid,0.0
TES-R12615,TES-O14939,2025-06-18,99682.72,Paid,0.0
TES-R13897,TES-O11651,2023-03-21,968.76,Paid,0.0
TES-R17429,TES-O8259,2024-01-06,,Paid,0.0
TES-R13315,TES-O10974,2024-05-21,226.11,Refunded,0.0
TES-R12252,TES-O5607,2023-01-31,23334.79,Paid,0.0
TES-R15277,TES-O6338,2025-10-18,78398.35,Paid,0.0
TES-R14345,TES-O9447,2025-02-01,247.94,Paid,0.0
TES-R12750,TES-O6923,2025-02-04,51644.04,Paid,51644.04
TES-R12774,TES-O14668,2024-02-02,78054.09,Paid,0.0
TES-R18127,TES-O12516,2024-02-25,556.92,Paid,0.0
TES-R15068,TES-O12840,2024-04-30,88010.03,Paid,0.0
TES-R10195,TES-O8261,2025-01-12,45162.17,Paid,45162.17
TES-R13696,TES-O9062,2025-11-30,81.56,Pending,0.0
TES-R12854,TES-O6883,2024-08-20,18156.98,Paid,0.0
TES-R13556,TES-O5811,2024-09-18,45512.72,Paid,0.0
TES-R14847,TES-O6492,2025-07-01,85686.56,Paid,0.0
TES-R14778,TES-O12195,2025-01-28,254.12,Paid,0.0
TES-R16867,TES-O6084,2025-04-17,90237.11,Paid,90237.11
TES-R13937,TES-O8666,2025-06-19,9183.61,Refunded,0.0
TES-R17488,TES-O11241,2023-02-22,18.69,Pending,0.0
TES-R10124,TES-O14264,2024-01-06,18486.38,Paid,0.0
TES-R13286,TES-O8188,2023-04-02,23749.69,Paid,5837.06
TES-R11007,TES-O5156,2023-09-18,10537.01,Paid,0.0
TES-R14819,TES-O9757,2023-05-13,323.68,Paid,0.0
TES-R13459,TES-O9139,2023-10-27,38459.9,Refunded,0.0
TES-R9923,TES-O9175,2023-03-27,48927.59,Paid,0.0
TES-R14911,TES-O10025,2024-01-04,208.2,Paid,0.0
TES-R16296,TES-O11074,2025-05-15,49800.72,Paid,0.0
TES-R13797,TES-O8678,2024-05-21,118.3,Paid,0.0
TES-R9359,TES-O12357,2024-01-01,1085.0,Paid,0.0
TES-R16930,TES-O10044,2025-07-09,355.88,Paid,0.0
TES-R15132,TES-O12280,2025-07-27,47.7,Paid,0.0
TES-R14732,TES-O14536,2024-06-20,43.67,Pending,0.0
TES-R10073,TES-O12773,2024-03-25,427.96,Paid,427.96
TES-R11804,TES-O9818,2023-07-22,39233.3,Paid,0.0
TES-R12809,TES-O13019,2023-04-18,10680.53,Paid,0.0
TES-R13410,TES-O6512,2025-08-22,9543.26,Paid,9543.26
TES-R14924,TES-O7963,2025-12-20,283.8,Paid,0.0
TES-R15594,TES-O10602,2025-02-14,174.62,Paid,174.62
TES-R14042,TES-O9500,2024-01-06,76727.86,Paid,0.0
TES-R10499,TES-O12030,2023-09-10,9843.45,Paid,9843.45
TES-R18316,TES-O11076,2025-04-07,82850.72,Paid,0.0
TES-R11528,TES-O14732,2023-03-31,,Paid,0.0
TES-R14929,TES-O7272,2025-02-28,21326.04,Paid,21326.04
TES-R10046,TES-O14704,2023-03-28,984.88,Pending,0.0
TES-R10327,TES-O9102,2025-04-29,82479.84,Refunded,0.0
TES-R11599,TES-O11382,2025-09-16,92972.32,Paid,0.0
TES-R12041,TES-O14596,2023-04-15,526.04,Paid,0.0
TES-R16592,TES-O8652,2025-11-28,23948.03,Paid,0.0
TES-R13087,TES-O11547,2025-03-03,17080.71,Paid,0.0
TES-R13664,TES-O12647,2024-05-29,11132.31,Pending,0.0
TES-R10203,TES-O6528,2025-04-08,10200.43,Paid,10200.43
TES-R17132,TES-O12332,2025-09-18,53726.69,Paid,0.0
TES-R14047,TES-O8880,2025-02-21,96130.36,Paid,0.0
TES-R14063,TES-O10575,2023-06-06,,Paid,0.0
TES-R15769,TES-O13346,2023-10-23,11187.33,Paid,11187.33
TES-R17089,TES-O13646,2025-08-04,167.62,Paid,0.0
TES-R18012,TES-O12229,2023-01-10,390.03,Paid,0.0
TES-R16038,TES-O11751,2023-06-24,849.76,Paid,0.0
TES-R17362,TES-O12897,2024-06-13,80346.96,Paid,80346.96
TES-R12535,TES-O11855,2023-10-12,45426.48,Paid,0.0
TES-R18061,TES-O9247,2025-11-18,48445.46,Paid,0.0
TES-R10789,TES-O10238,2025-02-09,336.98,Paid,336.98
TES-R18482,TES-O8281,2025-01-27,264.12,Refunded,0.0
TES-R13359,TES-O10226,2023-08-27,88966.32,Refunded,0.0
TES-R9720,TES-O10186,2025-05-29,175.06,Paid,0.0
TES-R16433,TES-O5835,2025-05-19,45942.47,Paid,0.0
TES-R10427,TES-O10064,2024-09-11,345.75,Paid,0.0
TES-R16365,TES-O12574,2023-03-21,38221.35,Paid,0.0
TES-R14487,TES-O9398,2023-11-06,77332.69,Paid,77332.69
TES-R11700,TES-O5809,2024-05-12,47500.92,Refunded,0.0
TES-R9529,TES-O9876,2024-05-03,88287.1,Paid,0.0
TES-R10856,TES-O11524,2024-02-28,435.76,Paid,435.76
TES-R15606,TES-O14941,2025-02-20,40981.84,Paid,0.0
TES-R15369,TES-O14868,2023-05-18,83006.89,Paid,0.0
TES-R11325,TES-O13325,2023-06-19,11.2,Paid,0.0
TES-R13758,TES-O8332,2023-07-21,46303.98,Paid,46303.98
TES-R9181,TES-O7937,2025-06-26,9440.77,Paid,9440.77
TES-R14201,TES-O14304,2023-01-02,80931.2,Refunded,0.0
TES-R9535,TES-O9414,2025-12-16,539.32,Paid,0.0
TES-R9723,TES-O9449,2024-04-06,39862.37,Paid,39862.37
TES-R12882,TES-O8516,2023-01-24,11958.62,Paid,11958.62
TES-R16650,TES-O7231,2024-02-08,47852.95,Paid,47852.95
TES-R12516,TES-O6809,2025-05-30,10585.72,Paid,0.0
TES-R10346,TES-O11843,2025-04-02,42323.37,Refunded,0.0
TES-R11313,TES-O11891,2024-01-25,81176.54,Paid,39792.13
TES-R10655,TES-O6092,2023-12-27,77889.1,Paid,29858.49
TES-R16523,TES-O12412,2025-12-24,51819.18,Paid,0.0
TES-R12917,TES-O11226,2023-04-23,48411.79,Paid,0.0
TES-R14692,TES-O9046,2025-12-24,47597.51,Paid,0.0
TES-R12777,TES-O10089,2025-11-06,45160.92,Paid,0.0
TES-R18016,TES-O13478,2025-07-27,22623.27,Paid,0.0
TES-R12122,TES-O7762,2023-07-29,82482.48,Paid,0.0
TES-R13096,TES-O13200,2025-07-10,88034.21,Refunded,0.0
TES-R10783,TES-O12349,2025-03-20,24081.14,Paid,0.0
TES-R10919,TES-O10291,2023-03-22,94669.34,Paid,0.0
TES-R12592,TES-O6330,2023-03-21,17770.3,Paid,0.0
TES-R10379,TES-O9845,2023-01-14,226.14,Paid,0.0
TES-R10471,TES-O13867,2025-05-14,19657.96,Paid,0.0
TES-R13119,TES-O7074,2024-07-31,43449.07,Paid,0.0
TES-R18658,TES-O6267,2025-08-23,45816.95,Refunded,0.0
TES-R12317,TES-O11711,2023-11-29,43030.39,Paid,0.0
TES-R15001,TES-O8068,2024-11-18,78.23,Paid,78.23
TES-R16976,TES-O6427,2025-12-05,332.15,Pending,0.0
TES-R10102,TES-O13581,2025-08-05,130.25,Paid,0.0
TES-R16863,TES-O9410,2024-05-22,23519.61,Paid,23519.61
TES-R16384,TES-O9387,2024-08-05,9029.28,Paid,0.0
TES-R9649,TES-O8174,2025-08-26,1383.05,Refunded,0.0
TES-R10828,TES-O13812,2024-02-21,21515.26,Paid,21515.26
TES-R15912,TES-O10607,2023-01-07,24918.09,Paid,0.0
TES-R11087,TES-O13857,2024-11-24,998.92,Paid,0.0
TES-R15774,TES-O9211,2024-05-13,81454.17,Paid,0.0
TES-R14583,TES-O14965,2023-07-17,648.25,Paid,0.0
TES-R17755,TES-O12361,2023-07-27,43372.96,Paid,0.0
TES-R13922,TES-O6071,2024-09-25,24947.09,Paid,0.0
TES-R10641,TES-O9121,2023-12-01,948.08,Paid,0.0
TES-R9904,TES-O12825,2024-10-17,87813.6,Paid,0.0
TES-R18160,TES-O10623,2025-12-23,9052.79,Paid,0.0
TES-R16223,TES-O13347,2025-12-23,158.75,Paid,158.75
TES-R16808,TES-O13664,2023-11-30,85374.83,Paid,0.0
TES-R14300,TES-O5785,2025-06-21,20415.75,Paid,0.0
TES-R18472,TES-O10127,2025-08-23,692.72,Refunded,0.0
TES-R13260,TES-O12096,2024-12-21,679.05,Paid,0.0
TES-R12288,TES-O11560,2023-08-07,147.3,Paid,0.0
TES-R11282,TES-O7607,2025-04-14,49199.2,Paid,49199.2
TES-R12026,TES-O12955,2023-06-19,44472.44,Paid,0.0
TES-R15666,TES-O8550,2025-02-05,41019.91,Paid,41019.91
TES-R15103,TES-O6748,2024-02-25,82622.1,Refunded,0.0
TES-R13335,TES-O11195,2023-07-03,618.24,Paid,0.0
TES-R12027,TES-O11339,2025-10-23,11691.87,Refunded,0.0
TES-R11625,TES-O6145,2025-12-11,81226.94,Pending,0.0
TES-R10467,TES-O10859,2025-08-15,15201.29,Paid,0.0
TES-R17854,TES-O10423,2023-08-09,41651.03,Paid,0.0
TES-R13959,TES-O11653,2024-11-11,,Paid,0.0
TES-R10802,TES-O9572,2025-11-17,94110.78,Paid,0.0
TES-R12064,TES-O13431,2025-06-28,93341.08,Paid,0.0
TES-R11124,TES-O10477,2024-07-31,43332.27,Paid,0.0
TES-R9078,TES-O11392,2025-12-01,20880.09,Paid,0.0
TES-R10354,TES-O10007,2024-12-24,9880.08,Paid,0.0
TES-R12551,TES-O9944,2025-10-10,91060.91,Paid,91060.91
TES-R10496,TES-O13182,2023-10-27,91398.93,Paid,0.0
TES-R9741,TES-O11635,2025-08-03,1208.5,Paid,0.0
TES-R18520,TES-O12329,2023-04-03,80936.6,Paid,0.0
TES-R10374,TES-O5901,2024-05-18,747.05,Refunded,0.0
TES-R9616,TES-O10826,2023-08-03,10095.56,Paid,10095.56
TES-R15366,TES-O11593,2024-08-30,9872.53,Paid,0.0
TES-R9905,TES-O9378,2025-06-21,47005.06,Paid,0.0
TES-R10372,TES-O8537,2024-07-13,42297.14,Paid,0.0
TES-R16797,TES-O11790,2023-03-15,,Paid,49694.45
TES-R16614,TES-O10072,2024-09-22,51542.84,Pending,0.0
TES-R13896,TES-O10330,2025-09-09,543.5,Paid,543.5
TES-R15522,TES-O10397,2023-11-09,153.48,Paid,153.48
TES-R11328,TES-O12823,2024-08-22,80024.48,Paid,80024.48
TES-R13509,TES-O9180,2025-07-20,49900.43,Pending,0.0
TES-R17438,TES-O7155,2025-09-20,96863.04,Pending,0.0
TES-R9258,TES-O14850,2025-11-30,88322.7,Paid,0.0
TES-R11036,TES-O14781,2024-11-05,,Paid,0.0
TES-R15129,TES-O14274,2023-01-20,748.2,Paid,0.0
TES-R11312,TES-O6869,2023-04-28,,Paid,0.0
TES-R15270,TES-O11351,2024-03-16,78147.58,Paid,0.0
TES-R18533,TES-O8244,2025-12-31,185.92,Paid,0.0
TES-R13232,TES-O9412,2025-08-25,83205.4,Paid,0.0
TES-R12338,TES-O6135,2023-04-30,46170.55,Pending,0.0
TES-R13999,TES-O12900,2025-01-16,44982.32,Paid,0.0
TES-R12752,TES-O5040,2024-04-14,1131.24,Pending,0.0
TES-R17678,TES-O9558,2025-09-15,,Paid,0.0
TES-R18461,TES-O14615,2024-11-25,81331.62,Paid,0.0
TES-R13137,TES-O12524,2025-09-15,,Paid,0.0
TES-R15414,TES-O11479,2023-01-03,10837.9,Pending,0.0
TES-R11589,TES-O7016,2023-10-15,,Paid,0.0
TES-R18464,TES-O6579,2024-12-21,92537.62,Paid,0.0
TES-R17771,TES-O14838,2024-01-17,88102.63,Refunded,0.0
TES-R17198,TES-O11174,2024-08-04,88992.04,Paid,0.0
TES-R9592,TES-O9830,2023-05-25,9558.64,Pending,0.0
TES-R11443,TES-O6627,2023-12-07,38607.29,Pending,0.0
TES-R16498,TES-O13714,2024-08-13,,Paid,0.0
TES-R17387,TES-O7365,2024-07-18,38354.58,Paid,0.0
TES-R13270,TES-O10355,2025-07-13,97908.42,Paid,0.0
TES-R16257,TES-O13457,2023-07-25,,Paid,0.0
TES-R18105,TES-O6780,2023-02-06,,Paid,0.0
TES-R11239,TES-O6880,2024-07-18,23362.11,Paid,23362.11
TES-R14668,TES-O14782,2023-06-21,24782.88,Paid,24782.88
TES-R15477,TES-O6823,2023-06-13,42583.92,Paid,0.0
TES-R11581,TES-O6143,2024-05-02,975.0,Paid,0.0
TES-R15258,TES-O7840,2025-08-09,523.08,Paid,0.0
TES-R10992,TES-O10740,2023-03-13,10694.28,Paid,10694.28
TES-R9463,TES-O12339,2025-06-16,84625.22,Paid,84625.22
TES-R9011,TES-O5737,2024-07-13,95244.45,Pending,0.0
TES-R10405,TES-O13194,2025-07-06,333.87,Paid,0.0
TES-R10993,TES-O13054,2024-09-01,88890.13,Paid,0.0
TES-R16756,TES-O10257,2024-06-18,48.48,Pending,0.0
TES-R16870,TES-O5932,2025-08-21,42935.97,Paid,0.0
TES-R14312,TES-O11713,2025-12-21,89497.15,Refunded,0.0
TES-R14033,TES-O8303,2024-05-20,99090.58,Paid,0.0
TES-R18599,TES-O9551,2025-10-17,75297.21,Refunded,0.0
TES-R11073,TES-O5304,2025-06-03,82856.78,Paid,0.0
TES-R12595,TES-O9086,2024-05-03,43342.48,Pending,0.0
TES-R15058,TES-O12689,2023-08-19,9107.51,Refunded,0.0
TES-R9295,TES-O8321,2023-01-21,11463.47,Paid,0.0
TES-R9573,TES-O12776,2023-10-11,9856.67,Refunded,0.0
TES-R14509,TES-O6108,2024-09-10,50720.9,Paid,50720.9
TES-R17915,TES-O14173,2024-05-13,,Refunded,0.0
TES-R15975,TES-O5802,2025-09-27,80157.45,Paid,80157.45
TES-R16852,TES-O14306,2025-09-23,48472.48,Paid,48472.48
TES-R17826,TES-O7874,2024-12-23,1003.2,Paid,0.0
TES-R11535,TES-O10555,2024-03-17,,Paid,23344.71
TES-R16767,TES-O6381,2023-09-06,80177.98,Paid,80177.98
TES-R9926,TES-O5066,2023-01-02,42465.2,Paid,0.0
TES-R15729,TES-O13894,2025-07-06,605.0,Refunded,0.0
TES-R11798,TES-O12560,2023-04-08,49447.15,Paid,0.0
TES-R17650,TES-O10520,2023-02-20,44118.44,Paid,0.0
TES-R16865,TES-O9199,2024-10-10,94390.91,Paid,0.0
TES-R14616,TES-O13662,2024-07-21,24238.3,Refunded,0.0
TES-R14998,TES-O5415,2023-10-07,43785.6,Paid,0.0
TES-R15653,TES-O7485,2024-03-12,42144.29,Paid,42144.29
TES-R15720,TES-O7087,2023-08-11,39081.9,Refunded,0.0
TES-R9315,TES-O12232,2025-12-15,20133.4,Paid,0.0
TES-R17127,TES-O5395,2025-01-31,80319.55,Paid,0.0
TES-R10817,TES-O6098,2025-05-30,78537.2,Refunded,0.0
TES-R18522,TES-O14564,2025-04-02,82538.36,Refunded,0.0
TES-R9414,TES-O14693,2023-05-30,141.22,Paid,0.0
TES-R16148,TES-O9338,2025-11-14,551.32,Paid,551.32
TES-R13183,TES-O11355,2024-08-20,10612.77,Paid,10612.77
TES-R9468,TES-O14091,2023-02-23,88097.52,Refunded,0.0
TES-R11987,TES-O5170,2023-03-16,16947.67,Refunded,0.0
TES-R9917,TES-O13920,2025-09-17,47246.81,Paid,0.0
TES-R10390,TES-O5974,2024-10-27,587.37,Paid,0.0
TES-R16857,TES-O8939,2025-07-26,85063.25,Paid,0.0
TES-R13333,TES-O7232,2023-09-22,225.41,Paid,0.0
TES-R14185,TES-O5578,2023-09-25,326.76,Refunded,0.0
TES-R10081,TES-O5109,2024-04-10,9140.83,Paid,0.0
TES-R17028,TES-O9595,2023-06-30,43558.17,Paid,0.0
TES-R11570,TES-O13693,2025-12-10,45677.36,Pending,10444.01
TES-R10398,TES-O12699,2025-08-29,52079.78,Paid,0.0
TES-R13157,TES-O8042,2024-06-24,90.54,Paid,90.54
TES-R11714,TES-O12406,2025-11-04,90720.61,Refunded,0.0
TES-R15461,TES-O11639,2024-02-06,11005.42,Paid,0.0
TES-R11930,TES-O5340,2025-10-10,49545.18,Paid,0.0
TES-R18326,TES-O11707,2023-10-13,23404.13,Refunded,0.0
TES-R17416,TES-O6790,2023-12-20,49.49,Paid,49.49
TES-R16834,TES-O14969,2025-06-20,84664.78,Paid,0.0
TES-R18182,TES-O6391,2024-04-08,39066.88,Paid,0.0
TES-R9087,TES-O8355,2023-12-13,91348.3,Paid,0.0
TES-R10363,TES-O8987,2023-05-24,235.01,Paid,235.01
TES-R10421,TES-O12263,2025-10-25,169.49,Paid,0.0
TES-R16314,TES-O14744,2025-08-03,980.6,Refunded,0.0
TES-R15051,TES-O11092,2025-01-12,1440.75,Paid,0.0
TES-R13595,TES-O6399,2025-02-06,,Refunded,0.0
TES-R9418,TES-O12270,2025-04-26,19189.91,Paid,0.0
TES-R9379,TES-O5371,2025-05-09,41842.25,Refunded,0.0
TES-R13566,TES-O9162,2025-09-29,11278.72,Paid,0.0
TES-R11793,TES-O12333,2024-12-01,76190.94,Paid,0.0
TES-R12711,TES-O10421,2025-08-01,1135.9,Paid,0.0
TES-R13700,TES-O10213,2023-06-09,340.16,Paid,0.0
TES-R14054,TES-O10282,2024-01-16,9326.07,Paid,0.0
TES-R10216,TES-O8541,2024-02-15,88548.81,Paid,0.0
TES-R14783,TES-O9232,2023-05-16,90022.94,Paid,0.0
TES-R16118,TES-O13413,2024-03-28,98433.65,Paid,0.0
TES-R12518,TES-O10139,2025-06-06,111.24,Paid,0.0
TES-R12084,TES-O12891,2023-01-12,95492.2,Paid,0.0
TES-R12268,TES-O9522,2024-11-13,50401.05,Paid,0.0
TES-R12525,TES-O14722,2023-01-11,18977.5,Refunded,0.0
TES-R12083,TES-O10263,2023-02-12,18335.49,Paid,0.0
TES-R18158,TES-O5346,2023-02-10,,Paid,0.0
TES-R15290,TES-O14066,2023-09-20,44408.99,Refunded,0.0
TES-R9115,TES-O14811,2025-06-20,98328.42,Paid,98328.42
TES-R13040,TES-O5538,2025-05-01,84193.49,Pending,0.0
TES-R14213,TES-O8980,2025-07-18,17848.86,Paid,0.0
TES-R12743,TES-O10453,2024-10-26,96854.63,Refunded,0.0
TES-R12590,TES-O14974,2025-02-03,43121.89,Paid,0.0
TES-R15999,TES-O11767,2023-07-02,9633.55,Paid,0.0
TES-R13561,TES-O14901,2023-10-10,51977.37,Paid,0.0
TES-R11932,TES-O10344,2024-10-08,83537.74,Pending,0.0
TES-R13179,TES-O10075,2025-11-06,76149.97,Paid,0.0
TES-R15617,TES-O5656,2025-12-18,38818.87,Paid,0.0
TES-R17442,TES-O7838,2024-03-21,88248.19,Paid,0.0
TES-R10142,TES-O11318,2024-11-20,54110.03,Paid,54110.03
TES-R14212,TES-O10268,2024-10-20,11217.92,Paid,11217.92
TES-R17238,TES-O7301,2024-07-23,685.64,Paid,0.0
TES-R16900,TES-O7371,2023-08-15,410.91,Paid,0.0
TES-R9563,TES-O11693,2025-05-31,84438.38,Paid,0.0
TES-R13948,TES-O7929,2024-09-13,933.16,Paid,933.16
TES-R13010,TES-O11586,2023-07-31,822.35,Paid,0.0
TES-R12033,TES-O6541,2023-11-04,45424.53,Paid,45424.53
TES-R17133,TES-O9888,2025-05-17,53253.23,Pending,0.0
TES-R11956,TES-O12457,2023-03-29,,Paid,0.0
TES-R17782,TES-O9854,2024-12-06,44881.7,Paid,0.0
TES-R18083,TES-O14510,2024-12-18,788.35,Paid,788.35
TES-R9977,TES-O9774,2023-03-03,54445.44,Refunded,0.0
TES-R14669,TES-O10083,2024-10-04,11715.73,Paid,0.0
TES-R10282,TES-O12927,2025-02-03,19570.32,Paid,0.0
TES-R14020,TES-O6208,2023-12-09,16563.89,Refunded,0.0
TES-R9621,TES-O14328,2025-06-20,76784.47,Paid,0.0
TES-R11532,TES-O6366,2024-10-04,11501.02,Paid,0.0
TES-R10912,TES-O13381,2025-11-12,39917.44,Paid,0.0
TES-R17025,TES-O14629,2024-12-26,21243.19,Paid,0.0
TES-R16509,TES-O13298,2023-05-09,89915.94,Paid,0.0
TES-R16410,TES-O12981,2025-11-26,40692.23,Refunded,0.0
TES-R15899,TES-O8182,2023-07-26,79788.94,Paid,79788.94
TES-R13184,TES-O13227,2024-04-28,42964.27,Paid,0.0
TES-R11341,TES-O12779,2023-11-17,267.23,Paid,0.0
TES-R15080,TES-O14738,2023-08-17,11758.16,Refunded,0.0
TES-R10500,TES-O12347,2024-10-19,38681.36,Paid,0.0
TES-R13830,TES-O12183,2024-02-08,25.06,Paid,25.06
TES-R15388,TES-O6886,2025-09-14,47630.08,Paid,0.0
TES-R9898,TES-O11217,2025-02-11,16114.02,Paid,0.0
TES-R11963,TES-O10442,2024-04-19,93632.35,Paid,0.0
TES-R11754,TES-O6586,2023-04-13,53430.34,Pending,0.0
TES-R12231,TES-O5975,2024-05-16,42287.75,Paid,0.0
TES-R12499,TES-O10032,2023-01-30,79002.17,Paid,0.0
TES-R10042,TES-O9703,2025-02-28,40384.8,Paid,40384.8
TES-R16173,TES-O5726,2024-11-15,34.92,Paid,0.0
TES-R16157,TES-O10491,2023-12-15,,Paid,211.08
TES-R16265,TES-O11438,2023-04-12,44437.05,Pending,0.0
TES-R9551,TES-O6685,2023-11-22,23073.44,Refunded,0.0
TES-R18348,TES-O9561,2025-01-02,48978.33,Refunded,0.0
TES-R10075,TES-O12514,2025-12-07,380.67,Paid,0.0
TES-R11053,TES-O12495,2023-08-11,84499.02,Paid,0.0
TES-R14969,TES-O11781,2025-08-24,9051.62,Paid,0.0
TES-R17864,TES-O14635,2023-02-10,38966.41,Pending,0.0
TES-R16458,TES-O10957,2024-09-29,10049.34,Refunded,0.0
TES-R14009,TES-O10961,2023-11-01,9896.27,Paid,0.0
TES-R9600,TES-O14082,2024-12-07,87186.89,Paid,0.0
TES-R9834,TES-O7698,2025-11-02,1123.2,Paid,0.0
TES-R14710,TES-O6073,2024-04-17,44166.08,Paid,0.0
TES-R13206,TES-O12982,2024-03-09,85669.28,Paid,0.0
TES-R15858,TES-O7562,2024-05-09,88308.66,Paid,0.0
TES-R15728,TES-O12499,2025-02-18,1258.95,Paid,0.0
TES-R12196,TES-O14482,2023-12-21,915.45,Paid,0.0
TES-R10412,TES-O8345,2024-11-23,11591.15,Paid,0.0
TES-R16658,TES-O13247,2025-11-13,675.33,Paid,0.0
TES-R18011,TES-O14910,2024-11-12,75171.56,Paid,0.0
TES-R17531,TES-O12663,2023-12-18,10656.4,Paid,0.0
TES-R10052,TES-O7501,2024-06-08,83280.36,Paid,0.0
TES-R13352,TES-O13534,2023-05-05,38066.29,Paid,0.0
TES-R17235,TES-O10677,2024-04-30,46714.82,Refunded,0.0
TES-R18255,TES-O12701,2023-08-18,22579.11,Paid,22579.11
TES-R17375,TES-O12327,2024-04-15,10543.4,Paid,0.0
TES-R18497,TES-O14750,2024-01-27,9712.34,Refunded,0.0
TES-R13434,TES-O6803,2024-08-03,94742.15,Paid,0.0
TES-R18358,TES-O12414,2025-04-29,10342.93,Paid,0.0
TES-R14741,TES-O12555,2023-05-09,19627.99,Paid,6571.58
TES-R11955,TES-O11546,2025-11-22,534.18,Paid,0.0
TES-R18287,TES-O9353,2025-02-07,11139.58,Paid,0.0
TES-R17185,TES-O12164,2025-05-14,75654.01,Paid,0.0
TES-R13405,TES-O9606,2024-10-31,24130.85,Refunded,0.0
TES-R11593,TES-O11014,2025-06-22,11016.62,Paid,0.0
TES-R13467,TES-O14980,2025-05-25,39711.93,Paid,39711.93
TES-R16011,TES-O13502,2024-11-21,90722.27,Paid,0.0
TES-R15980,TES-O8870,2025-03-31,45413.48,Paid,0.0
TES-R10683,TES-O12000,2024-06-14,692.1,Paid,0.0
TES-R15687,TES-O6068,2023-11-18,45098.28,Paid,45098.28
TES-R17788,TES-O8378,2025-11-17,312.82,Paid,0.0
TES-R15771,TES-O10381,2025-07-03,95235.74,Paid,0.0
TES-R16214,TES-O10022,2023-06-27,1066.6,Pending,0.0
TES-R12742,TES-O12119,2024-05-09,11698.13,Paid,0.0
TES-R14339,TES-O5892,2024-07-09,92783.32,Paid,0.0
TES-R13555,TES-O7387,2025-10-02,80718.43,Paid,80718.43
TES-R14787,TES-O5512,2025-08-23,54809.81,Paid,0.0
TES-R14940,TES-O12152,2024-05-16,360.74,Paid,0.0
TES-R12050,TES-O7639,2025-05-18,54531.91,Paid,0.0
TES-R10406,TES-O7245,2024-12-07,277.46,Refunded,0.0
TES-R12921,TES-O10256,2025-06-06,42346.67,Pending,0.0
TES-R10761,TES-O9808,2024-03-08,38826.87,Paid,38826.87
TES-R12160,TES-O5837,2025-05-05,23504.97,Paid,0.0
TES-R14075,TES-O6336,2025-04-28,41195.96,Paid,0.0
TES-R18458,TES-O6412,2023-06-01,43889.85,Paid,15776.27
TES-R16193,TES-O12473,2023-05-04,,Paid,0.0
TES-R18077,TES-O7922,2023-04-25,88541.71,Paid,0.0
TES-R13262,TES-O14540,2025-11-12,9266.9,Paid,0.0
TES-R10035,TES-O5677,2024-08-10,136.8,Refunded,0.0
TES-R9013,TES-O7252,2024-04-23,9925.84,Paid,0.0
TES-R12613,TES-O9429,2023-04-18,99.0,Paid,0.0
TES-R15890,TES-O7282,2024-04-16,43500.48,Paid,0.0
TES-R10851,TES-O5453,2023-05-05,135.36,Paid,0.0
TES-R11503,TES-O9983,2025-05-17,15073.2,Paid,15073.2
TES-R18213,TES-O9891,2023-04-12,,Paid,0.0
TES-R17957,TES-O14546,2025-12-10,86943.47,Paid,0.0
TES-R9277,TES-O5168,2024-02-02,92329.58,Paid,0.0
TES-R17349,TES-O6130,2024-06-10,23515.29,Refunded,0.0
TES-R12953,TES-O14049,2025-08-01,20460.2,Paid,0.0
TES-R9214,TES-O6493,2024-02-13,16705.48,Refunded,0.0
TES-R10534,TES-O11340,2025-02-21,,Paid,23820.07
TES-R12620,TES-O14666,2024-02-15,91726.11,Paid,0.0
TES-R14865,TES-O11396,2024-04-03,43278.0,Paid,0.0
TES-R12861,TES-O12019,2023-04-21,86909.86,Paid,0.0
TES-R14512,TES-O5801,2024-11-11,44982.22,Paid,0.0
TES-R10688,TES-O11115,2024-10-10,58.77,Paid,0.0
TES-R11435,TES-O12548,2023-12-04,1175.8,Paid,0.0
TES-R10176,TES-O11856,2023-03-10,,Paid,43228.17
TES-R16552,TES-O11385,2025-04-09,46577.49,Refunded,0.0
TES-R9554,TES-O7113,2023-09-25,17298.0,Paid,17298.0
TES-R14369,TES-O14354,2025-04-04,401.12,Paid,0.0
TES-R17061,TES-O5558,2023-01-21,9003.86,Refunded,0.0
TES-R10208,TES-O8026,2025-03-16,43261.0,Paid,0.0
TES-R16303,TES-O13142,2023-01-17,91879.39,Paid,91879.39
TES-R11974,TES-O9507,2024-01-26,86730.08,Paid,0.0
TES-R18279,TES-O6141,2025-11-13,21752.92,Paid,0.0
TES-R18196,TES-O5730,2023-06-03,52300.77,Paid,0.0
TES-R9069,TES-O7425,2024-03-09,256.9,Paid,256.9
TES-R12709,TES-O8679,2025-08-04,46529.77,Paid,0.0
TES-R14686,TES-O10058,2025-07-30,24884.05,Pending,0.0
TES-R10185,TES-O6081,2024-01-29,21687.88,Pending,4059.17
TES-R17188,TES-O8307,2025-01-19,599.9,Paid,0.0
TES-R10481,TES-O5337,2024-08-07,87484.86,Paid,0.0
TES-R9259,TES-O11368,2023-10-14,48006.67,Paid,0.0
TES-R17709,TES-O12338,2023-05-14,963.0,Refunded,0.0
TES-R18180,TES-O8728,2024-03-17,93261.28,Paid,0.0
TES-R14661,TES-O11708,2024-08-05,89328.04,Refunded,0.0
TES-R10067,TES-O5127,2025-01-19,23160.39,Paid,23160.39
TES-R12049,TES-O7936,2024-10-26,43334.64,Paid,0.0
TES-R18248,TES-O8697,2023-04-19,54827.12,Paid,54827.12
TES-R14099,TES-O6653,2023-08-16,92321.77,Refunded,35487.95
TES-R9844,TES-O10082,2023-09-04,103.4,Paid,0.0
TES-R11032,TES-O5435,2025-05-05,48573.93,Paid,0.0
TES-R13311,TES-O8386,2024-06-30,11123.32,Paid,0.0
TES-R14962,TES-O14103,2023-12-12,24835.73,Paid,0.0
TES-R15205,TES-O5760,2025-12-07,96884.13,Paid,0.0
TES-R17992,TES-O9513,2024-07-17,495.08,Paid,495.08
TES-R13750,TES-O7530,2023-12-08,600.81,Paid,0.0
TES-R10675,TES-O10698,2025-07-19,21328.75,Paid,0.0
TES-R9684,TES-O6161,2025-08-08,39295.48,Paid,0.0
TES-R16325,TES-O9356,2025-10-09,45456.09,Paid,0.0
TES-R13861,TES-O9527,2023-12-11,47394.94,Paid,47394.94
TES-R9686,TES-O11637,2025-02-18,97487.46,Pending,0.0
TES-R9918,TES-O14002,2024-09-23,15287.19,Paid,0.0
TES-R14178,TES-O10302,2025-05-28,612.09,Paid,0.0
TES-R13226,TES-O5228,2025-01-10,39189.9,Paid,0.0
TES-R12889,TES-O13356,2025-02-14,506.52,Paid,0.0
TES-R17177,TES-O10483,2023-02-13,684.84,Paid,684.84
TES-R10896,TES-O7246,2024-08-10,81509.27,Paid,0.0
TES-R18354,TES-O9976,2024-04-19,21835.24,Refunded,0.0
TES-R15937,TES-O8910,2024-07-30,,Paid,0.0
TES-R9034,TES-O5326,2024-06-13,75.96,Paid,0.0
TES-R15423,TES-O9531,2025-06-29,239.46,Paid,0.0
TES-R17869,TES-O7379,2023-08-01,11504.08,Paid,0.0
TES-R17264,TES-O11387,2023-08-02,90295.82,Refunded,0.0
TES-R16770,TES-O10723,2025-03-18,47772.23,Paid,47772.23
TES-R16467,TES-O7574,2024-09-24,38226.87,Paid,0.0
TES-R12345,TES-O5997,2023-04-29,76227.91,Paid,30109.04
TES-R10275,TES-O7285,2025-11-24,82034.55,Paid,0.0
TES-R17654,TES-O7471,2025-08-28,17982.92,Paid,0.0
TES-R17441,TES-O14150,2024-06-23,39469.56,Paid,0.0
TES-R17799,TES-O9943,2023-05-10,286.52,Paid,0.0
TES-R13126,TES-O13569,2023-10-12,11576.49,Paid,0.0
TES-R17152,TES-O5180,2025-02-24,985.75,Paid,0.0
TES-R11750,TES-O11689,2023-09-10,54942.69,Refunded,0.0
TES-R15412,TES-O8642,2023-02-23,81876.1,Paid,81876.1
TES-R17135,TES-O13862,2024-10-25,46937.41,Paid,46937.41
TES-R15390,TES-O9262,2025-05-31,88855.63,Pending,0.0
TES-R11079,TES-O10627,2024-08-10,92808.81,Paid,0.0
TES-R9105,TES-O14072,2025-12-15,51358.58,Paid,0.0
TES-R10850,TES-O6514,2023-07-10,9293.89,Pending,0.0
TES-R10287,TES-O6003,2023-07-24,86756.13,Paid,0.0
TES-R16297,TES-O14932,2023-12-17,78988.78,Paid,0.0
TES-R14635,TES-O9979,2023-06-06,80504.19,Paid,0.0
TES-R14100,TES-O12925,2024-06-24,38479.44,Paid,38479.44
TES-R16893,TES-O6116,2024-03-23,,Refunded,0.0
TES-R17136,TES-O11589,2025-05-11,81998.91,Paid,0.0
TES-R13211,TES-O14045,2025-10-02,99350.64,Pending,0.0
TES-R13615,TES-O7750,2024-06-24,379.06,Pending,0.0
TES-R18168,TES-O8160,2024-04-03,,Paid,0.0
TES-R15460,TES-O9904,2024-09-29,43759.44,Paid,0.0
TES-R16616,TES-O9048,2025-01-01,80241.14,Paid,0.0
TES-R12178,TES-O14364,2024-10-16,44786.25,Paid,44786.25
TES-R10860,TES-O5908,2024-06-05,9861.65,Paid,0.0
TES-R11049,TES-O14254,2025-02-28,39421.95,Paid,0.0
TES-R13121,TES-O14906,2024-01-26,19573.56,Paid,0.0
TES-R10105,TES-O9128,2024-04-19,10572.47,Paid,0.0
TES-R10140,TES-O9436,2025-11-02,85502.97,Paid,0.0
TES-R11183,TES-O9037,2025-08-16,43070.28,Paid,0.0
TES-R9975,TES-O8482,2024-06-03,53226.62,Paid,0.0
TES-R11680,TES-O10340,2023-03-25,210.51,Paid,0.0
TES-R16403,TES-O12301,2024-03-24,42231.97,Paid,0.0
TES-R18525,TES-O13786,2024-04-09,16273.53,Paid,16273.53
TES-R14325,TES-O12255,2025-05-19,41255.58,Paid,41255.58
TES-R17870,TES-O8018,2025-08-09,77839.43,Paid,0.0
TES-R10891,TES-O11193,2024-11-30,590.92,Paid,0.0
TES-R14471,TES-O11574,2024-01-04,79000.2,Pending,0.0
TES-R15096,TES-O10375,2023-07-20,9098.27,Refunded,0.0
TES-R11360,TES-O5006,2024-09-09,,Paid,0.0
TES-R9392,TES-O14508,2023-09-06,77744.02,Paid,0.0
TES-R10677,TES-O11842,2024-08-30,373.6,Refunded,0.0
TES-R10788,TES-O7369,2024-02-03,,Paid,82120.41
TES-R11873,TES-O13475,2025-11-02,22188.17,Paid,0.0
TES-R17447,TES-O13158,2024-08-01,10360.22,Paid,0.0
TES-R16097,TES-O5427,2023-09-04,15415.39,Paid,0.0
TES-R11260,TES-O6246,2024-06-08,9273.33,Paid,0.0
TES-R17588,TES-O14560,2024-02-23,9068.24,Paid,9068.24
TES-R18493,TES-O9236,2025-03-16,17077.47,Paid,0.0
TES-R11391,TES-O7435,2023-06-27,82838.9,Pending,0.0
TES-R15217,TES-O11422,2024-06-07,97434.59,Paid,0.0
TES-R16283,TES-O13148,2023-07-08,11954.67,Paid,0.0
TES-R13505,TES-O13214,2024-03-22,363.64,Paid,0.0
TES-R11279,TES-O10108,2025-11-30,451.82,Paid,0.0
TES-R9211,TES-O5307,2025-11-30,9165.78,Refunded,0.0
TES-R13422,TES-O7304,2025-05-08,557.4,Paid,0.0
TES-R16103,TES-O5898,2024-05-27,294.24,Refunded,0.0
TES-R10512,TES-O12500,2025-01-03,46105.12,Paid,0.0
TES-R18408,TES-O7905,2023-05-20,92134.67,Paid,0.0
TES-R15440,TES-O11883,2023-01-26,98256.97,Refunded,0.0
TES-R10065,TES-O14272,2024-08-03,658.76,Paid,0.0
TES-R9196,TES-O10396,2023-06-06,78123.5,Refunded,0.0
TES-R14398,TES-O13101,2025-10-15,51152.95,Paid,0.0
TES-R9634,TES-O10218,2025-11-16,93637.89,Paid,93637.89
TES-R10704,TES-O7809,2025-06-09,155.31,Paid,0.0
TES-R10280,TES-O6967,2025-10-25,90567.48,Paid,90567.48
TES-R17299,TES-O7652,2023-10-22,194.17,Paid,194.17
TES-R13475,TES-O12889,2025-02-13,86531.09,Paid,0.0
TES-R11389,TES-O13701,2023-02-23,86916.86,Paid,0.0
TES-R11398,TES-O12815,2023-09-21,1079.35,Paid,1079.35
TES-R12622,TES-O5299,2024-11-25,1161.36,Refunded,0.0
TES-R9726,TES-O5439,2024-10-17,92209.92,Refunded,0.0
TES-R10639,TES-O11838,2025-07-23,24616.35,Refunded,0.0
TES-R13883,TES-O12929,2024-03-21,82710.65,Paid,0.0
TES-R13024,TES-O14869,2024-02-01,85298.41,Paid,0.0
TES-R9785,TES-O9692,2023-07-07,45199.74,Paid,0.0
TES-R9667,TES-O11204,2023-03-31,892.36,Paid,0.0
TES-R17031,TES-O8055,2025-09-13,76731.91,Refunded,0.0
TES-R10577,TES-O8677,2025-04-04,20999.48,Paid,0.0
TES-R13607,TES-O14849,2024-11-30,65.64,Paid,0.0
TES-R9100,TES-O11947,2024-02-23,,Paid,0.0
TES-R11175,TES-O7243,2023-03-18,22795.26,Paid,0.0
TES-R15012,TES-O12446,2024-11-22,20752.3,Paid,5082.9
TES-R10792,TES-O13978,2025-07-13,94060.22,Paid,94060.22
TES-R14914,TES-O8777,2025-10-15,20761.32,Paid,0.0
TES-R14561,TES-O7505,2024-05-16,208.61,Paid,0.0
TES-R16246,TES-O14284,2023-01-17,1486.85,Paid,0.0
TES-R18232,TES-O5690,2023-05-21,9443.51,Paid,0.0
TES-R16268,TES-O10212,2023-11-22,9008.91,Paid,0.0
TES-R10472,TES-O11425,2023-03-14,91510.69,Refunded,0.0
TES-R13527,TES-O13049,2023-07-19,47576.71,Paid,0.0
TES-R12572,TES-O12346,2025-07-08,80551.0,Paid,0.0
TES-R12989,TES-O6118,2025-10-30,163.88,Refunded,71.57
TES-R14095,TES-O8760,2023-07-15,44550.72,Paid,44550.72
TES-R11058,TES-O11277,2023-02-04,20869.63,Paid,0.0
TES-R15387,TES-O10098,2024-01-26,91742.57,Paid,0.0
TES-R17437,TES-O14020,2025-07-22,42886.45,Refunded,0.0
TES-R10994,TES-O14619,2024-12-03,76563.44,Paid,0.0
TES-R17713,TES-O11123,2024-09-03,10183.24,Refunded,0.0
TES-R16796,TES-O6134,2023-11-30,23426.7,Paid,0.0
TES-R12315,TES-O12687,2025-02-13,676.45,Paid,676.45
TES-R10445,TES-O10664,2023-11-26,9164.32,Paid,0.0
TES-R11273,TES-O11112,2023-06-25,46798.25,Paid,0.0
TES-R9228,TES-O5672,2025-06-13,52442.22,Paid,52442.22
TES-R13317,TES-O9771,2023-07-05,9562.56,Paid,9562.56
TES-R12566,TES-O14220,2023-02-21,84043.58,Refunded,0.0
TES-R15481,TES-O7093,2025-09-22,54289.03,Paid,0.0
TES-R14001,TES-O8080,2025-09-18,581.45,Refunded,0.0
TES-R17618,TES-O10709,2025-10-29,276.24,Paid,0.0
TES-R10715,TES-O12410,2025-03-13,568.62,Paid,568.62
TES-R10227,TES-O12054,2023-09-18,92871.49,Paid,92871.49
TES-R9922,TES-O11904,2023-11-23,83266.19,Paid,0.0
TES-R12619,TES-O14686,2024-06-02,45872.9,Refunded,19709.79
TES-R16216,TES-O14192,2023-02-04,87566.93,Paid,87566.93
TES-R10032,TES-O10438,2024-02-16,43311.3,Paid,43311.3
TES-R17983,TES-O14576,2023-02-21,11361.94,Paid,11361.94
TES-R10148,TES-O13442,2025-10-13,43966.82,Refunded,0.0
TES-R11327,TES-O5367,2023-02-25,126.62,Paid,0.0
TES-R12450,TES-O13168,2025-08-21,289.02,Pending,0.0
TES-R15468,TES-O11231,2025-05-18,9023.34,Paid,9023.34
TES-R15611,TES-O7452,2025-03-08,10181.32,Paid,0.0
TES-R17762,TES-O5980,2025-05-14,10401.51,Paid,0.0
TES-R18512,TES-O8393,2023-12-09,41712.65,Refunded,0.0
TES-R14691,TES-O10848,2025-06-29,86673.3,Paid,0.0
TES-R9586,TES-O8518,2024-04-30,20371.57,Paid,0.0
TES-R11232,TES-O11152,2025-09-05,40136.27,Refunded,0.0
TES-R12600,TES-O8670,2023-04-05,564.08,Refunded,0.0
TES-R15161,TES-O8655,2025-10-17,18136.92,Refunded,0.0
TES-R11277,TES-O12695,2025-09-20,291.56,Paid,0.0
TES-R13504,TES-O5977,2025-09-23,97322.62,Paid,97322.62
TES-R18073,TES-O13221,2025-08-20,91226.74,Paid,0.0
TES-R9537,TES-O13183,2023-02-09,17463.7,Paid,0.0
TES-R14823,TES-O7190,2023-04-13,79612.53,Paid,79612.53
TES-R11392,TES-O8300,2025-01-13,75203.36,Paid,0.0
TES-R12744,TES-O9389,2025-09-14,22182.1,Paid,0.0
TES-R9652,TES-O12559,2025-06-13,84.22,Paid,0.0
TES-R16093,TES-O13176,2024-05-07,51503.9,Paid,0.0
TES-R10146,TES-O7704,2023-07-30,94462.61,Paid,0.0
TES-R14535,TES-O11362,2025-01-15,138.27,Paid,0.0
TES-R11878,TES-O7700,2025-06-01,52742.93,Refunded,0.0
TES-R17553,TES-O13544,2023-04-20,,Paid,0.0
TES-R14516,TES-O8149,2023-03-02,91823.31,Paid,0.0
TES-R16013,TES-O8714,2025-08-14,53045.36,Paid,0.0
TES-R17936,TES-O10242,2023-12-23,91731.22,Paid,91731.22
TES-R16721,TES-O13288,2025-03-23,87126.78,Paid,87126.78
TES-R10307,TES-O12767,2024-07-20,86089.38,Paid,0.0
TES-R14468,TES-O8289,2025-06-09,200.98,Refunded,0.0
TES-R10476,TES-O5011,2024-12-13,95603.5,Paid,0.0
TES-R17602,TES-O12388,2025-10-14,94741.62,Refunded,0.0
TES-R11394,TES-O14376,2023-02-27,48.54,Paid,0.0
TES-R18609,TES-O11554,2025-02-24,243.03,Pending,0.0
TES-R11466,TES-O13030,2023-02-09,51583.25,Pending,0.0
TES-R16006,TES-O5720,2023-08-01,51540.38,Paid,0.0
TES-R18550,TES-O7352,2023-09-12,91399.74,Paid,0.0
TES-R10823,TES-O8874,2025-04-05,44659.37,Paid,0.0
TES-R14462,TES-O6557,2024-04-05,20868.48,Paid,0.0
TES-R15970,TES-O7991,2024-04-12,87643.2,Paid,0.0
TES-R14976,TES-O12133,2023-03-07,26.2,Refunded,0.0
TES-R18064,TES-O13207,2024-06-07,39156.0,Paid,39156.0
TES-R10902,TES-O10863,2024-12-01,83015.3,Paid,0.0
TES-R17262,TES-O6357,2025-09-27,577.65,Refunded,0.0
TES-R12840,TES-O11192,2023-06-28,87630.22,Paid,0.0
TES-R13038,TES-O13551,2024-02-24,79865.3,Paid,0.0
TES-R16063,TES-O6605,2025-08-18,10574.3,Paid,0.0
TES-R17353,TES-O11389,2025-04-24,46983.07,Refunded,0.0
TES-R9458,TES-O9246,2024-02-10,,Paid,0.0
TES-R10215,TES-O6757,2025-10-19,52307.9,Paid,52307.9
TES-R16254,TES-O11622,2023-03-09,655.64,Paid,0.0
TES-R10887,TES-O14062,2025-11-03,42813.21,Refunded,0.0
TES-R17657,TES-O13682,2024-03-06,9187.62,Paid,0.0
TES-R14582,TES-O12413,2024-04-12,656.5,Paid,0.0
TES-R10136,TES-O12062,2024-11-21,48206.42,Paid,0.0
TES-R18499,TES-O14396,2025-04-23,332.64,Paid,332.64
TES-R17085,TES-O13556,2024-11-27,533.91,Refunded,0.0
TES-R14151,TES-O7167,2023-09-07,76758.43,Paid,0.0
TES-R13887,TES-O6595,2024-06-28,43831.2,Pending,0.0
TES-R15922,TES-O12469,2023-12-30,50498.7,Refunded,21397.53
TES-R18413,TES-O13344,2023-05-24,79491.18,Paid,0.0
TES-R18305,TES-O11446,2023-01-14,1090.68,Paid,0.0
TES-R17399,TES-O5173,2023-11-27,52359.84,Refunded,0.0
TES-R11204,TES-O5832,2024-02-10,98267.99,Paid,0.0
TES-R14633,TES-O11924,2024-07-23,48370.09,Paid,48370.09
TES-R12778,TES-O12108,2024-07-26,83858.65,Pending,0.0
TES-R16285,TES-O8542,2025-06-30,53298.1,Paid,0.0
TES-R17413,TES-O14527,2025-12-11,43174.51,Paid,43174.51
TES-R11613,TES-O10926,2025-05-13,248.95,Paid,0.0
TES-R11444,TES-O11525,2023-04-24,38927.67,Paid,38927.67
TES-R13268,TES-O5125,2025-09-17,,Paid,0.0
TES-R18208,TES-O10683,2024-09-27,52497.5,Paid,52497.5
TES-R16276,TES-O5975,2024-05-16,42287.75,Paid,0.0
TES-R9797,TES-O10401,2024-06-01,45335.14,Refunded,0.0
TES-R9857,TES-O13980,2024-07-04,46820.51,Paid,0.0
TES-R12246,TES-O13645,2023-11-23,87045.93,Paid,0.0
TES-R9065,TES-O8329,2024-03-31,44273.42,Paid,0.0
TES-R17240,TES-O8337,2023-10-18,80327.92,Paid,0.0
TES-R13043,TES-O6865,2025-10-16,9388.81,Refunded,0.0
TES-R15766,TES-O8883,2025-03-28,54648.51,Paid,0.0
TES-R10409,TES-O8790,2023-02-20,273.12,Refunded,0.0
TES-R9031,TES-O10262,2024-05-14,22063.8,Paid,22063.8
TES-R10878,TES-O13226,2025-02-19,17655.14,Paid,0.0
TES-R13767,TES-O13527,2025-08-15,87693.2,Pending,0.0
TES-R12990,TES-O13119,2025-05-05,50266.98,Paid,0.0
TES-R17913,TES-O14416,2023-07-30,10219.49,Paid,0.0
TES-R13521,TES-O11253,2023-02-05,23910.89,Paid,0.0
TES-R14496,TES-O11937,2025-12-08,441.0,Paid,0.0
TES-R16755,TES-O11629,2024-02-06,82901.35,Paid,0.0
TES-R11672,TES-O11166,2024-09-25,88087.38,Paid,88087.38
TES-R9203,TES-O13375,2023-02-16,18677.65,Paid,0.0
TES-R10367,TES-O14361,2025-09-08,47363.59,Refunded,0.0
TES-R10876,TES-O5038,2023-08-28,86325.52,Paid,0.0
TES-R12021,TES-O12939,2025-09-03,44535.47,Paid,0.0
TES-R9546,TES-O12698,2024-08-24,43679.77,Refunded,0.0
TES-R10231,TES-O11307,2025-01-15,11120.95,Pending,4433.42
TES-R11548,TES-O7928,2023-05-30,46130.4,Paid,0.0
TES-R11307,TES-O12334,2023-08-30,,Paid,302.3
TES-R16780,TES-O13523,2024-07-14,16796.24,Paid,0.0
TES-R15430,TES-O10946,2024-06-28,10826.18,Refunded,0.0
TES-R15709,TES-O9413,2023-11-30,99911.04,Paid,0.0
TES-R12970,TES-O10001,2024-09-29,287.5,Paid,0.0
TES-R11720,TES-O8719,2023-01-24,92051.54,Refunded,0.0
TES-R12286,TES-O9482,2025-03-03,98261.56,Refunded,0.0
TES-R12066,TES-O5216,2025-01-21,90085.68,Paid,0.0
TES-R11319,TES-O13407,2023-02-27,22849.25,Pending,0.0
TES-R13550,TES-O7472,2023-08-29,11419.92,Paid,0.0
TES-R13377,TES-O11748,2024-09-25,24597.7,Paid,0.0
TES-R14971,TES-O11979,2025-11-24,43054.59,Paid,0.0
TES-R16129,TES-O8960,2025-08-02,17008.62,Paid,0.0
TES-R17022,TES-O13458,2025-06-04,40.13,Paid,40.13
TES-R11397,TES-O7443,2024-05-21,40410.16,Paid,40410.16
TES-R9324,TES-O6558,2023-11-13,44112.42,Pending,0.0
TES-R10241,TES-O14840,2023-03-16,76810.99,Paid,0.0
TES-R13239,TES-O8049,2023-12-31,614.96,Refunded,0.0
TES-R12078,TES-O13208,2023-11-13,,Paid,0.0
TES-R18302,TES-O11588,2023-07-06,98986.24,Paid,0.0
TES-R9930,TES-O6900,2023-12-08,15962.37,Paid,0.0
TES-R18038,TES-O12204,2023-03-07,280.36,Refunded,0.0
TES-R16218,TES-O9839,2024-11-24,272.04,Refunded,0.0
TES-R15863,TES-O14308,2024-07-05,82323.53,Pending,0.0
TES-R15518,TES-O5670,2025-07-05,85130.86,Paid,0.0
TES-R15415,TES-O14126,2023-11-10,,Paid,0.0
TES-R11222,TES-O8533,2023-05-06,99063.04,Paid,99063.04
TES-R10561,TES-O10347,2025-11-17,22945.97,Paid,0.0
TES-R12950,TES-O14365,2024-03-12,352.42,Paid,0.0
TES-R11618,TES-O11199,2025-05-21,98.35,Refunded,0.0
TES-R17997,TES-O7095,2023-07-09,1142.28,Paid,0.0
TES-R16070,TES-O10433,2024-09-04,92883.24,Paid,0.0
TES-R14239,TES-O7360,2024-04-27,92727.44,Paid,0.0
TES-R11936,TES-O7098,2023-11-11,98550.4,Paid,0.0
TES-R13036,TES-O12933,2024-12-13,47062.57,Pending,0.0
TES-R16357,TES-O14170,2025-12-29,783.28,Paid,0.0
TES-R11518,TES-O5618,2024-12-28,89331.37,Paid,0.0
TES-R11042,TES-O11220,2024-11-08,40192.66,Paid,40192.66
TES-R17947,TES-O6714,2023-09-08,9684.11,Paid,0.0
TES-R13871,TES-O7394,2025-04-06,22971.11,Pending,0.0
TES-R16778,TES-O5817,2023-04-16,96522.66,Paid,0.0
TES-R14007,TES-O14343,2025-03-22,49811.51,Refunded,0.0
TES-R10135,TES-O9011,2024-03-20,47260.79,Refunded,9957.82
TES-R18137,TES-O6252,2023-08-10,46756.49,Paid,0.0
TES-R12100,TES-O14467,2025-06-27,752.07,Paid,0.0
TES-R10368,TES-O12749,2025-06-26,99085.77,Paid,0.0
TES-R12625,TES-O10249,2024-04-30,10736.05,Paid,3307.21
TES-R15306,TES-O9271,2025-03-05,10345.81,Refunded,0.0
TES-R15244,TES-O12160,2025-06-30,44399.2,Paid,0.0
TES-R10619,TES-O9401,2025-07-18,95207.49,Paid,0.0
TES-R10419,TES-O6337,2023-09-07,9334.71,Paid,0.0
TES-R9815,TES-O14481,2024-12-17,51511.38,Refunded,0.0
TES-R18479,TES-O11091,2023-01-19,95.85,Paid,0.0
TES-R12825,TES-O9454,2024-06-23,41457.65,Paid,0.0
TES-R17125,TES-O8110,2025-05-11,18645.06,Paid,0.0
TES-R17255,TES-O6919,2025-01-01,89440.24,Paid,89440.24
TES-R15281,TES-O10532,2024-03-04,388.05,Paid,0.0
TES-R9122,TES-O10797,2024-08-12,10209.05,Paid,0.0
TES-R18424,TES-O6777,2025-05-24,88105.52,Paid,88105.52
TES-R13473,TES-O13337,2024-05-20,44541.24,Paid,0.0
TES-R13066,TES-O14318,2025-05-01,431.16,Paid,0.0
TES-R16323,TES-O14414,2023-10-18,254.35,Paid,0.0
TES-R12755,TES-O14110,2023-03-05,23820.61,Paid,0.0
TES-R15840,TES-O6405,2025-01-26,32.09,Refunded,0.0
TES-R14439,TES-O5034,2023-01-11,19316.19,Paid,0.0
TES-R9635,TES-O10027,2024-04-26,51736.02,Paid,0.0
TES-R11031,TES-O5470,2025-11-25,24995.97,Paid,0.0
TES-R10456,TES-O5192,2024-05-20,50454.9,Paid,0.0
TES-R17839,TES-O14051,2024-12-20,40161.47,Paid,40161.47
TES-R13031,TES-O8257,2025-08-13,41265.5,Paid,0.0
TES-R10844,TES-O7228,2025-09-14,80119.95,Paid,0.0
TES-R16139,TES-O9470,2025-05-16,92040.57,Paid,0.0
TES-R18352,TES-O6931,2023-11-11,43172.5,Paid,0.0
TES-R14327,TES-O12472,2025-01-03,21149.74,Pending,0.0
TES-R16519,TES-O7187,2024-09-18,46.33,Paid,46.33
TES-R18585,TES-O8823,2024-05-17,24692.77,Paid,24692.77
TES-R10328,TES-O8365,2023-03-31,72.05,Paid,0.0
TES-R15992,TES-O9390,2024-07-20,90355.33,Paid,90355.33
TES-R11102,TES-O14273,2023-04-19,190.2,Paid,0.0
TES-R10600,TES-O7426,2023-03-03,95963.45,Paid,0.0
TES-R14587,TES-O7392,2023-06-05,54574.63,Paid,0.0
TES-R10092,TES-O13950,2023-02-02,9449.07,Refunded,1500.89
TES-R12684,TES-O11451,2023-09-01,21810.75,Paid,0.0
TES-R18370,TES-O8099,2024-10-13,48047.36,Paid,48047.36
TES-R10678,TES-O5620,2025-11-30,369.5,Paid,0.0
TES-R16939,TES-O7487,2025-08-29,77512.67,Paid,0.0
TES-R10209,TES-O13555,2024-12-04,23885.48,Paid,0.0
TES-R18322,TES-O14995,2023-07-22,88456.47,Paid,0.0
TES-R14973,TES-O7402,2023-05-24,85638.04,Paid,0.0
TES-R14999,TES-O7142,2023-03-20,82852.52,Paid,0.0
TES-R16759,TES-O14411,2024-09-17,85340.9,Refunded,0.0
TES-R13707,TES-O11367,2023-01-23,10467.77,Paid,0.0
TES-R11641,TES-O9706,2024-08-18,20798.19,Refunded,0.0
TES-R12938,TES-O7865,2025-12-25,17859.91,Paid,0.0
TES-R10315,TES-O5959,2024-01-02,253.63,Refunded,0.0
TES-R14862,TES-O7634,2025-08-10,76335.88,Paid,0.0
TES-R15967,TES-O14735,2025-12-23,,Paid,0.0
TES-R12003,TES-O11722,2025-10-30,38131.29,Paid,0.0
TES-R10432,TES-O9669,2025-05-14,305.68,Paid,0.0
TES-R9794,TES-O11467,2025-08-07,11204.64,Paid,0.0
TES-R15940,TES-O10427,2023-10-14,465.4,Paid,465.4
TES-R11659,TES-O8846,2023-02-27,11898.03,Paid,11898.03
TES-R18200,TES-O13250,2024-12-09,43919.1,Paid,0.0
TES-R17245,TES-O8082,2023-06-09,9385.51,Paid,9385.51
TES-R17026,TES-O11906,2025-11-17,47150.42,Refunded,0.0
TES-R12389,TES-O14661,2024-01-16,54743.55,Paid,0.0
TES-R16002,TES-O12375,2023-03-01,90019.56,Paid,90019.56
TES-R16304,TES-O10057,2024-08-19,,Paid,0.0
TES-R14208,TES-O6185,2023-09-10,47635.47,Paid,0.0
TES-R13421,TES-O12662,2023-10-20,569.19,Refunded,0.0
TES-R18630,TES-O6772,2025-07-10,83351.56,Paid,83351.56
TES-R14061,TES-O11851,2025-01-12,84168.25,Paid,84168.25
TES-R18173,TES-O13815,2024-06-18,863.32,Refunded,0.0
TES-R13708,TES-O6209,2025-05-10,82853.6,Paid,0.0
TES-R12371,TES-O14642,2023-03-07,45879.64,Paid,0.0
TES-R15621,TES-O5129,2023-01-02,52.1,Refunded,0.0
TES-R17083,TES-O13045,2024-10-23,118.26,Paid,0.0
TES-R15749,TES-O14970,2023-04-24,342.95,Paid,342.95
TES-R18420,TES-O8205,2024-04-05,25.53,Paid,0.0
TES-R15152,TES-O10019,2024-03-03,168.03,Paid,0.0
TES-R10318,TES-O14803,2024-08-02,48768.96,Paid,48768.96
TES-R10989,TES-O7981,2023-08-01,93158.43,Paid,0.0
TES-R9646,TES-O5970,2024-08-12,58.38,Paid,0.0
TES-R10699,TES-O5285,2024-08-18,51774.55,Paid,51774.55
TES-R15225,TES-O11124,2023-01-27,86847.33,Paid,0.0
TES-R15646,TES-O11587,2025-02-10,22957.33,Paid,0.0
TES-R10549,TES-O9785,2025-01-20,82169.45,Paid,0.0
TES-R10764,TES-O11968,2024-10-31,15495.63,Paid,15495.63
TES-R10642,TES-O11800,2025-08-16,139.68,Refunded,0.0
TES-R17809,TES-O5264,2024-12-27,441.24,Paid,0.0
TES-R18004,TES-O7524,2024-04-17,47307.8,Paid,0.0
TES-R14351,TES-O10684,2023-07-07,50551.56,Refunded,0.0
TES-R15588,TES-O11550,2023-03-22,42139.03,Paid,0.0
TES-R17091,TES-O7499,2023-05-28,54331.24,Refunded,0.0
TES-R18306,TES-O10613,2023-06-06,10162.44,Refunded,0.0
TES-R9478,TES-O6370,2024-07-02,92048.28,Paid,0.0
TES-R9709,TES-O6482,2025-01-22,193.35,Paid,0.0
TES-R18371,TES-O5539,2024-05-11,19827.0,Paid,0.0
TES-R14858,TES-O5816,2024-05-26,9620.54,Paid,0.0
TES-R18228,TES-O11255,2025-08-24,45923.53,Pending,0.0
TES-R9440,TES-O12206,2025-03-17,86332.42,Paid,0.0
TES-R13110,TES-O12718,2025-04-22,,Refunded,0.0
TES-R12040,TES-O12912,2024-10-21,510.68,Pending,0.0
TES-R18619,TES-O12805,2023-06-15,552.1,Paid,552.1
TES-R11686,TES-O7224,2025-07-27,45306.86,Paid,0.0
TES-R17796,TES-O9200,2025-09-16,23767.27,Paid,0.0
TES-R14332,TES-O12227,2023-08-04,320.52,Paid,0.0
TES-R14467,TES-O9283,2023-05-25,161.88,Paid,161.88
TES-R9137,TES-O14681,2024-06-20,76708.05,Paid,76708.05
TES-R14460,TES-O10459,2024-05-29,41629.22,Paid,0.0
TES-R9495,TES-O13907,2024-02-02,75075.02,Pending,0.0
TES-R12346,TES-O12989,2025-05-06,49685.45,Paid,0.0
TES-R11857,TES-O5227,2025-08-07,23637.33,Paid,0.0
TES-R15436,TES-O6834,2023-06-04,82210.01,Paid,0.0
TES-R14958,TES-O7556,2024-11-26,625.74,Paid,0.0
TES-R17626,TES-O11647,2024-05-21,99860.48,Paid,0.0
TES-R17340,TES-O11109,2024-12-21,175.65,Paid,0.0
TES-R11349,TES-O14924,2024-06-04,52838.12,Pending,0.0
TES-R14010,TES-O12292,2025-01-07,47898.76,Paid,0.0
TES-R11824,TES-O13169,2025-09-05,85060.32,Paid,0.0
TES-R15750,TES-O14013,2025-06-20,83866.49,Paid,0.0
TES-R17559,TES-O10028,2025-04-12,10985.05,Paid,0.0
TES-R14254,TES-O13915,2025-10-16,81818.61,Paid,81818.61
TES-R13404,TES-O9209,2023-09-04,,Paid,0.0
TES-R9474,TES-O9494,2024-05-16,929.84,Paid,929.84
TES-R15822,TES-O9696,2023-05-19,11831.99,Paid,0.0
TES-R12092,TES-O12852,2024-08-28,93135.35,Paid,0.0
TES-R14411,TES-O11223,2025-05-10,46534.06,Paid,0.0
TES-R12526,TES-O9488,2025-01-01,,Paid,23236.19
TES-R10569,TES-O9335,2023-01-26,48134.84,Paid,0.0
TES-R12679,TES-O6716,2023-07-26,,Refunded,0.0
TES-R13893,TES-O10408,2024-03-05,23951.99,Refunded,0.0
TES-R17243,TES-O9768,2025-02-05,46169.24,Paid,0.0
TES-R14794,TES-O7053,2024-09-12,51979.53,Paid,0.0
TES-R14120,TES-O5042,2024-07-31,54764.68,Paid,54764.68
TES-R14946,TES-O6756,2023-04-16,90079.6,Refunded,0.0
TES-R18304,TES-O11415,2025-02-08,22597.15,Paid,22597.15
TES-R10325,TES-O12854,2024-06-19,781.17,Paid,82.48
TES-R18380,TES-O13420,2023-01-06,764.85,Pending,0.0
TES-R14127,TES-O6503,2024-10-30,960.56,Paid,0.0
TES-R14892,TES-O8859,2023-08-14,656.68,Paid,0.0
TES-R17720,TES-O11816,2024-10-30,59.88,Paid,0.0
TES-R10609,TES-O13199,2025-01-24,20733.73,Paid,0.0
TES-R9398,TES-O11042,2024-11-25,38522.38,Paid,0.0
TES-R10400,TES-O8451,2023-01-09,103.48,Paid,0.0
TES-R10053,TES-O6311,2025-10-22,84328.33,Paid,0.0
TES-R11860,TES-O14970,2023-04-24,342.95,Paid,342.95
TES-R16711,TES-O14568,2024-08-19,661.84,Paid,0.0
TES-R10502,TES-O7094,2024-09-08,,Refunded,0.0
TES-R12153,TES-O13088,2023-11-05,85914.06,Paid,85914.06
TES-R17356,TES-O9304,2024-07-20,319.24,Paid,319.24
TES-R11797,TES-O9362,2023-02-08,42729.01,Paid,0.0
TES-R17015,TES-O7947,2023-04-24,10897.92,Paid,0.0
TES-R11143,TES-O12669,2024-07-27,86.2,Paid,0.0
TES-R11118,TES-O14983,2023-10-08,21487.15,Paid,21487.15
TES-R9088,TES-O7939,2023-03-09,,Paid,0.0
TES-R15841,TES-O6476,2023-09-24,54335.96,Paid,0.0
TES-R10396,TES-O5061,2024-01-07,85876.97,Paid,0.0
TES-R13768,TES-O13486,2023-01-01,88883.5,Pending,0.0
TES-R15681,TES-O14436,2024-10-14,44870.14,Paid,0.0
TES-R18591,TES-O11184,2023-11-27,159.97,Paid,159.97
TES-R14751,TES-O12923,2024-05-02,525.12,Paid,0.0
TES-R15872,TES-O12691,2023-12-14,22679.1,Paid,0.0
TES-R9282,TES-O13318,2024-08-03,93974.85,Paid,0.0
TES-R12005,TES-O13532,2025-10-24,,Paid,90071.93
TES-R18024,TES-O13656,2023-08-18,160.9,Refunded,0.0
TES-R16468,TES-O6547,2024-03-20,772.2,Paid,0.0
TES-R15464,TES-O10593,2024-01-22,24787.12,Paid,0.0
TES-R10111,TES-O13538,2024-10-03,49095.85,Paid,0.0
TES-R14422,TES-O7421,2023-06-25,359.76,Paid,0.0
TES-R15558,TES-O12113,2025-03-23,47316.42,Paid,0.0
TES-R11401,TES-O6619,2023-03-24,11490.93,Paid,0.0
TES-R15836,TES-O11261,2023-08-02,85349.68,Paid,0.0
TES-R13791,TES-O10387,2025-05-08,46199.57,Refunded,0.0
TES-R9579,TES-O11098,2024-07-08,21170.11,Paid,21170.11
TES-R11326,TES-O7123,2023-07-30,38610.15,Paid,0.0
TES-R10236,TES-O13256,2023-05-22,846.3,Refunded,0.0
TES-R14729,TES-O8480,2024-12-06,10102.28,Refunded,0.0
TES-R10200,TES-O12274,2023-11-25,94476.41,Pending,0.0
TES-R9240,TES-O9132,2025-11-19,21140.73,Paid,0.0
TES-R11590,TES-O6930,2023-12-04,53522.9,Paid,53522.9
TES-R13261,TES-O9312,2023-11-16,620.76,Paid,0.0
TES-R17670,TES-O8625,2023-10-08,54461.9,Paid,0.0
TES-R11456,TES-O8543,2023-12-29,138.9,Paid,0.0
TES-R14077,TES-O5097,2023-06-19,88505.8,Paid,0.0
TES-R15826,TES-O5463,2024-08-28,43153.98,Refunded,0.0
TES-R13957,TES-O8013,2023-03-18,90591.38,Pending,0.0
TES-R16089,TES-O6646,2024-05-06,139.56,Paid,0.0
TES-R11889,TES-O11994,2024-04-29,1109.36,Pending,0.0
TES-R13292,TES-O10927,2023-03-30,16232.07,Paid,16232.07
TES-R16961,TES-O12732,2025-01-24,93511.76,Paid,0.0
TES-R12116,TES-O6978,2023-04-03,17636.65,Paid,0.0
TES-R12716,TES-O14360,2024-09-01,49496.61,Paid,0.0
TES-R9038,TES-O5311,2023-07-24,79225.61,Paid,0.0
TES-R17043,TES-O7686,2024-08-29,800.0,Paid,0.0
TES-R15045,TES-O9821,2023-03-04,46626.76,Paid,0.0
TES-R10529,TES-O12194,2025-02-23,45584.18,Paid,0.0
TES-R18029,TES-O10730,2025-07-01,763.16,Paid,763.16
TES-R10973,TES-O11980,2024-09-24,68.62,Paid,0.0
TES-R12214,TES-O7582,2024-09-18,80012.84,Paid,0.0
TES-R9160,TES-O7241,2024-03-27,93.55,Paid,0.0
TES-R11993,TES-O6626,2023-08-15,47360.78,Paid,0.0
TES-R9316,TES-O10796,2025-11-27,45094.83,Refunded,0.0
TES-R13735,TES-O7341,2023-03-23,90188.95,Paid,90188.95
TES-R17163,TES-O7507,2023-04-22,41109.67,Paid,0.0
TES-R17833,TES-O14058,2024-03-20,38531.19,Paid,0.0
TES-R9944,TES-O6053,2023-11-21,,Paid,0.0
TES-R14191,TES-O12991,2025-08-09,752.37,Paid,0.0
TES-R18674,TES-O14433,2023-01-05,16792.24,Paid,0.0
TES-R9199,TES-O11225,2025-03-31,38781.81,Paid,0.0
TES-R10482,TES-O6977,2025-04-12,84506.06,Refunded,0.0
TES-R17770,TES-O9688,2025-09-09,10219.29,Paid,0.0
TES-R16715,TES-O7148,2025-03-23,11317.3,Paid,0.0
TES-R16213,TES-O5733,2023-02-27,85309.37,Paid,0.0
TES-R11554,TES-O12226,2025-07-31,163.65,Paid,0.0
TES-R13604,TES-O9901,2025-12-18,498.88,Paid,0.0
TES-R9232,TES-O12564,2023-02-02,54828.26,Paid,0.0
TES-R14796,TES-O11804,2025-09-13,10503.44,Paid,0.0
TES-R17118,TES-O10550,2023-11-22,89400.15,Paid,0.0
TES-R14209,TES-O6617,2025-05-19,9983.75,Paid,9983.75
TES-R18117,TES-O13305,2025-11-06,53.42,Paid,0.0
TES-R13726,TES-O10425,2023-12-27,223.54,Paid,0.0
TES-R13056,TES-O14663,2024-12-08,173.0,Paid,0.0
TES-R15491,TES-O13197,2024-07-12,280.14,Refunded,0.0
TES-R10489,TES-O13424,2025-10-24,80086.24,Paid,0.0
TES-R11870,TES-O6204,2025-08-25,,Paid,0.0
TES-R17052,TES-O11206,2024-03-11,44225.85,Pending,0.0
TES-R16690,TES-O13085,2024-07-23,24233.04,Paid,0.0
TES-R11421,TES-O9438,2024-03-31,90364.48,Refunded,0.0
TES-R16417,TES-O14032,2023-01-14,22578.52,Paid,8644.46
TES-R16386,TES-O6779,2025-11-04,95671.92,Paid,0.0
TES-R17552,TES-O11431,2025-08-26,22203.75,Pending,0.0
TES-R18587,TES-O14243,2023-08-17,20928.23,Paid,0.0
TES-R9746,TES-O14780,2025-11-23,51921.24,Paid,0.0
TES-R9475,TES-O7270,2025-09-01,45463.72,Paid,0.0
TES-R16665,TES-O8009,2025-07-14,88819.77,Pending,0.0
TES-R11359,TES-O12461,2024-11-20,38875.84,Paid,0.0
TES-R11645,TES-O13289,2024-11-15,,Paid,0.0
TES-R13301,TES-O6614,2023-07-12,823.7,Pending,0.0
TES-R13909,TES-O6018,2025-09-21,46410.54,Paid,0.0
TES-R11103,TES-O8432,2025-02-05,201.19,Paid,0.0
TES-R18028,TES-O12898,2023-01-10,95002.79,Paid,0.0
TES-R12305,TES-O13277,2023-08-21,40.84,Paid,40.84
TES-R9248,TES-O5852,2024-06-08,81866.12,Paid,0.0
TES-R15023,TES-O12256,2023-06-24,1040.72,Paid,0.0
TES-R9640,TES-O10501,2024-12-20,99032.55,Paid,0.0
TES-R17066,TES-O13784,2024-12-18,90679.8,Paid,0.0
TES-R16947,TES-O12725,2024-05-26,228.54,Paid,0.0
TES-R14424,TES-O9887,2023-02-02,157.45,Paid,157.45
TES-R17601,TES-O12675,2023-12-19,93625.34,Paid,0.0
TES-R9310,TES-O9524,2025-07-02,576.1,Paid,0.0
TES-R16067,TES-O6682,2024-09-18,11349.52,Pending,0.0
TES-R16978,TES-O11254,2024-11-12,81.98,Paid,0.0
TES-R9361,TES-O7575,2025-05-17,21566.57,Paid,0.0
TES-R15699,TES-O9220,2025-05-02,40824.42,Paid,0.0
TES-R14575,TES-O11015,2025-05-15,146.84,Paid,0.0
TES-R11353,TES-O8114,2025-03-01,43259.58,Paid,13857.1
TES-R11633,TES-O14928,2025-02-16,80222.46,Paid,0.0
TES-R15130,TES-O14255,2023-03-27,81211.49,Paid,0.0
TES-R14141,TES-O14014,2025-07-03,,Paid,0.0
TES-R11543,TES-O10391,2024-10-26,39457.86,Pending,0.0
TES-R13891,TES-O11082,2025-02-05,50567.02,Paid,0.0
TES-R15231,TES-O13909,2024-01-19,,Paid,0.0
TES-R17534,TES-O7594,2025-01-30,93940.25,Paid,0.0
TES-R9812,TES-O6144,2024-05-04,10677.59,Refunded,0.0
TES-R17062,TES-O10288,2024-08-24,20793.54,Paid,0.0
TES-R10583,TES-O6574,2025-12-24,97207.5,Paid,0.0
TES-R16921,TES-O9786,2024-11-02,451.96,Paid,0.0
TES-R14792,TES-O5065,2024-07-08,51623.75,Paid,0.0
TES-R12466,TES-O10589,2024-08-22,18654.32,Paid,0.0
TES-R13101,TES-O6107,2024-06-22,481.08,Paid,0.0
TES-R15383,TES-O6140,2025-12-14,52855.84,Paid,0.0
TES-R12928,TES-O6527,2024-02-16,165.01,Paid,0.0
TES-R16353,TES-O9290,2024-06-02,9399.49,Paid,0.0
TES-R15192,TES-O9476,2024-12-21,93254.78,Paid,0.0
TES-R12697,TES-O13880,2024-07-12,80463.71,Paid,0.0
TES-R18057,TES-O10784,2025-11-06,45941.66,Paid,0.0
TES-R13770,TES-O5510,2025-06-28,162.85,Paid,0.0
TES-R9075,TES-O10644,2024-09-08,11869.98,Refunded,0.0
TES-R10658,TES-O9855,2024-10-25,75430.56,Paid,0.0
TES-R17649,TES-O5781,2023-11-12,9345.8,Paid,0.0
TES-R14360,TES-O7115,2024-08-21,87926.75,Paid,87926.75
TES-R11588,TES-O8391,2023-04-03,78153.37,Paid,0.0
TES-R17126,TES-O13245,2025-10-16,79331.46,Paid,0.0
TES-R9991,TES-O9107,2024-01-24,470.4,Pending,0.0
TES-R11902,TES-O14998,2023-12-04,86728.31,Paid,86728.31
TES-R13264,TES-O14064,2023-09-08,44545.42,Paid,0.0
TES-R16108,TES-O12977,2023-08-25,200.62,Paid,0.0
TES-R13899,TES-O10039,2024-08-15,507.78,Paid,174.27
TES-R12738,TES-O10590,2025-11-16,160.66,Paid,0.0
TES-R10560,TES-O7727,2025-11-27,76706.86,Paid,0.0
TES-R18470,TES-O9665,2025-04-10,47607.59,Paid,0.0
TES-R16938,TES-O5401,2023-10-28,42026.83,Paid,0.0
TES-R9375,TES-O12305,2023-12-12,40449.29,Paid,40449.29
TES-R16894,TES-O12724,2024-04-27,21416.08,Paid,0.0
TES-R17687,TES-O12789,2024-04-17,98962.15,Paid,98962.15
TES-R17164,TES-O5491,2023-11-02,86.76,Paid,0.0
TES-R15776,TES-O9829,2025-08-08,121.68,Paid,0.0
TES-R12188,TES-O7576,2023-05-23,603.9,Paid,603.9
TES-R16537,TES-O10771,2023-12-18,82105.58,Paid,0.0
TES-R15140,TES-O14690,2024-03-14,84510.13,Paid,0.0
TES-R10147,TES-O11852,2023-09-01,39409.78,Paid,0.0
TES-R12603,TES-O5199,2023-11-05,188.89,Paid,0.0
TES-R10125,TES-O6459,2023-08-08,26.22,Paid,0.0
TES-R17427,TES-O8417,2024-05-06,492.66,Paid,0.0
TES-R13386,TES-O10736,2025-05-21,83389.76,Paid,0.0
TES-R10972,TES-O7885,2025-06-11,20664.54,Paid,0.0
TES-R13224,TES-O10120,2024-06-16,499.6,Paid,0.0
TES-R17838,TES-O10633,2024-01-30,46234.18,Refunded,0.0
TES-R9278,TES-O9966,2025-02-14,18964.85,Paid,0.0
TES-R10490,TES-O13481,2024-02-12,536.84,Paid,536.84
TES-R14985,TES-O6771,2024-09-06,10046.74,Paid,10046.74
TES-R12429,TES-O10904,2024-09-22,10684.39,Paid,10684.39
TES-R11736,TES-O10280,2024-05-16,82993.74,Paid,0.0
TES-R14314,TES-O8161,2023-06-25,94806.89,Paid,0.0
TES-R10286,TES-O9986,2025-03-10,20302.65,Refunded,0.0
TES-R9744,TES-O9466,2023-05-20,46692.17,Paid,0.0
TES-R9054,TES-O7461,2025-08-31,49816.89,Paid,49816.89
TES-R15761,TES-O14808,2024-09-22,45552.41,Paid,0.0
TES-R15480,TES-O5842,2025-08-08,,Pending,0.0
TES-R17192,TES-O13793,2023-05-17,99222.59,Paid,0.0
TES-R13446,TES-O8812,2024-12-04,84913.5,Paid,84913.5
TES-R11275,TES-O10997,2025-01-24,46059.7,Pending,0.0
TES-R16074,TES-O8134,2025-10-21,46995.79,Paid,0.0
TES-R16617,TES-O7299,2024-02-15,,Refunded,0.0
TES-R15135,TES-O6566,2023-12-09,93724.88,Paid,93724.88
TES-R18441,TES-O8124,2023-07-31,763.6,Paid,0.0
TES-R13911,TES-O13425,2025-04-28,92195.09,Paid,0.0
TES-R10506,TES-O13035,2025-09-08,75508.28,Paid,0.0
TES-R11438,TES-O6521,2025-07-20,21623.71,Pending,0.0
TES-R12741,TES-O5365,2025-04-09,169.95,Paid,0.0
TES-R13564,TES-O12818,2025-07-14,39797.09,Paid,39797.09
TES-R9804,TES-O8197,2024-11-10,47143.27,Paid,0.0
TES-R12319,TES-O8113,2023-11-18,45551.12,Paid,0.0
TES-R18429,TES-O12945,2024-08-21,52671.73,Paid,0.0
TES-R12731,TES-O13799,2025-08-16,80167.67,Refunded,0.0
TES-R12034,TES-O12917,2025-09-27,11829.78,Paid,0.0
TES-R15017,TES-O6292,2025-06-21,47014.46,Paid,47014.46
TES-R14879,TES-O10197,2025-05-08,936.12,Paid,0.0
TES-R13587,TES-O14172,2024-11-09,21334.98,Paid,0.0
TES-R12002,TES-O7901,2025-06-19,78514.74,Paid,0.0
TES-R10428,TES-O12416,2023-11-01,41376.85,Paid,41376.85
TES-R16522,TES-O11738,2025-06-06,18109.34,Paid,0.0
TES-R16420,TES-O8894,2025-05-24,44111.37,Refunded,0.0
TES-R10466,TES-O9462,2025-02-19,85571.19,Refunded,0.0
TES-R13216,TES-O13906,2025-04-10,46635.05,Pending,0.0
TES-R17151,TES-O13073,2025-08-19,53729.67,Paid,0.0
TES-R10689,TES-O14990,2024-08-17,22121.17,Refunded,0.0
TES-R13881,TES-O6388,2024-11-11,43159.0,Paid,0.0
TES-R13161,TES-O5713,2025-07-05,78597.5,Paid,0.0
TES-R15782,TES-O11801,2023-06-12,47292.61,Refunded,0.0
TES-R11962,TES-O10777,2023-04-17,476.9,Paid,0.0
TES-R14766,TES-O10100,2023-07-25,,Paid,0.0
TES-R18399,TES-O14565,2024-09-03,,Paid,0.0
TES-R14735,TES-O5917,2024-03-02,302.05,Paid,0.0
TES-R11747,TES-O9422,2025-02-20,92641.61,Paid,0.0
TES-R11236,TES-O11827,2025-05-31,75113.94,Paid,75113.94
TES-R14066,TES-O5805,2023-01-05,23384.09,Refunded,0.0
TES-R14143,TES-O14800,2024-09-06,787.17,Paid,0.0
TES-R13303,TES-O14075,2024-08-06,93600.82,Paid,0.0
TES-R11761,TES-O5363,2024-07-27,78679.66,Paid,0.0
TES-R18425,TES-O10175,2023-09-12,10135.97,Paid,0.0
TES-R11808,TES-O5825,2023-10-30,,Paid,0.0
TES-R14677,TES-O12045,2025-01-17,10726.16,Refunded,0.0
TES-R12621,TES-O9113,2025-09-22,441.27,Refunded,0.0
TES-R16943,TES-O6677,2023-09-10,646.44,Refunded,0.0
TES-R14904,TES-O10059,2025-05-06,772.2,Paid,0.0
TES-R16683,TES-O6499,2024-07-18,52472.43,Refunded,0.0
TES-R12714,TES-O5206,2024-06-21,750.28,Paid,750.28
TES-R12035,TES-O9564,2025-05-19,10502.23,Paid,0.0
TES-R9602,TES-O11379,2025-05-04,,Pending,0.0
TES-R10114,TES-O12234,2023-01-08,54.94,Paid,0.0
TES-R17821,TES-O5266,2023-09-08,28.01,Refunded,0.0
TES-R18684,TES-O12963,2024-08-06,93065.29,Paid,0.0
TES-R9607,TES-O8950,2023-02-16,321.51,Pending,0.0
TES-R13547,TES-O10357,2023-03-01,84.24,Paid,0.0
TES-R12404,TES-O7746,2024-09-06,40392.28,Paid,0.0
TES-R12656,TES-O13216,2023-11-12,86.41,Refunded,0.0
TES-R17748,TES-O7389,2025-07-29,217.5,Refunded,0.0
TES-R11597,TES-O5183,2023-08-02,47557.03,Paid,47557.03
TES-R17370,TES-O11737,2023-03-06,46639.87,Paid,0.0
TES-R16300,TES-O5673,2025-09-11,544.08,Paid,0.0
TES-R14672,TES-O5818,2024-12-05,218.46,Paid,218.46
TES-R16924,TES-O10996,2024-02-28,1117.76,Refunded,0.0
TES-R17800,TES-O12878,2025-01-05,41907.3,Paid,0.0
TES-R18241,TES-O10564,2023-08-12,83633.98,Paid,15544.73
TES-R18211,TES-O6461,2024-09-17,15169.3,Paid,0.0
TES-R10062,TES-O9640,2023-05-21,10220.56,Paid,0.0
TES-R12583,TES-O6125,2023-12-05,133.86,Refunded,0.0
TES-R17305,TES-O14334,2025-12-08,46370.21,Paid,0.0
TES-R11607,TES-O10167,2023-01-23,18546.7,Paid,18546.7
TES-R16133,TES-O10319,2024-05-07,309.12,Paid,0.0
TES-R14838,TES-O8456,2024-10-13,128.14,Paid,0.0
TES-R14975,TES-O12614,2023-10-17,9190.44,Paid,0.0
TES-R16345,TES-O13888,2025-04-19,88416.82,Paid,88416.82
TES-R18645,TES-O6913,2024-12-13,,Paid,0.0
TES-R16972,TES-O10529,2024-12-31,11933.16,Paid,0.0
TES-R12517,TES-O13489,2023-09-10,86969.08,Paid,86969.08
TES-R9588,TES-O10933,2023-10-11,327.44,Paid,0.0
TES-R14481,TES-O8111,2025-10-31,54785.55,Paid,0.0
TES-R15535,TES-O5944,2025-05-13,47646.83,Paid,0.0
TES-R14697,TES-O8380,2024-05-22,39060.36,Paid,0.0
TES-R10758,TES-O10194,2023-04-04,10127.87,Paid,0.0
TES-R12784,TES-O13380,2025-03-17,77912.51,Paid,0.0
TES-R11717,TES-O8293,2023-05-27,,Paid,0.0
TES-R11448,TES-O7731,2023-05-23,38278.84,Paid,0.0
TES-R16441,TES-O11680,2023-06-29,78009.66,Paid,0.0
TES-R15172,TES-O6269,2023-10-17,98023.32,Paid,98023.32
TES-R16174,TES-O9450,2023-08-30,78087.29,Paid,0.0
TES-R18138,TES-O7541,2024-08-16,864.0,Paid,0.0
TES-R14276,TES-O13449,2023-02-22,,Paid,45597.72
TES-R17636,TES-O13531,2025-11-04,84844.8,Paid,0.0
TES-R17363,TES-O11666,2024-03-20,11942.86,Paid,11942.86
TES-R17756,TES-O12348,2023-09-09,223.4,Paid,0.0
TES-R15985,TES-O8886,2025-05-19,79920.63,Paid,0.0
TES-R9648,TES-O11509,2024-09-27,88650.51,Paid,0.0
TES-R17716,TES-O9357,2025-10-24,446.58,Paid,0.0
TES-R18580,TES-O14386,2024-11-04,45808.4,Paid,0.0
TES-R15163,TES-O8095,2023-05-28,735.96,Paid,0.0
TES-R18565,TES-O5240,2025-06-02,11567.94,Paid,0.0
TES-R11350,TES-O9676,2025-04-07,,Refunded,0.0
TES-R17924,TES-O12326,2023-03-29,508.26,Paid,0.0
TES-R16398,TES-O8933,2023-07-03,644.25,Paid,644.25
TES-R16524,TES-O14762,2025-09-12,40072.66,Paid,0.0
TES-R10384,TES-O14506,2024-06-04,42794.42,Pending,0.0
TES-R15426,TES-O13443,2023-04-25,25.94,Paid,25.94
TES-R9771,TES-O5249,2025-04-27,47952.55,Refunded,0.0
TES-R15167,TES-O7305,2024-11-03,622.7,Paid,622.7
TES-R13076,TES-O9592,2023-02-20,,Paid,46523.31
TES-R12321,TES-O12076,2024-10-31,79521.28,Paid,0.0
TES-R11105,TES-O6376,2024-01-12,591.36,Paid,0.0
TES-R9800,TES-O13597,2024-09-25,23183.95,Paid,0.0
TES-R11617,TES-O13997,2025-02-04,11373.52,Refunded,0.0
TES-R13620,TES-O10321,2025-03-06,96868.67,Paid,0.0
TES-R15693,TES-O11744,2023-05-13,288.35,Pending,0.0
TES-R10207,TES-O11931,2024-11-27,639.52,Refunded,0.0
TES-R14027,TES-O7552,2023-10-03,11234.44,Paid,5103.36
TES-R15033,TES-O13769,2024-08-18,45046.1,Refunded,0.0
TES-R16991,TES-O5024,2024-08-28,83214.64,Paid,0.0
TES-R13228,TES-O12212,2024-01-16,135.48,Paid,27.61
TES-R11255,TES-O12180,2023-09-25,80329.47,Paid,0.0
TES-R10262,TES-O5212,2024-10-18,23352.5,Refunded,0.0
TES-R17751,TES-O14084,2023-09-13,47546.81,Paid,0.0
TES-R10826,TES-O7815,2024-07-06,93405.27,Refunded,0.0
TES-R17065,TES-O5508,2024-08-15,95885.34,Paid,0.0
TES-R14603,TES-O11621,2024-03-01,11205.88,Refunded,0.0
TES-R14385,TES-O12077,2024-08-16,356.02,Paid,0.0
TES-R14526,TES-O5390,2024-12-08,17710.47,Paid,17710.47
TES-R17890,TES-O14582,2024-03-15,40443.71,Paid,0.0
TES-R15540,TES-O10107,2024-02-03,54725.46,Paid,0.0
TES-R18409,TES-O13004,2024-05-20,80381.69,Paid,80381.69
TES-R10760,TES-O7233,2025-10-24,9557.54,Pending,0.0
TES-R9971,TES-O6316,2023-05-08,668.0,Paid,0.0
TES-R17287,TES-O7570,2025-09-15,83745.39,Paid,0.0
TES-R10846,TES-O11126,2023-07-18,,Refunded,0.0
TES-R10043,TES-O13711,2024-09-17,15307.41,Paid,15307.41
TES-R14432,TES-O8774,2025-09-26,84645.12,Paid,84645.12
TES-R13605,TES-O13661,2024-06-03,42077.74,Paid,0.0
TES-R14839,TES-O14335,2023-12-28,17579.11,Refunded,0.0
TES-R10011,TES-O12542,2025-04-12,459.12,Paid,0.0
TES-R14981,TES-O13309,2024-05-20,391.92,Refunded,0.0
TES-R15691,TES-O6611,2025-09-05,93971.91,Paid,0.0
TES-R9806,TES-O10484,2023-07-10,85653.58,Paid,0.0
TES-R13047,TES-O10525,2024-07-04,10802.75,Paid,0.0
TES-R13889,TES-O11768,2024-11-24,90403.05,Paid,0.0
TES-R18679,TES-O11952,2024-02-24,47902.17,Paid,47902.17
TES-R14236,TES-O14240,2025-10-26,44331.09,Paid,0.0
TES-R17211,TES-O9275,2023-01-28,716.0,Refunded,0.0
TES-R13963,TES-O11233,2023-05-18,209.76,Refunded,0.0
TES-R9645,TES-O5043,2024-04-28,47899.49,Paid,0.0
TES-R13802,TES-O8414,2024-05-09,24638.96,Paid,7478.48
TES-R15278,TES-O11056,2024-12-02,42149.77,Paid,0.0
TES-R9226,TES-O10920,2024-08-08,99166.23,Paid,0.0
TES-R12922,TES-O11492,2023-10-24,42309.97,Paid,13412.08
TES-R14391,TES-O6093,2023-11-30,103.81,Refunded,0.0
TES-R11630,TES-O13924,2024-12-28,90250.29,Paid,0.0
TES-R18293,TES-O7084,2023-10-05,9962.79,Paid,9962.79
TES-R18074,TES-O6168,2024-02-25,467.97,Pending,0.0
TES-R18272,TES-O8323,2025-03-22,89632.05,Paid,89632.05
TES-R12689,TES-O6679,2024-04-28,19753.28,Paid,0.0
TES-R16992,TES-O5233,2025-06-14,,Paid,0.0
TES-R16099,TES-O11926,2024-10-08,91381.29,Paid,0.0
TES-R11743,TES-O13758,2024-09-20,81509.63,Paid,0.0
TES-R17533,TES-O12013,2025-03-03,88585.32,Paid,0.0
TES-R13789,TES-O8523,2024-11-21,43468.81,Refunded,0.0
TES-R12406,TES-O12824,2025-04-02,11201.02,Paid,0.0
TES-R14860,TES-O9431,2023-05-23,139.08,Paid,0.0
TES-R11566,TES-O9570,2024-10-20,825.65,Paid,0.0
TES-R13310,TES-O7794,2025-06-10,45802.32,Paid,0.0
TES-R12636,TES-O10969,2023-12-08,395.5,Paid,0.0
TES-R15462,TES-O7457,2025-04-04,,Refunded,193.27
TES-R11916,TES-O6473,2025-09-02,80949.4,Paid,0.0
TES-R11200,TES-O5409,2023-10-05,206.28,Refunded,0.0
TES-R14382,TES-O10651,2025-10-17,19437.74,Paid,0.0
TES-R12858,TES-O5159,2025-08-23,164.88,Paid,44.75
TES-R18391,TES-O14039,2023-06-18,49277.5,Paid,0.0
TES-R11286,TES-O12237,2025-10-04,11095.48,Paid,0.0
TES-R15174,TES-O9668,2023-11-28,20924.32,Paid,0.0
TES-R14184,TES-O10814,2024-07-28,349.05,Pending,0.0
TES-R13411,TES-O10037,2025-07-03,42110.71,Paid,0.0
TES-R18097,TES-O6090,2025-12-11,45024.98,Paid,0.0
TES-R11231,TES-O8955,2023-08-09,38569.8,Paid,0.0
TES-R18175,TES-O5870,2025-09-24,89974.91,Paid,0.0
TES-R13702,TES-O9302,2023-03-15,39787.36,Paid,0.0
TES-R9677,TES-O8186,2024-07-05,257.22,Paid,0.0
TES-R15279,TES-O9762,2023-07-16,580.56,Paid,580.56
TES-R18651,TES-O10071,2023-12-26,39818.25,Paid,0.0
TES-R9702,TES-O6423,2023-08-03,44804.34,Paid,44804.34
TES-R16176,TES-O9250,2023-01-10,9630.97,Paid,0.0
TES-R9471,TES-O11373,2024-01-05,49315.41,Paid,0.0
TES-R15036,TES-O13003,2025-08-25,53557.26,Paid,0.0
TES-R15609,TES-O11105,2025-07-16,248.35,Paid,0.0
TES-R9954,TES-O9392,2023-02-17,280.26,Refunded,0.0
TES-R14754,TES-O8897,2025-10-18,47261.58,Paid,0.0
TES-R10348,TES-O5460,2023-10-27,,Paid,0.0
TES-R9061,TES-O7738,2023-09-12,167.89,Paid,63.65
TES-R10640,TES-O5605,2023-10-14,115.42,Paid,0.0
TES-R18667,TES-O13175,2024-03-30,19617.76,Refunded,0.0
TES-R17348,TES-O13218,2023-08-05,94355.78,Paid,94355.78
TES-R15595,TES-O14309,2024-11-24,15480.04,Paid,0.0
TES-R13103,TES-O6137,2025-06-07,,Paid,0.0
TES-R12233,TES-O11839,2025-02-15,47981.97,Paid,47981.97
TES-R11582,TES-O8486,2023-09-10,,Paid,0.0
TES-R9423,TES-O10384,2025-06-12,292.48,Paid,0.0
TES-R12807,TES-O12845,2025-07-19,17298.01,Paid,0.0
TES-R10959,TES-O5178,2023-04-21,17108.35,Paid,0.0
TES-R18069,TES-O9553,2025-01-27,1078.4,Pending,0.0
TES-R14859,TES-O13069,2023-09-10,471.56,Refunded,0.0
TES-R16142,TES-O12278,2023-09-26,41114.48,Refunded,0.0
TES-R18008,TES-O11048,2024-03-28,94503.54,Paid,94503.54
TES-R18621,TES-O10441,2024-02-27,93274.98,Paid,0.0
TES-R10780,TES-O6146,2023-04-15,45120.26,Paid,0.0
TES-R13252,TES-O13012,2025-10-09,43524.76,Refunded,0.0
TES-R16380,TES-O14204,2023-03-22,22576.29,Paid,0.0
TES-R14907,TES-O5586,2024-08-29,,Paid,49647.14
TES-R16024,TES-O14900,2023-11-27,,Paid,0.0
TES-R13230,TES-O11575,2025-10-19,139.4,Paid,0.0
TES-R9998,TES-O6112,2025-01-20,44529.29,Paid,0.0
TES-R18030,TES-O8877,2024-03-05,51178.88,Refunded,0.0
TES-R16206,TES-O6182,2024-09-28,10216.16,Paid,0.0
TES-R18378,TES-O6836,2023-04-06,215.28,Paid,0.0
TES-R15314,TES-O11001,2024-05-16,80228.95,Paid,80228.95
TES-R10271,TES-O8508,2024-11-20,20705.99,Paid,0.0
TES-R11208,TES-O13034,2024-06-11,99691.91,Pending,0.0
TES-R17343,TES-O11907,2024-06-09,88084.15,Paid,88084.15
TES-R13508,TES-O11893,2024-09-18,46259.35,Paid,0.0
TES-R11704,TES-O6384,2023-01-31,444.33,Paid,0.0
TES-R9827,TES-O8923,2024-07-27,92637.22,Paid,28935.23
TES-R15170,TES-O7428,2024-07-03,91069.99,Paid,0.0
TES-R10281,TES-O11160,2024-01-09,43753.53,Paid,0.0
TES-R17208,TES-O8551,2025-12-09,96525.2,Paid,96525.2
TES-R16922,TES-O8148,2025-05-20,22.17,Refunded,0.0
TES-R14945,TES-O11146,2024-09-06,897.96,Paid,897.96
TES-R10369,TES-O9988,2024-11-28,69.76,Paid,0.0
TES-R16469,TES-O13697,2024-03-19,81796.46,Paid,0.0
TES-R15907,TES-O13181,2023-02-14,259.34,Paid,0.0
TES-R12138,TES-O10047,2025-06-19,41669.19,Paid,0.0
TES-R17647,TES-O6910,2025-09-12,98041.12,Paid,0.0
TES-R14734,TES-O8643,2023-08-18,80409.99,Paid,80409.99
TES-R13027,TES-O8610,2023-12-24,11667.96,Pending,0.0
TES-R12364,TES-O14434,2025-06-05,825.1,Paid,0.0
TES-R17218,TES-O12365,2023-03-22,91299.15,Refunded,0.0
TES-R16250,TES-O10367,2023-07-29,96.77,Paid,96.77
TES-R13783,TES-O13943,2024-02-17,52278.7,Paid,0.0
TES-R9661,TES-O7920,2024-05-26,45380.03,Paid,0.0
TES-R12308,TES-O14426,2025-06-18,10810.48,Paid,0.0
TES-R10358,TES-O11127,2023-05-28,43635.9,Paid,0.0
TES-R11160,TES-O6958,2025-01-10,9752.74,Paid,0.0
TES-R18361,TES-O8974,2025-10-11,761.0,Paid,0.0
TES-R16361,TES-O6394,2023-08-15,33.83,Paid,0.0
TES-R16204,TES-O6277,2023-02-23,11405.57,Pending,0.0
TES-R14352,TES-O12886,2024-08-05,21159.48,Paid,21159.48
TES-R13812,TES-O5724,2023-11-11,462.64,Paid,462.64
TES-R14913,TES-O5133,2024-10-10,787.52,Paid,0.0
TES-R9251,TES-O7460,2025-03-03,47146.13,Paid,0.0
TES-R16240,TES-O6415,2023-12-07,300.3,Paid,0.0
TES-R17189,TES-O10688,2024-11-19,22468.37,Paid,0.0
TES-R11891,TES-O11464,2023-06-22,51709.75,Pending,0.0
TES-R17175,TES-O7036,2024-08-17,97335.93,Paid,0.0
TES-R9987,TES-O12730,2025-09-28,18045.12,Pending,0.0
TES-R17169,TES-O13683,2025-05-20,88744.17,Paid,88744.17
TES-R15551,TES-O10377,2023-02-24,21828.01,Refunded,0.0
TES-R15710,TES-O13959,2024-03-08,54640.93,Pending,0.0
TES-R9473,TES-O7083,2024-11-21,1228.4,Paid,0.0
TES-R17412,TES-O12648,2023-05-17,11920.28,Paid,0.0
TES-R18233,TES-O13890,2025-09-29,88942.8,Paid,13859.9
TES-R13765,TES-O5452,2025-03-22,207.15,Pending,0.0
TES-R13541,TES-O6686,2024-11-11,20944.2,Pending,0.0
TES-R15616,TES-O6486,2024-06-22,80338.66,Paid,0.0
TES-R13156,TES-O6515,2023-02-23,9301.36,Paid,0.0
TES-R13552,TES-O10972,2024-10-25,144.24,Paid,0.0
TES-R11980,TES-O5405,2023-08-09,51193.01,Paid,51193.01
TES-R12571,TES-O14320,2024-06-22,,Paid,0.0
TES-R18089,TES-O12769,2025-08-12,46691.3,Paid,0.0
TES-R18483,TES-O13470,2023-09-18,9889.49,Pending,0.0
TES-R10365,TES-O8511,2025-12-06,383.56,Paid,0.0
TES-R11696,TES-O13908,2024-02-26,17962.61,Paid,17962.61
TES-R13094,TES-O10696,2023-09-24,1264.75,Paid,0.0
TES-R16890,TES-O14591,2024-07-01,42490.9,Paid,0.0
TES-R18589,TES-O11375,2024-11-06,15833.74,Paid,0.0
TES-R9120,TES-O11281,2024-10-13,61.53,Paid,0.0
TES-R17246,TES-O7239,2024-02-22,128.59,Refunded,0.0
TES-R15832,TES-O9235,2025-03-04,418.41,Refunded,0.0
TES-R16143,TES-O10492,2024-03-05,46989.47,Refunded,0.0
TES-R13996,TES-O6891,2025-11-27,287.75,Paid,0.0
TES-R15452,TES-O5301,2025-12-31,246.0,Paid,0.0
TES-R10233,TES-O5379,2023-06-14,24023.99,Paid,0.0
TES-R10101,TES-O13236,2023-09-24,9230.82,Paid,9230.82
TES-R15061,TES-O10222,2025-12-31,54601.08,Paid,0.0
TES-R12796,TES-O5090,2025-06-26,46849.35,Paid,0.0
TES-R12331,TES-O9045,2024-06-22,40844.22,Refunded,0.0
TES-R12884,TES-O11298,2023-07-16,93368.53,Paid,0.0
TES-R10508,TES-O9826,2024-12-10,9982.08,Refunded,0.0
TES-R11296,TES-O10713,2023-04-28,81702.12,Paid,0.0
TES-R9271,TES-O11084,2025-05-23,335.04,Paid,335.04
TES-R13478,TES-O7108,2025-05-10,180.08,Paid,0.0
TES-R10454,TES-O10735,2023-09-03,,Paid,0.0
TES-R9620,TES-O9049,2024-12-29,21787.56,Pending,0.0
TES-R12817,TES-O13195,2025-12-07,9090.67,Refunded,0.0
TES-R11620,TES-O8872,2024-12-03,242.09,Paid,0.0
TES-R10503,TES-O12259,2025-01-10,331.36,Refunded,0.0
TES-R15979,TES-O10009,2024-10-07,226.32,Paid,0.0
TES-R18401,TES-O8557,2023-01-01,91142.95,Paid,0.0
TES-R13519,TES-O8864,2023-07-16,667.44,Paid,667.44
TES-R15251,TES-O13966,2025-03-19,9685.88,Paid,0.0
TES-R13488,TES-O14389,2025-01-21,88.96,Paid,0.0
TES-R9469,TES-O7035,2025-03-25,40.31,Paid,0.0
TES-R15385,TES-O9242,2025-07-09,19099.16,Paid,0.0
TES-R11006,TES-O12122,2025-09-28,15605.21,Pending,0.0
TES-R12562,TES-O10550,2023-11-22,89400.15,Paid,0.0
TES-R13669,TES-O13156,2025-06-20,46719.69,Paid,15153.15
TES-R17155,TES-O14720,2024-06-20,124.92,Paid,0.0
TES-R11344,TES-O12356,2025-01-10,42810.61,Pending,0.0
TES-R13373,TES-O6599,2024-12-20,79708.07,Paid,17975.01
TES-R14121,TES-O7069,2023-06-19,45673.87,Paid,0.0
TES-R12366,TES-O5666,2024-06-06,50433.22,Paid,0.0
TES-R13954,TES-O13005,2023-10-15,83801.9,Paid,83801.9
TES-R12688,TES-O11798,2024-09-14,95684.43,Paid,0.0
TES-R16603,TES-O7463,2025-06-30,77978.14,Paid,0.0
TES-R15662,TES-O13823,2024-11-08,76457.83,Refunded,0.0
TES-R13245,TES-O13988,2024-12-09,42436.97,Paid,0.0
TES-R11592,TES-O6500,2023-12-17,47050.25,Paid,0.0
TES-R16053,TES-O7424,2024-08-29,336.12,Paid,0.0
TES-R15361,TES-O7745,2024-02-09,83695.81,Paid,15850.97
TES-R18315,TES-O11753,2023-06-01,93389.4,Paid,0.0
TES-R12358,TES-O11565,2024-04-04,44605.55,Refunded,0.0
TES-R15580,TES-O9123,2025-02-21,47563.89,Paid,0.0
TES-R16324,TES-O7057,2024-10-31,644.04,Paid,0.0
TES-R9960,TES-O6359,2024-07-18,805.68,Paid,805.68
TES-R17187,TES-O14487,2023-03-09,23145.61,Paid,0.0
TES-R9045,TES-O8185,2024-04-22,10623.43,Paid,0.0
TES-R10669,TES-O14446,2025-07-20,90839.92,Refunded,0.0
TES-R9685,TES-O10476,2023-08-09,38159.75,Paid,14110.79
TES-R9871,TES-O7622,2025-08-08,21452.98,Paid,0.0
TES-R16529,TES-O7269,2023-09-12,42472.89,Paid,0.0
TES-R15678,TES-O10694,2024-02-15,81224.85,Paid,0.0
TES-R18581,TES-O9924,2025-11-08,44917.92,Pending,0.0
TES-R11141,TES-O14322,2025-03-27,46431.13,Paid,46431.13
TES-R13131,TES-O8278,2023-05-20,184.88,Paid,184.88
TES-R10425,TES-O12454,2025-05-22,641.76,Paid,641.76
TES-R14882,TES-O5440,2025-12-02,81748.84,Paid,0.0
TES-R12534,TES-O6099,2023-05-19,95.56,Pending,0.0
TES-R10458,TES-O11095,2024-03-05,21801.32,Paid,0.0
TES-R12940,TES-O10200,2023-07-01,10399.26,Paid,0.0
TES-R15095,TES-O11016,2025-03-24,,Paid,0.0
TES-R13857,TES-O9158,2025-12-06,53.79,Paid,0.0
TES-R16542,TES-O7858,2025-09-19,53452.59,Paid,26549.34
TES-R10132,TES-O6419,2023-02-25,43775.97,Paid,43775.97
TES-R9979,TES-O11989,2025-07-10,73.83,Paid,0.0
TES-R9089,TES-O11360,2024-02-03,11890.18,Paid,11890.18
TES-R18041,TES-O14470,2023-06-10,22994.56,Paid,22994.56
TES-R11792,TES-O8951,2024-11-19,42488.52,Paid,0.0
TES-R10492,TES-O7175,2024-12-26,15513.89,Paid,0.0
TES-R14280,TES-O7713,2024-06-18,42627.08,Paid,0.0
TES-R16676,TES-O5433,2025-10-20,10831.44,Paid,0.0
TES-R14570,TES-O13665,2024-09-10,96.29,Paid,0.0
TES-R14750,TES-O14323,2025-02-11,92134.41,Pending,0.0
TES-R17928,TES-O14167,2025-05-02,83159.66,Paid,0.0
TES-R15164,TES-O8984,2023-02-24,88268.26,Paid,0.0
TES-R16874,TES-O8403,2025-06-11,83497.62,Pending,0.0
TES-R9810,TES-O7138,2023-03-15,86353.43,Refunded,0.0
TES-R11739,TES-O5778,2025-04-03,41445.28,Paid,0.0
TES-R18636,TES-O13937,2025-03-07,41498.87,Paid,0.0
TES-R15044,TES-O9144,2024-07-24,20141.22,Paid,0.0
TES-R9969,TES-O6223,2025-08-13,9553.87,Paid,9553.87
TES-R14805,TES-O8490,2023-12-25,,Paid,0.0
TES-R15997,TES-O8210,2024-01-29,23379.92,Paid,0.0
TES-R11067,TES-O13845,2025-10-13,,Paid,3552.24
TES-R9518,TES-O14515,2023-10-06,932.75,Paid,0.0
TES-R18637,TES-O11024,2024-05-24,46898.73,Paid,0.0
TES-R12484,TES-O8430,2025-09-11,85956.66,Pending,0.0
TES-R16804,TES-O6329,2025-02-26,84706.36,Paid,0.0
TES-R13138,TES-O10424,2023-12-23,9006.49,Paid,9006.49
TES-R13654,TES-O6999,2025-03-18,40773.33,Paid,0.0
TES-R16111,TES-O6052,2025-06-02,,Paid,121.1
TES-R10563,TES-O12020,2023-04-02,145.17,Paid,0.0
TES-R13450,TES-O8985,2023-10-23,354.99,Paid,0.0
TES-R16320,TES-O11224,2023-04-24,239.22,Paid,0.0
TES-R17272,TES-O6348,2023-01-22,735.84,Paid,0.0
TES-R11056,TES-O9499,2023-12-06,39412.12,Paid,0.0
TES-R15624,TES-O7710,2023-02-25,774.06,Paid,774.06
TES-R9374,TES-O5949,2025-06-24,9751.59,Paid,0.0
TES-R17707,TES-O11230,2023-12-03,80142.55,Paid,0.0
TES-R18291,TES-O7238,2024-03-19,395.28,Refunded,0.0
TES-R9945,TES-O6673,2025-01-05,127.53,Paid,0.0
TES-R16389,TES-O12103,2025-03-12,9371.45,Refunded,0.0
TES-R15889,TES-O9695,2023-11-02,,Refunded,0.0
TES-R11864,TES-O12381,2025-07-24,228.45,Paid,0.0
TES-R16253,TES-O10385,2024-06-17,18074.76,Paid,0.0
TES-R13399,TES-O14115,2023-04-15,47195.46,Pending,0.0
TES-R11741,TES-O12079,2025-03-18,291.12,Paid,0.0
TES-R14900,TES-O7140,2024-04-01,11117.71,Refunded,0.0
TES-R15692,TES-O11819,2023-08-26,89986.44,Paid,0.0
TES-R10909,TES-O14406,2024-03-17,766.2,Refunded,0.0
TES-R15062,TES-O7798,2024-10-14,21079.44,Paid,21079.44
TES-R15035,TES-O13082,2024-08-28,82194.17,Paid,82194.17
TES-R10554,TES-O14549,2024-10-28,11662.36,Paid,0.0
TES-R17721,TES-O6561,2025-03-01,51630.47,Paid,0.0
TES-R16035,TES-O12403,2024-05-27,9494.01,Paid,9494.01
TES-R10924,TES-O11475,2024-03-27,157.85,Paid,0.0
TES-R17970,TES-O7535,2024-04-29,87878.46,Paid,0.0
TES-R17195,TES-O13883,2023-01-12,221.07,Refunded,0.0
TES-R12818,TES-O11381,2025-08-27,51827.02,Paid,0.0
TES-R13967,TES-O9031,2024-08-23,,Paid,45411.99
TES-R17831,TES-O10872,2024-02-26,21225.14,Paid,0.0
TES-R17661,TES-O9661,2024-09-24,23810.56,Pending,0.0
TES-R18356,TES-O10816,2023-05-27,83684.66,Paid,83684.66
TES-R13328,TES-O14963,2024-11-12,549.15,Paid,0.0
TES-R11866,TES-O9699,2023-11-13,90827.69,Pending,0.0
TES-R11771,TES-O12882,2025-11-17,16400.96,Pending,0.0
TES-R15959,TES-O9060,2023-02-15,47870.97,Paid,0.0
TES-R12936,TES-O14081,2023-03-01,83585.62,Paid,83585.62
TES-R15316,TES-O8187,2024-01-08,52338.57,Paid,0.0
TES-R12388,TES-O5444,2024-02-26,47126.94,Paid,0.0
TES-R9730,TES-O10565,2024-01-07,888.27,Pending,0.0
TES-R9742,TES-O5745,2023-08-06,46587.15,Paid,0.0
TES-R16170,TES-O9577,2025-03-12,43469.27,Paid,43469.27
TES-R9925,TES-O8770,2023-12-15,352.96,Refunded,0.0
TES-R12426,TES-O5712,2023-02-26,89358.16,Paid,0.0
TES-R10539,TES-O8795,2025-01-31,91255.64,Paid,0.0
TES-R9425,TES-O7777,2025-11-08,870.6,Pending,0.0
TES-R16820,TES-O11212,2023-10-28,454.4,Paid,93.85
TES-R15211,TES-O12313,2023-12-17,44858.51,Paid,0.0
TES-R15182,TES-O9680,2025-11-27,1325.1,Paid,0.0
TES-R14497,TES-O11140,2025-08-14,9721.13,Paid,9721.13
TES-R10553,TES-O14818,2025-01-23,48340.49,Refunded,0.0
TES-R12555,TES-O9035,2024-01-19,93857.62,Paid,0.0
TES-R13627,TES-O13180,2023-02-05,52839.86,Paid,0.0
TES-R15144,TES-O5396,2025-04-15,198.04,Paid,0.0
TES-R13339,TES-O8359,2025-11-24,39663.52,Paid,0.0
TES-R15604,TES-O13888,2025-04-19,88416.82,Paid,88416.82
TES-R17347,TES-O5284,2024-02-14,9548.13,Pending,0.0
TES-R13548,TES-O6250,2024-11-13,89593.05,Pending,0.0
TES-R15223,TES-O14377,2024-01-04,9059.66,Paid,0.0
TES-R10126,TES-O12942,2023-06-19,701.88,Paid,0.0
TES-R16793,TES-O6470,2024-08-20,43282.9,Paid,0.0
TES-R15519,TES-O5200,2025-03-08,44609.04,Paid,0.0
TES-R17365,TES-O7950,2023-11-17,189.57,Paid,0.0
TES-R14922,TES-O9506,2023-04-17,86926.64,Pending,0.0
TES-R14550,TES-O11075,2023-06-25,274.06,Paid,0.0
TES-R13217,TES-O12370,2023-01-16,83.34,Paid,0.0
TES-R18063,TES-O13301,2025-06-05,46999.39,Paid,0.0
TES-R15401,TES-O6076,2025-04-19,45625.43,Paid,0.0
TES-R16814,TES-O14442,2024-10-06,88933.69,Paid,0.0
